row_index,label,seed
4,11,7
6,3,7
7,6,7
8,6,7
12,6,7
21,6,7
23,8,7
24,8,7
27,4,7
32,10,7
33,4,7
34,5,7
35,0,7
39,6,7
40,6,7
41,10,7
49,6,7
52,6,7
53,1,7
54,5,7
62,6,7
69,3,7
70,10,7
72,3,7
73,2,7
75,8,7
80,9,7
83,11,7
85,1,7
86,8,7
87,8,7
88,6,7
95,9,7
97,6,7
98,6,7
101,10,7
102,6,7
103,6,7
104,11,7
106,8,7
107,8,7
108,11,7
109,6,7
110,1,7
114,5,7
115,6,7
119,1,7
120,10,7
122,1,7
124,10,7
127,1,7
128,6,7
130,10,7
131,6,7
134,10,7
135,6,7
137,6,7
140,2,7
142,11,7
144,3,7
147,4,7
149,6,7
150,2,7
151,7,7
152,8,7
156,1,7
158,8,7
160,10,7
161,8,7
167,1,7
170,10,7
172,10,7
173,8,7
175,1,7
176,10,7
179,3,7
180,0,7
182,11,7
186,0,7
187,11,7
190,3,7
191,8,7
194,8,7
195,3,7
196,2,7
197,11,7
198,0,7
199,4,7
202,8,7
208,0,7
210,6,7
212,0,7
216,11,7
219,8,7
221,8,7
222,6,7
223,6,7
224,2,7
225,2,7
226,11,7
231,1,7
237,11,7
239,10,7
241,0,7
242,8,7
245,2,7
248,0,7
249,8,7
250,0,7
251,8,7
253,2,7
256,4,7
259,1,7
261,8,7
262,8,7
264,8,7
265,1,7
266,8,7
267,8,7
268,0,7
269,8,7
270,11,7
271,9,7
272,2,7
273,0,7
274,8,7
277,10,7
278,0,7
279,8,7
280,4,7
283,0,7
285,0,7
288,3,7
291,0,7
292,5,7
293,1,7
295,10,7
297,8,7
300,1,7
304,9,7
305,4,7
309,0,7
312,5,7
313,0,7
314,10,7
321,6,7
323,0,7
325,11,7
326,0,7
328,3,7
330,7,7
331,0,7
332,8,7
333,8,7
335,3,7
341,0,7
342,8,7
344,0,7
345,11,7
347,2,7
351,3,7
353,1,7
354,1,7
355,6,7
356,5,7
359,10,7
362,10,7
365,10,7
369,10,7
373,2,7
374,0,7
375,0,7
378,11,7
379,0,7
380,7,7
381,5,7
383,1,7
385,2,7
394,10,7
396,2,7
398,10,7
399,8,7
400,9,7
401,6,7
402,6,7
406,10,7
407,1,7
410,10,7
414,8,7
416,4,7
417,10,7
419,2,7
421,0,7
422,3,7
423,3,7
428,10,7
429,0,7
430,1,7
431,5,7
433,1,7
435,6,7
436,11,7
437,6,7
439,8,7
441,8,7
444,0,7
446,3,7
447,11,7
448,3,7
450,8,7
452,11,7
454,0,7
456,2,7
457,3,7
458,0,7
460,3,7
462,8,7
466,2,7
467,2,7
469,6,7
470,1,7
471,8,7
472,10,7
473,10,7
474,10,7
475,3,7
476,1,7
477,3,7
478,11,7
481,0,7
482,1,7
483,10,7
484,1,7
487,2,7
488,0,7
489,3,7
491,3,7
494,3,7
499,4,7
501,11,7
502,10,7
504,5,7
505,3,7
506,3,7
508,0,7
510,7,7
512,8,7
516,11,7
519,0,7
520,2,7
522,4,7
524,8,7
525,10,7
529,0,7
532,3,7
536,3,7
539,5,7
541,8,7
542,11,7
543,1,7
545,5,7
548,5,7
549,11,7
550,5,7
554,11,7
556,10,7
561,4,7
562,8,7
563,10,7
564,8,7
568,0,7
572,8,7
573,6,7
574,11,7
575,1,7
578,11,7
581,11,7
582,8,7
585,8,7
586,4,7
588,4,7
590,4,7
592,4,7
593,4,7
598,4,7
600,4,7
601,4,7
602,4,7
604,4,7
611,1,7
612,1,7
614,6,7
616,11,7
618,2,7
622,3,7
624,1,7
625,1,7
627,4,7
628,9,7
629,2,7
630,4,7
631,9,7
632,4,7
640,4,7
642,6,7
643,10,7
644,1,7
646,9,7
647,3,7
651,1,7
652,1,7
653,0,7
655,0,7
659,4,7
662,4,7
664,7,7
665,1,7
666,8,7
669,4,7
672,6,7
673,2,7
674,1,7
675,11,7
676,9,7
677,10,7
679,0,7
680,9,7
681,6,7
685,1,7
686,6,7
687,6,7
688,0,7
689,10,7
690,0,7
695,2,7
696,0,7
697,2,7
698,8,7
700,8,7
701,2,7
702,7,7
703,0,7
708,6,7
709,1,7
711,3,7
712,2,7
713,1,7
716,11,7
718,0,7
720,10,7
724,1,7
725,2,7
726,1,7
729,2,7
730,2,7
732,2,7
736,1,7
738,1,7
745,0,7
748,0,7
749,2,7
751,5,7
752,1,7
754,1,7
756,5,7
758,8,7
759,4,7
762,8,7
763,4,7
766,8,7
771,0,7
772,8,7
773,3,7
774,2,7
775,1,7
776,4,7
777,4,7
779,1,7
780,1,7
782,1,7
784,1,7
788,3,7
790,3,7
793,8,7
795,1,7
800,1,7
802,10,7
803,8,7
804,1,7
807,2,7
808,1,7
809,4,7
811,1,7
812,8,7
816,5,7
820,8,7
821,1,7
822,11,7
828,1,7
829,8,7
831,1,7
833,0,7
836,1,7
838,4,7
839,1,7
842,1,7
843,6,7
845,1,7
848,0,7
849,3,7
851,0,7
852,11,7
853,3,7
856,0,7
862,5,7
866,6,7
867,6,7
870,11,7
871,0,7
872,5,7
873,8,7
874,1,7
875,11,7
876,6,7
878,1,7
879,2,7
880,4,7
883,8,7
884,8,7
885,8,7
886,3,7
890,4,7
892,6,7
895,11,7
896,5,7
897,4,7
898,4,7
902,11,7
904,11,7
905,6,7
906,1,7
911,1,7
913,0,7
914,6,7
915,1,7
920,1,7
921,0,7
923,11,7
926,4,7
928,8,7
930,8,7
931,11,7
933,1,7
934,8,7
935,8,7
936,0,7
938,6,7
940,6,7
942,5,7
943,8,7
945,4,7
948,5,7
949,8,7
951,1,7
953,8,7
954,8,7
955,6,7
957,6,7
959,1,7
960,8,7
962,8,7
963,8,7
964,11,7
965,4,7
966,0,7
967,3,7
970,1,7
971,3,7
976,8,7
978,4,7
979,11,7
980,8,7
985,3,7
986,10,7
988,8,7
989,4,7
994,3,7
995,11,7
996,0,7
998,4,7
999,1,7
1000,2,7
1001,3,7
1002,3,7
1003,7,7
1005,2,7
1012,3,7
1013,8,7
1018,0,7
1019,11,7
1020,6,7
1021,4,7
1022,8,7
1024,11,7
1025,8,7
1028,3,7
1029,0,7
1030,0,7
1031,11,7
1032,4,7
1033,0,7
1034,3,7
1035,0,7
1036,7,7
1038,6,7
1039,6,7
1040,4,7
1041,8,7
1043,6,7
1045,6,7
1048,3,7
1050,0,7
1053,11,7
1054,5,7
1057,1,7
1059,4,7
1060,6,7
1061,11,7
1064,6,7
1065,8,7
1068,11,7
1070,0,7
1072,4,7
1075,0,7
1077,8,7
1078,11,7
1081,8,7
1087,3,7
1088,11,7
1090,11,7
1091,1,7
1092,8,7
1096,11,7
1097,1,7
1098,10,7
1099,3,7
1101,5,7
1106,11,7
1108,0,7
1114,0,7
1116,0,7
1117,1,7
1118,1,7
1121,8,7
1122,4,7
1123,3,7
1124,3,7
1126,6,7
1127,8,7
1131,11,7
1137,4,7
1138,11,7
1139,11,7
1141,4,7
1146,11,7
1148,8,7
1152,1,7
1154,1,7
1155,5,7
1162,3,7
1163,3,7
1164,6,7
1165,10,7
1166,4,7
1167,1,7
1169,4,7
1170,5,7
1171,11,7
1173,1,7
1174,5,7
1175,4,7
1176,4,7
1179,5,7
1180,4,7
1181,4,7
1182,6,7
1185,11,7
1186,4,7
1187,6,7
1189,0,7
1190,11,7
1192,11,7
1193,6,7
1194,4,7
1196,11,7
1197,0,7
1199,11,7
1200,11,7
1202,11,7
1203,5,7
1205,11,7
1213,5,7
1215,4,7
1216,5,7
1217,4,7
1219,11,7
1220,5,7
1221,8,7
1222,5,7
1224,5,7
1226,11,7
1227,0,7
1228,3,7
1230,10,7
1232,4,7
1235,11,7
1241,7,7
1246,3,7
1247,1,7
1248,0,7
1250,7,7
1253,8,7
1255,0,7
1256,0,7
1257,3,7
1260,8,7
1261,0,7
1262,8,7
1266,0,7
1270,7,7
1272,1,7
1274,0,7
1275,0,7
1276,3,7
1277,7,7
1278,0,7
1281,8,7
1282,0,7
1285,8,7
1288,8,7
1289,8,7
1290,4,7
1291,8,7
1292,8,7
1295,8,7
1296,8,7
1297,8,7
1298,8,7
1300,8,7
1302,1,7
1305,1,7
1308,1,7
1309,11,7
1311,0,7
1314,5,7
1315,0,7
1317,4,7
1318,0,7
1319,1,7
1322,8,7
1323,3,7
1325,4,7
1326,2,7
1327,0,7
1328,11,7
1330,11,7
1332,5,7
1334,11,7
1340,3,7
1343,3,7
1346,3,7
1347,4,7
1348,10,7
1349,10,7
1350,10,7
1351,5,7
1356,11,7
1357,4,7
1361,3,7
1362,11,7
1364,3,7
1366,1,7
1368,6,7
1370,1,7
1371,0,7
1372,1,7
1373,5,7
1380,5,7
1384,4,7
1385,0,7
1386,2,7
1387,1,7
1388,5,7
1389,8,7
1390,4,7
1392,8,7
1393,5,7
1394,8,7
1397,0,7
1399,5,7
1400,8,7
1402,11,7
1404,0,7
1406,0,7
1409,5,7
1410,10,7
1413,8,7
1414,4,7
1418,1,7
1419,6,7
1422,6,7
1424,5,7
1427,5,7
1428,4,7
1430,6,7
1433,3,7
1434,10,7
1437,11,7
1438,11,7
1441,8,7
1442,11,7
1443,5,7
1444,1,7
1445,8,7
1447,4,7
1448,10,7
1449,8,7
1452,8,7
1453,0,7
1456,8,7
1457,0,7
1458,0,7
1463,0,7
1464,0,7
1465,4,7
1469,0,7
1470,3,7
1472,3,7
1477,8,7
1478,10,7
1479,3,7
1480,3,7
1482,11,7
1483,1,7
1484,3,7
1485,5,7
1486,3,7
1489,0,7
1490,0,7
1491,8,7
1498,10,7
1499,0,7
1500,11,7
1501,8,7
1503,11,7
1506,4,7
1507,4,7
1512,11,7
1513,4,7
1517,5,7
1518,8,7
1519,0,7
1520,3,7
1522,1,7
1523,6,7
1529,0,7
1531,0,7
1534,0,7
1536,0,7
1540,0,7
1543,0,7
1546,4,7
1549,0,7
1550,0,7
1551,8,7
1554,0,7
1556,8,7
1557,6,7
1558,1,7
1563,5,7
1566,4,7
1568,1,7
1570,5,7
1572,11,7
1574,1,7
1575,5,7
1576,5,7
1578,5,7
1579,5,7
1580,10,7
1581,8,7
1583,6,7
1584,6,7
1586,4,7
1588,4,7
1590,5,7
1592,5,7
1594,4,7
1598,10,7
1599,5,7
1602,5,7
1603,4,7
1604,1,7
1606,8,7
1608,6,7
1612,5,7
1618,4,7
1621,11,7
1623,5,7
1624,6,7
1627,5,7
1632,5,7
1633,4,7
1638,4,7
1639,4,7
1640,6,7
1641,5,7
1644,5,7
1647,0,7
1653,5,7
1654,0,7
1655,5,7
1661,0,7
1664,6,7
1666,8,7
1668,9,7
1670,5,7
1671,1,7
1675,8,7
1678,0,7
1679,0,7
1681,0,7
1682,4,7
1683,11,7
1684,3,7
1685,7,7
1689,2,7
1692,5,7
1696,0,7
1697,4,7
1698,4,7
1699,8,7
1709,5,7
1710,10,7
1714,1,7
1715,8,7
1717,3,7
1718,10,7
1720,8,7
1721,2,7
1723,11,7
1726,11,7
1727,0,7
1728,3,7
1731,8,7
1734,10,7
1735,6,7
1736,6,7
1738,1,7
1739,0,7
1741,3,7
1742,3,7
1743,8,7
1744,8,7
1747,8,7
1748,11,7
1749,2,7
1751,11,7
1752,10,7
1758,8,7
1760,8,7
1761,0,7
1762,0,7
1763,1,7
1764,4,7
1768,8,7
1773,9,7
1784,4,7
1786,10,7
1787,0,7
1788,3,7
1791,0,7
1792,1,7
1793,10,7
1795,5,7
1798,1,7
1801,0,7
1804,11,7
1805,0,7
1807,7,7
1810,0,7
1811,2,7
1812,4,7
1815,3,7
1817,10,7
1818,11,7
1819,10,7
1820,10,7
1822,0,7
1824,6,7
1826,2,7
1827,6,7
1829,10,7
1830,0,7
1834,7,7
1836,1,7
1840,5,7
1841,11,7
1842,10,7
1846,0,7
1848,8,7
1850,0,7
1851,0,7
1852,0,7
1853,0,7
1854,3,7
1855,7,7
1856,8,7
1857,0,7
1858,1,7
1859,11,7
1860,3,7
1862,8,7
1863,0,7
1864,10,7
1866,4,7
1870,3,7
1871,7,7
1874,4,7
1876,0,7
1877,11,7
1878,0,7
1879,1,7
1880,11,7
1886,0,7
1888,3,7
1889,3,7
1890,6,7
1892,8,7
1897,0,7
1899,0,7
1900,3,7
1901,0,7
1910,8,7
1911,4,7
1913,3,7
1916,10,7
1918,10,7
1923,3,7
1926,11,7
1928,11,7
1931,8,7
1934,8,7
1938,5,7
1940,8,7
1941,3,7
1944,4,7
1945,8,7
1948,11,7
1955,3,7
1956,2,7
1957,2,7
1958,3,7
1960,4,7
1964,3,7
1965,4,7
1966,8,7
1967,3,7
1970,8,7
1972,5,7
1973,11,7
1975,5,7
1977,3,7
1978,11,7
1983,8,7
1985,10,7
1990,3,7
1991,11,7
1993,6,7
1994,0,7
1997,5,7
2000,0,7
2001,8,7
2004,1,7
2005,3,7
2006,11,7
2007,4,7
2008,0,7
2009,11,7
2010,10,7
2020,0,7
2021,6,7
2025,6,7
2028,3,7
2029,7,7
2030,11,7
2031,11,7
2032,6,7
2033,6,7
2034,10,7
2037,6,7
2038,4,7
2040,6,7
2044,8,7
2046,11,7
2047,5,7
2051,5,7
2054,8,7
2055,8,7
2058,3,7
2059,11,7
2060,5,7
2061,1,7
2062,3,7
2065,11,7
2069,3,7
2071,4,7
2072,6,7
2073,5,7
2077,8,7
2083,0,7
2084,6,7
2085,9,7
2086,11,7
2087,4,7
2088,3,7
2089,11,7
2092,10,7
2095,3,7
2097,3,7
2098,0,7
2099,11,7
2101,2,7
2102,4,7
2104,6,7
2107,8,7
2109,10,7
2110,11,7
2111,1,7
2113,2,7
2114,5,7
2115,8,7
2119,3,7
2121,3,7
2122,7,7
2125,11,7
2126,10,7
2129,0,7
2130,0,7
2131,11,7
2132,10,7
2133,3,7
2135,8,7
2138,4,7
2141,10,7
2142,5,7
2144,8,7
2145,5,7
2148,11,7
2150,3,7
2151,3,7
2152,2,7
2156,0,7
2157,8,7
2158,2,7
2161,2,7
2163,6,7
2165,2,7
2166,3,7
2167,1,7
2168,5,7
2171,11,7
2172,2,7
2173,0,7
2174,2,7
2180,3,7
2181,0,7
2182,7,7
2183,2,7
2185,6,7
2188,10,7
2189,2,7
2190,0,7
2191,8,7
2193,3,7
2195,4,7
2197,8,7
2206,0,7
2207,4,7
2210,10,7
2211,4,7
2212,0,7
2216,1,7
2217,4,7
2218,5,7
2220,4,7
2223,4,7
2225,4,7
2226,4,7
2227,1,7
2228,0,7
2229,2,7
2230,10,7
2231,8,7
2232,8,7
2233,3,7
2235,8,7
2236,8,7
2237,4,7
2238,8,7
2239,3,7
2240,3,7
2241,0,7
2242,0,7
2245,3,7
2247,2,7
2248,4,7
2249,3,7
2254,8,7
2255,4,7
2259,3,7
2262,3,7
2264,11,7
2265,6,7
2266,2,7
2267,1,7
2268,3,7
2269,4,7
2270,2,7
2271,3,7
2273,5,7
2276,11,7
2279,1,7
2280,3,7
2284,1,7
2285,3,7
2286,4,7
2287,11,7
2288,1,7
2290,4,7
2293,8,7
2295,3,7
2296,5,7
2298,3,7
2299,3,7
2300,8,7
2305,10,7
2306,3,7
2307,8,7
2308,4,7
2309,3,7
2310,5,7
2311,3,7
2312,4,7
2313,3,7
2314,0,7
2316,8,7
2317,0,7
2318,1,7
2320,8,7
2321,1,7
2322,3,7
2323,0,7
2324,0,7
2326,11,7
2327,5,7
2328,1,7
2329,8,7
2330,1,7
2331,2,7
2333,8,7
2334,0,7
2337,9,7
2338,4,7
2339,0,7
2341,5,7
2344,1,7
2346,8,7
2348,8,7
2349,5,7
2350,10,7
2351,1,7
2354,8,7
2357,8,7
2359,8,7
2360,8,7
2361,1,7
2362,1,7
2370,6,7
2371,11,7
2372,6,7
2373,2,7
2375,0,7
2376,8,7
2378,11,7
2381,6,7
2383,11,7
2385,6,7
2386,1,7
2388,0,7
2390,8,7
2391,8,7
2392,8,7
2394,5,7
2398,8,7
2399,0,7
2401,8,7
2403,0,7
2404,1,7
2406,1,7
2408,6,7
2409,0,7
2417,8,7
2423,1,7
2425,11,7
2427,1,7
2428,5,7
2430,1,7
2432,0,7
2436,0,7
2437,2,7
2439,5,7
2440,5,7
2441,6,7
2442,8,7
2444,4,7
2446,8,7
2447,8,7
2448,1,7
2449,11,7
2450,1,7
2463,0,7
2465,0,7
2468,1,7
2471,0,7
2474,0,7
2475,9,7
2476,1,7
2480,3,7
2481,6,7
2483,1,7
2490,6,7
2492,4,7
2493,3,7
2494,0,7
2495,1,7
2498,5,7
2499,8,7
2501,5,7
2502,5,7
2503,4,7
2504,8,7
2507,10,7
2508,10,7
2510,5,7
2511,0,7
2513,0,7
2514,0,7
2515,0,7
2516,11,7
2517,11,7
2518,3,7
2522,8,7
2524,8,7
2527,11,7
2528,5,7
2530,3,7
2531,7,7
2532,8,7
2533,8,7
2535,5,7
2538,0,7
2540,0,7
2541,0,7
2542,4,7
2544,4,7
2546,0,7
2547,8,7
2549,3,7
2550,11,7
2554,1,7
2556,3,7
2558,5,7
2562,3,7
2563,7,7
2564,5,7
2569,1,7
2570,3,7
2572,2,7
2574,7,7
2575,6,7
2576,8,7
2578,11,7
2579,1,7
2582,4,7
2584,0,7
2585,3,7
2586,7,7
2588,8,7
2592,0,7
2593,3,7
2601,3,7
2605,10,7
2608,0,7
2611,7,7
2615,3,7
2616,7,7
2617,11,7
2618,0,7
2619,3,7
2621,3,7
2622,7,7
2623,0,7
2625,7,7
2626,4,7
2629,3,7
2630,7,7
2633,3,7
2635,9,7
2636,3,7
2638,0,7
2641,0,7
2644,11,7
2645,0,7
2647,8,7
2648,0,7
2651,10,7
2652,2,7
2653,2,7
2656,0,7
2657,5,7
2658,5,7
2660,11,7
2662,0,7
2664,3,7
2667,3,7
2668,0,7
2672,3,7
2676,11,7
2677,8,7
2679,3,7
2680,2,7
2683,10,7
2685,6,7
2686,6,7
2687,1,7
2688,6,7
2691,6,7
2694,6,7
2699,1,7
2701,8,7
2702,4,7
2705,11,7
2706,5,7
2707,3,7
2709,1,7
2710,0,7
2712,4,7
2713,10,7
2715,10,7
2718,1,7
2721,6,7
2722,6,7
2724,6,7
2725,1,7
2726,0,7
2727,6,7
2729,1,7
2730,5,7
2731,4,7
2732,0,7
2734,10,7
2735,11,7
2737,2,7
2738,0,7
2740,7,7
2741,0,7
2742,11,7
2743,0,7
2744,8,7
2746,6,7
2750,2,7
2753,0,7
2755,0,7
2756,10,7
2757,11,7
2758,4,7
2761,2,7
2762,11,7
2764,3,7
2767,5,7
2769,0,7
2771,0,7
2772,4,7
2773,9,7
2776,0,7
2777,3,7
2778,7,7
2780,5,7
2782,1,7
2783,8,7
2784,8,7
2785,5,7
2787,4,7
2788,2,7
2789,11,7
2790,2,7
2791,2,7
2793,2,7
2796,2,7
2797,1,7
2803,11,7
2805,6,7
2807,1,7
2813,1,7
2814,10,7
2815,6,7
2818,10,7
2819,4,7
2820,4,7
2823,8,7
2824,10,7
2825,4,7
2826,2,7
2827,2,7
2828,2,7
2830,3,7
2831,6,7
2833,0,7
2836,0,7
2840,8,7
2842,8,7
2844,0,7
2849,10,7
2851,8,7
2852,5,7
2854,11,7
2855,4,7
2856,10,7
2857,3,7
2858,4,7
2863,0,7
2864,8,7
2865,0,7
2867,4,7
2868,0,7
2872,0,7
2873,3,7
2874,11,7
2875,8,7
2880,4,7
2885,5,7
2886,11,7
2888,4,7
2891,4,7
2893,0,7
2894,10,7
2898,6,7
2899,1,7
2901,5,7
2903,5,7
2905,4,7
2907,0,7
2909,8,7
2913,8,7
2914,8,7
2915,6,7
2916,3,7
2924,2,7
2926,0,7
2927,3,7
2930,0,7
2933,1,7
2935,2,7
2937,1,7
2941,2,7
2943,10,7
2945,8,7
2946,0,7
2947,2,7
2949,2,7
2950,2,7
2951,2,7
2952,2,7
2954,11,7
2955,8,7
2957,2,7
2958,2,7
2959,11,7
2960,3,7
2964,4,7
2965,5,7
2968,0,7
2969,6,7
2971,11,7
2973,1,7
2974,11,7
2975,11,7
2979,1,7
2980,8,7
2981,3,7
2982,3,7
2984,1,7
2990,0,7
2992,5,7
2995,6,7
2996,6,7
2997,1,7
2999,3,7
3000,11,7
3001,3,7
3002,8,7
3003,11,7
3007,10,7
3008,6,7
3010,11,7
3011,6,7
3012,8,7
3013,5,7
3014,5,7
3015,0,7
3016,6,7
3019,0,7
3021,0,7
3022,0,7
3023,2,7
3024,0,7
3025,3,7
3026,8,7
3027,8,7
3028,7,7
3029,1,7
3030,6,7
3031,4,7
3032,4,7
3035,3,7
3036,8,7
3037,2,7
3038,5,7
3040,4,7
3041,3,7
3047,6,7
3050,4,7
3053,6,7
3054,3,7
3056,2,7
3057,6,7
3059,0,7
3064,7,7
3066,1,7
3070,2,7
3071,6,7
3073,1,7
3074,3,7
3075,10,7
3076,10,7
3077,6,7
3080,0,7
3082,4,7
3083,9,7
3085,3,7
3087,5,7
3091,8,7
3094,3,7
3095,3,7
3096,3,7
3097,0,7
3099,4,7
3102,2,7
3104,3,7
3106,5,7
3108,11,7
3112,0,7
3115,6,7
3116,10,7
3117,11,7
3118,1,7
3120,1,7
3124,11,7
3125,0,7
3126,3,7
3128,11,7
3129,2,7
3130,0,7
3131,1,7
3132,5,7
3136,4,7
3137,6,7
3142,8,7
3146,6,7
3147,6,7
3149,1,7
3150,6,7
3151,4,7
3152,10,7
3153,0,7
3154,2,7
3156,6,7
3158,6,7
3161,2,7
3162,11,7
3166,6,7
3167,11,7
3168,6,7
3169,1,7
3170,10,7
3171,11,7
3172,3,7
3173,8,7
3175,0,7
3176,4,7
3179,4,7
3180,2,7
3181,2,7
3182,11,7
3183,4,7
3184,3,7
3186,4,7
3187,0,7
3189,11,7
3195,3,7
3198,3,7
3200,3,7
3202,8,7
3208,0,7
3209,8,7
3211,3,7
3214,5,7
3215,6,7
3218,11,7
3219,6,7
3220,11,7
3221,8,7
3222,4,7
3224,5,7
3227,5,7
3229,11,7
3231,5,7
3233,0,7
3235,11,7
3237,10,7
3238,4,7
3241,0,7
3242,1,7
3245,3,7
3248,2,7
3249,7,7
3251,6,7
3252,0,7
3253,4,7
3254,8,7
3256,8,7
3259,8,7
3263,4,7
3265,0,7
3269,4,7
3270,3,7
3272,5,7
3275,8,7
3276,9,7
3278,5,7
3279,4,7
3282,8,7
3283,1,7
3284,8,7
3288,6,7
3289,4,7
3292,5,7
3295,4,7
3297,3,7
3298,0,7
3299,4,7
3300,0,7
3301,7,7
3304,4,7
3306,6,7
3308,4,7
3309,5,7
3310,8,7
3313,9,7
3315,1,7
3319,4,7
3322,11,7
3325,6,7
3329,11,7
3330,1,7
3334,9,7
3335,3,7
3336,0,7
3337,3,7
3342,7,7
3344,9,7
3348,5,7
3350,4,7
3351,1,7
3354,11,7
3355,11,7
3357,1,7
3360,3,7
3361,0,7
3363,5,7
3365,10,7
3367,3,7
3368,8,7
3369,5,7
3370,4,7
3374,8,7
3375,1,7
3377,1,7
3378,10,7
3380,3,7
3381,3,7
3382,10,7
3383,0,7
3387,3,7
3388,11,7
3390,1,7
3393,4,7
3394,4,7
3395,3,7
3396,3,7
3398,3,7
3401,4,7
3402,6,7
3403,1,7
3406,3,7
3414,1,7
3416,1,7
3418,1,7
3419,11,7
3421,1,7
3422,5,7
3424,9,7
3425,4,7
3426,8,7
3427,6,7
3428,1,7
3429,3,7
3431,10,7
3432,5,7
3433,8,7
3434,8,7
3437,1,7
3441,0,7
3444,8,7
3445,3,7
3446,7,7
3451,0,7
3452,0,7
3455,2,7
3457,5,7
3461,1,7
3467,4,7
3473,3,7
3478,4,7
3482,5,7
3483,11,7
3489,9,7
3490,0,7
3493,2,7
3495,2,7
3496,3,7
3499,5,7
3502,11,7
3503,8,7
3504,2,7
3506,2,7
3507,7,7
3508,11,7
3509,8,7
3510,2,7
3511,10,7
3517,5,7
3519,11,7
3521,1,7
3522,8,7
3524,3,7
3528,3,7
3530,2,7
3533,3,7
3536,4,7
3537,4,7
3538,5,7
3540,8,7
3541,3,7
3542,8,7
3545,0,7
3548,3,7
3550,10,7
3551,3,7
3555,1,7
3556,10,7
3559,1,7
3563,11,7
3564,3,7
3565,8,7
3568,3,7
3570,3,7
3575,3,7
3580,11,7
3584,6,7
3585,11,7
3586,1,7
3587,4,7
3593,4,7
3594,3,7
3597,4,7
3601,0,7
3603,0,7
3605,0,7
3607,3,7
3609,2,7
3611,2,7
3613,4,7
3614,11,7
3615,10,7
3616,2,7
3617,11,7
3618,4,7
3619,11,7
3620,10,7
3623,4,7
3624,0,7
3627,5,7
3628,11,7
3629,1,7
3635,8,7
3636,11,7
3638,10,7
3644,3,7
3645,2,7
3647,1,7
3648,4,7
3649,11,7
3651,2,7
3653,10,7
3655,11,7
3656,11,7
3660,4,7
3661,4,7
3670,3,7
3673,2,7
3675,4,7
3676,3,7
3680,0,7
3689,0,7
3693,1,7
3694,2,7
3695,0,7
3697,6,7
3698,0,7
3699,1,7
3700,1,7
3701,4,7
3702,3,7
3707,3,7
3711,1,7
3713,8,7
3714,4,7
3715,10,7
3716,8,7
3719,11,7
3721,3,7
3723,4,7
3724,4,7
3725,5,7
3727,8,7
3731,3,7
3732,11,7
3733,2,7
3735,3,7
3737,0,7
3738,4,7
3740,0,7
3742,3,7
3746,5,7
3751,0,7
3752,6,7
3753,11,7
3757,6,7
3758,3,7
3761,3,7
3767,0,7
3776,0,7
3777,0,7
3778,8,7
3780,4,7
3785,2,7
3786,8,7
3787,8,7
3788,1,7
3789,0,7
3791,3,7
3792,2,7
3793,6,7
3795,0,7
3798,5,7
3799,0,7
3802,6,7
3803,5,7
3804,5,7
3805,0,7
3806,6,7
3807,3,7
3813,4,7
3815,8,7
3817,10,7
3821,3,7
3822,3,7
3826,4,7
3827,6,7
3829,3,7
3831,0,7
3833,0,7
3834,2,7
3835,8,7
3836,2,7
3840,3,7
3842,0,7
3844,11,7
3847,4,7
3848,8,7
3850,3,7
3853,2,7
3854,5,7
3855,5,7
3859,2,7
3860,6,7
3861,0,7
3862,0,7
3863,3,7
3865,3,7
3867,0,7
3871,3,7
3872,3,7
3873,3,7
3874,5,7
3882,8,7
3885,10,7
3886,11,7
3887,6,7
3891,3,7
3896,5,7
3897,6,7
3898,6,7
3899,6,7
3904,3,7
3906,5,7
3908,2,7
3910,3,7
3912,1,7
3913,4,7
3914,4,7
3915,4,7
3918,4,7
3919,0,7
3920,4,7
3921,4,7
3927,4,7
3928,5,7
3929,4,7
3930,0,7
3933,3,7
3935,11,7
3940,3,7
3942,0,7
3944,8,7
3946,0,7
3947,10,7
3948,10,7
3951,11,7
3953,0,7
3955,3,7
3957,9,7
3958,6,7
3962,11,7
3967,3,7
3968,3,7
3971,11,7
3976,3,7
3977,1,7
3978,3,7
3982,1,7
3988,6,7
3989,6,7
3990,6,7
3994,6,7
3995,6,7
3997,3,7
3999,3,7
4003,3,7
4004,8,7
4005,1,7
4007,0,7
4009,4,7
4012,3,7
4013,3,7
4016,8,7
4021,8,7
4022,3,7
4024,8,7
4026,3,7
4028,3,7
4031,11,7
4032,0,7
4034,8,7
4035,1,7
4036,0,7
4039,6,7
4040,0,7
4041,0,7
4043,0,7
4044,5,7
4045,1,7
4046,8,7
4048,2,7
4050,8,7
4051,4,7
4053,8,7
4057,8,7
4058,4,7
4059,4,7
4060,4,7
4063,8,7
4065,0,7
4066,8,7
4068,5,7
4070,8,7
4072,1,7
4074,4,7
4077,5,7
4079,4,7
4080,11,7
4081,11,7
4082,5,7
4084,0,7
4086,2,7
4087,1,7
4088,11,7
4091,8,7
4092,10,7
4093,6,7
4095,8,7
4097,11,7
4098,2,7
4103,2,7
4104,10,7
4105,1,7
4107,1,7
4108,11,7
4109,10,7
4116,8,7
4118,8,7
4124,1,7
4128,11,7
4129,5,7
4130,11,7
4139,5,7
4143,4,7
4144,3,7
4145,3,7
4148,1,7
4151,11,7
4154,4,7
4155,1,7
4157,8,7
4160,3,7
4162,4,7
4164,11,7
4166,11,7
4168,11,7
4169,8,7
4172,10,7
4175,5,7
4179,11,7
4181,8,7
4182,1,7
4183,10,7
4184,5,7
4185,3,7
4187,11,7
4189,11,7
4190,8,7
4191,5,7
4193,0,7
4195,7,7
4196,1,7
4197,1,7
4198,4,7
4199,7,7
4203,11,7
4204,11,7
4205,0,7
4207,8,7
4208,1,7
4209,8,7
4211,5,7
4212,2,7
4215,1,7
4219,5,7
4221,11,7
4227,5,7
4228,3,7
4229,3,7
4230,11,7
4232,6,7
4233,1,7
4238,11,7
4242,3,7
4243,1,7
4244,4,7
4245,5,7
4246,1,7
4248,1,7
4249,10,7
4250,11,7
4251,5,7
4252,4,7
4253,11,7
4256,3,7
4259,0,7
4264,4,7
4265,4,7
4267,10,7
4269,10,7
4272,11,7
4276,1,7
4278,11,7
4279,1,7
4280,8,7
4281,1,7
4282,0,7
4285,4,7
4287,4,7
4289,4,7
4292,3,7
4293,0,7
4295,9,7
4296,4,7
4299,8,7
4301,4,7
4303,8,7
4304,2,7
4305,3,7
4308,9,7
4309,4,7
4313,4,7
4315,11,7
4316,9,7
4319,4,7
4320,9,7
4323,1,7
4325,3,7
4326,4,7
4327,11,7
4328,5,7
4330,5,7
4336,3,7
4337,10,7
4338,5,7
4339,0,7
4341,10,7
4343,11,7
4345,11,7
4346,5,7
4347,3,7
4348,0,7
4354,6,7
4356,8,7
4361,8,7
4363,8,7
4364,8,7
4365,8,7
4366,8,7
4367,6,7
4371,8,7
4373,6,7
4374,6,7
4375,6,7
4376,8,7
4377,8,7
4380,6,7
4382,6,7
4384,8,7
4385,8,7
4387,8,7
4389,8,7
4390,8,7
4391,8,7
4392,8,7
4393,8,7
4394,8,7
4397,8,7
4399,8,7
4402,8,7
4404,8,7
4408,8,7
4411,8,7
4413,8,7
4416,8,7
4417,8,7
4419,8,7
4420,8,7
4421,8,7
4422,8,7
4427,1,7
4431,0,7
4440,11,7
4442,1,7
4443,8,7
4444,1,7
4446,10,7
4448,1,7
4449,1,7
4450,8,7
4451,1,7
4452,1,7
4456,10,7
4457,8,7
4460,1,7
4461,10,7
4463,5,7
4464,10,7
4465,8,7
4467,1,7
4468,6,7
4469,1,7
4472,1,7
4473,1,7
4475,1,7
4479,1,7
4484,1,7
4488,1,7
4491,6,7
4492,5,7
4495,1,7
4496,10,7
4497,10,7
4498,1,7
4500,6,7
4503,11,7
4505,1,7
4506,10,7
4508,6,7
4510,1,7
4511,1,7
4513,1,7
4514,1,7
4515,8,7
4517,11,7
4519,10,7
4523,11,7
4524,1,7
4525,1,7
4526,8,7
4528,1,7
4530,11,7
4536,11,7
4542,11,7
4543,3,7
4545,8,7
4549,8,7
4553,8,7
4557,0,7
4559,1,7
4560,1,7
4562,11,7
4563,1,7
4565,11,7
4568,10,7
4569,8,7
4571,9,7
4572,4,7
4573,5,7
4575,1,7
4577,11,7
4578,5,7
4579,3,7
4580,11,7
4584,6,7
4586,1,7
4587,10,7
4588,11,7
4591,1,7
4593,3,7
4594,1,7
4598,8,7
4599,8,7
4604,2,7
4605,1,7
4607,1,7
4608,1,7
4609,1,7
4612,1,7
4613,1,7
4614,1,7
4615,1,7
4618,1,7
4620,1,7
4623,5,7
4624,10,7
4625,8,7
4631,1,7
4634,0,7
4635,10,7
4636,10,7
4637,11,7
4639,3,7
4643,1,7
4644,1,7
4645,1,7
4647,1,7
4651,11,7
4653,3,7
4654,8,7
4656,1,7
4657,11,7
4658,1,7
4660,1,7
4663,8,7
4664,1,7
4665,8,7
4668,10,7
4669,3,7
4670,3,7
4672,10,7
4673,3,7
4674,1,7
4678,11,7
4679,5,7
4680,10,7
4684,2,7
4685,0,7
4688,1,7
4689,8,7
4690,0,7
4691,0,7
4692,0,7
4693,0,7
4699,1,7
4704,4,7
4706,5,7
4709,1,7
4710,11,7
4712,0,7
4713,8,7
4719,3,7
4724,10,7
4727,1,7
4728,0,7
4729,2,7
4731,3,7
4733,8,7
4735,0,7
4736,11,7
4738,11,7
4740,3,7
4742,3,7
4745,11,7
4749,0,7
4751,4,7
4754,8,7
4755,3,7
4756,11,7
4759,6,7
4762,0,7
4766,9,7
4768,5,7
4769,11,7
4770,10,7
4771,10,7
4772,6,7
4774,0,7
4775,1,7
4779,2,7
4780,0,7
4783,7,7
4784,8,7
4785,11,7
4786,11,7
4788,6,7
4790,5,7
4795,11,7
4796,11,7
4800,11,7
4801,1,7
4802,0,7
4805,1,7
4810,1,7
4811,3,7
4812,5,7
4813,4,7
4815,3,7
4816,3,7
4818,3,7
4822,4,7
4828,3,7
4829,5,7
4831,0,7
4836,0,7
4845,6,7
4846,3,7
4850,5,7
4855,0,7
4859,5,7
4863,8,7
4864,0,7
4867,0,7
4869,3,7
4871,3,7
4872,2,7
4873,11,7
4874,6,7
4875,11,7
4877,1,7
4878,0,7
4879,8,7
4880,2,7
4881,8,7
4882,5,7
4883,0,7
4884,6,7
4885,8,7
4890,11,7
4891,2,7
4892,8,7
4893,6,7
4894,10,7
4896,5,7
4898,5,7
4900,5,7
4903,0,7
4904,3,7
4905,7,7
4906,3,7
4908,11,7
4911,6,7
4912,3,7
4913,11,7
4914,1,7
4916,4,7
4917,5,7
4918,2,7
4921,3,7
4927,5,7
4929,4,7
4931,1,7
4933,1,7
4935,5,7
4936,5,7
4938,6,7
4939,3,7
4940,6,7
4941,5,7
4945,3,7
4946,2,7
4948,0,7
4954,8,7
4955,11,7
4961,0,7
4964,7,7
4969,2,7
4970,11,7
4971,4,7
4972,11,7
4973,3,7
4975,4,7
4976,7,7
4977,3,7
4978,11,7
4980,3,7
4981,4,7
4984,4,7
4985,11,7
4989,3,7
4990,0,7
4997,6,7
4998,10,7
5001,5,7
5002,5,7
5003,4,7
5005,11,7
5006,3,7
5007,10,7
5011,3,7
5012,1,7
5013,7,7
5014,3,7
5016,2,7
5018,3,7
5019,3,7
5020,3,7
5026,3,7
5031,10,7
5034,5,7
5035,11,7
5036,6,7
5038,10,7
5040,8,7
5043,4,7
5045,0,7
5046,1,7
5047,0,7
5048,1,7
5049,4,7
5052,6,7
5053,3,7
5055,0,7
5056,11,7
5058,1,7
5061,0,7
5064,1,7
5065,3,7
5066,6,7
5068,4,7
5069,5,7
5070,10,7
5071,5,7
5073,4,7
5076,3,7
5078,10,7
5080,10,7
5083,4,7
5085,0,7
5086,4,7
5088,10,7
5089,11,7
5090,8,7
5093,0,7
5095,8,7
5096,4,7
5098,1,7
5102,11,7
5104,11,7
5106,11,7
5111,8,7
5112,10,7
5113,6,7
5114,3,7
5115,4,7
5118,3,7
5119,3,7
5120,3,7
5123,11,7
5124,3,7
5125,3,7
5130,6,7
5133,1,7
5134,8,7
5137,4,7
5138,4,7
5140,11,7
5142,6,7
5143,8,7
5146,6,7
5148,11,7
5152,4,7
5154,3,7
5157,4,7
5158,6,7
5159,5,7
5161,4,7
5162,8,7
5163,11,7
5168,0,7
5169,3,7
5170,3,7
5172,4,7
5173,0,7
5178,11,7
5182,11,7
5184,5,7
5185,0,7
5186,3,7
5187,11,7
5194,0,7
5195,8,7
5199,0,7
5201,2,7
5204,11,7
5205,5,7
5210,6,7
5211,5,7
5214,2,7
5215,1,7
5216,6,7
5218,5,7
5219,1,7
5222,1,7
5223,1,7
5225,1,7
5226,1,7
5227,1,7
5228,9,7
5229,1,7
5231,1,7
5234,10,7
5238,10,7
5244,1,7
5245,10,7
5246,10,7
5248,10,7
5252,1,7
5253,6,7
5254,1,7
5256,1,7
5262,8,7
5264,1,7
5265,1,7
5266,1,7
5268,1,7
5270,10,7
5275,1,7
5276,1,7
5281,1,7
5284,10,7
5288,1,7
5292,8,7
5296,1,7
5297,1,7
5298,10,7
5299,1,7
5300,1,7
5303,8,7
5304,1,7
5308,1,7
5309,8,7
5314,1,7
5317,11,7
5319,1,7
5320,1,7
5323,6,7
5324,1,7
5325,8,7
5326,1,7
5329,1,7
5330,1,7
5333,5,7
5338,1,7
5342,1,7
5343,1,7
5344,4,7
5345,0,7
5346,6,7
5348,11,7
5350,1,7
5353,8,7
5354,11,7
5358,1,7
5359,1,7
5360,11,7
5365,1,7
5366,1,7
5367,1,7
5369,8,7
5370,8,7
5371,10,7
5372,10,7
5373,11,7
5374,1,7
5376,10,7
5377,1,7
5381,1,7
5382,8,7
5384,10,7
5386,1,7
5388,1,7
5389,1,7
5393,10,7
5394,4,7
5395,8,7
5396,6,7
5398,8,7
5399,1,7
5401,1,7
5405,1,7
5406,4,7
5411,10,7
5412,0,7
5414,0,7
5417,1,7
5418,1,7
5421,6,7
5422,3,7
5423,1,7
5426,1,7
5428,10,7
5431,1,7
5436,10,7
5438,1,7
5442,1,7
5444,1,7
5447,1,7
5448,1,7
5449,1,7
5453,10,7
5458,3,7
5464,8,7
5466,11,7
5467,4,7
5471,10,7
5473,0,7
5476,6,7
5477,3,7
5479,1,7
5480,1,7
5483,11,7
5484,10,7
5485,1,7
5488,2,7
5491,2,7
5494,1,7
5496,10,7
5497,10,7
5500,1,7
5501,8,7
5502,11,7
5503,1,7
5509,1,7
5510,8,7
5511,1,7
5512,6,7
5513,4,7
5514,1,7
5517,6,7
5518,11,7
5519,3,7
5522,1,7
5524,4,7
5525,11,7
5526,10,7
5527,1,7
5528,10,7
5531,10,7
5532,10,7
5533,3,7
5536,11,7
5537,11,7
5540,0,7
5541,0,7
5545,4,7
5546,3,7
5547,4,7
5548,6,7
5549,1,7
5550,5,7
5551,0,7
5552,4,7
5553,0,7
5554,1,7
5555,4,7
5558,1,7
5559,2,7
5562,4,7
5563,3,7
5564,10,7
5567,11,7
5568,4,7
5570,5,7
5572,10,7
5576,11,7
5578,4,7
5579,8,7
5581,10,7
5582,6,7
5590,11,7
5592,10,7
5598,1,7
5601,8,7
5603,11,7
5604,1,7
5610,8,7
5612,1,7
5613,0,7
5614,0,7
5619,4,7
5621,6,7
5624,1,7
5625,10,7
5627,1,7
5633,11,7
5637,11,7
5638,3,7
5641,11,7
5645,4,7
5651,6,7
5652,10,7
5654,11,7
5657,5,7
5658,4,7
5660,8,7
5662,11,7
5665,2,7
5667,3,7
5669,5,7
5671,1,7
5672,1,7
5676,1,7
5677,1,7
5679,1,7
5683,1,7
5687,0,7
5688,5,7
5689,3,7
5692,5,7
5693,4,7
5697,8,7
5701,10,7
5705,3,7
5706,7,7
5707,11,7
5709,1,7
5710,6,7
5711,10,7
5712,1,7
5714,6,7
5715,0,7
5716,6,7
5718,5,7
5719,10,7
5732,6,7
5735,11,7
5739,10,7
5740,8,7
5743,8,7
5746,10,7
5747,2,7
5748,9,7
5751,10,7
5757,1,7
5761,6,7
5762,11,7
5763,9,7
5764,4,7
5766,2,7
5767,6,7
5768,6,7
5770,3,7
5771,1,7
5772,10,7
5775,6,7
5777,2,7
5779,6,7
5780,11,7
5781,6,7
5783,4,7
5784,1,7
5785,1,7
5787,1,7
5788,5,7
5789,4,7
5790,10,7
5791,6,7
5792,5,7
5795,4,7
5797,5,7
5798,6,7
5799,5,7
5802,11,7
5803,2,7
5805,0,7
5808,0,7
5809,7,7
5815,1,7
5816,10,7
5819,5,7
5820,8,7
5821,10,7
5827,1,7
5828,4,7
5832,0,7
5835,3,7
5836,7,7
5841,3,7
5843,6,7
5847,1,7
5852,1,7
5854,10,7
5855,11,7
5856,5,7
5858,1,7
5859,0,7
5860,5,7
5862,0,7
5864,0,7
5865,3,7
5866,7,7
5868,0,7
5869,10,7
5872,4,7
5874,1,7
5875,1,7
5878,3,7
5879,6,7
5880,5,7
5881,11,7
5882,0,7
5889,10,7
5890,5,7
5892,4,7
5893,0,7
5894,5,7
5896,5,7
5897,11,7
5903,2,7
5904,3,7
5907,6,7
5909,11,7
5911,11,7
5918,0,7
5920,7,7
5921,0,7
5923,1,7
5924,1,7
5927,0,7
5928,8,7
5929,10,7
5930,4,7
5931,0,7
5932,10,7
5933,10,7
5935,10,7
5936,11,7
5937,4,7
5938,1,7
5941,1,7
5945,10,7
5946,1,7
5952,10,7
5953,1,7
5954,3,7
5955,4,7
5957,1,7
5958,1,7
5960,6,7
5964,11,7
5966,8,7
5968,10,7
5970,1,7
5971,11,7
5975,10,7
5977,2,7
5979,7,7
5980,11,7
5981,1,7
5982,11,7
5985,11,7
5986,1,7
5987,1,7
5989,11,7
5991,6,7
5992,11,7
5994,1,7
5995,1,7
5998,1,7
6000,1,7
6001,10,7
6003,4,7
6004,10,7
6006,10,7
6009,0,7
6010,1,7
6013,1,7
6016,4,7
6017,1,7
6019,1,7
6020,5,7
6029,8,7
6034,11,7
6036,11,7
6038,10,7
6039,0,7
6046,11,7
6048,10,7
6049,11,7
6051,3,7
6052,6,7
6056,1,7
6059,10,7
6060,1,7
6061,1,7
6062,11,7
6064,1,7
6065,1,7
6067,11,7
6070,0,7
6071,3,7
6072,7,7
6074,2,7
6075,0,7
6076,2,7
6077,8,7
6079,0,7
6081,2,7
6084,10,7
6091,8,7
6093,10,7
6095,1,7
6096,11,7
6097,1,7
6100,1,7
6104,4,7
6105,1,7
6106,10,7
6108,0,7
6111,10,7
6113,4,7
6117,11,7
6118,4,7
6124,6,7
6127,10,7
6128,6,7
6131,10,7
6132,11,7
6133,6,7
6134,1,7
6136,4,7
6138,4,7
6139,3,7
6144,1,7
6145,6,7
6147,0,7
6148,1,7
6151,1,7
6152,1,7
6153,0,7
6156,3,7
6158,10,7
6159,4,7
6161,6,7
6164,1,7
6165,6,7
6166,3,7
6169,3,7
6174,10,7
6175,6,7
6177,3,7
6178,11,7
6179,1,7
6182,1,7
6183,6,7
6184,6,7
6186,11,7
6187,5,7
6188,5,7
6192,6,7
6194,10,7
6196,0,7
6198,11,7
6199,10,7
6201,6,7
6204,3,7
6205,3,7
6207,1,7
6208,6,7
6209,10,7
6210,11,7
6211,10,7
6213,1,7
6215,6,7
6216,8,7
6219,6,7
6224,0,7
6225,11,7
6226,1,7
6230,0,7
6231,6,7
6232,6,7
6233,11,7
6234,8,7
6235,2,7
6238,10,7
6239,1,7
6241,11,7
6243,10,7
6245,3,7
6247,0,7
6248,8,7
6249,10,7
6252,2,7
6253,2,7
6255,1,7
6257,11,7
6262,11,7
6264,1,7
6266,6,7
6267,6,7
6268,5,7
6269,6,7
6270,6,7
6271,11,7
6272,5,7
6279,6,7
6280,6,7
6284,1,7
6287,6,7
6288,6,7
6289,6,7
6290,6,7
6291,1,7
6292,6,7
6293,6,7
6296,6,7
6297,6,7
6298,6,7
6299,6,7
6301,5,7
6308,6,7
6310,4,7
6311,6,7
6312,10,7
6313,6,7
6314,6,7
6315,6,7
6316,6,7
6317,1,7
6318,5,7
6319,1,7
6321,6,7
6322,6,7
6323,6,7
6324,6,7
6326,6,7
6328,6,7
6329,6,7
6330,6,7
6334,6,7
6337,6,7
6340,11,7
6341,4,7
6342,2,7
6347,8,7
6348,5,7
6350,6,7
6353,6,7
6355,6,7
6357,1,7
6359,0,7
6361,0,7
6362,6,7
6365,4,7
6366,11,7
6367,6,7
6370,6,7
6373,10,7
6379,6,7
6382,11,7
6383,6,7
6386,0,7
6388,6,7
6390,11,7
6391,6,7
6392,6,7
6394,6,7
6396,6,7
6398,6,7
6399,6,7
6400,8,7
6403,6,7
6404,11,7
6409,1,7
6411,0,7
6415,11,7
6417,8,7
6418,11,7
6420,11,7
6422,10,7
6423,5,7
6424,11,7
6425,11,7
6426,8,7
6429,3,7
6430,5,7
6431,10,7
6432,10,7
6433,11,7
6434,3,7
6435,1,7
6436,5,7
6437,1,7
6439,5,7
6442,8,7
6443,0,7
6444,9,7
6445,6,7
6448,4,7
6451,1,7
6452,1,7
6454,8,7
6455,10,7
6456,8,7
6459,1,7
6465,6,7
6466,4,7
6467,5,7
6468,1,7
6474,6,7
6477,3,7
6478,6,7
6479,3,7
6481,6,7
6482,1,7
6483,1,7
6484,8,7
6488,6,7
6489,6,7
6491,8,7
6495,1,7
6496,6,7
6497,6,7
6498,3,7
6501,2,7
6502,11,7
6506,11,7
6507,1,7
6509,5,7
6510,1,7
6512,11,7
6513,4,7
6515,11,7
6517,10,7
6519,3,7
6522,5,7
6525,0,7
6526,4,7
6527,3,7
6528,6,7
6529,9,7
6535,11,7
6536,11,7
6537,6,7
6539,0,7
6541,9,7
6543,1,7
6545,1,7
6546,0,7
6547,0,7
6549,0,7
6550,11,7
6551,0,7
6552,0,7
6554,0,7
6555,0,7
6556,0,7
6558,0,7
6559,0,7
6561,0,7
6568,10,7
6569,0,7
6571,3,7
6573,3,7
6578,6,7
6579,9,7
6580,0,7
6583,5,7
6585,4,7
6591,3,7
6592,0,7
6593,4,7
6595,5,7
6597,5,7
6598,0,7
6599,3,7
6601,1,7
6602,11,7
6606,6,7
6608,3,7
6616,0,7
6617,3,7
6619,6,7
6620,6,7
6622,1,7
6623,8,7
6627,6,7
6631,0,7
6633,7,7
6636,3,7
6637,7,7
6648,3,7
6649,2,7
6650,3,7
6651,11,7
6652,3,7
6653,3,7
6656,1,7
6657,3,7
6658,5,7
6660,5,7
6662,0,7
6664,11,7
6665,11,7
6666,5,7
6667,3,7
6670,0,7
6672,1,7
6673,3,7
6675,3,7
6676,1,7
6681,3,7
6682,3,7
6683,3,7
6685,8,7
6687,1,7
6689,3,7
6691,3,7
6692,1,7
6694,3,7
6695,3,7
6697,3,7
6698,3,7
6699,3,7
6700,5,7
6701,0,7
6702,2,7
6705,6,7
6706,6,7
6707,3,7
6708,0,7
6711,6,7
6712,4,7
6717,8,7
6718,6,7
6720,0,7
6723,5,7
6724,1,7
6725,1,7
6728,3,7
6729,6,7
6730,6,7
6731,3,7
6735,4,7
6736,11,7
6738,8,7
6739,6,7
6741,6,7
6742,1,7
6748,6,7
6750,6,7
6751,6,7
6752,6,7
6754,6,7
6756,6,7
6757,5,7
6758,6,7
6759,11,7
6761,6,7
6762,5,7
6763,0,7
6767,1,7
6769,3,7
6770,3,7
6778,3,7
6779,5,7
6781,8,7
6784,3,7
6785,11,7
6787,0,7
6788,0,7
6790,4,7
6792,8,7
6793,11,7
6802,8,7
6804,3,7
6807,10,7
6808,5,7
6809,5,7
6811,4,7
6812,0,7
6814,1,7
6815,5,7
6818,6,7
6819,0,7
6821,10,7
6824,0,7
6830,0,7
6831,0,7
6832,3,7
6835,5,7
6836,0,7
6837,0,7
6838,3,7
6839,3,7
6841,10,7
6843,4,7
6847,8,7
6848,1,7
6850,1,7
6851,6,7
6860,0,7
6870,10,7
6871,6,7
6872,8,7
6873,6,7
6875,10,7
6877,0,7
6879,1,7
6881,11,7
6883,3,7
6884,8,7
6887,8,7
6888,8,7
6890,0,7
6891,0,7
6892,8,7
6894,11,7
6896,3,7
6899,11,7
6903,0,7
6904,2,7
6905,0,7
6906,0,7
6911,3,7
6912,2,7
6913,11,7
6914,3,7
6915,3,7
6916,3,7
6917,5,7
6919,1,7
6920,8,7
6921,0,7
6924,4,7
6925,8,7
6926,3,7
6927,5,7
6930,0,7
6931,10,7
6933,1,7
6935,11,7
6936,2,7
6939,3,7
6942,8,7
6943,8,7
6944,4,7
6945,1,7
6946,1,7
6948,8,7
6950,11,7
6953,8,7
6954,1,7
6956,11,7
6957,8,7
6961,8,7
6962,2,7
6963,6,7
6964,0,7
6966,11,7
6969,6,7
6972,1,7
6973,6,7
6974,1,7
6975,0,7
6976,1,7
6978,6,7
6981,11,7
6985,6,7
6986,6,7
6987,1,7
6988,0,7
6989,3,7
6990,0,7
6991,8,7
6993,11,7
6994,6,7
6995,8,7
6996,6,7
6998,11,7
7000,11,7
7002,8,7
7007,6,7
7010,8,7
7013,10,7
7015,10,7
7022,0,7
7024,8,7
7026,5,7
7027,1,7
7029,4,7
7031,4,7
7035,1,7
7036,8,7
7037,11,7
7040,4,7
7041,4,7
7047,4,7
7050,1,7
7052,8,7
7055,10,7
7056,11,7
7057,6,7
7058,2,7
7059,8,7
7060,6,7
7063,1,7
7064,10,7
7067,5,7
7068,11,7
7070,10,7
7072,0,7
7077,3,7
7079,10,7
7080,3,7
7082,0,7
7091,6,7
7095,0,7
7096,6,7
7097,1,7
7098,1,7
7100,6,7
7104,10,7
7105,8,7
7106,8,7
7107,11,7
7108,6,7
7110,11,7
7112,2,7
7113,11,7
7115,5,7
7116,8,7
7117,4,7
7119,3,7
7123,6,7
7124,1,7
7126,8,7
7127,11,7
7128,1,7
7129,6,7
7132,9,7
7133,2,7
7134,0,7
7136,1,7
7137,8,7
7142,0,7
7143,6,7
7144,0,7
7146,6,7
7147,11,7
7148,0,7
7149,6,7
7153,5,7
7154,10,7
7156,0,7
7158,8,7
7161,0,7
7162,0,7
7164,8,7
7165,10,7
7167,0,7
7168,0,7
7172,11,7
7173,11,7
7175,11,7
7177,0,7
7178,5,7
7180,5,7
7182,1,7
7185,3,7
7187,4,7
7191,4,7
7192,4,7
7200,5,7
7201,5,7
7205,3,7
7206,3,7
7208,0,7
7209,4,7
7215,3,7
7216,4,7
7217,3,7
7220,10,7
7221,3,7
7224,3,7
7225,0,7
7226,3,7
7229,0,7
7230,3,7
7237,3,7
7243,3,7
7245,3,7
7246,3,7
7251,3,7
7255,0,7
7256,3,7
7258,10,7
7259,1,7
7260,4,7
7262,4,7
7264,1,7
7266,0,7
7267,4,7
7268,2,7
7269,3,7
7270,0,7
7271,4,7
7277,1,7
7278,2,7
7280,1,7
7281,3,7
7285,3,7
7290,8,7
7291,3,7
7292,3,7
7294,3,7
7298,11,7
7299,5,7
7300,11,7
7301,0,7
7302,4,7
7306,11,7
7307,11,7
7309,11,7
7315,8,7
7316,10,7
7318,0,7
7319,10,7
7320,5,7
7321,5,7
7323,8,7
7324,4,7
7325,8,7
7326,11,7
7327,1,7
7328,4,7
7329,5,7
7330,10,7
7331,8,7
7332,10,7
7333,11,7
7335,10,7
7336,0,7
7339,6,7
7340,2,7
7342,5,7
7343,2,7
7346,11,7
7351,8,7
7355,1,7
7356,5,7
7358,4,7
7359,1,7
7360,6,7
7361,6,7
7362,6,7
7363,2,7
7364,2,7
7366,4,7
7372,10,7
7376,5,7
7378,8,7
7379,3,7
7380,10,7
7383,4,7
7384,6,7
7389,0,7
7390,0,7
7395,11,7
7401,1,7
7403,10,7
7405,3,7
7409,4,7
7411,4,7
7412,6,7
7414,1,7
7416,8,7
7417,1,7
7418,8,7
7422,11,7
7423,1,7
7427,6,7
7428,4,7
7431,11,7
7433,11,7
7437,0,7
7438,1,7
7439,5,7
7440,0,7
7441,11,7
7442,11,7
7448,1,7
7451,8,7
7454,8,7
7456,6,7
7458,3,7
7459,1,7
7462,6,7
7463,0,7
7467,4,7
7468,3,7
7471,11,7
7473,6,7
7474,1,7
7475,11,7
7476,5,7
7478,0,7
7479,10,7
7480,1,7
7481,8,7
7483,8,7
7484,10,7
7486,8,7
7487,5,7
7492,1,7
7494,10,7
7495,1,7
7497,11,7
7499,10,7
7502,5,7
7505,3,7
7510,11,7
7511,5,7
7513,1,7
7514,8,7
7515,10,7
7516,10,7
7517,5,7
7518,6,7
7519,6,7
7520,0,7
7522,0,7
7528,6,7
7538,9,7
7541,0,7
7542,6,7
7545,6,7
7550,10,7
7554,6,7
7555,6,7
7556,1,7
7558,1,7
7562,8,7
7563,8,7
7567,6,7
7568,6,7
7569,10,7
7570,11,7
7572,6,7
7576,5,7
7577,8,7
7579,8,7
7580,0,7
7581,2,7
7584,8,7
7588,10,7
7592,11,7
7594,6,7
7596,6,7
7602,1,7
7606,6,7
7607,10,7
7608,1,7
7613,11,7
7615,8,7
7616,11,7
7617,0,7
7620,4,7
7622,8,7
7623,5,7
7624,10,7
7625,8,7
7626,11,7
7627,3,7
7628,9,7
7629,11,7
7630,8,7
7632,11,7
7633,8,7
7635,8,7
7638,5,7
7640,0,7
7641,10,7
7643,3,7
7646,11,7
7650,0,7
7652,0,7
7653,0,7
7654,0,7
7656,0,7
7662,3,7
7663,0,7
7665,0,7
7666,9,7
7671,6,7
7672,0,7
7673,11,7
7677,0,7
7678,2,7
7679,0,7
7680,11,7
7681,8,7
7682,11,7
7683,10,7
7685,6,7
7686,8,7
7687,8,7
7693,0,7
7694,11,7
7696,11,7
7698,8,7
7700,10,7
7701,10,7
7705,6,7
7706,6,7
7708,11,7
7709,11,7
7713,1,7
7714,3,7
7716,1,7
7718,1,7
7719,0,7
7720,2,7
7722,6,7
7723,3,7
7725,3,7
7726,8,7
7727,11,7
7729,8,7
7730,0,7
7732,6,7
7733,11,7
7735,11,7
7737,0,7
7740,10,7
7741,6,7
7742,6,7
7743,3,7
7744,0,7
7746,8,7
7748,0,7
7751,10,7
7752,2,7
7753,11,7
7754,11,7
7756,2,7
7757,11,7
7759,11,7
7760,1,7
7761,3,7
7763,3,7
7766,2,7
7767,1,7
7770,2,7
7772,6,7
7774,7,7
7776,0,7
7777,6,7
7779,5,7
7780,3,7
7781,6,7
7783,2,7
7785,5,7
7786,2,7
7789,11,7
7790,5,7
7793,2,7
7794,0,7
7795,0,7
7796,6,7
7801,6,7
7803,6,7
7808,6,7
7809,10,7
7815,6,7
7819,6,7
7820,6,7
7821,1,7
7822,1,7
7823,1,7
7828,6,7
7829,6,7
7830,5,7
7834,3,7
7836,5,7
7841,6,7
7842,0,7
7844,0,7
7845,6,7
7850,6,7
7854,0,7
7858,8,7
7860,6,7
7861,3,7
7862,7,7
7863,8,7
7864,0,7
7866,1,7
7873,1,7
7874,6,7
7875,9,7
7876,0,7
7877,5,7
7880,6,7
7881,6,7
7884,1,7
7885,10,7
7886,5,7
7888,5,7
7889,10,7
7890,1,7
7891,1,7
7892,6,7
7895,5,7
7905,5,7
7908,0,7
7909,8,7
7911,6,7
7912,0,7
7914,0,7
7915,1,7
7916,6,7
7917,5,7
7920,3,7
7922,0,7
7924,11,7
7926,8,7
7929,0,7
7932,0,7
7935,0,7
7941,1,7
7947,1,7
7949,10,7
7950,8,7
7952,0,7
7953,6,7
7954,8,7
7955,1,7
7963,0,7
7964,11,7
7966,0,7
7968,4,7
7969,11,7
7972,11,7
7975,5,7
7976,5,7
7977,8,7
7978,0,7
7979,1,7
7980,0,7
7981,1,7
7982,0,7
7984,0,7
7985,8,7
7989,5,7
7991,1,7
7995,10,7
7996,5,7
8005,3,7
8006,8,7
8008,6,7
8011,2,7
8015,6,7
8018,1,7
8020,6,7
8021,6,7
8022,6,7
8023,3,7
8027,6,7
8028,1,7
8029,8,7
8031,6,7
8032,6,7
8033,8,7
8034,6,7
8035,6,7
8037,0,7
8038,6,7
8042,6,7
8044,6,7
8047,6,7
8049,3,7
8051,8,7
8053,3,7
8054,3,7
8055,3,7
8062,0,7
8063,3,7
8069,3,7
8073,0,7
8074,0,7
8075,11,7
8081,4,7
8082,5,7
8085,11,7
8089,3,7
8092,2,7
8093,0,7
8094,5,7
8098,3,7
8099,8,7
8105,6,7
8106,0,7
8107,0,7
8111,8,7
8112,6,7
8114,6,7
8115,0,7
8119,6,7
8121,1,7
8126,8,7
8128,10,7
8130,9,7
8131,8,7
8134,1,7
8135,0,7
8138,6,7
8140,1,7
8141,1,7
8145,0,7
8147,7,7
8148,10,7
8150,0,7
8153,7,7
8156,3,7
8158,11,7
8159,3,7
8160,4,7
8161,3,7
8162,1,7
8165,0,7
8166,0,7
8169,1,7
8170,8,7
8171,3,7
8173,3,7
8178,1,7
8180,11,7
8181,1,7
8182,1,7
8183,5,7
8184,1,7
8185,6,7
8188,1,7
8189,1,7
8191,1,7
8192,1,7
8193,11,7
8194,11,7
8196,1,7
8197,1,7
8202,7,7
8206,1,7
8207,0,7
8211,5,7
8212,11,7
8213,1,7
8214,10,7
8215,8,7
8217,1,7
8218,1,7
8224,10,7
8225,11,7
8226,4,7
8227,0,7
8228,7,7
8229,8,7
8230,5,7
8231,0,7
8232,2,7
8233,3,7
8235,2,7
8236,10,7
8237,11,7
8238,2,7
8239,3,7
8240,8,7
8241,5,7
8243,6,7
8246,11,7
8247,10,7
8248,6,7
8249,4,7
8251,6,7
8256,0,7
8257,1,7
8260,3,7
8264,8,7
8266,4,7
8269,8,7
8270,3,7
8274,3,7
8276,11,7
8277,0,7
8278,0,7
8279,3,7
8281,1,7
8282,11,7
8284,8,7
8285,1,7
8286,1,7
8287,8,7
8289,10,7
8295,11,7
8296,1,7
8297,10,7
8304,4,7
8305,6,7
8306,4,7
8309,11,7
8311,1,7
8313,10,7
8315,3,7
8317,0,7
8319,4,7
8322,3,7
8325,10,7
8326,3,7
8327,3,7
8331,2,7
8332,5,7
8334,6,7
8336,11,7
8339,8,7
8340,5,7
8341,4,7
8343,1,7
8344,10,7
8345,4,7
8347,4,7
8349,6,7
8350,3,7
8355,3,7
8356,3,7
8357,10,7
8358,10,7
8361,11,7
8363,3,7
8364,3,7
8365,8,7
8368,3,7
8369,3,7
8370,10,7
8372,10,7
8375,3,7
8378,3,7
8379,3,7
8383,3,7
8384,3,7
8385,6,7
8386,3,7
8388,0,7
8391,5,7
8393,0,7
8394,10,7
8395,5,7
8398,6,7
8400,11,7
8401,11,7
8402,8,7
8403,11,7
8404,0,7
8405,1,7
8406,4,7
8409,6,7
8410,11,7
8411,6,7
8412,6,7
8413,5,7
8414,1,7
8416,4,7
8420,11,7
8423,10,7
8424,10,7
8425,6,7
8426,11,7
8428,4,7
8435,8,7
8437,9,7
8439,8,7
8440,8,7
8441,0,7
8443,5,7
8445,0,7
8447,6,7
8449,1,7
8451,0,7
8452,6,7
8453,11,7
8454,0,7
8455,0,7
8456,11,7
8458,3,7
8460,2,7
8464,11,7
8465,2,7
8466,2,7
8468,9,7
8470,0,7
8471,7,7
8473,6,7
8474,3,7
8477,4,7
8478,11,7
8479,11,7
8480,5,7
8481,11,7
8485,11,7
8489,6,7
8490,10,7
8492,10,7
8494,1,7
8497,4,7
8500,8,7
8501,6,7
8502,5,7
8503,11,7
8504,4,7
8506,11,7
8508,11,7
8514,10,7
8517,11,7
8518,6,7
8519,8,7
8522,1,7
8523,5,7
8525,6,7
8529,5,7
8530,11,7
8533,11,7
8534,11,7
8535,8,7
8537,5,7
8538,6,7
8542,5,7
8543,4,7
8544,5,7
8546,5,7
8547,4,7
8548,11,7
8550,10,7
8552,1,7
8553,4,7
8554,4,7
8557,3,7
8558,4,7
8561,0,7
8563,0,7
8564,4,7
8565,0,7
8569,11,7
8579,11,7
8580,5,7
8581,3,7
8582,11,7
8585,6,7
8586,4,7
8587,5,7
8588,11,7
8589,4,7
8590,4,7
8591,11,7
8596,11,7
8598,10,7
8599,10,7
8600,10,7
8601,5,7
8603,11,7
8604,8,7
8607,6,7
8610,4,7
8613,11,7
8615,3,7
8617,0,7
8618,0,7
8619,0,7
8620,0,7
8621,8,7
8622,3,7
8623,11,7
8626,10,7
8632,8,7
8633,4,7
8636,3,7
8638,3,7
8639,1,7
8641,4,7
8643,3,7
8644,0,7
8648,4,7
8651,3,7
8653,11,7
8654,6,7
8658,11,7
8659,3,7
8662,0,7
8663,11,7
8665,11,7
8667,4,7
8668,8,7
8671,10,7
8675,10,7
8676,0,7
8677,4,7
8682,2,7
8683,0,7
8686,11,7
8688,3,7
8690,11,7
8693,6,7
8700,6,7
8701,10,7
8703,1,7
8704,8,7
8708,8,7
8710,11,7
8713,11,7
8714,2,7
8719,11,7
8721,8,7
8723,8,7
8725,8,7
8726,6,7
8728,1,7
8730,4,7
8731,8,7
8735,1,7
8736,11,7
8737,4,7
8739,11,7
8740,5,7
8741,0,7
8742,4,7
8743,5,7
8745,6,7
8746,5,7
8748,5,7
8750,6,7
8751,4,7
8753,2,7
8754,6,7
8755,6,7
8760,1,7
8761,3,7
8764,6,7
8766,11,7
8768,0,7
8771,3,7
8772,10,7
8773,11,7
8774,1,7
8776,10,7
8777,1,7
8779,3,7
8780,0,7
8781,6,7
8782,8,7
8783,5,7
8784,6,7
8786,2,7
8788,2,7
8790,10,7
8791,4,7
8795,6,7
8796,6,7
8797,6,7
8799,6,7
8805,5,7
8807,6,7
8808,4,7
8813,5,7
8814,1,7
8815,6,7
8817,4,7
8818,11,7
8819,6,7
8821,1,7
8822,3,7
8824,6,7
8825,5,7
8827,6,7
8829,6,7
8830,6,7
8832,1,7
8835,11,7
8836,9,7
8840,3,7
8841,9,7
8842,11,7
8844,4,7
8849,4,7
8850,1,7
8851,4,7
8852,4,7
8854,5,7
8855,9,7
8856,6,7
8857,9,7
8858,4,7
8863,5,7
8864,3,7
8865,5,7
8866,4,7
8870,3,7
8873,5,7
8874,3,7
8875,4,7
8879,4,7
8880,5,7
8881,5,7
8883,0,7
8886,1,7
8887,5,7
8889,11,7
8891,4,7
8893,9,7
8898,11,7
8901,8,7
8902,5,7
8907,0,7
8908,11,7
8909,10,7
8910,6,7
8913,8,7
8914,3,7
8917,2,7
8919,0,7
8923,6,7
8925,4,7
8926,10,7
8928,6,7
8929,10,7
8930,5,7
8931,3,7
8932,3,7
8934,4,7
8935,3,7
8936,6,7
8938,2,7
8939,1,7
8941,5,7
8943,0,7
8950,3,7
8952,5,7
8953,11,7
8954,4,7
8956,11,7
8959,5,7
8960,4,7
8961,10,7
8962,6,7
8964,3,7
8965,3,7
8966,11,7
8970,11,7
8971,11,7
8972,6,7
8974,3,7
8978,5,7
8979,1,7
8987,5,7
8991,6,7
8992,4,7
8993,4,7
8994,1,7
8999,11,7
9002,3,7
9008,4,7
9010,5,7
9011,0,7
9015,10,7
9016,4,7
9019,6,7
9020,4,7
9021,11,7
9022,4,7
9023,6,7
9024,10,7
9025,0,7
9026,11,7
9030,5,7
9031,4,7
9034,11,7
9035,8,7
9036,5,7
9037,5,7
9038,4,7
9040,10,7
9043,6,7
9049,1,7
9050,11,7
9051,3,7
9053,6,7
9054,1,7
9055,5,7
9057,0,7
9058,5,7
9059,0,7
9060,3,7
9061,3,7
9062,3,7
9063,5,7
9064,3,7
9065,3,7
9067,5,7
9069,4,7
9071,5,7
9073,11,7
9075,3,7
9080,5,7
9082,11,7
9083,5,7
9084,10,7
9085,8,7
9086,5,7
9087,8,7
9089,11,7
9090,0,7
9091,10,7
9093,0,7
9099,3,7
9100,7,7
9101,11,7
9103,8,7
9104,0,7
9105,4,7
9106,5,7
9113,5,7
9115,11,7
9116,11,7
9118,0,7
9119,11,7
9120,11,7
9122,0,7
9124,4,7
9125,4,7
9126,4,7
9128,6,7
9129,10,7
9134,1,7
9135,5,7
9138,11,7
9140,0,7
9141,8,7
9146,11,7
9148,11,7
9149,11,7
9150,4,7
9155,8,7
9158,11,7
9159,11,7
9161,11,7
9162,11,7
9163,4,7
9165,8,7
9167,1,7
9169,11,7
9172,6,7
9174,8,7
9175,4,7
9177,5,7
9178,4,7
9180,6,7
9181,4,7
9183,5,7
9187,5,7
9188,5,7
9189,0,7
9191,11,7
9193,8,7
9194,10,7
9195,1,7
9197,11,7
9199,5,7
9202,5,7
9203,10,7
9204,11,7
9205,5,7
9206,5,7
9207,11,7
9208,4,7
9209,4,7
9211,1,7
9214,1,7
9222,4,7
9227,4,7
9231,4,7
9232,6,7
9234,6,7
9237,10,7
9239,5,7
9242,11,7
9246,3,7
9248,4,7
9249,11,7
9254,8,7
9255,5,7
9258,11,7
9259,1,7
9261,0,7
9263,0,7
9264,5,7
9266,6,7
9267,5,7
9272,3,7
9273,10,7
9274,5,7
9276,11,7
9279,6,7
9281,2,7
9282,5,7
9284,11,7
9287,11,7
9288,1,7
9289,8,7
9292,5,7
9293,11,7
9296,5,7
9298,3,7
9301,11,7
9302,5,7
9306,8,7
9307,3,7
9309,10,7
9311,6,7
9312,11,7
9313,11,7
9314,5,7
9315,1,7
9316,11,7
9317,11,7
9318,11,7
9320,5,7
9328,3,7
9330,1,7
9331,11,7
9338,11,7
9339,5,7
9341,4,7
9342,9,7
9349,9,7
9350,3,7
9351,5,7
9352,8,7
9354,3,7
9355,4,7
9362,11,7
9364,1,7
9365,4,7
9366,5,7
9367,1,7
9368,5,7
9370,9,7
9375,5,7
9377,8,7
9378,9,7
9379,11,7
9381,4,7
9384,11,7
9385,5,7
9389,10,7
9391,9,7
9393,3,7
9396,9,7
9401,4,7
9403,5,7
9405,0,7
9406,3,7
9408,10,7
9410,3,7
9411,7,7
9419,1,7
9420,4,7
9421,5,7
9423,5,7
9424,5,7
9430,4,7
9434,6,7
9437,5,7
9439,4,7
9441,5,7
9444,9,7
9447,3,7
9450,5,7
9451,5,7
9452,4,7
9454,1,7
9455,4,7
9456,1,7
9459,10,7
9462,0,7
9463,5,7
9467,5,7
9468,4,7
9469,9,7
9473,11,7
9478,4,7
9480,4,7
9481,11,7
9482,10,7
9483,10,7
9484,0,7
9485,0,7
9488,9,7
9489,5,7
9492,11,7
9494,11,7
9497,5,7
9499,6,7
9501,4,7
9502,8,7
9506,8,7
9508,4,7
9509,1,7
9510,8,7
9517,8,7
9518,5,7
9519,5,7
9520,0,7
9521,2,7
9523,3,7
9526,9,7
9536,5,7
9538,1,7
9539,4,7
9541,3,7
9543,11,7
9544,4,7
9545,11,7
9546,8,7
9548,4,7
9553,4,7
9555,9,7
9556,10,7
9558,11,7
9560,10,7
9561,8,7
9562,3,7
9563,11,7
9567,0,7
9573,1,7
9576,4,7
9578,10,7
9579,5,7
9580,10,7
9581,10,7
9582,5,7
9590,8,7
9591,1,7
9592,4,7
9594,1,7
9598,8,7
9600,11,7
9601,1,7
9602,4,7
9606,8,7
9608,5,7
9609,9,7
9611,1,7
9613,5,7
9618,1,7
9619,0,7
9620,4,7
9621,4,7
9624,4,7
9625,0,7
9626,4,7
9631,3,7
9632,10,7
9633,4,7
9634,10,7
9636,4,7
9639,0,7
9645,6,7
9647,6,7
9648,4,7
9652,6,7
9654,4,7
9655,11,7
9656,5,7
9658,4,7
9659,1,7
9660,3,7
9661,1,7
9666,5,7
9667,1,7
9668,0,7
9670,5,7
9671,6,7
9672,6,7
9673,6,7
9674,4,7
9679,5,7
9682,11,7
9683,3,7
9685,2,7
9687,11,7
9688,11,7
9689,11,7
9690,11,7
9691,4,7
9694,4,7
9696,5,7
9697,8,7
9698,8,7
9699,9,7
9700,8,7
9706,10,7
9709,2,7
9710,0,7
9712,5,7
9720,11,7
9721,0,7
9722,4,7
9724,6,7
9725,5,7
9728,8,7
9730,4,7
9731,0,7
9732,5,7
9735,3,7
9736,0,7
9738,4,7
9739,0,7
9746,3,7
9749,10,7
9750,6,7
9751,1,7
9753,5,7
9755,10,7
9758,8,7
9760,8,7
9761,8,7
9763,11,7
9767,6,7
9769,11,7
9771,0,7
9772,1,7
9774,5,7
9781,6,7
9783,6,7
9784,5,7
9785,10,7
9788,6,7
9789,6,7
9790,1,7
9791,6,7
9792,11,7
9793,11,7
9794,11,7
9798,10,7
9799,10,7
9801,0,7
9803,5,7
9804,11,7
9805,11,7
9806,2,7
9807,2,7
9809,6,7
9811,5,7
9812,10,7
9814,1,7
9816,0,7
9817,0,7
9818,4,7
9819,10,7
9822,1,7
9826,7,7
9828,4,7
9830,0,7
9836,4,7
9841,11,7
9842,3,7
9843,11,7
9844,11,7
9845,10,7
9848,1,7
9851,6,7
9853,4,7
9856,6,7
9858,11,7
9861,4,7
9869,4,7
9870,6,7
9871,11,7
9878,6,7
9881,4,7
9883,11,7
9886,4,7
9887,4,7
9889,11,7
9891,4,7
9892,1,7
9894,8,7
9897,4,7
9898,0,7
9899,1,7
9900,4,7
9902,4,7
9904,2,7
9908,4,7
9912,3,7
9917,11,7
9918,0,7
9919,6,7
9920,5,7
9922,5,7
9924,10,7
9925,8,7
9928,8,7
9931,5,7
9932,4,7
9935,6,7
9936,6,7
9937,3,7
9938,11,7
9939,4,7
9942,11,7
9945,3,7
9951,4,7
9954,10,7
9955,6,7
9957,11,7
9961,5,7
9962,11,7
9965,8,7
9970,5,7
9975,8,7
9976,11,7
9977,3,7
9979,5,7
9980,8,7
9981,4,7
9983,3,7
9985,0,7
9986,11,7
9987,1,7
9988,11,7
9989,6,7
9991,11,7
9992,0,7
9994,0,7
9995,6,7
9996,4,7
9998,3,7
9999,6,7
10003,11,7
10005,11,7
10008,0,7
10009,2,7
10010,4,7
10012,6,7
10016,10,7
10018,8,7
10020,11,7
10021,11,7
10023,11,7
10025,0,7
10026,2,7
10028,6,7
10029,6,7
10032,0,7
10034,11,7
10035,4,7
10036,0,7
10039,11,7
10043,11,7
10045,2,7
10048,0,7
10049,0,7
10053,4,7
10054,6,7
10055,6,7
10056,6,7
10061,4,7
10062,0,7
10063,11,7
10064,1,7
10065,6,7
10074,5,7
10075,11,7
10077,8,7
10078,4,7
10080,1,7
10081,1,7
10083,4,7
10084,6,7
10085,11,7
10088,0,7
10089,0,7
10090,8,7
10092,0,7
10093,3,7
10094,4,7
10098,8,7
10099,0,7
10102,2,7
10105,10,7
10107,2,7
10113,0,7
10115,5,7
10116,0,7
10117,6,7
10118,11,7
10120,0,7
10121,11,7
10123,5,7
10124,1,7
10126,0,7
10127,0,7
10130,4,7
10132,6,7
10134,4,7
10137,5,7
10138,4,7
10139,5,7
10140,6,7
10141,4,7
10145,2,7
10147,1,7
10151,3,7
10152,5,7
10153,8,7
10154,5,7
10156,0,7
10157,4,7
10159,11,7
10161,1,7
10163,11,7
10164,3,7
10166,8,7
10169,4,7
10171,8,7
10172,11,7
10173,5,7
10174,11,7
10177,4,7
10179,11,7
10180,3,7
10182,0,7
10183,6,7
10186,1,7
10187,1,7
10189,3,7
10192,4,7
10193,1,7
10194,11,7
10199,11,7
10201,11,7
10202,5,7
10205,3,7
10206,4,7
10212,3,7
10213,5,7
10214,3,7
10215,4,7
10216,0,7
10218,4,7
10221,11,7
10228,0,7
10230,5,7
10232,0,7
10235,11,7
10238,3,7
10239,1,7
10240,4,7
10241,0,7
10242,3,7
10243,3,7
10253,3,7
10254,3,7
10255,4,7
10257,4,7
10259,0,7
10262,0,7
10268,0,7
10271,11,7
10276,4,7
10279,2,7
10280,1,7
10284,0,7
10288,8,7
10289,6,7
10290,4,7
10291,11,7
10294,0,7
10297,3,7
10299,4,7
10302,3,7
10303,0,7
10305,5,7
10307,11,7
10308,1,7
10309,4,7
10311,4,7
10312,3,7
10314,3,7
10317,11,7
10319,6,7
10324,1,7
10329,5,7
10330,6,7
10331,3,7
10332,11,7
10338,11,7
10340,5,7
10341,11,7
10342,3,7
10343,0,7
10344,4,7
10351,5,7
10353,3,7
10359,3,7
10361,4,7
10363,0,7
10365,0,7
10366,4,7
10369,5,7
10371,1,7
10374,3,7
10375,4,7
10380,0,7
10383,0,7
10392,1,7
10393,3,7
10394,1,7
10396,0,7
10398,6,7
10399,11,7
10403,3,7
10404,0,7
10405,0,7
10406,3,7
10407,3,7
10408,1,7
10409,3,7
10412,3,7
10414,3,7
10415,3,7
10417,5,7
10419,11,7
10421,10,7
10422,0,7
10424,8,7
10429,6,7
10430,10,7
10432,3,7
10434,10,7
10437,6,7
10438,2,7
10439,2,7
10440,6,7
10441,11,7
10443,3,7
10445,4,7
10448,9,7
10452,2,7
10453,4,7
10454,5,7
10457,4,7
10459,3,7
10460,0,7
10463,10,7
10464,3,7
10465,3,7
10469,8,7
10474,6,7
10475,4,7
10476,10,7
10477,3,7
10479,3,7
10483,1,7
10484,10,7
10493,8,7
10495,8,7
10496,8,7
10498,3,7
10499,0,7
10500,3,7
10501,11,7
10502,11,7
10504,1,7
10505,8,7
10506,8,7
10507,0,7
10508,8,7
10509,4,7
10512,8,7
10513,1,7
10520,6,7
10521,5,7
10524,10,7
10525,8,7
10527,8,7
10530,4,7
10531,1,7
10536,11,7
10538,11,7
10539,0,7
10540,3,7
10544,8,7
10548,0,7
10549,0,7
10550,5,7
10551,4,7
10552,3,7
10554,8,7
10560,10,7
10562,4,7
10563,3,7
10565,11,7
10566,5,7
10568,8,7
10569,3,7
10570,11,7
10571,1,7
10572,8,7
10573,0,7
10574,0,7
10575,8,7
10576,5,7
10577,8,7
10579,1,7
10580,5,7
10583,0,7
10585,10,7
10590,3,7
10591,11,7
10592,8,7
10593,11,7
10595,1,7
10597,8,7
10598,5,7
10600,11,7
10602,11,7
10604,1,7
10606,10,7
10608,5,7
10610,10,7
10611,8,7
10612,6,7
10614,6,7
10617,6,7
10618,8,7
10629,3,7
10630,8,7
10631,3,7
10632,9,7
10636,3,7
10639,1,7
10640,10,7
10641,10,7
10642,10,7
10643,11,7
10645,5,7
10646,4,7
10648,3,7
10649,8,7
10650,8,7
10653,10,7
10654,0,7
10656,6,7
10658,11,7
10659,3,7
10660,6,7
10661,10,7
10665,2,7
10666,0,7
10667,0,7
10668,4,7
10670,1,7
10671,7,7
10672,3,7
10673,3,7
10674,6,7
10675,5,7
10676,10,7
10678,10,7
10682,11,7
10684,11,7
10685,0,7
10688,1,7
10689,0,7
10690,10,7
10693,5,7
10694,5,7
10696,4,7
10697,6,7
10698,6,7
10700,5,7
10706,4,7
10708,5,7
10710,6,7
10713,5,7
10717,11,7
10720,0,7
10723,4,7
10724,0,7
10727,7,7
10730,1,7
10732,8,7
10733,11,7
10734,5,7
10735,6,7
10740,4,7
10741,5,7
10742,5,7
10743,6,7
10744,1,7
10746,6,7
10753,1,7
10755,6,7
10757,1,7
10758,11,7
10759,0,7
10761,0,7
10762,11,7
10765,5,7
10766,10,7
10767,11,7
10772,10,7
10774,3,7
10776,0,7
10777,4,7
10779,11,7
10783,6,7
10784,8,7
10787,4,7
10788,0,7
10791,0,7
10792,0,7
10793,3,7
10801,4,7
10802,1,7
10803,11,7
10804,1,7
10809,3,7
10810,0,7
10811,3,7
10812,1,7
10813,1,7
10815,1,7
10817,4,7
10820,11,7
10821,11,7
10823,0,7
10824,11,7
10825,8,7
10829,5,7
10831,5,7
10833,8,7
10835,6,7
10837,1,7
10838,6,7
10840,5,7
10841,0,7
10843,1,7
10848,6,7
10849,8,7
10850,11,7
10852,3,7
10853,3,7
10854,8,7
10855,8,7
10858,1,7
10859,11,7
10867,3,7
10869,8,7
10870,8,7
10871,0,7
10874,8,7
10876,8,7
10877,1,7
10880,5,7
10881,5,7
10882,11,7
10883,5,7
10885,1,7
10887,8,7
10888,5,7
10889,11,7
10893,6,7
10894,4,7
10897,8,7
10898,5,7
10899,6,7
10900,10,7
10901,6,7
10902,6,7
10903,11,7
10904,0,7
10905,6,7
10907,6,7
10912,5,7
10915,3,7
10917,5,7
10918,6,7
10919,6,7
10921,11,7
10923,10,7
10925,10,7
10926,6,7
10927,6,7
10930,5,7
10936,6,7
10941,5,7
10942,3,7
10945,1,7
10946,1,7
10947,4,7
10948,1,7
10949,1,7
10950,11,7
10953,8,7
10955,5,7
10958,0,7
10959,2,7
10961,3,7
10962,7,7
10963,4,7
10968,0,7
10969,8,7
10970,0,7
10972,1,7
10978,0,7
10979,11,7
10980,1,7
10981,8,7
10982,10,7
10984,0,7
10986,11,7
10989,1,7
10990,0,7
10992,5,7
10993,5,7
10996,6,7
10997,6,7
10999,6,7
11000,10,7
11003,1,7
11006,0,7
11008,6,7
11010,1,7
11011,7,7
11013,4,7
11014,0,7
11016,2,7
11019,0,7
11021,5,7
11024,10,7
11028,11,7
11030,6,7
11032,2,7
11035,0,7
11037,8,7
11038,3,7
11040,7,7
11041,2,7
11042,6,7
11043,2,7
11045,6,7
11047,0,7
11048,0,7
11050,8,7
11051,6,7
11052,0,7
11053,1,7
11056,0,7
11060,5,7
11061,3,7
11062,3,7
11065,3,7
11067,3,7
11069,3,7
11071,6,7
11072,3,7
11074,3,7
11076,3,7
11077,4,7
11078,0,7
11080,10,7
11081,6,7
11082,11,7
11083,4,7
11084,3,7
11086,2,7
11088,2,7
11089,5,7
11090,6,7
11092,3,7
11096,3,7
11097,4,7
11098,4,7
11099,8,7
11102,8,7
11103,10,7
11113,6,7
11114,4,7
11115,4,7
11118,8,7
11119,4,7
11121,0,7
11124,0,7
11125,10,7
11126,3,7
11128,2,7
11129,1,7
11131,0,7
11133,10,7
11134,10,7
11141,8,7
11142,0,7
11144,4,7
11145,3,7
11146,0,7
11147,8,7
11149,6,7
11150,3,7
11152,6,7
11153,8,7
11155,6,7
11159,8,7
11165,6,7
11168,6,7
11169,8,7
11172,5,7
11175,5,7
11177,6,7
11181,10,7
11186,3,7
11188,10,7
11189,1,7
11192,11,7
11193,0,7
11197,3,7
11199,11,7
11200,3,7
11201,0,7
11208,0,7
11209,4,7
11210,3,7
11212,10,7
11222,3,7
11224,5,7
11228,4,7
11234,8,7
11235,8,7
11236,8,7
11237,8,7
11239,8,7
11241,8,7
11245,0,7
11247,7,7
11248,11,7
11250,6,7
11253,4,7
11256,8,7
11257,0,7
11259,7,7
11261,0,7
11262,4,7
11265,3,7
11269,6,7
11270,8,7
11272,7,7
11275,1,7
11276,11,7
11280,3,7
11281,4,7
11285,5,7
11287,3,7
11288,5,7
11293,8,7
11295,3,7
11296,7,7
11298,11,7
11299,10,7
11306,5,7
11307,11,7
11310,11,7
11312,3,7
11313,3,7
11316,11,7
11317,3,7
11321,4,7
11327,8,7
11331,0,7
11335,5,7
11336,4,7
11337,3,7
11342,4,7
11343,4,7
11348,11,7
11359,3,7
11361,11,7
11362,3,7
11363,3,7
11364,6,7
11365,10,7
11368,3,7
11370,4,7
11371,5,7
11372,2,7
11373,5,7
11374,10,7
11375,5,7
11376,5,7
11378,4,7
11379,4,7
11380,6,7
11383,6,7
11384,8,7
11385,1,7
11386,3,7
11387,5,7
11392,8,7
11393,11,7
11396,6,7
11400,11,7
11401,8,7
11402,5,7
11404,3,7
11405,3,7
11407,9,7
11409,4,7
11413,1,7
11417,4,7
11418,8,7
11420,2,7
11421,6,7
11424,4,7
11425,8,7
11428,4,7
11429,11,7
11432,1,7
11435,6,7
11436,6,7
11445,5,7
11446,11,7
11449,1,7
11451,1,7
11453,1,7
11454,11,7
11455,1,7
11458,1,7
11459,2,7
11461,11,7
11464,4,7
11466,8,7
11468,6,7
11469,0,7
11471,3,7
11477,10,7
11478,9,7
11479,1,7
11482,9,7
11483,9,7
11484,8,7
11486,8,7
11487,6,7
11488,11,7
11490,0,7
11491,10,7
11493,2,7
11494,2,7
11495,3,7
11496,7,7
11497,1,7
11499,9,7
11500,1,7
11501,6,7
11504,8,7
11505,5,7
11507,6,7
11508,0,7
11511,11,7
11512,0,7
11514,3,7
11515,4,7
11518,7,7
11520,1,7
11521,0,7
11524,0,7
11525,1,7
11527,5,7
11529,6,7
11530,8,7
11533,11,7
11535,11,7
11538,8,7
11540,9,7
11541,5,7
11542,0,7
11546,3,7
11547,7,7
11548,10,7
11550,1,7
11553,4,7
11554,0,7
11557,3,7
11558,7,7
11562,4,7
11566,11,7
11567,8,7
11570,4,7
11572,6,7
11576,4,7
11578,7,7
11579,8,7
11581,4,7
11582,0,7
11583,11,7
11585,5,7
11587,0,7
11588,0,7
11589,8,7
11591,8,7
11594,11,7
11597,5,7
11599,6,7
11601,11,7
11604,5,7
11605,6,7
11607,5,7
11608,6,7
11610,0,7
11614,11,7
11615,0,7
11616,5,7
11617,1,7
11619,6,7
11622,6,7
11623,0,7
11625,1,7
11626,5,7
11627,1,7
11632,7,7
11633,6,7
11634,1,7
11636,3,7
11639,6,7
11642,5,7
11643,5,7
11644,5,7
11645,5,7
11647,5,7
11649,0,7
11650,5,7
11652,6,7
11657,4,7
11658,1,7
11659,8,7
11661,5,7
11665,4,7
11666,0,7
11667,8,7
11668,4,7
11670,5,7
11671,0,7
11673,5,7
11678,0,7
11680,10,7
11681,8,7
11685,8,7
11686,3,7
11687,7,7
11689,4,7
11691,10,7
11692,5,7
11699,4,7
11700,7,7
11701,11,7
11702,5,7
11705,3,7
11707,6,7
11708,6,7
11710,0,7
11711,0,7
11712,5,7
11713,8,7
11714,1,7
11716,1,7
11719,4,7
11720,7,7
11723,1,7
11724,8,7
11725,9,7
11727,6,7
11728,11,7
11729,3,7
11730,0,7
11732,3,7
11733,7,7
11734,4,7
11735,8,7
11737,5,7
11742,8,7
11744,7,7
11746,4,7
11747,6,7
11749,1,7
11750,3,7
11751,10,7
11753,11,7
11754,5,7
11756,8,7
11757,1,7
11758,1,7
11759,8,7
11761,11,7
11762,0,7
11763,10,7
11764,3,7
11765,3,7
11771,10,7
11773,8,7
11776,3,7
11777,3,7
11778,3,7
11779,8,7
11782,3,7
11784,11,7
11786,1,7
11787,8,7
11789,0,7
11790,0,7
11791,8,7
11792,8,7
11793,6,7
11794,8,7
11796,6,7
11798,0,7
11799,5,7
11800,1,7
11803,0,7
11806,6,7
11812,3,7
11813,11,7
11815,10,7
11816,11,7
11818,11,7
11820,8,7
11821,3,7
11822,10,7
11823,5,7
11824,1,7
11827,0,7
11832,6,7
11833,8,7
11834,1,7
11835,2,7
11836,2,7
11838,2,7
11839,8,7
11841,2,7
11846,4,7
11847,5,7
11848,5,7
11852,1,7
11854,1,7
11855,1,7
11856,6,7
11860,0,7
11861,0,7
11863,4,7
11866,3,7
11867,7,7
11868,0,7
11872,11,7
11873,6,7
11875,11,7
11876,1,7
11877,6,7
11878,11,7
11886,6,7
11887,0,7
11888,0,7
11890,11,7
11893,3,7
11894,2,7
11895,8,7
11896,11,7
11897,8,7
11898,0,7
11902,11,7
11903,11,7
11904,0,7
11906,2,7
11909,3,7
11910,2,7
11911,6,7
11912,8,7
11914,11,7
11915,8,7
11916,0,7
11919,8,7
11921,1,7
11922,4,7
11923,8,7
11925,11,7
11926,0,7
11927,0,7
11930,0,7
11931,4,7
11933,3,7
11934,7,7
11940,8,7
11941,3,7
11942,7,7
11943,0,7
11946,11,7
11947,1,7
11948,3,7
11949,1,7
11951,10,7
11956,1,7
11958,10,7
11959,0,7
11960,11,7
11961,11,7
11965,0,7
11966,0,7
11967,3,7
11968,7,7
11970,1,7
11972,2,7
11976,1,7
11977,0,7
11978,10,7
11979,0,7
11980,0,7
11982,8,7
11983,0,7
11985,7,7
11986,3,7
11987,5,7
11988,0,7
11993,10,7
11995,0,7
12000,2,7
12001,3,7
12004,8,7
12005,1,7
12007,0,7
12009,2,7
12019,10,7
12024,10,7
12030,0,7
12033,8,7
12035,7,7
12036,6,7
12037,1,7
12038,4,7
12040,0,7
12042,5,7
12044,11,7
12046,0,7
12047,0,7
12048,0,7
12049,0,7
12051,0,7
12052,3,7
12053,7,7
12060,5,7
12063,5,7
12064,5,7
12065,0,7
12066,8,7
12067,8,7
12070,5,7
12071,4,7
12073,1,7
12074,11,7
12075,3,7
12077,1,7
12078,8,7
12079,4,7
12080,1,7
12081,4,7
12082,0,7
12083,0,7
12085,10,7
12088,4,7
12090,1,7
12091,4,7
12102,1,7
12103,1,7
12106,10,7
12107,6,7
12110,6,7
12111,4,7
12114,4,7
12116,0,7
12119,3,7
12123,3,7
12125,7,7
12127,3,7
12131,4,7
12132,2,7
12136,3,7
12139,8,7
12140,8,7
12141,3,7
12142,7,7
12143,2,7
12144,10,7
12147,3,7
12148,3,7
12153,4,7
12154,0,7
12156,3,7
12159,3,7
12160,11,7
12162,3,7
12163,3,7
12165,3,7
12166,4,7
12169,2,7
12172,3,7
12173,4,7
12174,1,7
12176,8,7
12179,4,7
12181,4,7
12184,1,7
12186,11,7
12187,3,7
12189,6,7
12195,4,7
12200,2,7
12203,3,7
12212,2,7
12214,8,7
12215,8,7
12216,1,7
12222,8,7
12223,11,7
12225,0,7
12229,11,7
12233,3,7
12234,6,7
12235,6,7
12238,4,7
12240,6,7
12241,3,7
12243,5,7
12244,8,7
12246,5,7
12248,11,7
12250,8,7
12252,0,7
12255,8,7
12256,8,7
12257,1,7
12258,1,7
12260,1,7
12261,1,7
12262,11,7
12263,1,7
12265,0,7
12266,8,7
12267,1,7
12269,1,7
12273,6,7
12274,0,7
12275,3,7
12276,11,7
12277,8,7
12278,5,7
12282,0,7
12283,2,7
12284,11,7
12285,0,7
12290,4,7
12293,0,7
12294,11,7
12295,1,7
12296,1,7
12298,10,7
12301,5,7
12302,5,7
12307,10,7
12308,0,7
12309,11,7
12310,3,7
12311,8,7
12312,1,7
12314,10,7
12316,4,7
12319,2,7
12320,4,7
12321,2,7
12322,2,7
12325,0,7
12327,11,7
12330,4,7
12331,10,7
12334,11,7
12335,5,7
12339,6,7
12341,6,7
12345,1,7
12346,5,7
12347,10,7
12348,5,7
12351,3,7
12353,0,7
12354,11,7
12355,6,7
12357,3,7
12358,3,7
12362,4,7
12364,3,7
12367,0,7
12368,5,7
12371,0,7
12373,11,7
12375,10,7
12376,0,7
12378,11,7
12381,2,7
12382,2,7
12383,2,7
12385,4,7
12386,2,7
12387,4,7
12388,3,7
12389,0,7
12393,4,7
12395,1,7
12396,6,7
12399,10,7
12400,0,7
12401,6,7
12403,10,7
12406,2,7
12407,2,7
12408,10,7
12409,6,7
12414,2,7
12418,2,7
12421,2,7
12422,2,7
12423,0,7
12424,10,7
12426,3,7
12428,8,7
12429,3,7
12430,7,7
12431,11,7
12432,5,7
12433,10,7
12435,11,7
12436,0,7
12439,6,7
12440,5,7
12443,1,7
12445,1,7
12447,10,7
12448,2,7
12450,2,7
12452,2,7
12455,2,7
12456,2,7
12457,10,7
12462,10,7
12465,0,7
12469,2,7
12471,3,7
12472,0,7
12474,3,7
12475,3,7
12476,1,7
12477,1,7
12478,11,7
12479,1,7
12480,6,7
12481,2,7
12482,2,7
12484,0,7
12486,0,7
12487,4,7
12488,10,7
12489,11,7
12490,4,7
12492,2,7
12495,2,7
12496,2,7
12498,2,7
12499,4,7
12503,10,7
12504,4,7
12506,5,7
12508,4,7
12510,11,7
12511,2,7
12514,10,7
12518,0,7
12520,10,7
12522,3,7
12523,0,7
12524,4,7
12526,4,7
12527,0,7
12528,0,7
12529,2,7
12530,2,7
12532,11,7
12533,11,7
12535,11,7
12539,6,7
12541,8,7
12542,2,7
12543,1,7
12544,1,7
12545,3,7
12547,8,7
12548,5,7
12551,3,7
12553,10,7
12555,3,7
12557,5,7
12558,2,7
12560,1,7
12562,9,7
12566,0,7
12570,11,7
12574,10,7
12575,2,7
12576,0,7
12577,0,7
12579,3,7
12580,10,7
12581,8,7
12582,3,7
12584,4,7
12585,8,7
12586,2,7
12590,3,7
12592,6,7
12593,0,7
12594,0,7
12596,10,7
12597,8,7
12599,6,7
12600,6,7
12601,0,7
12603,8,7
12604,0,7
12606,1,7
12608,10,7
12610,3,7
12611,0,7
12613,0,7
12616,0,7
12617,0,7
12618,0,7
12619,11,7
12621,0,7
12622,10,7
12623,3,7
12627,5,7
12628,1,7
12630,8,7
12633,2,7
12634,4,7
12635,2,7
12639,8,7
12640,0,7
12641,0,7
12642,0,7
12643,2,7
12645,10,7
12646,0,7
12649,3,7
12650,8,7
12652,8,7
12653,5,7
12655,11,7
12656,8,7
12658,0,7
12659,3,7
12662,8,7
12667,3,7
12668,6,7
12670,0,7
12672,0,7
12677,8,7
12678,6,7
12680,11,7
12681,3,7
12682,11,7
12684,2,7
12687,6,7
12689,0,7
12690,6,7
12691,0,7
12692,0,7
12694,4,7
12695,10,7
12701,8,7
12702,8,7
12707,6,7
12708,3,7
12709,4,7
12711,8,7
12714,0,7
12717,2,7
12718,8,7
12723,8,7
12724,10,7
12725,5,7
12727,0,7
12728,3,7
12731,8,7
12732,6,7
12733,6,7
12734,0,7
12739,6,7
12743,0,7
12745,0,7
12749,8,7
12750,3,7
12751,4,7
12752,0,7
12753,2,7
12757,6,7
12758,6,7
12760,1,7
12761,6,7
12769,6,7
12772,0,7
12774,11,7
12775,0,7
12779,3,7
12783,0,7
12784,8,7
12786,2,7
12788,1,7
12789,8,7
12790,5,7
12791,5,7
12792,6,7
12794,0,7
12796,3,7
12797,11,7
12799,8,7
12800,8,7
12801,2,7
12802,8,7
12804,0,7
12806,3,7
12807,6,7
12808,10,7
12811,1,7
12814,8,7
12820,6,7
12824,0,7
12825,10,7
12826,1,7
12827,11,7
12829,0,7
12830,0,7
12831,6,7
12837,8,7
12840,0,7
12844,0,7
12845,6,7
12847,3,7
12848,0,7
12852,2,7
12853,0,7
12858,8,7
12862,0,7
12868,0,7
12871,0,7
12878,0,7
12883,4,7
12885,8,7
12887,0,7
12889,0,7
12890,4,7
12892,11,7
12894,3,7
12895,4,7
12896,5,7
12897,8,7
12898,5,7
12899,6,7
12900,2,7
12902,8,7
12908,4,7
12909,5,7
12912,4,7
12913,1,7
12925,1,7
12928,11,7
12931,10,7
12932,11,7
12933,4,7
12934,0,7
12936,3,7
12942,0,7
12944,0,7
12945,4,7
12946,0,7
12948,0,7
12950,0,7
12951,2,7
12954,4,7
12955,0,7
12956,3,7
12957,0,7
12958,0,7
12959,0,7
12961,5,7
12962,5,7
12964,5,7
12966,0,7
12967,8,7
12969,5,7
12970,4,7
12972,0,7
12977,5,7
12978,5,7
12981,0,7
12982,0,7
12983,8,7
12986,3,7
12990,4,7
12993,0,7
12994,0,7
12995,0,7
12997,4,7
12998,3,7
13001,1,7
13002,6,7
13004,3,7
13005,8,7
13006,0,7
13007,8,7
13009,0,7
13010,1,7
13013,8,7
13017,11,7
13019,5,7
13022,0,7
13023,0,7
13024,3,7
13027,1,7
13032,0,7
13033,7,7
13036,10,7
13037,10,7
13038,4,7
13039,0,7
13041,0,7
13043,0,7
13044,7,7
13047,5,7
13048,8,7
13051,3,7
13053,0,7
13055,0,7
13058,0,7
13067,0,7
13069,0,7
13072,4,7
13073,0,7
13075,0,7
13076,0,7
13077,11,7
13080,6,7
13081,6,7
13082,11,7
13083,0,7
13085,0,7
13086,0,7
13087,11,7
13089,1,7
13090,0,7
13093,3,7
13094,6,7
13098,11,7
13099,3,7
13108,3,7
13109,4,7
13110,0,7
13113,10,7
13114,2,7
13119,5,7
13121,3,7
13122,10,7
13124,0,7
13125,0,7
13126,1,7
13129,0,7
13130,0,7
13131,3,7
13132,1,7
13134,8,7
13135,6,7
13136,0,7
13137,8,7
13141,1,7
13143,0,7
13145,0,7
13147,0,7
13148,1,7
13150,0,7
13151,1,7
13152,6,7
13154,0,7
13158,6,7
13159,5,7
13164,0,7
13165,0,7
13166,8,7
13168,0,7
13171,5,7
13175,11,7
13178,6,7
13179,6,7
13183,6,7
13184,5,7
13187,1,7
13190,2,7
13191,10,7
13195,1,7
13197,10,7
13198,1,7
13202,10,7
13203,10,7
13205,4,7
13206,11,7
13207,5,7
13208,5,7
13211,3,7
13212,1,7
13215,4,7
13216,3,7
13221,5,7
13228,0,7
13232,0,7
13235,3,7
13238,1,7
13240,6,7
13242,0,7
13244,6,7
13245,6,7
13247,2,7
13249,8,7
13250,6,7
13252,6,7
13253,4,7
13254,10,7
13257,6,7
13258,6,7
13260,2,7
13263,8,7
13267,6,7
13270,6,7
13274,8,7
13278,6,7
13279,4,7
13282,7,7
13287,0,7
13289,11,7
13290,4,7
13291,11,7
13294,1,7
13295,10,7
13296,3,7
13297,5,7
13301,6,7
13304,10,7
13308,9,7
13309,0,7
13312,0,7
13314,6,7
13316,8,7
13318,0,7
13320,11,7
13321,0,7
13323,0,7
13325,3,7
13326,10,7
13327,1,7
13330,3,7
13337,5,7
13340,1,7
13342,0,7
13343,0,7
13344,0,7
13345,3,7
13352,4,7
13355,11,7
13358,6,7
13359,5,7
13361,10,7
13363,6,7
13364,1,7
13367,6,7
13370,6,7
13371,1,7
13373,2,7
13375,0,7
13378,8,7
13379,3,7
13380,2,7
13387,3,7
13388,7,7
13389,4,7
13391,10,7
13393,0,7
13396,4,7
13398,4,7
13399,10,7
13400,1,7
13401,1,7
13402,10,7
13404,1,7
13407,3,7
13408,3,7
13411,10,7
13413,0,7
13415,7,7
13420,1,7
13422,3,7
13424,10,7
13425,6,7
13426,1,7
13431,1,7
13433,11,7
13434,1,7
13436,3,7
13437,11,7
13438,2,7
13439,0,7
13441,7,7
13442,10,7
13443,4,7
13446,4,7
13447,11,7
13451,4,7
13452,4,7
13458,3,7
13459,7,7
13461,11,7
13464,4,7
13465,6,7
13466,0,7
13468,3,7
13469,7,7
13471,6,7
13474,2,7
13476,8,7
13477,1,7
13479,2,7
13480,6,7
13481,5,7
13482,0,7
13484,4,7
13486,6,7
13491,8,7
13492,5,7
13495,0,7
13497,0,7
13498,5,7
13504,6,7
13505,10,7
13506,0,7
13509,3,7
13511,11,7
13512,3,7
13516,1,7
13517,1,7
13519,1,7
13521,4,7
13523,5,7
13524,1,7
13525,10,7
13526,11,7
13529,4,7
13530,6,7
13534,1,7
13535,3,7
13540,10,7
13542,1,7
13547,1,7
13548,11,7
13551,4,7
13552,4,7
13556,0,7
13557,0,7
13558,3,7
13559,4,7
13560,11,7
13561,10,7
13563,1,7
13564,3,7
13567,4,7
13568,5,7
13572,4,7
13575,4,7
13577,4,7
13579,10,7
13581,3,7
13585,11,7
13586,4,7
13588,11,7
13592,11,7
13593,6,7
13596,1,7
13597,1,7
13599,11,7
13600,1,7
13605,10,7
13609,1,7
13611,0,7
13614,3,7
13618,3,7
13619,0,7
13620,6,7
13622,6,7
13623,6,7
13624,5,7
13625,6,7
13626,1,7
13630,6,7
13631,10,7
13634,4,7
13636,1,7
13641,1,7
13642,1,7
13643,2,7
13644,10,7
13645,0,7
13647,6,7
13649,4,7
13650,4,7
13651,5,7
13653,1,7
13655,8,7
13658,6,7
13659,0,7
13661,9,7
13662,4,7
13664,0,7
13667,6,7
13670,8,7
13671,6,7
13674,6,7
13675,6,7
13676,0,7
13678,8,7
13681,3,7
13683,0,7
13684,1,7
13685,1,7
13688,6,7
13694,8,7
13695,5,7
13697,6,7
13701,6,7
13702,1,7
13705,8,7
13709,1,7
13710,11,7
13711,1,7
13712,10,7
13715,1,7
13716,6,7
13717,4,7
13719,8,7
13721,0,7
13722,8,7
13723,1,7
13724,11,7
13726,8,7
13734,8,7
13735,0,7
13737,0,7
13738,0,7
13741,4,7
13742,1,7
13744,8,7
13745,8,7
13748,10,7
13751,8,7
13752,8,7
13756,1,7
13757,6,7
13759,6,7
13765,11,7
13768,1,7
13770,8,7
13773,6,7
13774,11,7
13775,1,7
13778,1,7
13779,5,7
13781,8,7
13787,4,7
13788,4,7
13791,4,7
13793,0,7
13797,4,7
13799,5,7
13800,11,7
13801,4,7
13802,6,7
13804,0,7
13809,10,7
13810,2,7
13811,10,7
13812,6,7
13813,6,7
13814,6,7
13815,10,7
13816,10,7
13817,0,7
13818,10,7
13819,9,7
13821,6,7
13822,6,7
13824,4,7
13826,4,7
13828,0,7
13835,0,7
13836,10,7
13838,8,7
13839,8,7
13840,5,7
13842,7,7
13845,1,7
13848,8,7
13852,10,7
13853,6,7
13856,6,7
13858,3,7
13863,0,7
13864,3,7
13865,5,7
13868,8,7
13873,1,7
13876,1,7
13879,4,7
13881,0,7
13883,4,7
13884,11,7
13888,4,7
13889,8,7
13892,2,7
13895,8,7
13896,11,7
13897,5,7
13899,11,7
13902,4,7
13903,11,7
13904,3,7
13905,4,7
13906,0,7
13911,3,7
13912,1,7
13914,5,7
13915,6,7
13922,5,7
13923,5,7
13924,1,7
13925,4,7
13927,5,7
13928,5,7
13929,11,7
13930,11,7
13931,4,7
13932,4,7
13933,10,7
13935,0,7
13938,5,7
13939,6,7
13940,6,7
13941,5,7
13942,0,7
13943,0,7
13945,7,7
13946,5,7
13948,10,7
13949,11,7
13951,5,7
13953,5,7
13954,0,7
13955,0,7
13956,3,7
13957,0,7
13958,3,7
13959,5,7
13961,5,7
13962,8,7
13964,1,7
13966,5,7
13968,0,7
13969,4,7
13970,0,7
13972,7,7
13973,5,7
13974,10,7
13976,11,7
13977,1,7
13980,1,7
13981,9,7
13983,11,7
13992,0,7
13993,11,7
13995,6,7
14000,1,7
14001,6,7
14004,11,7
14005,6,7
14006,6,7
14007,6,7
14009,3,7
14010,4,7
14013,3,7
14014,6,7
14018,0,7
14019,10,7
14023,6,7
14025,6,7
14029,3,7
14032,6,7
14033,5,7
14034,4,7
14036,3,7
14038,4,7
14041,5,7
14042,6,7
14043,6,7
14044,6,7
14046,6,7
14047,5,7
14049,11,7
14050,2,7
14051,4,7
14054,4,7
14061,6,7
14062,4,7
14064,1,7
14069,8,7
14070,8,7
14074,6,7
14076,3,7
14077,4,7
14081,1,7
14083,1,7
14084,6,7
14085,8,7
14086,6,7
14087,10,7
14090,1,7
14091,10,7
14094,1,7
14095,10,7
14097,8,7
14098,8,7
14104,3,7
14106,5,7
14107,8,7
14108,8,7
14109,8,7
14111,11,7
14112,11,7
14113,3,7
14114,6,7
14115,3,7
14117,3,7
14119,3,7
14120,9,7
14121,5,7
14124,6,7
14127,3,7
14128,1,7
14129,4,7
14131,10,7
14132,8,7
14136,8,7
14137,3,7
14139,2,7
14140,1,7
14142,3,7
14144,2,7
14145,3,7
14146,3,7
14148,7,7
14149,3,7
14151,2,7
14152,1,7
14154,11,7
14157,3,7
14158,2,7
14159,0,7
14161,6,7
14162,4,7
14164,7,7
14165,1,7
14167,3,7
14168,5,7
14169,6,7
14170,10,7
14173,11,7
14174,1,7
14180,3,7
14181,10,7
14182,11,7
14183,10,7
14185,3,7
14187,3,7
14188,0,7
14189,10,7
14192,3,7
14194,3,7
14195,3,7
14196,11,7
14200,3,7
14204,1,7
14208,3,7
14212,0,7
14215,1,7
14217,4,7
14218,4,7
14222,0,7
14224,4,7
14225,11,7
14228,4,7
14229,0,7
14230,2,7
14231,3,7
14233,2,7
14236,2,7
14237,8,7
14238,8,7
14240,11,7
14241,4,7
14243,0,7
14246,5,7
14247,11,7
14252,6,7
14253,3,7
14254,6,7
14258,3,7
14259,0,7
14261,2,7
14264,8,7
14267,10,7
14268,10,7
14273,6,7
14275,6,7
14276,6,7
14277,6,7
14278,6,7
14283,6,7
14286,8,7
14290,8,7
14293,5,7
14294,1,7
14295,3,7
14296,11,7
14297,4,7
14298,10,7
14300,6,7
14301,3,7
14302,11,7
14303,1,7
14304,3,7
14305,1,7
14310,10,7
14311,5,7
14313,10,7
14314,3,7
14315,11,7
14317,6,7
14320,8,7
14321,5,7
14326,10,7
14329,10,7
14330,11,7
14336,1,7
14338,11,7
14339,11,7
14340,8,7
14343,3,7
14344,3,7
14346,11,7
14347,3,7
14348,1,7
14354,3,7
14355,6,7
14359,8,7
14360,1,7
14361,4,7
14363,11,7
14364,2,7
14365,10,7
14366,10,7
14369,1,7
14370,1,7
14375,8,7
14377,8,7
14381,10,7
14383,3,7
14384,3,7
14386,3,7
14391,6,7
14392,11,7
14394,5,7
14395,3,7
14398,10,7
14399,8,7
14401,6,7
14402,10,7
14405,6,7
14406,1,7
14408,0,7
14409,3,7
14411,0,7
14415,1,7
14416,1,7
14419,8,7
14420,1,7
14421,11,7
14422,8,7
14423,8,7
14424,8,7
14427,8,7
14430,11,7
14431,8,7
14435,3,7
14437,0,7
14438,0,7
14441,4,7
14442,0,7
14445,7,7
14446,8,7
14447,1,7
14448,11,7
14452,1,7
14455,1,7
14458,5,7
14459,6,7
14461,11,7
14463,10,7
14467,8,7
14468,11,7
14471,1,7
14473,0,7
14474,6,7
14475,4,7
14477,11,7
14479,1,7
14483,1,7
14485,8,7
14486,5,7
14487,2,7
14488,4,7
14490,3,7
14491,7,7
14492,0,7
14493,1,7
14494,8,7
14495,11,7
14496,4,7
14499,0,7
14500,1,7
14502,10,7
14503,8,7
14504,3,7
14510,4,7
14511,4,7
14512,10,7
14513,1,7
14514,1,7
14516,3,7
14518,3,7
14519,11,7
14521,1,7
14522,11,7
14523,4,7
14524,1,7
14527,8,7
14528,0,7
14529,10,7
14531,5,7
14534,8,7
14535,3,7
14536,7,7
14541,11,7
14543,8,7
14544,0,7
14545,8,7
14552,10,7
14554,3,7
14555,4,7
14556,8,7
14561,0,7
14562,11,7
14564,6,7
14565,3,7
14569,11,7
14572,1,7
14573,11,7
14575,3,7
14576,3,7
14579,0,7
14583,8,7
14592,11,7
14593,1,7
14594,4,7
14595,5,7
14599,1,7
14600,1,7
14603,0,7
14604,10,7
14606,6,7
14607,1,7
14608,11,7
14609,4,7
14611,0,7
14613,5,7
14614,6,7
14615,11,7
14617,3,7
14619,0,7
14622,1,7
14623,8,7
14624,11,7
14625,10,7
14630,11,7
14634,8,7
14636,0,7
14637,1,7
14638,0,7
14640,11,7
14643,1,7
14644,6,7
14649,10,7
14651,2,7
14653,1,7
14654,6,7
14655,6,7
14657,3,7
14660,0,7
14663,10,7
14664,11,7
14667,3,7
14668,4,7
14670,0,7
14672,0,7
14673,11,7
14675,5,7
14680,11,7
14682,4,7
14689,3,7
14696,1,7
14697,10,7
14701,4,7
14704,5,7
14707,11,7
14710,8,7
14711,10,7
14712,10,7
14713,0,7
14717,6,7
14720,10,7
14721,11,7
14723,11,7
14724,4,7
14726,2,7
14727,5,7
14729,11,7
14730,3,7
14731,11,7
14733,4,7
14734,5,7
14736,8,7
14737,3,7
14740,3,7
14741,6,7
14752,11,7
14753,3,7
14755,4,7
14757,4,7
14759,6,7
14762,11,7
14763,3,7
14766,10,7
14767,11,7
14768,6,7
14769,11,7
14771,0,7
14773,1,7
14775,5,7
14777,4,7
14778,1,7
14784,8,7
14785,11,7
14790,3,7
14791,4,7
14792,4,7
14793,0,7
14796,1,7
14797,3,7
14798,3,7
14801,1,7
14804,5,7
14805,6,7
14806,6,7
14808,1,7
14809,1,7
14811,6,7
14813,4,7
14815,1,7
14816,6,7
14818,8,7
14820,11,7
14824,6,7
14825,6,7
14827,4,7
14829,0,7
14830,11,7
14831,3,7
14832,1,7
14839,8,7
14841,8,7
14844,6,7
14845,6,7
14846,5,7
14848,10,7
14850,0,7
14851,1,7
14854,8,7
14856,0,7
14857,5,7
14858,5,7
14861,0,7
14863,2,7
14865,5,7
14868,1,7
14869,8,7
14871,5,7
14872,8,7
14875,1,7
14879,8,7
14881,8,7
14882,8,7
14883,6,7
14884,6,7
14885,6,7
14886,6,7
14888,6,7
14889,9,7
14893,6,7
14894,9,7
14895,1,7
14896,1,7
14899,0,7
14900,6,7
14902,0,7
14904,8,7
14906,5,7
14910,0,7
14911,0,7
14912,3,7
14913,6,7
14916,6,7
14917,6,7
14918,6,7
14920,10,7
14921,5,7
14926,2,7
14930,4,7
14933,4,7
14934,2,7
14936,5,7
14938,2,7
14942,2,7
14943,2,7
14944,2,7
14945,2,7
14946,2,7
14948,2,7
14949,2,7
14951,2,7
14952,0,7
14956,1,7
14957,10,7
14958,8,7
14960,11,7
14964,0,7
14965,8,7
14966,6,7
14967,0,7
14968,0,7
14969,6,7
14972,4,7
14976,0,7
14980,0,7
14981,2,7
14982,3,7
14983,7,7
14984,10,7
14986,10,7
14993,4,7
14994,3,7
14996,9,7
14998,0,7
15000,0,7
15001,0,7
15002,7,7
15004,6,7
15005,9,7
15006,3,7
15010,0,7
15012,3,7
15013,7,7
15016,8,7
15017,6,7
15019,8,7
15022,1,7
15023,1,7
15024,4,7
15026,1,7
15028,9,7
15030,3,7
15033,1,7
15035,4,7
15039,0,7
15041,3,7
15042,7,7
15044,6,7
15045,6,7
15047,4,7
15054,3,7
15056,8,7
15057,1,7
15061,8,7
15062,0,7
15067,5,7
15069,8,7
15071,8,7
15074,7,7
15075,0,7
15081,8,7
15083,1,7
15084,10,7
15085,11,7
15087,0,7
15093,1,7
15099,8,7
15101,4,7
15102,0,7
15108,8,7
15110,2,7
15112,3,7
15113,10,7
15114,3,7
15117,4,7
15118,4,7
15119,3,7
15122,3,7
15124,3,7
15125,3,7
15127,3,7
15129,3,7
15130,3,7
15131,3,7
15132,3,7
15134,11,7
15135,3,7
15137,3,7
15138,3,7
15139,5,7
15142,4,7
15143,3,7
15145,3,7
15146,11,7
15147,3,7
15148,10,7
15149,3,7
15152,3,7
15153,3,7
15155,3,7
15156,1,7
15157,11,7
15159,4,7
15163,2,7
15165,6,7
15170,11,7
15172,11,7
15176,3,7
15177,0,7
15179,0,7
15181,10,7
15182,10,7
15183,3,7
15184,8,7
15186,6,7
15189,8,7
15190,11,7
15191,5,7
15192,5,7
15194,6,7
15196,5,7
15197,6,7
15199,10,7
15200,4,7
15204,3,7
15206,6,7
15207,6,7
15208,6,7
15214,3,7
15215,7,7
15217,8,7
15219,8,7
15222,11,7
15226,1,7
15230,4,7
15235,4,7
15236,0,7
15237,2,7
15241,8,7
15242,4,7
15243,3,7
15244,4,7
15247,0,7
15249,10,7
15252,3,7
15253,4,7
15255,3,7
15257,8,7
15260,1,7
15262,10,7
15267,10,7
15268,3,7
15269,7,7
15272,8,7
15273,8,7
15274,4,7
15275,1,7
15276,4,7
15277,8,7
15278,3,7
15279,0,7
15280,0,7
15281,3,7
15283,3,7
15284,6,7
15286,4,7
15287,8,7
15288,5,7
15291,1,7
15292,11,7
15294,4,7
15296,8,7
15301,3,7
15302,4,7
15308,8,7
15310,8,7
15312,5,7
15315,6,7
15318,10,7
15320,5,7
15321,4,7
15323,2,7
15325,10,7
15331,1,7
15333,10,7
15334,10,7
15337,9,7
15340,1,7
15341,2,7
15342,0,7
15343,5,7
15346,1,7
15347,6,7
15348,4,7
15351,10,7
15354,5,7
15355,1,7
15356,1,7
15359,11,7
15363,11,7
15364,5,7
15365,10,7
15368,3,7
15370,11,7
15371,0,7
15374,1,7
15377,6,7
15381,0,7
15382,4,7
15384,10,7
15387,7,7
15388,2,7
15391,4,7
15392,5,7
15393,0,7
15394,3,7
15397,5,7
15399,11,7
15403,10,7
15404,3,7
15410,11,7
15415,10,7
15420,10,7
15423,10,7
15424,8,7
15425,11,7
15429,6,7
15433,2,7
15435,3,7
15440,10,7
15441,6,7
15442,6,7
15443,8,7
15444,1,7
15446,1,7
15447,10,7
15448,1,7
15450,6,7
15460,6,7
15462,10,7
15463,6,7
15464,11,7
15465,6,7
15466,8,7
15469,1,7
15470,3,7
15471,6,7
15472,2,7
15474,0,7
15476,2,7
15477,3,7
15478,0,7
15480,2,7
15482,11,7
15483,10,7
15484,1,7
15486,0,7
15488,10,7
15490,1,7
15492,10,7
15495,11,7
15496,8,7
15497,2,7
15499,0,7
15501,7,7
15502,3,7
15506,10,7
15509,3,7
15513,6,7
15514,1,7
15517,3,7
15518,2,7
15519,6,7
15520,0,7
15521,0,7
15525,7,7
15527,0,7
15528,10,7
15530,1,7
15531,11,7
15532,8,7
15533,0,7
15536,5,7
15537,10,7
15538,8,7
15539,10,7
15541,1,7
15543,10,7
15545,4,7
15547,1,7
15548,1,7
15550,11,7
15551,6,7
15557,10,7
15560,4,7
15561,8,7
15562,4,7
15564,1,7
15570,8,7
15571,5,7
15572,8,7
15575,10,7
15576,2,7
15578,0,7
15579,6,7
15580,3,7
15585,1,7
15587,1,7
15593,4,7
15595,2,7
15597,0,7
15598,2,7
15599,8,7
15602,6,7
15603,0,7
15606,5,7
15607,11,7
15608,11,7
15610,5,7
15612,6,7
15613,8,7
15614,6,7
15617,0,7
15618,3,7
15621,6,7
15623,6,7
15625,11,7
15626,5,7
15632,8,7
15633,3,7
15635,8,7
15639,4,7
15644,3,7
15647,2,7
15651,8,7
15654,6,7
15655,6,7
15662,3,7
15663,3,7
15664,11,7
15666,3,7
15669,8,7
15671,8,7
15672,11,7
15673,6,7
15677,0,7
15678,0,7
15679,11,7
15680,3,7
15681,8,7
15682,1,7
15683,4,7
15686,4,7
15687,8,7
15691,11,7
15692,11,7
15693,11,7
15694,4,7
15695,0,7
15697,3,7
15699,8,7
15702,0,7
15703,6,7
15709,3,7
15710,11,7
15711,0,7
15713,11,7
15714,0,7
15715,6,7
15717,1,7
15719,6,7
15720,6,7
15721,6,7
15722,6,7
15723,4,7
15724,6,7
15725,6,7
15726,6,7
15727,6,7
15731,6,7
15736,1,7
15741,11,7
15742,6,7
15743,10,7
15744,6,7
15745,6,7
15746,6,7
15750,6,7
15752,1,7
15753,6,7
15755,6,7
15756,6,7
15757,5,7
15759,6,7
15760,6,7
15761,11,7
15763,6,7
15766,1,7
15767,6,7
15769,6,7
15774,6,7
15776,9,7
15777,1,7
15780,1,7
15781,1,7
15785,3,7
15786,11,7
15790,1,7
15794,0,7
15796,1,7
15798,8,7
15799,10,7
15803,6,7
15806,6,7
15807,6,7
15808,6,7
15809,6,7
15811,6,7
15812,6,7
15814,6,7
15815,6,7
15818,6,7
15820,6,7
15821,6,7
15822,6,7
15824,6,7
15825,6,7
15826,6,7
15827,6,7
15832,1,7
15833,1,7
15835,11,7
15837,10,7
15838,8,7
15841,8,7
15842,11,7
15844,10,7
15845,0,7
15849,1,7
15851,5,7
15854,1,7
15856,3,7
15862,11,7
15864,3,7
15865,11,7
15866,11,7
15869,0,7
15871,11,7
15872,10,7
15875,8,7
15878,5,7
15879,5,7
15880,6,7
15881,8,7
15883,6,7
15884,8,7
15885,8,7
15886,6,7
15887,1,7
15888,10,7
15889,10,7
15891,11,7
15894,1,7
15895,11,7
15897,5,7
15898,6,7
15901,6,7
15902,8,7
15906,6,7
15910,6,7
15911,8,7
15912,6,7
15913,6,7
15914,6,7
15918,11,7
15919,8,7
15922,10,7
15923,11,7
15924,10,7
15927,6,7
15936,8,7
15937,6,7
15938,6,7
15939,11,7
15940,11,7
15943,1,7
15944,8,7
15949,1,7
15951,1,7
15959,10,7
15961,2,7
15962,2,7
15965,0,7
15966,7,7
15967,1,7
15968,8,7
15969,9,7
15974,1,7
15975,10,7
15976,1,7
15978,8,7
15982,11,7
15983,1,7
15985,8,7
15988,10,7
15990,0,7
15991,11,7
15992,3,7
15996,11,7
15998,6,7
15999,6,7
16001,0,7
16002,1,7
16005,6,7
16008,1,7
16009,1,7
16013,1,7
16015,2,7
16016,6,7
16018,6,7
16019,2,7
16021,6,7
16022,6,7
16024,6,7
16028,8,7
16030,3,7
16033,6,7
16034,2,7
16038,10,7
16039,6,7
16042,6,7
16045,10,7
16046,0,7
16047,0,7
16048,0,7
16050,0,7
16051,6,7
16053,6,7
16054,6,7
16055,0,7
16060,0,7
16062,0,7
16063,0,7
16064,3,7
16068,0,7
16069,0,7
16070,0,7
16071,4,7
16072,6,7
16073,1,7
16074,4,7
16078,5,7
16079,6,7
16081,6,7
16083,8,7
16084,11,7
16085,11,7
16089,8,7
16093,0,7
16094,1,7
16095,4,7
16096,6,7
16097,4,7
16098,2,7
16100,3,7
16106,2,7
16107,4,7
16109,3,7
16111,2,7
16112,8,7
16113,0,7
16114,4,7
16115,3,7
16117,7,7
16123,4,7
16125,11,7
16126,0,7
16129,4,7
16130,11,7
16131,3,7
16132,11,7
16133,11,7
16136,3,7
16137,11,7
16141,11,7
16144,3,7
16152,2,7
16153,11,7
16156,3,7
16159,2,7
16160,4,7
16162,4,7
16164,2,7
16165,2,7
16166,2,7
16168,6,7
16170,4,7
16171,11,7
16172,2,7
16174,1,7
16177,11,7
16180,1,7
16183,10,7
16187,1,7
16188,11,7
16189,11,7
16194,10,7
16195,1,7
16196,11,7
16200,11,7
16203,11,7
16207,11,7
16210,3,7
16213,0,7
16215,0,7
16221,6,7
16222,6,7
16223,1,7
16224,6,7
16227,2,7
16229,0,7
16230,11,7
16231,0,7
16233,4,7
16234,0,7
16235,3,7
16240,0,7
16242,3,7
16243,4,7
16244,3,7
16245,0,7
16247,0,7
16248,3,7
16249,8,7
16251,3,7
16252,0,7
16253,10,7
16261,0,7
16264,4,7
16266,3,7
16269,0,7
16271,6,7
16273,0,7
16274,0,7
16275,2,7
16276,3,7
16278,2,7
16280,10,7
16284,10,7
16286,0,7
16287,0,7
16290,11,7
16293,4,7
16295,1,7
16299,1,7
16300,8,7
16301,11,7
16302,5,7
16305,0,7
16307,3,7
16310,10,7
16311,1,7
16314,10,7
16316,11,7
16317,11,7
16319,4,7
16320,0,7
16323,1,7
16324,0,7
16326,3,7
16327,7,7
16329,10,7
16330,3,7
16331,10,7
16332,10,7
16334,10,7
16336,10,7
16337,0,7
16338,0,7
16339,8,7
16340,0,7
16341,11,7
16342,10,7
16343,6,7
16344,1,7
16345,1,7
16346,1,7
16348,0,7
16349,0,7
16353,2,7
16354,3,7
16355,7,7
16356,9,7
16357,8,7
16358,9,7
16361,11,7
16366,8,7
16367,3,7
16368,3,7
16369,8,7
16370,9,7
16372,0,7
16373,0,7
16377,8,7
16379,3,7
16380,4,7
16381,5,7
16382,6,7
16383,10,7
16384,11,7
16386,5,7
16388,8,7
16392,4,7
16393,5,7
16394,1,7
16397,5,7
16398,8,7
16399,8,7
16400,11,7
16402,3,7
16404,4,7
16405,8,7
16407,8,7
16408,5,7
16409,5,7
16412,6,7
16413,10,7
16414,10,7
16419,11,7
16420,1,7
16421,4,7
16422,4,7
16423,9,7
16424,9,7
16425,11,7
16426,2,7
16430,1,7
16431,3,7
16434,1,7
16435,11,7
16437,4,7
16438,9,7
16440,8,7
16441,3,7
16443,3,7
16445,0,7
16446,3,7
16449,11,7
16451,10,7
16452,10,7
16454,10,7
16455,1,7
16457,3,7
16458,8,7
16460,0,7
16461,3,7
16463,4,7
16465,0,7
16467,7,7
16469,3,7
16474,4,7
16477,7,7
16483,1,7
16485,8,7
16487,6,7
16495,1,7
16496,10,7
16497,1,7
16499,8,7
16502,0,7
16503,8,7
16509,11,7
16510,11,7
16512,11,7
16513,11,7
16514,11,7
16516,1,7
16517,11,7
16520,10,7
16521,4,7
16522,3,7
16525,0,7
16526,4,7
16527,0,7
16528,4,7
16529,0,7
16530,8,7
16534,11,7
16536,4,7
16537,8,7
16539,8,7
16540,10,7
16541,10,7
16546,3,7
16547,10,7
16553,1,7
16554,0,7
16556,6,7
16557,1,7
16558,1,7
16567,8,7
16570,1,7
16572,0,7
16573,0,7
16577,3,7
16579,1,7
16580,11,7
16581,11,7
16584,1,7
16586,0,7
16591,4,7
16592,11,7
16594,4,7
16595,10,7
16596,4,7
16597,10,7
16598,4,7
16599,11,7
16602,8,7
16604,3,7
16606,4,7
16607,3,7
16612,3,7
16613,4,7
16615,1,7
16617,3,7
16618,6,7
16620,3,7
16622,5,7
16624,1,7
16625,10,7
16628,4,7
16629,0,7
16634,3,7
16635,3,7
16638,0,7
16644,2,7
16648,0,7
16649,4,7
16653,2,7
16654,4,7
16655,2,7
16656,10,7
16657,11,7
16658,0,7
16662,4,7
16666,11,7
16667,2,7
16669,10,7
16670,0,7
16671,3,7
16672,1,7
16675,6,7
16678,3,7
16680,3,7
16681,3,7
16686,11,7
16694,10,7
16695,10,7
16697,4,7
16698,0,7
16700,0,7
16701,1,7
16703,11,7
16706,3,7
16710,11,7
16716,0,7
16717,2,7
16718,3,7
16726,2,7
16727,1,7
16728,2,7
16730,1,7
16731,10,7
16735,0,7
16736,3,7
16739,1,7
16741,6,7
16743,0,7
16745,6,7
16747,0,7
16749,6,7
16750,5,7
16751,11,7
16752,4,7
16754,11,7
16755,11,7
16757,8,7
16758,8,7
16759,3,7
16763,5,7
16764,5,7
16765,4,7
16769,2,7
16770,3,7
16774,8,7
16776,8,7
16777,1,7
16778,3,7
16780,3,7
16782,8,7
16783,4,7
16784,11,7
16787,1,7
16788,8,7
16789,3,7
16790,6,7
16792,1,7
16794,8,7
16795,1,7
16796,8,7
16799,3,7
16800,0,7
16801,2,7
16803,0,7
16804,6,7
16805,8,7
16807,0,7
16808,0,7
16809,6,7
16810,6,7
16812,6,7
16813,6,7
16814,0,7
16815,8,7
16816,0,7
16817,8,7
16821,5,7
16822,0,7
16823,0,7
16824,8,7
16826,4,7
16828,6,7
16836,11,7
16837,3,7
16840,1,7
16841,4,7
16842,4,7
16844,8,7
16845,5,7
16846,5,7
16848,0,7
16849,10,7
16850,8,7
16851,5,7
16853,0,7
16861,8,7
16864,11,7
16866,11,7
16869,4,7
16870,1,7
16871,0,7
16873,5,7
16874,8,7
16879,4,7
16880,11,7
16883,8,7
16884,0,7
16885,5,7
16886,2,7
16887,1,7
16889,3,7
16890,11,7
16891,8,7
16895,8,7
16898,11,7
16902,11,7
16903,8,7
16904,3,7
16909,3,7
16910,4,7
16912,11,7
16913,11,7
16914,5,7
16916,6,7
16927,3,7
16929,5,7
16930,4,7
16931,8,7
16933,11,7
16935,3,7
16936,4,7
16946,11,7
16947,5,7
16948,5,7
16949,3,7
16950,0,7
16952,11,7
16954,3,7
16955,5,7
16957,5,7
16958,1,7
16962,4,7
16965,5,7
16969,4,7
16970,11,7
16971,5,7
16974,8,7
16976,4,7
16980,8,7
16981,11,7
16986,5,7
16987,5,7
16989,1,7
16990,0,7
16993,8,7
16996,5,7
17000,11,7
17001,5,7
17002,4,7
17003,1,7
17005,10,7
17009,4,7
17011,5,7
17012,11,7
17017,5,7
17020,5,7
17022,4,7
17026,8,7
17030,3,7
17033,8,7
17034,4,7
17035,3,7
17037,5,7
17041,8,7
17047,3,7
17049,0,7
17050,1,7
17051,11,7
17052,10,7
17053,0,7
17055,5,7
17056,8,7
17058,10,7
17062,8,7
17063,0,7
17064,11,7
17067,5,7
17068,8,7
17070,3,7
17075,0,7
17076,6,7
17078,0,7
17079,5,7
17080,10,7
17081,4,7
17082,4,7
17086,6,7
17088,5,7
17089,4,7
17090,0,7
17091,3,7
17092,3,7
17093,5,7
17095,0,7
17096,8,7
17097,11,7
17098,5,7
17099,11,7
17102,5,7
17104,5,7
17109,11,7
17113,5,7
17114,6,7
17115,8,7
17117,1,7
17119,5,7
17121,5,7
17122,0,7
17123,4,7
17124,4,7
17126,5,7
17128,11,7
17132,5,7
17133,4,7
17134,5,7
17136,4,7
17137,5,7
17141,0,7
17145,1,7
17146,5,7
17147,5,7
17148,8,7
17149,3,7
17150,3,7
17155,0,7
17160,8,7
17162,8,7
17163,5,7
17164,6,7
17166,8,7
17168,8,7
17169,8,7
17170,4,7
17172,8,7
17176,0,7
17179,0,7
17180,8,7
17181,8,7
17183,8,7
17188,5,7
17190,5,7
17195,4,7
17200,0,7
17201,5,7
17203,5,7
17208,5,7
17209,4,7
17210,6,7
17212,5,7
17213,5,7
17217,5,7
17219,5,7
17222,4,7
17224,8,7
17226,8,7
17231,5,7
17233,5,7
17236,4,7
17237,11,7
17240,10,7
17242,5,7
17244,6,7
17246,5,7
17247,11,7
17249,11,7
17250,5,7
17251,11,7
17252,3,7
17254,5,7
17262,5,7
17263,5,7
17264,11,7
17268,3,7
17271,5,7
17277,5,7
17278,5,7
17281,5,7
17282,6,7
17283,5,7
17284,1,7
17287,8,7
17289,3,7
17291,11,7
17292,8,7
17293,5,7
17294,11,7
17295,6,7
17296,4,7
17298,4,7
17299,11,7
17302,5,7
17303,4,7
17306,5,7
17307,3,7
17308,11,7
17311,6,7
17312,5,7
17313,8,7
17314,4,7
17315,8,7
17317,3,7
17318,4,7
17319,11,7
17320,5,7
17324,1,7
17326,5,7
17328,11,7
17329,11,7
17334,5,7
17337,5,7
17339,1,7
17342,4,7
17345,5,7
17346,5,7
17348,5,7
17350,1,7
17353,5,7
17354,3,7
17356,10,7
17359,4,7
17360,5,7
17361,5,7
17362,5,7
17364,5,7
17367,0,7
17370,5,7
17372,1,7
17376,10,7
17377,4,7
17380,1,7
17382,5,7
17385,11,7
17386,8,7
17389,3,7
17394,8,7
17395,6,7
17396,11,7
17402,5,7
17403,1,7
17405,0,7
17406,3,7
17411,1,7
17415,5,7
17417,4,7
17419,11,7
17420,5,7
17425,5,7
17432,4,7
17433,3,7
17434,4,7
17435,4,7
17436,5,7
17437,4,7
17440,8,7
17444,5,7
17446,10,7
17448,5,7
17449,11,7
17451,11,7
17452,5,7
17454,8,7
17457,5,7
17462,5,7
17463,3,7
17464,11,7
17466,5,7
17468,4,7
17471,5,7
17472,4,7
17473,5,7
17475,5,7
17477,5,7
17478,11,7
17479,5,7
17481,4,7
17483,4,7
17484,5,7
17485,4,7
17486,11,7
17491,8,7
17492,5,7
17493,4,7
17494,4,7
17497,11,7
17499,3,7
17501,5,7
17502,11,7
17510,4,7
17512,5,7
17513,5,7
17515,4,7
17516,11,7
17518,0,7
17520,1,7
17521,5,7
17524,5,7
17526,4,7
17530,5,7
17531,5,7
17532,5,7
17534,10,7
17535,1,7
17537,6,7
17539,6,7
17541,11,7
17542,6,7
17547,8,7
17549,8,7
17550,3,7
17551,6,7
17552,8,7
17553,1,7
17554,5,7
17555,6,7
17556,1,7
17559,1,7
17561,0,7
17562,0,7
17566,4,7
17567,0,7
17570,0,7
17571,1,7
17575,2,7
17578,0,7
17579,3,7
17582,3,7
17583,1,7
17584,3,7
17586,1,7
17588,11,7
17589,3,7
17590,3,7
17591,10,7
17594,3,7
17595,0,7
17596,8,7
17598,3,7
17599,0,7
17604,1,7
17605,3,7
17606,0,7
17607,3,7
17609,3,7
17612,6,7
17613,3,7
17616,3,7
17617,2,7
17620,8,7
17624,1,7
17626,2,7
17627,3,7
17631,3,7
17635,0,7
17636,3,7
17638,3,7
17641,0,7
17642,8,7
17643,8,7
17644,0,7
17646,3,7
17647,3,7
17648,3,7
17649,11,7
17651,6,7
17652,4,7
17654,5,7
17655,5,7
17657,8,7
17661,4,7
17662,11,7
17672,4,7
17679,6,7
17683,11,7
17686,5,7
17687,0,7
17688,1,7
17689,1,7
17690,0,7
17691,0,7
17695,6,7
17697,11,7
17698,10,7
17699,10,7
17700,1,7
17703,4,7
17707,11,7
17708,0,7
17711,5,7
17712,6,7
17713,0,7
17714,1,7
17715,8,7
17719,11,7
17720,0,7
17723,3,7
17724,8,7
17726,8,7
17728,9,7
17729,1,7
17730,0,7
17731,0,7
17732,3,7
17735,0,7
17737,7,7
17739,5,7
17741,5,7
17742,5,7
17743,4,7
17746,5,7
17749,0,7
17756,11,7
17758,0,7
17759,0,7
17760,4,7
17761,7,7
17763,1,7
17764,8,7
17765,6,7
17768,0,7
17773,11,7
17774,6,7
17775,1,7
17777,6,7
17779,6,7
17780,7,7
17781,1,7
17782,5,7
17783,0,7
17784,3,7
17786,7,7
17788,1,7
17799,8,7
17800,11,7
17803,0,7
17805,7,7
17808,0,7
17810,0,7
17814,5,7
17815,0,7
17817,1,7
17819,3,7
17820,3,7
17823,0,7
17825,1,7
17826,3,7
17828,3,7
17831,8,7
17832,8,7
17834,0,7
17835,4,7
17836,0,7
17837,3,7
17838,11,7
17840,8,7
17841,11,7
17844,6,7
17846,6,7
17847,1,7
17848,11,7
17849,0,7
17853,11,7
17855,8,7
17860,11,7
17863,1,7
17865,4,7
17866,0,7
17867,0,7
17869,4,7
17872,1,7
17873,10,7
17876,6,7
17877,0,7
17880,11,7
17884,4,7
17885,11,7
17888,11,7
17890,1,7
17891,11,7
17892,11,7
17895,11,7
17897,11,7
17898,11,7
17901,10,7
17902,8,7
17904,4,7
17906,3,7
17911,11,7
17913,1,7
17914,1,7
17915,11,7
17919,6,7
17922,6,7
17923,11,7
17927,4,7
17930,1,7
17931,10,7
17932,3,7
17933,11,7
17934,0,7
17937,11,7
17940,8,7
17941,5,7
17943,3,7
17947,11,7
17951,1,7
17952,3,7
17953,0,7
17954,1,7
17956,0,7
17960,0,7
17961,3,7
17962,0,7
17964,0,7
17966,8,7
17967,8,7
17968,11,7
17969,11,7
17971,11,7
17972,11,7
17973,11,7
17976,1,7
17980,11,7
17983,4,7
17987,10,7
17990,0,7
17992,8,7
17995,2,7
17998,11,7
18002,0,7
18005,8,7
18010,11,7
18012,1,7
18021,4,7
18022,10,7
18023,1,7
18024,5,7
18025,0,7
18026,0,7
18028,1,7
18029,1,7
18031,5,7
18034,0,7
18035,10,7
18041,11,7
18042,4,7
18045,0,7
18046,11,7
18048,11,7
18052,9,7
18053,1,7
18054,1,7
18056,10,7
18057,6,7
18060,3,7
18063,11,7
18067,0,7
18072,1,7
18078,3,7
18081,10,7
18084,11,7
18086,10,7
18087,0,7
18089,1,7
18092,1,7
18093,10,7
18094,1,7
18096,1,7
18097,11,7
18102,4,7
18104,0,7
18106,11,7
18107,11,7
18109,11,7
18110,0,7
18111,8,7
18112,6,7
18115,8,7
18116,5,7
18118,0,7
18120,10,7
18122,11,7
18124,1,7
18125,3,7
18129,0,7
18137,0,7
18138,8,7
18139,11,7
18140,11,7
18142,4,7
18143,0,7
18144,4,7
18145,0,7
18146,0,7
18147,3,7
18149,1,7
18151,4,7
18152,11,7
18162,1,7
18163,10,7
18166,3,7
18168,3,7
18171,3,7
18172,4,7
18173,3,7
18176,3,7
18177,3,7
18178,4,7
18182,4,7
18183,3,7
18185,3,7
18188,11,7
18189,1,7
18190,3,7
18191,1,7
18193,8,7
18194,3,7
18195,11,7
18196,1,7
18198,11,7
18200,8,7
18207,5,7
18208,0,7
18209,8,7
18213,6,7
18214,0,7
18215,0,7
18218,8,7
18219,8,7
18221,1,7
18222,2,7
18232,1,7
18233,8,7
18234,0,7
18236,8,7
18237,8,7
18241,1,7
18244,1,7
18247,0,7
18248,1,7
18249,3,7
18250,8,7
18252,11,7
18253,11,7
18255,3,7
18258,1,7
18259,10,7
18265,11,7
18266,11,7
18267,1,7
18269,11,7
18271,3,7
18273,5,7
18275,0,7
18276,11,7
18278,1,7
18282,11,7
18283,0,7
18284,0,7
18285,3,7
18286,11,7
18291,0,7
18292,1,7
18293,4,7
18294,1,7
18295,0,7
18301,11,7
18303,8,7
18304,8,7
18305,6,7
18307,0,7
18308,0,7
18310,0,7
18314,0,7
18324,4,7
18329,11,7
18331,4,7
18333,1,7
18334,0,7
18336,0,7
18337,1,7
18338,8,7
18342,0,7
18343,10,7
18346,0,7
18348,11,7
18352,0,7
18353,10,7
18355,8,7
18357,4,7
18359,10,7
18360,2,7
18364,0,7
18365,2,7
18367,6,7
18369,6,7
18370,2,7
18373,3,7
18374,1,7
18379,1,7
18380,1,7
18382,1,7
18386,1,7
18387,11,7
18388,8,7
18391,1,7
18393,1,7
18396,5,7
18397,8,7
18399,8,7
18400,5,7
18401,10,7
18406,1,7
18412,1,7
18415,1,7
18416,8,7
18417,1,7
18418,3,7
18420,1,7
18425,0,7
18427,11,7
18432,1,7
18433,4,7
18434,1,7
18437,11,7
18438,5,7
18439,3,7
18441,8,7
18442,5,7
18446,4,7
18448,3,7
18450,1,7
18451,1,7
18454,5,7
18455,1,7
18457,10,7
18463,11,7
18465,4,7
18466,11,7
18468,4,7
18469,1,7
18473,4,7
18475,0,7
18478,1,7
18479,11,7
18483,5,7
18485,5,7
18486,1,7
18487,11,7
18488,1,7
18490,1,7
18491,1,7
18492,3,7
18493,0,7
18494,1,7
18496,4,7
18497,11,7
18498,11,7
18500,10,7
18502,1,7
18503,11,7
18504,11,7
18505,5,7
18509,11,7
18511,3,7
18512,3,7
18513,5,7
18514,11,7
18516,1,7
18518,3,7
18519,6,7
18520,6,7
18523,8,7
18525,1,7
18528,6,7
18532,3,7
18533,10,7
18536,1,7
18538,8,7
18542,6,7
18543,1,7
18544,8,7
18545,2,7
18547,1,7
18548,0,7
18549,1,7
18550,11,7
18552,0,7
18553,2,7
18554,10,7
18555,3,7
18563,7,7
18566,5,7
18567,0,7
18568,4,7
18569,4,7
18571,2,7
18572,11,7
18573,0,7
18575,3,7
18576,1,7
18577,11,7
18578,3,7
18581,8,7
18583,11,7
18585,2,7
18586,10,7
18588,10,7
18590,11,7
18591,0,7
18592,0,7
18593,8,7
18596,0,7
18597,4,7
18598,8,7
18600,2,7
18602,1,7
18603,11,7
18605,4,7
18607,4,7
18611,1,7
18613,5,7
18617,10,7
18619,4,7
18620,0,7
18621,2,7
18623,0,7
18625,2,7
18627,4,7
18629,0,7
18630,0,7
18633,1,7
18634,4,7
18635,5,7
18636,2,7
18641,10,7
18644,0,7
18647,4,7
18652,2,7
18654,10,7
18657,11,7
18659,5,7
18660,3,7
18661,11,7
18662,5,7
18664,1,7
18666,1,7
18670,10,7
18672,0,7
18678,2,7
18682,11,7
18684,1,7
18685,0,7
18686,0,7
18692,5,7
18694,8,7
18698,11,7
18699,11,7
18702,5,7
18709,1,7
18712,11,7
18713,3,7
18716,11,7
18717,4,7
18718,11,7
18720,11,7
18723,4,7
18726,0,7
18727,8,7
18729,1,7
18732,11,7
18734,11,7
18736,10,7
18737,3,7
18739,0,7
18742,6,7
18746,11,7
18749,5,7
18750,1,7
18751,4,7
18753,1,7
18754,1,7
18755,11,7
18758,3,7
18759,4,7
18762,11,7
18763,11,7
18765,1,7
18766,1,7
18769,1,7
18770,3,7
18771,11,7
18774,1,7
18775,10,7
18776,11,7
18779,3,7
18783,11,7
18784,0,7
18786,11,7
18789,1,7
18790,5,7
18791,8,7
18795,8,7
18797,0,7
18801,3,7
18804,5,7
18806,8,7
18810,6,7
18811,0,7
18813,2,7
18815,3,7
18817,7,7
18818,5,7
18820,3,7
18822,11,7
18826,8,7
18827,6,7
18828,4,7
18829,2,7
18832,11,7
18835,1,7
18838,0,7
18842,5,7
18843,0,7
18844,5,7
18845,6,7
18846,8,7
18848,4,7
18849,8,7
18850,6,7
18852,2,7
18853,5,7
18856,4,7
18858,11,7
18859,1,7
18860,0,7
18861,4,7
18864,5,7
18871,1,7
18872,6,7
18874,1,7
18875,8,7
18878,4,7
18880,11,7
18881,3,7
18882,0,7
18885,2,7
18886,6,7
18887,0,7
18892,0,7
18893,0,7
18896,1,7
18897,1,7
18900,1,7
18901,4,7
18903,11,7
18905,11,7
18906,11,7
18911,2,7
18912,2,7
18914,0,7
18915,1,7
18917,3,7
18921,11,7
18922,1,7
18924,3,7
18925,10,7
18926,3,7
18928,2,7
18929,8,7
18933,9,7
18935,6,7
18937,3,7
18938,8,7
18943,10,7
18944,1,7
18945,1,7
18947,11,7
18948,1,7
18949,5,7
18952,11,7
18954,11,7
18956,3,7
18958,3,7
18959,4,7
18960,6,7
18962,4,7
18963,4,7
18965,6,7
18966,11,7
18967,1,7
18969,1,7
18974,11,7
18977,11,7
18979,0,7
18985,2,7
18986,1,7
18987,3,7
18988,4,7
18992,11,7
18994,10,7
18995,3,7
18997,11,7
18999,8,7
19000,8,7
19002,6,7
19004,3,7
19007,4,7
19010,11,7
19011,8,7
19013,11,7
19016,11,7
19018,3,7
19019,3,7
19020,6,7
19021,4,7
19022,6,7
19025,6,7
19026,4,7
19027,6,7
19028,11,7
19030,6,7
19031,8,7
19034,8,7
19035,9,7
19037,3,7
19038,2,7
19040,3,7
19041,4,7
19043,0,7
19047,0,7
19049,6,7
19051,11,7
19052,4,7
19055,3,7
19057,10,7
19059,0,7
19064,8,7
19066,10,7
19068,11,7
19069,8,7
19070,4,7
19071,3,7
19074,3,7
19076,3,7
19078,5,7
19080,1,7
19081,3,7
19083,11,7
19084,4,7
19085,0,7
19090,11,7
19095,5,7
19100,4,7
19101,11,7
19102,2,7
19105,3,7
19106,11,7
19107,10,7
19108,11,7
19110,1,7
19111,10,7
19113,10,7
19117,3,7
19120,10,7
19123,3,7
19124,8,7
19125,11,7
19126,6,7
19128,0,7
19130,11,7
19132,3,7
19135,0,7
19136,11,7
19138,8,7
19140,11,7
19141,5,7
19143,10,7
19145,3,7
19146,11,7
19147,3,7
19148,3,7
19150,0,7
19151,11,7
19152,11,7
19153,11,7
19155,11,7
19160,3,7
19161,3,7
19162,2,7
19164,0,7
19166,4,7
19170,0,7
19172,10,7
19175,0,7
19176,11,7
19180,5,7
19181,11,7
19183,6,7
19185,1,7
19193,0,7
19194,10,7
19196,0,7
19200,3,7
19204,3,7
19206,11,7
19209,11,7
19210,3,7
19211,1,7
19212,1,7
19213,1,7
19214,4,7
19217,1,7
19218,3,7
19220,11,7
19223,11,7
19224,1,7
19225,4,7
19226,5,7
19227,4,7
19228,3,7
19230,2,7
19234,8,7
19235,10,7
19236,10,7
19238,3,7
19240,3,7
19241,5,7
19242,3,7
19243,11,7
19245,10,7
19246,3,7
19247,6,7
19251,0,7
19253,0,7
19254,0,7
19255,3,7
19257,11,7
19258,10,7
19260,0,7
19261,10,7
19263,10,7
19264,0,7
19269,6,7
19270,5,7
19272,6,7
19273,8,7
19274,3,7
19277,8,7
19278,3,7
19279,3,7
19280,6,7
19281,11,7
19284,3,7
19285,8,7
19286,6,7
19287,11,7
19289,1,7
19291,10,7
19293,1,7
19294,3,7
19298,8,7
19302,11,7
19304,6,7
19306,6,7
19308,1,7
19310,1,7
19312,2,7
19313,0,7
19315,1,7
19316,3,7
19320,0,7
19321,3,7
19325,11,7
19326,3,7
19327,1,7
19331,4,7
19334,8,7
19341,3,7
19342,10,7
19345,5,7
19349,3,7
19353,3,7
19354,11,7
19356,8,7
19363,3,7
19364,0,7
19365,3,7
19366,0,7
19368,1,7
19370,3,7
19372,11,7
19373,2,7
19375,11,7
19376,0,7
19379,3,7
19380,1,7
19382,0,7
19383,6,7
19384,11,7
19386,11,7
19387,8,7
19388,10,7
19390,0,7
19392,8,7
19393,1,7
19395,3,7
19400,11,7
19401,0,7
19402,6,7
19406,0,7
19407,4,7
19408,4,7
19409,0,7
19410,4,7
19413,2,7
19414,11,7
19415,11,7
19418,2,7
19419,10,7
19421,3,7
19424,1,7
19425,8,7
19427,2,7
19428,1,7
19429,0,7
19430,1,7
19434,1,7
19435,11,7
19436,1,7
19437,8,7
19438,8,7
19440,11,7
19441,5,7
19442,8,7
19443,8,7
19444,11,7
19445,1,7
19447,2,7
19448,4,7
19451,3,7
19452,11,7
19454,8,7
19458,8,7
19461,11,7
19463,2,7
19468,0,7
19469,4,7
19470,4,7
19472,3,7
19473,6,7
19474,3,7
19475,3,7
19478,3,7
19479,3,7
19482,0,7
19484,3,7
19485,6,7
19486,1,7
19487,8,7
19488,6,7
19489,8,7
19490,11,7
19495,4,7
19496,0,7
19497,1,7
19499,8,7
19500,10,7
19501,3,7
19502,3,7
19506,4,7
19511,6,7
19516,6,7
19518,3,7
19519,1,7
19524,8,7
19526,3,7
19527,3,7
19530,0,7
19534,6,7
19536,0,7
19537,11,7
19538,4,7
19540,1,7
19542,0,7
19543,3,7
19545,6,7
19548,0,7
19554,0,7
19555,11,7
19556,3,7
19557,4,7
19559,2,7
19561,3,7
19568,11,7
19570,5,7
19571,1,7
19573,6,7
19574,5,7
19577,0,7
19578,5,7
19580,0,7
19582,3,7
19587,1,7
19591,3,7
19592,7,7
19593,0,7
19594,3,7
19597,0,7
19598,7,7
19599,8,7
19602,3,7
19603,0,7
19604,3,7
19609,3,7
19614,1,7
19615,4,7
19616,6,7
19618,5,7
19619,3,7
19620,8,7
19621,0,7
19625,11,7
19626,3,7
19630,0,7
19632,7,7
19639,7,7
19645,1,7
19647,5,7
19648,0,7
19649,8,7
19651,5,7
19652,0,7
19655,0,7
19656,0,7
19657,1,7
19660,8,7
19661,7,7
19662,5,7
19663,11,7
19664,10,7
19669,1,7
19672,7,7
19677,8,7
19681,0,7
19683,6,7
19686,6,7
19687,6,7
19688,6,7
19690,5,7
19694,8,7
19695,0,7
19696,3,7
19697,7,7
19698,6,7
19701,10,7
19706,0,7
19707,3,7
19709,5,7
19711,8,7
19712,8,7
19714,8,7
19716,0,7
19717,3,7
19719,4,7
19720,8,7
19721,3,7
19722,0,7
19723,8,7
19729,7,7
19730,0,7
19732,1,7
19735,1,7
19736,0,7
19737,3,7
19741,0,7
19742,7,7
19745,5,7
19746,6,7
19747,5,7
19753,0,7
19756,6,7
19757,2,7
19759,11,7
19761,4,7
19762,0,7
19764,7,7
19765,3,7
19767,11,7
19770,11,7
19771,3,7
19772,11,7
19774,3,7
19776,3,7
19777,8,7
19778,0,7
19783,3,7
19786,11,7
19791,3,7
19792,3,7
19793,3,7
19794,10,7
19801,7,7
19802,1,7
19803,5,7
19805,11,7
19808,4,7
19809,0,7
19811,11,7
19813,3,7
19814,5,7
19815,3,7
19818,3,7
19819,3,7
19821,3,7
19823,8,7
19824,11,7
19825,3,7
19826,3,7
19827,8,7
19828,8,7
19831,3,7
19832,3,7
19833,6,7
19835,3,7
19836,5,7
19837,0,7
19838,6,7
19842,3,7
19844,6,7
19845,6,7
19846,8,7
19847,6,7
19848,6,7
19849,6,7
19850,6,7
19852,6,7
19855,5,7
19858,3,7
19862,6,7
19863,6,7
19864,5,7
19865,6,7
19869,4,7
19872,6,7
19878,5,7
19886,3,7
19889,6,7
19890,0,7
19891,0,7
19892,6,7
19893,0,7
19895,2,7
19898,2,7
19899,0,7
19900,6,7
19901,6,7
19902,6,7
19903,6,7
19905,6,7
19907,3,7
19908,11,7
19909,3,7
19910,3,7
19911,3,7
19912,5,7
19913,3,7
19914,3,7
19915,0,7
19916,3,7
19917,3,7
19919,5,7
19921,3,7
19922,8,7
19925,11,7
19926,10,7
19927,6,7
19931,8,7
19933,8,7
19936,0,7
19940,1,7
19948,0,7
19949,0,7
19952,5,7
19953,1,7
19955,8,7
19957,1,7
19959,0,7
19960,4,7
19962,8,7
19964,8,7
19966,0,7
19968,1,7
19969,8,7
19972,0,7
19974,11,7
19976,0,7
19978,8,7
19980,3,7
19981,0,7
19987,4,7
19988,11,7
19989,0,7
19993,0,7
19994,11,7
19997,8,7
19998,0,7
20000,8,7
20003,6,7
20004,0,7
20006,3,7
20007,0,7
20013,0,7
20014,0,7
20015,3,7
20016,8,7
20017,6,7
20019,8,7
20020,3,7
20021,8,7
20023,6,7
20024,0,7
20030,6,7
20034,1,7
20035,8,7
20036,0,7
20037,0,7
20038,0,7
20040,11,7
20041,6,7
20042,6,7
20050,0,7
20051,11,7
20052,1,7
20053,11,7
20055,0,7
20057,11,7
20059,10,7
20060,0,7
20061,3,7
20065,0,7
20066,3,7
20067,8,7
20068,5,7
20070,3,7
20072,1,7
20075,4,7
20076,6,7
20078,11,7
20081,1,7
20082,0,7
20086,0,7
20088,3,7
20090,0,7
20091,0,7
20094,10,7
20097,1,7
20101,6,7
20106,0,7
20107,0,7
20109,1,7
20111,1,7
20112,1,7
20117,0,7
20118,4,7
20123,11,7
20124,5,7
20126,1,7
20127,5,7
20130,1,7
20133,1,7
20135,4,7
20136,1,7
20138,5,7
20139,4,7
20142,4,7
20144,11,7
20145,0,7
20147,11,7
20148,1,7
20149,1,7
20151,1,7
20153,6,7
20154,4,7
20157,3,7
20158,1,7
20160,0,7
20164,1,7
20166,11,7
20167,1,7
20168,0,7
20170,3,7
20172,1,7
20173,3,7
20174,1,7
20181,0,7
20182,3,7
20186,0,7
20188,0,7
20189,8,7
20190,3,7
20194,11,7
20196,1,7
20197,3,7
20198,1,7
20203,6,7
20204,0,7
20205,6,7
20206,6,7
20207,3,7
20208,10,7
20209,6,7
20210,10,7
20212,5,7
20214,4,7
20216,1,7
20217,6,7
20218,4,7
20220,3,7
20222,4,7
20225,0,7
20226,8,7
20227,1,7
20228,1,7
20230,1,7
20231,11,7
20235,1,7
20237,0,7
20238,8,7
20241,4,7
20248,4,7
20252,4,7
20253,6,7
20254,4,7
20255,5,7
20258,6,7
20259,11,7
20260,3,7
20261,6,7
20262,4,7
20263,6,7
20266,6,7
20267,4,7
20268,10,7
20272,6,7
20274,6,7
20275,4,7
20276,6,7
20277,3,7
20278,6,7
20279,3,7
20280,6,7
20282,3,7
20283,3,7
20284,6,7
20285,6,7
20288,6,7
20290,3,7
20291,4,7
20292,6,7
20294,5,7
20295,6,7
20296,0,7
20297,1,7
20298,5,7
20299,10,7
20300,4,7
20301,3,7
20302,6,7
20304,10,7
20305,3,7
20306,6,7
20308,11,7
20312,1,7
20314,6,7
20315,6,7
20318,6,7
20321,6,7
20322,6,7
20327,6,7
20329,6,7
20330,6,7
20331,6,7
20332,6,7
20334,6,7
20335,6,7
20338,6,7
20340,6,7
20345,4,7
20346,6,7
20347,4,7
20348,5,7
20350,4,7
20351,0,7
20352,6,7
20355,6,7
20356,6,7
20359,5,7
20361,5,7
20362,1,7
20363,6,7
20364,4,7
20366,8,7
20368,5,7
20370,0,7
20371,3,7
20374,4,7
20375,11,7
20376,0,7
20379,3,7
20380,8,7
20381,5,7
20382,3,7
20383,10,7
20385,3,7
20391,8,7
20393,1,7
20395,0,7
20397,10,7
20399,11,7
20400,11,7
20401,0,7
20403,8,7
20406,4,7
20408,6,7
20409,10,7
20411,6,7
20412,3,7
20413,8,7
20414,0,7
20415,6,7
20416,0,7
20417,3,7
20418,10,7
20419,0,7
20423,8,7
20424,9,7
20425,9,7
20427,10,7
20429,2,7
20430,0,7
20433,0,7
20434,4,7
20436,7,7
20438,0,7
20440,5,7
20441,3,7
20443,0,7
20444,0,7
20445,2,7
20451,0,7
20452,0,7
20453,4,7
20454,0,7
20457,10,7
20458,0,7
20459,2,7
20461,2,7
20462,6,7
20464,4,7
20465,5,7
20468,8,7
20473,2,7
20474,0,7
20475,3,7
20476,1,7
20477,7,7
20479,3,7
20480,6,7
20481,4,7
20482,1,7
20484,0,7
20485,2,7
20488,8,7
20489,0,7
20492,0,7
20496,8,7
20499,0,7
20503,6,7
20506,8,7
20507,3,7
20508,7,7
20510,4,7
20512,3,7
20515,2,7
20518,7,7
20524,11,7
20525,4,7
20528,8,7
20530,8,7
20531,7,7
20533,1,7
20535,1,7
20536,4,7
20537,0,7
20540,0,7
20542,11,7
20544,10,7
20546,2,7
20548,8,7
20549,8,7
20550,6,7
20552,3,7
20555,11,7
20560,10,7
20562,1,7
20564,11,7
20565,0,7
20568,11,7
20569,3,7
20571,3,7
20573,3,7
20574,1,7
20576,11,7
20579,8,7
20582,11,7
20584,8,7
20585,4,7
20586,0,7
20589,8,7
20590,4,7
20591,2,7
20593,0,7
20596,3,7
20597,3,7
20599,3,7
20602,3,7
20603,3,7
20606,3,7
20610,3,7
20612,0,7
20613,3,7
20617,3,7
20619,5,7
20621,8,7
20622,1,7
20623,5,7
20624,3,7
20626,8,7
20627,1,7
20628,2,7
20629,10,7
20632,0,7
20634,8,7
20636,8,7
20638,3,7
20643,3,7
20648,3,7
20649,3,7
20652,8,7
20657,8,7
20658,5,7
20660,1,7
20663,5,7
20664,5,7
20665,1,7
20667,3,7
20668,5,7
20670,0,7
20671,1,7
20676,4,7
20678,11,7
20679,6,7
20680,4,7
20681,2,7
20682,4,7
20683,6,7
20685,8,7
20686,0,7
20687,3,7
20690,3,7
20691,4,7
20692,6,7
20696,5,7
20697,11,7
20699,11,7
20701,0,7
20702,4,7
20705,0,7
20713,3,7
20716,10,7
20718,8,7
20722,0,7
20725,3,7
20727,1,7
20728,2,7
20730,0,7
20731,0,7
20732,2,7
20735,0,7
20737,4,7
20738,3,7
20740,0,7
20741,4,7
20743,4,7
20747,3,7
20749,3,7
20751,6,7
20755,3,7
20756,1,7
20759,0,7
20761,3,7
20763,1,7
20768,0,7
20770,2,7
20772,3,7
20774,0,7
20775,0,7
20776,10,7
20777,0,7
20778,4,7
20779,5,7
20780,0,7
20784,0,7
20787,0,7
20788,0,7
20793,3,7
20794,3,7
20795,5,7
20796,10,7
20797,6,7
20798,4,7
20799,8,7
20801,6,7
20803,8,7
20807,6,7
20812,6,7
20814,6,7
20818,6,7
20820,6,7
20821,6,7
20824,6,7
20825,6,7
20829,6,7
20831,6,7
20832,6,7
20833,4,7
20834,6,7
20839,6,7
20844,6,7
20847,6,7
20848,6,7
20849,6,7
20850,6,7
20851,11,7
20852,6,7
20853,3,7
20854,6,7
20858,6,7
20859,6,7
20861,6,7
20864,6,7
20865,6,7
20868,1,7
20870,6,7
20871,6,7
20873,3,7
20877,6,7
20882,3,7
20887,4,7
20888,11,7
20889,6,7
20890,1,7
20892,6,7
20896,6,7
20898,6,7
20899,6,7
20900,6,7
20901,6,7
20902,6,7
20903,6,7
20904,8,7
20906,1,7
20911,6,7
20913,0,7
20915,11,7
20920,0,7
20921,10,7
20925,6,7
20928,2,7
20933,10,7
20934,10,7
20938,6,7
20940,6,7
20941,1,7
20942,10,7
20944,1,7
20945,1,7
20947,3,7
20949,1,7
20950,10,7
20956,0,7
20958,3,7
20959,10,7
20960,6,7
20961,8,7
20962,0,7
20964,2,7
20965,0,7
20969,10,7
20970,4,7
20972,1,7
20974,11,7
20975,0,7
20979,8,7
20980,8,7
20984,6,7
20985,8,7
20988,8,7
20989,8,7
20990,8,7
20992,0,7
20993,1,7
21000,2,7
21002,3,7
21003,8,7
21004,10,7
21005,11,7
21006,11,7
21010,6,7
21011,5,7
21012,8,7
21013,11,7
21015,6,7
21018,8,7
21020,11,7
21022,0,7
21023,6,7
21025,5,7
21028,0,7
21030,11,7
21033,11,7
21034,0,7
21035,8,7
21036,0,7
21039,4,7
21040,9,7
21041,6,7
21043,6,7
21044,11,7
21046,3,7
21047,6,7
21051,0,7
21052,10,7
21054,9,7
21055,1,7
21056,1,7
21060,2,7
21062,1,7
21064,10,7
21066,1,7
21069,8,7
21070,9,7
21073,10,7
21075,4,7
21076,6,7
21077,1,7
21079,6,7
21080,6,7
21081,5,7
21082,0,7
21084,0,7
21087,5,7
21088,11,7
21089,10,7
21090,6,7
21093,10,7
21095,0,7
21096,6,7
21099,0,7
21100,8,7
21102,8,7
21104,0,7
21105,5,7
21107,4,7
21108,1,7
21109,0,7
21111,6,7
21115,4,7
21117,7,7
21121,1,7
21124,5,7
21126,8,7
21127,3,7
21129,0,7
21130,5,7
21132,10,7
21133,9,7
21136,10,7
21138,10,7
21139,2,7
21140,3,7
21141,9,7
21142,2,7
21144,10,7
21145,3,7
21146,10,7
21147,10,7
21151,10,7
21154,9,7
21156,10,7
21158,10,7
21161,9,7
21163,9,7
21165,10,7
21166,10,7
21170,5,7
21171,0,7
21174,1,7
21175,8,7
21176,5,7
21177,1,7
21181,5,7
21184,5,7
21186,1,7
21188,1,7
21189,5,7
21190,11,7
21192,6,7
21193,0,7
21194,0,7
21196,1,7
21201,5,7
21204,4,7
21206,0,7
21207,3,7
21208,1,7
21210,1,7
21211,6,7
21212,11,7
21217,11,7
21218,3,7
21222,6,7
21224,1,7
21226,11,7
21228,0,7
21231,11,7
21232,2,7
21234,11,7
21238,1,7
21239,8,7
21240,6,7
21242,5,7
21243,8,7
21244,11,7
21247,5,7
21251,1,7
21254,11,7
21255,0,7
21257,1,7
21260,6,7
21261,8,7
21262,11,7
21267,6,7
21268,11,7
21269,5,7
21270,6,7
21271,1,7
21272,11,7
21273,6,7
21276,11,7
21279,1,7
21282,11,7
21285,6,7
21286,6,7
21287,11,7
21289,3,7
21290,2,7
21296,6,7
21297,8,7
21303,0,7
21315,3,7
21317,3,7
21321,0,7
21324,4,7
21325,6,7
21327,6,7
21328,8,7
21332,4,7
21333,0,7
21334,0,7
21336,6,7
21337,6,7
21338,6,7
21339,6,7
21343,2,7
21344,4,7
21347,0,7
21349,6,7
21350,6,7
21351,11,7
21353,0,7
21354,11,7
21356,5,7
21358,8,7
21361,6,7
21362,6,7
21363,6,7
21364,1,7
21365,11,7
21367,3,7
21368,0,7
21369,11,7
21371,6,7
21372,1,7
21373,6,7
21374,2,7
21377,0,7
21379,0,7
21382,10,7
21389,11,7
21391,6,7
21393,3,7
21394,8,7
21396,1,7
21397,1,7
21403,6,7
21404,6,7
21406,0,7
21408,3,7
21410,3,7
21412,3,7
21413,3,7
21415,5,7
21417,5,7
21418,0,7
21419,5,7
21421,3,7
21423,6,7
21425,0,7
21426,1,7
21428,0,7
21429,4,7
21431,3,7
21436,10,7
21437,0,7
21439,7,7
21442,8,7
21445,2,7
21449,3,7
21451,7,7
21452,2,7
21454,2,7
21456,3,7
21458,0,7
21460,0,7
21461,4,7
21463,4,7
21466,5,7
21472,2,7
21474,10,7
21475,10,7
21476,3,7
21477,2,7
21479,2,7
21482,0,7
21484,11,7
21489,10,7
21490,11,7
21495,3,7
21499,11,7
21501,11,7
21502,1,7
21503,2,7
21504,3,7
21508,2,7
21510,8,7
21513,1,7
21516,6,7
21517,5,7
21519,3,7
21522,0,7
21523,6,7
21524,3,7
21525,10,7
21527,1,7
21533,1,7
21537,3,7
21538,4,7
21541,11,7
21543,11,7
21544,4,7
21546,10,7
21548,0,7
21549,0,7
21550,11,7
21551,0,7
21558,1,7
21559,2,7
21560,0,7
21561,0,7
21562,0,7
21564,8,7
21567,1,7
21568,11,7
21569,10,7
21572,0,7
21578,0,7
21579,1,7
21580,0,7
21581,0,7
21582,0,7
21583,0,7
21586,3,7
21587,4,7
21588,3,7
21589,6,7
21590,6,7
21591,6,7
21592,1,7
21594,0,7
21595,6,7
21598,3,7
21599,10,7
21600,10,7
21606,2,7
21608,10,7
21609,10,7
21610,1,7
21611,1,7
21612,6,7
21614,0,7
21615,0,7
21616,6,7
21617,3,7
21618,8,7
21619,0,7
21620,0,7
21623,11,7
21624,1,7
21626,1,7
21631,8,7
21632,3,7
21633,0,7
21634,8,7
21641,8,7
21646,8,7
21647,8,7
21648,3,7
21651,8,7
21653,0,7
21654,8,7
21656,8,7
21657,0,7
21659,0,7
21660,8,7
21664,5,7
21665,5,7
21666,2,7
21667,2,7
21668,0,7
21669,2,7
21670,2,7
21674,1,7
21678,4,7
21679,10,7
21680,4,7
21681,4,7
21685,4,7
21688,5,7
21691,1,7
21692,5,7
21693,1,7
21696,1,7
21697,10,7
21700,4,7
21701,3,7
21702,11,7
21704,0,7
21706,10,7
21709,3,7
21710,2,7
21712,2,7
21713,2,7
21714,4,7
21717,8,7
21721,0,7
21723,2,7
21724,2,7
21728,2,7
21729,3,7
21731,4,7
21733,3,7
21737,0,7
21738,3,7
21741,2,7
21743,3,7
21744,4,7
21745,3,7
21748,10,7
21749,0,7
21750,1,7
21752,6,7
21753,6,7
21756,6,7
21758,6,7
21759,3,7
21763,5,7
21764,5,7
21765,5,7
21766,5,7
21769,3,7
21771,6,7
21774,6,7
21776,3,7
21779,3,7
21781,0,7
21782,0,7
21783,0,7
21787,0,7
21789,0,7
21790,6,7
21793,0,7
21794,0,7
21795,0,7
21798,5,7
21802,10,7
21805,5,7
21806,1,7
21807,8,7
21808,0,7
21809,0,7
21811,8,7
21815,11,7
21819,0,7
21820,9,7
21821,4,7
21822,9,7
21824,0,7
21830,1,7
21831,0,7
21835,5,7
21837,0,7
21838,4,7
21840,0,7
21841,2,7
21842,3,7
21843,1,7
21844,3,7
21846,11,7
21847,8,7
21848,0,7
21849,0,7
21850,11,7
21851,11,7
21853,11,7
21854,11,7
21855,3,7
21856,11,7
21860,3,7
21861,3,7
21862,8,7
21866,0,7
21868,3,7
21870,3,7
21872,3,7
21877,6,7
21878,0,7
21879,1,7
21884,4,7
21885,11,7
21886,1,7
21890,0,7
21894,0,7
21895,4,7
21896,4,7
21897,2,7
21898,2,7
21899,11,7
21900,6,7
21904,3,7
21905,0,7
21906,3,7
21907,0,7
21908,10,7
21909,3,7
21911,1,7
21913,9,7
21915,4,7
21917,0,7
21920,0,7
21921,10,7
21922,10,7
21923,1,7
21926,4,7
21928,3,7
21929,0,7
21931,3,7
21934,11,7
21935,3,7
21939,11,7
21941,0,7
21945,3,7
21947,3,7
21948,3,7
21950,2,7
21953,1,7
21956,1,7
21957,3,7
21962,3,7
21965,3,7
21967,6,7
21968,6,7
21969,6,7
21970,6,7
21973,10,7
21974,6,7
21977,10,7
21978,0,7
21981,9,7
21982,1,7
21986,2,7
21992,6,7
21994,6,7
21995,5,7
21998,1,7
22000,5,7
22001,3,7
22002,8,7
22004,10,7
22006,4,7
22008,6,7
22017,4,7
22018,4,7
22020,3,7
22021,7,7
22023,10,7
22033,6,7
22034,6,7
22035,1,7
22037,6,7
22038,6,7
22039,11,7
22040,5,7
22041,9,7
22045,8,7
22048,10,7
22049,10,7
22050,6,7
22051,8,7
22056,0,7
22057,2,7
22058,2,7
22060,4,7
22067,8,7
22071,11,7
22078,11,7
22079,6,7
22082,6,7
22083,6,7
22085,11,7
22086,5,7
22087,11,7
22088,6,7
22089,6,7
22091,10,7
22094,8,7
22095,10,7
22096,3,7
22100,1,7
22101,8,7
22103,0,7
22107,3,7
22108,8,7
22109,8,7
22110,9,7
22112,2,7
22122,8,7
22123,6,7
22124,6,7
22125,11,7
22127,5,7
22128,6,7
22130,8,7
22131,8,7
22133,6,7
22136,1,7
22138,4,7
22139,5,7
22142,10,7
22143,3,7
22145,8,7
22147,3,7
22153,4,7
22154,3,7
22155,7,7
22156,3,7
22160,0,7
22162,8,7
22166,4,7
22170,9,7
22171,8,7
22174,6,7
22175,10,7
22176,10,7
22177,3,7
22181,10,7
22183,10,7
22186,4,7
22189,11,7
22192,1,7
22193,0,7
22194,8,7
22196,3,7
22197,0,7
22198,2,7
22199,2,7
22200,1,7
22201,3,7
22202,7,7
22204,4,7
22206,4,7
22208,0,7
22210,0,7
22212,0,7
22213,10,7
22215,4,7
22216,6,7
22217,6,7
22220,5,7
22221,4,7
22223,6,7
22224,11,7
22225,0,7
22226,11,7
22227,4,7
22230,10,7
22232,10,7
22238,8,7
22239,11,7
22241,1,7
22242,0,7
22251,6,7
22252,11,7
22255,6,7
22256,4,7
22260,2,7
22261,2,7
22262,4,7
22265,4,7
22266,2,7
22268,0,7
22269,1,7
22270,1,7
22271,6,7
22273,10,7
22274,4,7
22275,0,7
22276,9,7
22278,0,7
22279,0,7
22283,2,7
22284,0,7
22285,3,7
22288,1,7
22292,3,7
22293,10,7
22295,8,7
22296,2,7
22297,1,7
22302,8,7
22304,8,7
22306,11,7
22308,2,7
22309,10,7
22311,11,7
22314,9,7
22316,1,7
22317,8,7
22321,10,7
22322,0,7
22324,5,7
22325,6,7
22326,10,7
22328,0,7
22330,2,7
22332,7,7
22334,11,7
22338,11,7
22344,2,7
22348,8,7
22349,6,7
22350,6,7
22351,4,7
22352,6,7
22353,6,7
22356,0,7
22358,0,7
22359,3,7
22361,6,7
22363,2,7
22364,3,7
22366,1,7
22367,0,7
22370,11,7
22372,1,7
22373,6,7
22374,6,7
22376,2,7
22377,10,7
22379,1,7
22382,6,7
22383,3,7
22384,0,7
22387,1,7
22389,0,7
22392,8,7
22395,3,7
22396,0,7
22397,6,7
22401,1,7
22402,5,7
22403,1,7
22405,1,7
22407,10,7
22408,1,7
22410,1,7
22411,1,7
22417,8,7
22421,0,7
22429,10,7
22433,4,7
22434,3,7
22437,0,7
22441,6,7
22445,2,7
22446,6,7
22450,6,7
22452,2,7
22456,2,7
22459,2,7
22460,3,7
22461,9,7
22464,10,7
22465,3,7
22467,4,7
22471,9,7
22472,3,7
22473,6,7
22475,6,7
22476,9,7
22477,10,7
22478,2,7
22479,10,7
22481,9,7
22484,5,7
22491,10,7
22492,3,7
22493,3,7
22494,3,7
22495,2,7
22496,1,7
22498,2,7
22503,6,7
22506,6,7
22508,6,7
22509,6,7
22511,11,7
22512,6,7
22513,11,7
22514,6,7
22515,6,7
22519,6,7
22520,6,7
22521,3,7
22524,6,7
22526,4,7
22527,3,7
22528,6,7
22529,3,7
22530,1,7
22531,4,7
22532,11,7
22533,3,7
22536,3,7
22538,4,7
22541,3,7
22543,3,7
22545,3,7
22548,11,7
22549,3,7
22550,11,7
22556,6,7
22557,6,7
22558,6,7
22561,6,7
22565,6,7
22566,6,7
22569,0,7
22570,6,7
22571,3,7
22572,6,7
22573,8,7
22576,11,7
22577,0,7
22581,9,7
22582,3,7
22583,1,7
22585,1,7
22587,3,7
22589,5,7
22591,0,7
22596,0,7
22598,2,7
22599,6,7
22600,0,7
22602,3,7
22603,2,7
22609,0,7
22610,8,7
22611,6,7
22613,1,7
22618,6,7
22621,0,7
22624,9,7
22629,11,7
22630,1,7
22633,0,7
22636,8,7
22637,0,7
22638,8,7
22639,0,7
22640,4,7
22641,3,7
22643,2,7
22644,2,7
22646,3,7
22647,7,7
22648,1,7
22649,0,7
22651,8,7
22652,6,7
22653,1,7
22654,0,7
22655,3,7
22657,11,7
22660,6,7
22661,1,7
22663,11,7
22668,0,7
22672,10,7
22673,3,7
22675,6,7
22679,8,7
22682,1,7
22683,11,7
22684,5,7
22685,10,7
22686,0,7
22688,1,7
22693,11,7
22696,3,7
22705,4,7
22708,2,7
22710,11,7
22711,10,7
22712,1,7
22714,11,7
22719,8,7
22721,10,7
22722,0,7
22723,3,7
22724,11,7
22728,4,7
22729,1,7
22731,9,7
22732,8,7
22739,11,7
22749,3,7
22750,3,7
22751,8,7
22753,7,7
22755,0,7
22756,11,7
22758,8,7
22762,4,7
22764,1,7
22767,3,7
22768,4,7
22770,8,7
22771,4,7
22773,4,7
22774,10,7
22775,9,7
22777,1,7
22779,6,7
22780,11,7
22781,0,7
22782,5,7
22786,0,7
22790,4,7
22793,1,7
22794,1,7
22798,11,7
22799,6,7
22801,4,7
22802,5,7
22803,11,7
22804,3,7
22806,1,7
22808,4,7
22809,5,7
22810,11,7
22811,4,7
22818,4,7
22819,4,7
22823,3,7
22824,4,7
22826,3,7
22827,11,7
22828,11,7
22829,3,7
22830,10,7
22832,2,7
22833,2,7
22834,2,7
22835,3,7
22840,0,7
22841,8,7
22842,3,7
22843,7,7
22845,0,7
22846,8,7
22848,4,7
22850,1,7
22853,11,7
22855,4,7
22858,3,7
22860,1,7
22862,3,7
22864,11,7
22866,8,7
22868,3,7
22869,4,7
22871,3,7
22876,8,7
22877,4,7
22881,1,7
22882,1,7
22883,4,7
22886,3,7
22889,3,7
22891,3,7
22892,0,7
22893,10,7
22895,2,7
22896,4,7
22899,1,7
22901,1,7
22902,1,7
22904,10,7
22905,3,7
22906,1,7
22907,1,7
22909,3,7
22910,3,7
22913,5,7
22914,10,7
22915,10,7
22916,5,7
22917,8,7
22918,0,7
22919,6,7
22920,1,7
22921,11,7
22924,11,7
22926,0,7
22928,4,7
22929,3,7
22932,4,7
22933,0,7
22934,2,7
22935,8,7
22937,8,7
22941,2,7
22944,8,7
22950,10,7
22952,0,7
22956,1,7
22957,6,7
22959,8,7
22960,8,7
22961,8,7
22962,3,7
22964,2,7
22965,3,7
22967,11,7
22973,11,7
22974,10,7
22977,8,7
22978,4,7
22980,1,7
22981,5,7
22983,5,7
22984,1,7
22986,8,7
22988,1,7
22989,4,7
22992,4,7
22994,2,7
22996,1,7
22997,11,7
22998,1,7
22999,1,7
23000,2,7
23001,10,7
23002,2,7
23006,1,7
23008,2,7
23009,0,7
23011,3,7
23012,3,7
23015,10,7
23017,2,7
23020,11,7
23023,1,7
23024,3,7
23025,3,7
23029,3,7
23030,0,7
23032,3,7
23034,1,7
23035,8,7
23037,10,7
23040,8,7
23042,2,7
23044,3,7
23045,3,7
23046,3,7
23047,3,7
23048,8,7
23050,8,7
23056,1,7
23058,4,7
23062,1,7
23067,10,7
23069,3,7
23072,4,7
23073,0,7
23076,5,7
23077,3,7
23079,1,7
23080,5,7
23083,3,7
23085,0,7
23087,6,7
23090,0,7
23101,8,7
23105,1,7
23106,1,7
23110,8,7
23112,3,7
23113,11,7
23114,11,7
23120,8,7
23121,8,7
23122,11,7
23124,1,7
23125,11,7
23126,8,7
23127,8,7
23129,8,7
23131,0,7
23133,10,7
23136,11,7
23137,11,7
23139,6,7
23141,8,7
23143,11,7
23144,5,7
23145,10,7
23146,8,7
23151,1,7
23152,1,7
23153,4,7
23155,5,7
23156,11,7
23158,2,7
23159,0,7
23160,1,7
23163,0,7
23164,5,7
23166,5,7
23168,0,7
23169,2,7
23170,0,7
23172,1,7
23174,11,7
23175,1,7
23176,1,7
23180,0,7
23181,0,7
23186,1,7
23189,8,7
23190,1,7
23192,6,7
23193,0,7
23194,2,7
23195,0,7
23197,10,7
23198,6,7
23200,6,7
23201,0,7
23204,0,7
23205,0,7
23207,3,7
23208,1,7
23209,1,7
23210,4,7
23211,1,7
23213,6,7
23217,4,7
23219,3,7
23220,3,7
23221,3,7
23222,3,7
23223,5,7
23224,3,7
23228,3,7
23230,3,7
23234,1,7
23239,6,7
23240,8,7
23242,5,7
23243,6,7
23250,4,7
23253,6,7
23256,1,7
23257,5,7
23258,11,7
23260,1,7
23261,1,7
23262,4,7
23264,8,7
23269,4,7
23271,10,7
23272,1,7
23273,8,7
23274,1,7
23277,6,7
23278,6,7
23280,1,7
23282,8,7
23285,6,7
23286,6,7
23288,8,7
23292,1,7
23293,6,7
23294,6,7
23295,5,7
23297,3,7
23299,11,7
23300,1,7
23303,8,7
23305,6,7
23307,1,7
23309,11,7
23310,3,7
23311,3,7
23313,8,7
23314,4,7
23315,4,7
23316,1,7
23317,0,7
23319,1,7
23320,6,7
23322,6,7
23323,4,7
23325,4,7
23326,3,7
23327,1,7
23329,6,7
23330,1,7
23334,3,7
23335,11,7
23336,11,7
23337,1,7
23338,8,7
23339,11,7
23342,11,7
23343,3,7
23344,11,7
23346,10,7
23348,3,7
23351,5,7
23352,3,7
23353,11,7
23355,4,7
23356,11,7
23364,1,7
23366,1,7
23367,2,7
23369,8,7
23370,11,7
23372,0,7
23373,0,7
23374,0,7
23375,11,7
23378,8,7
23379,6,7
23380,8,7
23381,6,7
23388,8,7
23389,11,7
23394,11,7
23399,1,7
23400,1,7
23405,8,7
23413,3,7
23414,0,7
23415,0,7
23416,1,7
23417,3,7
23418,8,7
23420,8,7
23422,6,7
23428,1,7
23431,8,7
23432,6,7
23433,6,7
23435,8,7
23436,9,7
23441,8,7
23444,1,7
23445,0,7
23448,3,7
23454,6,7
23455,0,7
23456,0,7
23458,4,7
23460,4,7
23465,8,7
23468,10,7
23469,0,7
23476,0,7
23477,0,7
23479,3,7
23487,11,7
23489,4,7
23491,3,7
23493,0,7
23494,5,7
23495,0,7
23496,4,7
23498,4,7
23503,11,7
23505,0,7
23506,4,7
23507,1,7
23509,8,7
23512,1,7
23514,3,7
23515,3,7
23516,1,7
23517,6,7
23518,6,7
23520,0,7
23521,3,7
23522,1,7
23526,1,7
23529,1,7
23530,1,7
23531,5,7
23532,0,7
23537,4,7
23538,1,7
23540,1,7
23541,5,7
23543,4,7
23546,6,7
23551,11,7
23556,0,7
23561,4,7
23564,4,7
23566,4,7
23568,0,7
23573,0,7
23578,6,7
23579,0,7
23582,11,7
23585,4,7
23588,5,7
23589,5,7
23590,1,7
23591,0,7
23592,11,7
23594,1,7
23595,5,7
23598,1,7
23599,8,7
23601,11,7
23602,0,7
23603,0,7
23604,8,7
23605,5,7
23606,0,7
23607,0,7
23608,11,7
23611,1,7
23613,5,7
23614,1,7
23615,1,7
23616,3,7
23617,1,7
23619,1,7
23621,1,7
23623,1,7
23626,6,7
23627,3,7
23628,11,7
23629,1,7
23630,1,7
23633,5,7
23635,0,7
23637,11,7
23642,5,7
23644,0,7
23646,8,7
23647,3,7
23650,6,7
23651,10,7
23654,3,7
23657,0,7
23658,0,7
23660,1,7
23661,3,7
23662,4,7
23663,0,7
23668,1,7
23672,0,7
23673,6,7
23675,3,7
23676,2,7
23678,6,7
23679,8,7
23680,1,7
23682,6,7
23686,6,7
23687,11,7
23688,6,7
23690,8,7
23692,5,7
23697,5,7
23698,5,7
23699,1,7
23701,5,7
23706,6,7
23708,3,7
23715,0,7
23716,8,7
23717,1,7
23718,1,7
23720,6,7
23721,1,7
23722,6,7
23724,1,7
23726,6,7
23727,10,7
23734,3,7
23736,5,7
23737,1,7
23739,4,7
23740,5,7
23742,5,7
23743,4,7
23744,5,7
23745,6,7
23747,11,7
23749,4,7
23751,6,7
23754,0,7
23755,11,7
23757,11,7
23761,0,7
23764,11,7
23766,10,7
23767,0,7
23768,11,7
23771,11,7
23773,0,7
23775,4,7
23779,0,7
23780,0,7
23781,11,7
23785,10,7
23786,0,7
23787,11,7
23788,4,7
23789,6,7
23790,4,7
23791,0,7
23796,8,7
23797,11,7
23799,1,7
23800,9,7
23801,8,7
23803,9,7
23805,9,7
23809,5,7
23811,1,7
23813,1,7
23817,11,7
23818,0,7
23819,3,7
23820,0,7
23822,5,7
23823,8,7
23825,11,7
23827,8,7
23828,10,7
23832,10,7
23835,10,7
23837,8,7
23839,1,7
23841,4,7
23842,11,7
23843,10,7
23844,5,7
23845,8,7
23846,1,7
23847,3,7
23850,0,7
23851,3,7
23852,8,7
23856,0,7
23858,0,7
23859,1,7
23861,8,7
23863,1,7
23864,1,7
23865,8,7
23866,11,7
23868,6,7
23869,6,7
23870,1,7
23871,2,7
23873,0,7
23875,1,7
23879,10,7
23881,11,7
23882,1,7
23883,8,7
23886,11,7
23887,3,7
23890,10,7
23891,10,7
23893,11,7
23894,6,7
23895,10,7
23896,9,7
23899,11,7
23904,8,7
23905,1,7
23907,6,7
23909,1,7
23910,1,7
23912,1,7
23913,3,7
23916,3,7
23917,6,7
23919,8,7
23920,8,7
23921,0,7
23923,0,7
23924,4,7
23928,1,7
23934,8,7
23935,0,7
23939,0,7
23941,0,7
23943,0,7
23944,0,7
23945,0,7
23947,0,7
23948,0,7
23955,0,7
23957,10,7
23962,5,7
23963,3,7
23965,8,7
23966,8,7
23967,1,7
23969,3,7
23970,11,7
23971,4,7
23972,4,7
23973,3,7
23974,10,7
23975,3,7
23976,1,7
23979,8,7
23980,3,7
23981,3,7
23984,8,7
23985,6,7
23986,8,7
23987,8,7
23992,1,7
23994,3,7
23996,5,7
24004,4,7
24005,4,7
24006,8,7
24007,3,7
24008,0,7
24010,5,7
24012,1,7
24013,11,7
24015,1,7
24018,3,7
24021,11,7
24023,1,7
24024,4,7
24025,11,7
24027,3,7
24029,5,7
24030,0,7
24032,4,7
24033,10,7
24034,3,7
24035,11,7
24036,10,7
24037,1,7
24038,2,7
24040,3,7
24041,0,7
24043,3,7
24047,11,7
24048,1,7
24049,1,7
24052,1,7
24056,8,7
24059,3,7
24062,6,7
24065,1,7
24066,3,7
24068,6,7
24069,3,7
24072,4,7
24075,5,7
24076,4,7
24079,8,7
24080,4,7
24084,4,7
24086,5,7
24088,3,7
24092,1,7
24094,6,7
24095,6,7
24096,6,7
24097,6,7
24098,6,7
24100,6,7
24101,6,7
24103,6,7
24106,2,7
24108,6,7
24112,6,7
24113,6,7
24114,5,7
24115,6,7
24128,10,7
24130,0,7
24134,3,7
24135,3,7
24137,6,7
24138,1,7
24141,6,7
24145,3,7
24147,6,7
24149,6,7
24150,4,7
24155,4,7
24157,0,7
24159,11,7
24163,2,7
24164,8,7
24165,9,7
24167,1,7
24169,6,7
24171,1,7
24173,3,7
24174,1,7
24176,8,7
24178,11,7
24179,8,7
24181,11,7
24183,5,7
24184,8,7
24185,10,7
24186,8,7
24187,1,7
24191,1,7
24196,1,7
24197,8,7
24199,6,7
24200,6,7
24202,6,7
24203,6,7
24205,6,7
24206,6,7
24207,6,7
24208,6,7
24210,6,7
24211,6,7
24212,11,7
24213,0,7
24215,6,7
24216,1,7
24218,6,7
24219,6,7
24221,8,7
24222,11,7
24223,11,7
24228,0,7
24231,2,7
24233,8,7
24237,8,7
24239,9,7
24243,6,7
24244,3,7
24246,5,7
24247,5,7
24249,5,7
24250,9,7
24251,6,7
24252,10,7
24254,8,7
24255,11,7
24257,2,7
24258,8,7
24261,8,7
24263,8,7
24266,6,7
24277,0,7
24280,3,7
24289,1,7
24291,8,7
24292,1,7
24293,11,7
24294,6,7
24295,8,7
24298,6,7
24301,8,7
24302,3,7
24304,4,7
24305,2,7
24308,3,7
24310,0,7
24311,6,7
24313,0,7
24314,8,7
24316,6,7
24317,3,7
24321,6,7
24323,6,7
24326,8,7
24327,3,7
24328,1,7
24332,4,7
24333,8,7
24334,4,7
24337,10,7
24338,3,7
24340,5,7
24341,4,7
24342,1,7
24344,1,7
24345,3,7
24348,4,7
24349,4,7
24350,4,7
24352,6,7
24355,10,7
24359,0,7
24361,8,7
24362,8,7
24364,1,7
24367,3,7
24368,6,7
24369,1,7
24370,6,7
24371,4,7
24372,2,7
24374,6,7
24375,6,7
24376,6,7
24377,4,7
24378,4,7
24380,8,7
24381,0,7
24382,2,7
24383,4,7
24384,4,7
24385,2,7
24386,2,7
24387,3,7
24388,11,7
24389,6,7
24390,3,7
24392,6,7
24393,5,7
24396,1,7
24397,6,7
24402,6,7
24403,2,7
24404,1,7
24407,5,7
24410,1,7
24411,6,7
24412,6,7
24413,1,7
24416,5,7
24418,1,7
24420,4,7
24421,4,7
24422,4,7
24423,8,7
24424,8,7
24426,4,7
24427,0,7
24429,0,7
24430,11,7
24433,3,7
24434,10,7
24436,8,7
24439,3,7
24441,1,7
24444,3,7
24445,6,7
24446,5,7
24447,4,7
24451,10,7
24452,8,7
24455,11,7
24456,0,7
24457,4,7
24458,10,7
24460,4,7
24461,1,7
24462,3,7
24465,4,7
24468,2,7
24469,5,7
24470,4,7
24471,10,7
24473,1,7
24477,1,7
24478,4,7
24480,1,7
24481,8,7
24482,1,7
24483,1,7
24484,8,7
24491,10,7
24492,3,7
24493,3,7
24494,5,7
24497,6,7
24498,5,7
24499,1,7
24500,11,7
24501,1,7
24505,2,7
24506,8,7
24511,2,7
24515,11,7
24517,6,7
24521,10,7
24522,1,7
24523,11,7
24526,10,7
24528,11,7
24533,10,7
24534,3,7
24537,2,7
24539,4,7
24540,3,7
24542,8,7
24543,8,7
24545,5,7
24546,4,7
24547,10,7
24549,1,7
24554,4,7
24555,1,7
24557,10,7
24562,11,7
24563,11,7
24565,1,7
24566,1,7
24567,5,7
24572,1,7
24573,3,7
24577,0,7
24579,1,7
24580,6,7
24582,1,7
24584,6,7
24585,6,7
24586,11,7
24588,8,7
24589,10,7
24590,0,7
24593,10,7
24595,11,7
24602,6,7
24605,8,7
24606,10,7
24607,3,7
24612,10,7
24616,4,7
24617,0,7
24619,0,7
24620,2,7
24621,0,7
24622,3,7
24623,1,7
24625,7,7
24626,0,7
24627,3,7
24628,8,7
24629,1,7
24631,2,7
24635,2,7
24637,11,7
24638,2,7
24639,4,7
24643,8,7
24645,5,7
24649,5,7
24650,2,7
24653,2,7
24655,10,7
24656,0,7
24658,8,7
24659,0,7
24661,11,7
24663,1,7
24664,1,7
24665,0,7
24669,4,7
24670,8,7
24672,6,7
24673,8,7
24674,1,7
24675,8,7
24676,6,7
24679,11,7
24681,0,7
24682,5,7
24684,3,7
24692,1,7
24693,10,7
24695,8,7
24697,5,7
24699,11,7
24705,8,7
24706,1,7
24709,4,7
24710,6,7
24712,0,7
24716,2,7
24724,1,7
24728,6,7
24730,6,7
24731,6,7
24733,0,7
24735,8,7
24736,8,7
24738,5,7
24739,11,7
24745,1,7
24746,2,7
24748,6,7
24750,1,7
24751,1,7
24752,11,7
24753,0,7
24758,0,7
24759,1,7
24760,1,7
24763,3,7
24764,1,7
24765,8,7
24768,10,7
24772,3,7
24773,5,7
24775,3,7
24777,1,7
24778,10,7
24779,3,7
24780,5,7
24781,0,7
24782,8,7
24784,1,7
24785,11,7
24786,1,7
24788,5,7
24794,6,7
24799,1,7
24800,8,7
24801,5,7
24803,1,7
24804,8,7
24808,8,7
24812,10,7
24813,10,7
24819,3,7
24822,2,7
24823,2,7
24824,3,7
24827,0,7
24828,8,7
24830,4,7
24835,1,7
24840,1,7
24847,8,7
24848,5,7
24850,10,7
24851,5,7
24852,0,7
24856,3,7
24857,10,7
24859,4,7
24861,6,7
24863,0,7
24864,11,7
24865,11,7
24867,10,7
24868,1,7
24872,2,7
24873,1,7
24874,8,7
24876,0,7
24878,8,7
24880,1,7
24882,3,7
24888,1,7
24890,11,7
24891,11,7
24893,1,7
24894,10,7
24895,4,7
24896,2,7
24898,8,7
24899,0,7
24901,3,7
24903,2,7
24906,3,7
24908,11,7
24909,8,7
24910,1,7
24912,8,7
24913,6,7
24915,11,7
24916,8,7
24921,6,7
24922,8,7
24924,1,7
24926,8,7
24929,11,7
24930,6,7
24931,3,7
24933,11,7
24934,4,7
24936,6,7
24938,8,7
24943,10,7
24947,10,7
24948,8,7
24949,1,7
24950,5,7
24952,5,7
24953,11,7
24954,10,7
24957,11,7
24958,11,7
24960,11,7
24961,10,7
24962,0,7
24963,8,7
24965,3,7
24969,4,7
24973,1,7
24975,6,7
24978,8,7
24979,2,7
24980,8,7
24981,1,7
24983,6,7
24984,6,7
24986,2,7
24991,8,7
24994,6,7
24998,6,7
24999,6,7
25002,6,7
25007,1,7
25010,10,7
25011,11,7
25013,6,7
25014,6,7
25018,1,7
25021,1,7
25023,1,7
25024,6,7
25026,1,7
25027,8,7
25029,0,7
25031,10,7
25033,1,7
25034,6,7
25038,0,7
25039,7,7
25043,1,7
25045,11,7
25049,1,7
25050,7,7
25054,3,7
25055,1,7
25056,3,7
25058,11,7
25064,8,7
25066,8,7
25071,5,7
25072,5,7
25073,5,7
25074,0,7
25075,0,7
25076,0,7
25077,4,7
25079,5,7
25082,4,7
25084,3,7
25085,1,7
25086,4,7
25087,5,7
25088,4,7
25091,3,7
25093,0,7
25096,4,7
25097,0,7
25098,0,7
25100,3,7
25108,6,7
25111,0,7
25114,6,7
25116,5,7
25119,3,7
25124,3,7
25125,8,7
25126,3,7
25128,4,7
25129,10,7
25132,0,7
25133,11,7
25134,4,7
25136,3,7
25137,4,7
25138,10,7
25139,1,7
25140,2,7
25141,3,7
25142,10,7
25144,3,7
25145,0,7
25148,10,7
25152,3,7
25153,8,7
25155,4,7
25157,2,7
25159,8,7
25160,2,7
25161,3,7
25164,3,7
25170,3,7
25171,3,7
25172,4,7
25173,4,7
25174,0,7
25175,3,7
25179,4,7
25181,8,7
25182,11,7
25188,11,7
25190,3,7
25193,3,7
25195,0,7
25197,0,7
25199,8,7
25200,0,7
25201,5,7
25202,8,7
25203,6,7
25206,6,7
25207,6,7
25208,6,7
25210,5,7
25211,1,7
25213,3,7
25214,11,7
25219,11,7
25220,5,7
25222,5,7
25224,4,7
25225,10,7
25228,5,7
25231,0,7
25232,8,7
25233,4,7
25234,4,7
25237,10,7
25238,8,7
25239,11,7
25240,0,7
25243,0,7
25244,8,7
25245,5,7
25246,5,7
25248,5,7
25249,5,7
25250,8,7
25252,8,7
25253,0,7
25254,4,7
25255,3,7
25260,4,7
25263,4,7
25264,4,7
25265,5,7
25266,4,7
25267,5,7
25269,5,7
25271,8,7
25281,4,7
25283,4,7
25284,8,7
25285,5,7
25288,1,7
25290,10,7
25291,8,7
25292,4,7
25296,0,7
25300,8,7
25303,8,7
25304,5,7
25305,10,7
25306,4,7
25308,4,7
25309,8,7
25310,11,7
25311,5,7
25315,8,7
25321,5,7
25323,3,7
25324,5,7
25325,11,7
25326,10,7
25327,11,7
25329,2,7
25330,0,7
25331,11,7
25332,1,7
25335,10,7
25340,10,7
25341,11,7
25344,8,7
25348,4,7
25349,4,7
25350,1,7
25352,11,7
25353,10,7
25355,10,7
25356,0,7
25359,8,7
25361,11,7
25364,4,7
25369,8,7
25371,11,7
25373,8,7
25374,8,7
25375,1,7
25376,11,7
25377,10,7
25383,5,7
25385,5,7
25388,11,7
25389,11,7
25393,10,7
25396,3,7
25399,1,7
25400,5,7
25403,11,7
25404,5,7
25405,5,7
25408,5,7
25409,11,7
25413,4,7
25415,5,7
25417,4,7
25418,5,7
25421,0,7
25422,0,7
25424,11,7
25429,0,7
25430,11,7
25434,8,7
25438,6,7
25439,6,7
25441,8,7
25442,6,7
25445,8,7
25446,4,7
25447,6,7
25449,4,7
25451,8,7
25452,8,7
25453,0,7
25455,6,7
25458,1,7
25459,3,7
25461,3,7
25462,10,7
25466,5,7
25467,8,7
25468,5,7
25469,1,7
25471,4,7
25473,6,7
25477,8,7
25478,6,7
25480,6,7
25481,6,7
25484,6,7
25486,2,7
25487,8,7
25488,0,7
25495,11,7
25501,8,7
25502,8,7
25503,3,7
25506,8,7
25507,0,7
25508,8,7
25509,0,7
25512,3,7
25513,0,7
25514,8,7
25520,1,7
25521,1,7
25526,5,7
25528,4,7
25529,10,7
25531,0,7
25533,4,7
25535,0,7
25536,8,7
25540,11,7
25541,0,7
25542,0,7
25543,8,7
25546,11,7
25554,0,7
25558,11,7
25564,0,7
25565,5,7
25569,0,7
25571,5,7
25572,0,7
25573,0,7
25576,6,7
25578,4,7
25580,10,7
25581,4,7
25582,6,7
25584,6,7
25588,6,7
25590,8,7
25593,6,7
25597,8,7
25598,0,7
25603,3,7
25604,6,7
25605,0,7
25606,8,7
25608,8,7
25609,0,7
25610,3,7
25612,1,7
25614,0,7
25615,6,7
25620,2,7
25621,3,7
25623,1,7
25624,11,7
25626,6,7
25627,6,7
25628,6,7
25630,6,7
25631,6,7
25635,6,7
25636,6,7
25637,6,7
25640,3,7
25641,6,7
25643,4,7
25647,9,7
25648,10,7
25652,6,7
25653,10,7
25655,8,7
25659,5,7
25661,1,7
25662,9,7
25663,0,7
25665,9,7
25668,2,7
25669,2,7
25670,8,7
25671,8,7
25676,6,7
25679,5,7
25681,6,7
25684,6,7
25685,6,7
25686,8,7
25687,5,7
25689,3,7
25690,10,7
25691,10,7
25693,11,7
25694,5,7
25696,8,7
25697,4,7
25701,0,7
25703,3,7
25707,8,7
25708,3,7
25709,3,7
25713,2,7
25716,0,7
25717,7,7
25718,11,7
25721,6,7
25725,6,7
25726,6,7
25729,6,7
25730,10,7
25731,5,7
25732,1,7
25735,8,7
25737,10,7
25740,6,7
25742,6,7
25743,8,7
25747,10,7
25749,11,7
25750,8,7
25751,3,7
25752,5,7
25754,8,7
25755,8,7
25756,5,7
25758,3,7
25760,4,7
25763,5,7
25764,2,7
25767,4,7
25768,0,7
25769,3,7
25770,3,7
25771,3,7
25773,3,7
25774,11,7
25776,7,7
25779,4,7
25781,0,7
25782,6,7
25783,4,7
25787,6,7
25794,1,7
25795,3,7
25796,3,7
25797,3,7
25798,3,7
25799,2,7
25802,11,7
25803,0,7
25806,3,7
25807,10,7
25809,3,7
25810,8,7
25812,10,7
25813,8,7
25815,11,7
25817,11,7
25818,3,7
25819,3,7
25827,11,7
25828,0,7
25829,4,7
25830,11,7
25831,0,7
25833,4,7
25834,1,7
25837,8,7
25840,3,7
25841,10,7
25842,6,7
25843,11,7
25844,8,7
25845,6,7
25846,6,7
25855,8,7
25856,5,7
25857,10,7
25858,3,7
25859,11,7
25861,4,7
25862,1,7
25863,8,7
25864,8,7
25865,0,7
25867,6,7
25868,1,7
25869,1,7
25870,6,7
25871,5,7
25872,6,7
25873,6,7
25876,4,7
25878,10,7
25880,8,7
25881,0,7
25882,4,7
25884,3,7
25885,7,7
25886,0,7
25889,1,7
25891,4,7
25892,1,7
25893,6,7
25894,10,7
25896,10,7
25898,6,7
25899,10,7
25900,6,7
25904,10,7
25907,5,7
25908,3,7
25913,11,7
25914,0,7
25915,3,7
25916,7,7
25922,5,7
25924,4,7
25925,11,7
25926,11,7
25927,1,7
25930,8,7
25932,0,7
25936,0,7
25937,0,7
25941,0,7
25942,8,7
25946,8,7
25948,6,7
25949,0,7
25950,4,7
25952,0,7
25953,0,7
25955,3,7
25959,0,7
25962,1,7
25964,6,7
25965,3,7
25967,3,7
25969,6,7
25971,5,7
25974,8,7
25980,7,7
25983,0,7
25984,11,7
25986,3,7
25987,8,7
25990,6,7
25994,8,7
25995,1,7
25996,0,7
25997,0,7
26001,6,7
26002,4,7
26003,0,7
26005,8,7
26010,4,7
26018,11,7
26019,5,7
26020,0,7
26021,0,7
26023,1,7
26024,0,7
26027,3,7
26031,11,7
26032,8,7
26033,10,7
26034,11,7
26037,8,7
26040,0,7
26041,0,7
26042,3,7
26043,11,7
26045,4,7
26050,10,7
26051,5,7
26052,6,7
26053,3,7
26054,5,7
26058,4,7
26059,10,7
26060,6,7
26061,1,7
26063,8,7
26064,11,7
26066,8,7
26068,3,7
26072,6,7
26073,8,7
26074,11,7
26075,5,7
26077,1,7
26079,5,7
26080,5,7
26083,1,7
26087,5,7
26090,8,7
26091,5,7
26095,4,7
26096,11,7
26097,3,7
26100,11,7
26101,3,7
26103,6,7
26106,0,7
26108,6,7
26109,1,7
26112,0,7
26113,8,7
26114,3,7
26115,7,7
26116,3,7
26120,1,7
26122,1,7
26124,0,7
26126,0,7
26127,5,7
26129,8,7
26130,8,7
26131,8,7
26134,8,7
26135,8,7
26136,8,7
26139,4,7
26142,4,7
26144,8,7
26146,1,7
26147,0,7
26150,8,7
26158,10,7
26159,11,7
26161,11,7
26163,3,7
26164,6,7
26166,4,7
26167,11,7
26168,5,7
26169,1,7
26171,8,7
26174,5,7
26179,7,7
26180,10,7
26181,6,7
26182,5,7
26184,10,7
26186,3,7
26191,6,7
26192,8,7
26193,8,7
26197,11,7
26200,3,7
26202,10,7
26203,8,7
26210,3,7
26211,3,7
26212,5,7
26213,0,7
26216,4,7
26217,9,7
26223,1,7
26224,3,7
26227,4,7
26229,11,7
26231,1,7
26233,3,7
26236,2,7
26237,2,7
26241,1,7
26242,1,7
26243,0,7
26244,1,7
26246,1,7
26247,1,7
26249,0,7
26251,6,7
26252,8,7
26253,8,7
26257,0,7
26258,6,7
26259,5,7
26260,5,7
26262,3,7
26267,1,7
26268,8,7
26271,4,7
26274,8,7
26275,11,7
26276,8,7
26280,3,7
26282,6,7
26286,8,7
26288,8,7
26294,0,7
26298,1,7
26302,4,7
26303,6,7
26305,6,7
26306,5,7
26307,6,7
26308,0,7
26310,0,7
26311,0,7
26313,1,7
26316,3,7
26317,5,7
26318,4,7
26319,10,7
26320,10,7
26322,0,7
26323,0,7
26324,6,7
26329,1,7
26330,5,7
26332,4,7
26334,4,7
26335,5,7
26337,6,7
26338,1,7
26339,6,7
26342,5,7
26343,5,7
26344,6,7
26345,4,7
26346,6,7
26348,5,7
26349,11,7
26351,5,7
26353,11,7
26355,4,7
26357,1,7
26360,8,7
26364,6,7
26367,5,7
26368,8,7
26371,11,7
26375,5,7
26377,11,7
26380,5,7
26381,5,7
26383,11,7
26384,0,7
26387,8,7
26388,4,7
26389,5,7
26391,0,7
26392,3,7
26394,0,7
26396,3,7
26397,6,7
26402,4,7
26404,5,7
26405,6,7
26410,6,7
26412,3,7
26413,4,7
26415,5,7
26416,8,7
26418,10,7
26422,11,7
26424,11,7
26426,6,7
26429,5,7
26434,8,7
26435,5,7
26436,8,7
26438,0,7
26441,3,7
26443,0,7
26446,7,7
26448,1,7
26449,0,7
26450,11,7
26452,10,7
26454,1,7
26456,1,7
26458,5,7
26459,8,7
26460,8,7
26461,3,7
26462,0,7
26463,0,7
26464,3,7
26466,8,7
26472,0,7
26473,1,7
26476,11,7
26479,4,7
26480,0,7
26481,3,7
26482,7,7
26486,0,7
26487,10,7
26488,1,7
26491,10,7
26492,1,7
26493,1,7
26494,0,7
26495,0,7
26496,0,7
26500,0,7
26501,3,7
26504,10,7
26509,4,7
26513,0,7
26514,0,7
26516,4,7
26517,0,7
26518,3,7
26522,4,7
26523,1,7
26524,4,7
26526,1,7
26529,5,7
26530,0,7
26535,7,7
26537,3,7
26538,8,7
26540,0,7
26541,8,7
26544,3,7
26545,0,7
26546,3,7
26549,0,7
26550,0,7
26551,8,7
26552,2,7
26554,9,7
26556,1,7
26557,4,7
26561,10,7
26562,1,7
26563,10,7
26565,1,7
26566,0,7
26569,2,7
26575,3,7
26577,0,7
26582,11,7
26584,0,7
26586,3,7
26587,7,7
26588,6,7
26590,0,7
26591,3,7
26593,10,7
26594,0,7
26596,0,7
26599,0,7
26602,10,7
26603,4,7
26604,8,7
26605,4,7
26607,0,7
26610,3,7
26621,11,7
26624,0,7
26625,6,7
26629,7,7
26632,6,7
26635,11,7
26637,8,7
26638,0,7
26640,3,7
26642,4,7
26647,3,7
26650,8,7
26652,11,7
26653,1,7
26658,10,7
26661,7,7
26662,11,7
26663,3,7
26664,3,7
26665,3,7
26666,3,7
26667,3,7
26668,4,7
26669,2,7
26674,4,7
26675,1,7
26676,1,7
26677,3,7
26678,3,7
26679,11,7
26682,3,7
26683,0,7
26684,11,7
26686,1,7
26687,8,7
26688,2,7
26689,0,7
26693,11,7
26694,3,7
26695,3,7
26697,3,7
26698,10,7
26699,5,7
26700,3,7
26701,8,7
26703,2,7
26704,4,7
26705,11,7
26706,11,7
26711,1,7
26712,5,7
26713,4,7
26717,11,7
26718,8,7
26721,3,7
26724,2,7
26725,9,7
26729,3,7
26735,3,7
26740,3,7
26743,6,7
26744,0,7
26746,2,7
26748,0,7
26749,4,7
26750,5,7
26753,0,7
26757,6,7
26758,0,7
26760,5,7
26764,4,7
26765,1,7
26766,8,7
26767,0,7
26768,0,7
26769,4,7
26771,0,7
26772,4,7
26773,4,7
26774,4,7
26776,1,7
26777,8,7
26778,1,7
26779,8,7
26780,6,7
26781,6,7
26784,6,7
26785,11,7
26786,3,7
26787,0,7
26788,3,7
26789,4,7
26791,3,7
26792,3,7
26793,0,7
26795,8,7
26800,8,7
26803,0,7
26808,11,7
26812,4,7
26813,8,7
26814,8,7
26815,2,7
26816,5,7
26818,8,7
26820,2,7
26821,11,7
26824,8,7
26827,4,7
26828,10,7
26829,8,7
26830,6,7
26833,0,7
26837,1,7
26839,3,7
26840,4,7
26841,3,7
26843,2,7
26845,8,7
26846,11,7
26847,1,7
26856,10,7
26858,2,7
26860,2,7
26861,3,7
26864,7,7
26867,4,7
26868,1,7
26869,10,7
26871,8,7
26873,0,7
26874,6,7
26879,6,7
26882,3,7
26884,4,7
26888,4,7
26890,1,7
26891,11,7
26892,4,7
26893,1,7
26894,5,7
26895,1,7
26899,3,7
26900,1,7
26902,4,7
26903,10,7
26906,3,7
26908,1,7
26910,10,7
26911,8,7
26912,3,7
26915,1,7
26919,3,7
26922,4,7
26927,3,7
26929,0,7
26931,0,7
26933,11,7
26934,3,7
26936,3,7
26937,3,7
26940,11,7
26941,10,7
26942,8,7
26944,1,7
26945,1,7
26949,1,7
26956,8,7
26960,5,7
26961,10,7
26963,9,7
26967,0,7
26969,3,7
26970,5,7
26971,6,7
26973,10,7
26977,0,7
26978,3,7
26979,5,7
26980,3,7
26983,3,7
26985,3,7
26988,1,7
26993,0,7
26994,8,7
26995,1,7
26996,11,7
27000,6,7
27001,6,7
27004,11,7
27006,5,7
27008,6,7
27009,4,7
27010,4,7
27012,5,7
27016,6,7
27017,6,7
27018,6,7
27019,0,7
27021,6,7
27022,6,7
27024,6,7
27026,2,7
27028,6,7
27031,6,7
27034,6,7
27035,6,7
27036,6,7
27037,8,7
27038,2,7
27040,11,7
27046,6,7
27047,8,7
27049,6,7
27051,5,7
27053,8,7
27054,8,7
27058,6,7
27059,0,7
27060,0,7
27061,8,7
27062,0,7
27063,6,7
27064,0,7
27067,11,7
27069,5,7
27070,1,7
27071,1,7
27072,5,7
27078,8,7
27079,6,7
27084,5,7
27085,8,7
27088,5,7
27090,0,7
27092,8,7
27093,6,7
27096,1,7
27098,6,7
27099,8,7
27101,11,7
27102,5,7
27104,6,7
27107,5,7
27109,3,7
27110,3,7
27112,0,7
27116,5,7
27119,0,7
27121,5,7
27123,4,7
27125,0,7
27126,0,7
27131,11,7
27137,6,7
27138,0,7
27142,8,7
27143,10,7
27144,8,7
27145,0,7
27147,3,7
27148,4,7
27149,5,7
27152,8,7
27155,0,7
27158,4,7
27159,11,7
27162,11,7
27165,0,7
27169,4,7
27171,4,7
27173,0,7
27174,1,7
27175,6,7
27176,4,7
27178,5,7
27179,5,7
27183,0,7
27184,4,7
27185,5,7
27187,4,7
27189,5,7
27191,1,7
27193,4,7
27194,8,7
27199,5,7
27202,11,7
27203,0,7
27210,1,7
27212,1,7
27214,8,7
27218,5,7
27220,4,7
27221,4,7
27223,3,7
27225,3,7
27227,11,7
27229,11,7
27231,3,7
27232,3,7
27233,11,7
27234,3,7
27237,1,7
27239,2,7
27242,3,7
27244,8,7
27245,4,7
27247,11,7
27248,11,7
27249,3,7
27252,11,7
27253,10,7
27259,3,7
27261,11,7
27263,0,7
27264,0,7
27267,0,7
27269,4,7
27270,11,7
27271,6,7
27274,6,7
27275,8,7
27282,1,7
27283,0,7
27286,1,7
27288,11,7
27291,0,7
27292,11,7
27294,0,7
27295,0,7
27296,3,7
27297,11,7
27298,8,7
27300,1,7
27303,5,7
27305,0,7
27308,1,7
27310,1,7
27311,1,7
27314,5,7
27316,5,7
27317,11,7
27318,0,7
27320,0,7
27322,0,7
27325,0,7
27327,11,7
27329,0,7
27333,8,7
27334,1,7
27335,0,7
27336,1,7
27342,1,7
27343,0,7
27344,8,7
27348,8,7
27349,11,7
27351,0,7
27352,0,7
27356,0,7
27357,8,7
27359,11,7
27362,8,7
27363,8,7
27365,6,7
27367,1,7
27368,11,7
27369,0,7
27373,4,7
27375,1,7
27379,10,7
27380,11,7
27381,5,7
27389,10,7
27390,0,7
27393,10,7
27395,4,7
27396,1,7
27401,1,7
27402,8,7
27403,8,7
27404,8,7
27406,8,7
27408,11,7
27409,8,7
27411,8,7
27416,8,7
27417,8,7
27418,8,7
27421,0,7
27422,6,7
27427,0,7
27432,1,7
27433,1,7
27434,1,7
27435,3,7
27436,3,7
27437,8,7
27438,3,7
27439,1,7
27441,8,7
27443,6,7
27447,8,7
27448,4,7
27449,11,7
27451,0,7
27454,0,7
27455,8,7
27456,6,7
27457,1,7
27458,0,7
27459,0,7
27461,3,7
27463,4,7
27465,4,7
27466,1,7
27469,10,7
27471,10,7
27474,1,7
27477,3,7
27479,1,7
27480,0,7
27481,1,7
27485,11,7
27486,3,7
27487,3,7
27489,0,7
27495,3,7
27496,3,7
27498,4,7
27504,1,7
27505,3,7
27507,3,7
27511,4,7
27512,0,7
27514,6,7
27517,10,7
27519,8,7
27522,1,7
27523,1,7
27527,3,7
27529,11,7
27530,3,7
27534,11,7
27536,11,7
27537,10,7
27538,0,7
27539,5,7
27540,5,7
27542,11,7
27543,6,7
27544,11,7
27545,11,7
27547,11,7
27548,11,7
27550,5,7
27555,8,7
27556,4,7
27558,5,7
27561,11,7
27562,11,7
27565,8,7
27567,4,7
27568,4,7
27570,0,7
27576,10,7
27581,11,7
27582,11,7
27583,5,7
27585,8,7
27587,11,7
27590,3,7
27592,6,7
27593,4,7
27595,4,7
27596,6,7
27599,6,7
27600,1,7
27601,8,7
27602,1,7
27604,1,7
27607,1,7
27611,8,7
27612,10,7
27613,0,7
27614,8,7
27615,1,7
27616,8,7
27622,8,7
27625,0,7
27627,0,7
27628,8,7
27630,0,7
27631,6,7
27635,8,7
27636,0,7
27637,2,7
27638,0,7
27642,5,7
27643,0,7
27644,5,7
27646,2,7
27647,8,7
27650,11,7
27651,8,7
27652,0,7
27654,8,7
27656,10,7
27658,6,7
27660,0,7
27661,11,7
27662,0,7
27665,0,7
27667,0,7
27668,1,7
27669,6,7
27670,1,7
27671,11,7
27673,6,7
27674,5,7
27680,3,7
27681,7,7
27687,11,7
27688,6,7
27693,6,7
27695,3,7
27697,8,7
27698,0,7
27699,8,7
27701,5,7
27704,8,7
27705,5,7
27708,11,7
27709,6,7
27710,3,7
27711,11,7
27714,6,7
27715,8,7
27717,6,7
27719,8,7
27720,6,7
27721,1,7
27722,4,7
27724,5,7
27726,6,7
27730,6,7
27733,0,7
27736,11,7
27741,6,7
27743,0,7
27744,8,7
27748,5,7
27749,0,7
27750,8,7
27752,6,7
27753,0,7
27754,8,7
27755,1,7
27756,6,7
27758,6,7
27760,9,7
27761,8,7
27765,1,7
27767,11,7
27768,4,7
27772,6,7
27773,1,7
27776,9,7
27779,0,7
27782,1,7
27783,8,7
27784,0,7
27789,6,7
27790,2,7
27792,8,7
27794,8,7
27795,8,7
27797,0,7
27800,8,7
27801,11,7
27803,8,7
27804,5,7
27805,1,7
27807,6,7
27812,4,7
27813,8,7
27814,1,7
27815,0,7
27816,7,7
27819,11,7
27820,6,7
27822,11,7
27824,6,7
27827,8,7
27828,0,7
27830,11,7
27831,8,7
27833,8,7
27834,9,7
27836,6,7
27837,8,7
27839,1,7
27840,10,7
27842,8,7
27845,3,7
27847,0,7
27850,0,7
27851,0,7
27852,4,7
27853,3,7
27858,4,7
27859,4,7
27860,6,7
27864,8,7
27869,4,7
27871,4,7
27872,3,7
27876,10,7
27878,8,7
27880,8,7
27886,4,7
27887,8,7
27888,1,7
27889,10,7
27890,1,7
27891,2,7
27893,2,7
27894,11,7
27896,2,7
27900,0,7
27901,2,7
27902,4,7
27903,3,7
27904,0,7
27905,0,7
27907,8,7
27908,8,7
27910,11,7
27911,6,7
27914,0,7
27918,8,7
27919,8,7
27923,8,7
27925,2,7
27927,10,7
27932,6,7
27934,6,7
27936,11,7
27942,4,7
27950,3,7
27951,6,7
27953,6,7
27954,0,7
27958,8,7
27963,10,7
27964,1,7
27965,1,7
27966,5,7
27969,1,7
27970,1,7
27972,1,7
27974,1,7
27975,10,7
27976,10,7
27977,0,7
27978,11,7
27979,11,7
27981,10,7
27982,11,7
27983,11,7
27985,1,7
27986,1,7
27989,2,7
27991,0,7
27992,8,7
27994,0,7
27995,3,7
27996,7,7
27997,8,7
27998,0,7
27999,10,7
28005,8,7
28006,5,7
28009,8,7
28010,4,7
28011,0,7
28012,0,7
28017,5,7
28019,8,7
28020,6,7
28021,11,7
28023,1,7
28027,8,7
28029,11,7
28030,1,7
28033,8,7
28034,10,7
28035,1,7
28040,6,7
28041,6,7
28042,1,7
28043,8,7
28045,8,7
28046,11,7
28047,5,7
28049,6,7
28051,3,7
28052,8,7
28053,1,7
28056,4,7
28059,5,7
28061,1,7
28065,1,7
28068,6,7
28072,0,7
28073,0,7
28075,0,7
28076,2,7
28078,2,7
28079,3,7
28081,4,7
28083,0,7
28086,11,7
28089,6,7
28092,11,7
28095,11,7
28096,1,7
28097,6,7
28098,8,7
28099,1,7
28100,3,7
28101,9,7
28102,6,7
28103,0,7
28104,1,7
28105,1,7
28107,3,7
28108,1,7
28109,3,7
28110,8,7
28112,1,7
28113,6,7
28115,8,7
28116,1,7
28117,1,7
28118,11,7
28119,10,7
28120,3,7
28121,3,7
28122,1,7
28124,10,7
28125,8,7
28126,6,7
28127,6,7
28128,5,7
28131,0,7
28136,11,7
28137,11,7
28139,8,7
28140,0,7
28144,8,7
28146,8,7
28148,0,7
28150,3,7
28153,8,7
28156,3,7
28157,4,7
28158,4,7
28159,11,7
28161,6,7
28162,6,7
28163,10,7
28165,11,7
28166,9,7
28168,1,7
28169,0,7
28171,11,7
28175,1,7
28177,3,7
28178,10,7
28186,6,7
28189,11,7
28191,11,7
28193,6,7
28196,11,7
28199,0,7
28200,0,7
28204,5,7
28206,1,7
28211,8,7
28212,10,7
28213,11,7
28218,0,7
28219,1,7
28221,11,7
28227,5,7
28236,7,7
28238,0,7
28240,5,7
28241,2,7
28243,10,7
28244,4,7
28246,6,7
28248,0,7
28249,5,7
28252,0,7
28253,8,7
28254,6,7
28256,8,7
28257,11,7
28258,6,7
28260,0,7
28262,8,7
28263,3,7
28265,6,7
28267,11,7
28271,0,7
28272,0,7
28275,0,7
28276,0,7
28282,6,7
28284,5,7
28286,1,7
28290,1,7
28291,5,7
28292,5,7
28293,8,7
28296,0,7
28297,4,7
28303,10,7
28306,6,7
28309,0,7
28310,2,7
28311,8,7
28312,2,7
28313,3,7
28315,0,7
28316,2,7
28319,3,7
28320,8,7
28322,8,7
28323,11,7
28324,8,7
28326,0,7
28331,7,7
28332,5,7
28334,4,7
28335,0,7
28338,4,7
28339,8,7
28342,1,7
28344,6,7
28346,11,7
28347,3,7
28349,11,7
28356,2,7
28358,10,7
28360,3,7
28361,1,7
28362,6,7
28366,11,7
28367,2,7
28372,10,7
28373,0,7
28374,0,7
28376,3,7
28377,2,7
28382,11,7
28383,11,7
28384,8,7
28388,11,7
28389,11,7
28392,0,7
28396,11,7
28397,1,7
28399,11,7
28402,0,7
28406,8,7
28408,8,7
28409,8,7
28411,3,7
28413,2,7
28416,2,7
28417,6,7
28420,5,7
28421,8,7
28422,0,7
28423,4,7
28425,8,7
28426,0,7
28427,1,7
28430,4,7
28431,4,7
28435,5,7
28437,3,7
28438,1,7
28440,0,7
28441,5,7
28442,4,7
28444,10,7
28445,9,7
28446,0,7
28447,0,7
28449,6,7
28455,8,7
28456,6,7
28457,0,7
28458,6,7
28461,3,7
28462,11,7
28463,3,7
28464,4,7
28465,8,7
28467,3,7
28470,2,7
28471,0,7
28472,1,7
28473,4,7
28479,10,7
28480,3,7
28486,11,7
28487,11,7
28488,0,7
28489,11,7
28494,0,7
28495,4,7
28496,8,7
28500,8,7
28501,8,7
28503,0,7
28505,8,7
28509,6,7
28510,8,7
28513,8,7
28515,11,7
28516,8,7
28518,11,7
28519,5,7
28521,1,7
28524,11,7
28526,0,7
28531,8,7
28532,6,7
28533,5,7
28542,0,7
28543,0,7
28550,1,7
28551,5,7
28553,5,7
28556,8,7
28558,0,7
28560,0,7
28563,0,7
28565,6,7
28567,0,7
28569,8,7
28574,10,7
28576,6,7
28578,0,7
28579,8,7
28580,8,7
28581,0,7
28583,0,7
28584,8,7
28585,8,7
28586,6,7
28589,8,7
28591,11,7
28592,0,7
28594,0,7
28595,0,7
28596,0,7
28597,4,7
28598,0,7
28599,8,7
28600,8,7
28601,11,7
28607,11,7
28608,2,7
28609,8,7
28611,10,7
28613,11,7
28614,11,7
28616,6,7
28617,1,7
28619,6,7
28622,6,7
28623,10,7
28624,10,7
28626,0,7
28627,11,7
28630,0,7
28632,1,7
28636,0,7
28637,6,7
28640,0,7
28641,11,7
28642,0,7
28643,11,7
28644,6,7
28649,0,7
28650,11,7
28656,6,7
28657,0,7
28658,4,7
28659,0,7
28661,1,7
28662,2,7
28663,11,7
28664,1,7
28665,4,7
28666,11,7
28667,1,7
28673,6,7
28674,6,7
28676,4,7
28678,0,7
28679,0,7
28680,2,7
28681,6,7
28683,6,7
28684,4,7
28685,3,7
28686,8,7
28689,0,7
28691,8,7
28701,11,7
28703,11,7
28705,10,7
28706,1,7
28710,1,7
28711,1,7
28713,0,7
28717,11,7
28719,5,7
28720,0,7
28723,5,7
28726,0,7
28727,5,7
28728,0,7
28729,0,7
28730,0,7
28738,1,7
28739,1,7
28740,5,7
28744,0,7
28745,8,7
28747,4,7
28748,8,7
28749,2,7
28751,6,7
28752,6,7
28758,3,7
28759,3,7
28761,0,7
28762,0,7
28763,10,7
28770,4,7
28771,2,7
28773,8,7
28775,0,7
28778,10,7
28779,0,7
28784,10,7
28785,4,7
28786,0,7
28789,6,7
28791,11,7
28792,1,7
28796,11,7
28799,0,7
28801,3,7
28806,3,7
28808,3,7
28809,9,7
28811,0,7
28813,4,7
28814,5,7
28815,4,7
28816,0,7
28817,2,7
28818,3,7
28819,6,7
28824,0,7
28825,4,7
28826,6,7
28827,1,7
28829,3,7
28832,4,7
28839,8,7
28847,0,7
28849,3,7
28851,0,7
28852,0,7
28856,5,7
28857,6,7
28858,0,7
28861,6,7
28862,11,7
28863,10,7
28864,3,7
28866,2,7
28867,8,7
28868,0,7
28872,4,7
28873,8,7
28877,10,7
28881,2,7
28882,3,7
28886,4,7
28888,4,7
28890,10,7
28891,3,7
28895,11,7
28898,10,7
28902,3,7
28903,6,7
28904,1,7
28905,6,7
28908,11,7
28909,10,7
28910,1,7
28912,1,7
28913,8,7
28918,10,7
28919,0,7
28921,2,7
28925,8,7
28928,1,7
28929,1,7
28934,11,7
28935,4,7
28937,3,7
28938,6,7
28939,8,7
28944,3,7
28945,6,7
28947,0,7
28950,7,7
28951,8,7
28953,8,7
28954,3,7
28955,4,7
28956,3,7
28958,3,7
28960,0,7
28961,0,7
28965,3,7
28966,7,7
28968,3,7
28969,6,7
28971,0,7
28974,0,7
28977,7,7
28978,6,7
28983,11,7
28984,10,7
28986,0,7
28988,0,7
28989,8,7
28991,2,7
28995,0,7
28996,0,7
28997,8,7
28998,7,7
29003,6,7
29005,3,7
29007,10,7
29008,3,7
29010,1,7
29012,0,7
29015,3,7
29016,0,7
29017,7,7
29019,6,7
29021,0,7
29023,7,7
29025,3,7
29026,7,7
29029,7,7
29031,2,7
29034,3,7
29035,7,7
29037,2,7
29038,0,7
29040,5,7
29041,11,7
29042,1,7
29043,11,7
29049,2,7
29050,0,7
29051,3,7
29053,1,7
29054,11,7
29056,3,7
29057,3,7
29058,2,7
29064,4,7
29065,3,7
29066,4,7
29068,2,7
29069,6,7
29070,4,7
29071,4,7
29074,3,7
29077,4,7
29078,0,7
29081,2,7
29082,2,7
29083,2,7
29085,0,7
29088,3,7
29089,8,7
29090,11,7
29091,3,7
29100,11,7
29102,0,7
29106,0,7
29108,0,7
29109,0,7
29110,0,7
29111,10,7
29112,2,7
29115,11,7
29117,6,7
29119,6,7
29120,0,7
29125,0,7
29127,5,7
29128,3,7
29129,3,7
29130,6,7
29131,0,7
29133,6,7
29137,3,7
29138,11,7
29141,6,7
29142,6,7
29143,0,7
29145,0,7
29147,7,7
29148,4,7
29149,4,7
29150,4,7
29153,7,7
29154,2,7
29155,1,7
29156,4,7
29159,5,7
29166,4,7
29167,0,7
29169,11,7
29170,11,7
29172,2,7
29174,11,7
29175,8,7
29176,6,7
29177,4,7
29182,11,7
29183,4,7
29186,1,7
29188,1,7
29191,1,7
29195,3,7
29198,11,7
29199,1,7
29200,8,7
29201,0,7
29206,8,7
29207,8,7
29208,1,7
29210,2,7
29211,11,7
29215,1,7
29217,1,7
29219,3,7
29221,1,7
29222,3,7
29223,4,7
29226,11,7
29228,0,7
29229,1,7
29231,1,7
29233,4,7
29238,3,7
29239,1,7
29242,1,7
29243,4,7
29244,1,7
29245,0,7
29246,3,7
29247,10,7
29248,6,7
29252,0,7
29254,3,7
29255,1,7
29256,3,7
29259,1,7
29260,3,7
29261,1,7
29262,1,7
29263,1,7
29266,11,7
29267,0,7
29268,0,7
29270,3,7
29271,0,7
29273,0,7
29274,0,7
29275,0,7
29276,0,7
29279,3,7
29282,8,7
29284,0,7
29285,0,7
29293,0,7
29294,0,7
29296,6,7
29302,6,7
29303,6,7
29305,4,7
29306,4,7
29308,8,7
29311,10,7
29313,5,7
29314,6,7
29315,6,7
29316,6,7
29319,11,7
29321,1,7
29322,4,7
29323,0,7
29325,11,7
29326,6,7
29331,6,7
29333,0,7
29334,11,7
29335,6,7
29337,0,7
29338,0,7
29341,11,7
29342,11,7
29343,8,7
29344,11,7
29348,11,7
29349,0,7
29351,11,7
29352,5,7
29353,11,7
29354,11,7
29355,11,7
29358,8,7
29359,3,7
29360,9,7
29364,1,7
29365,6,7
29366,0,7
29368,10,7
29370,10,7
29380,6,7
29382,0,7
29383,0,7
29387,0,7
29388,3,7
29389,7,7
29391,10,7
29392,1,7
29395,1,7
29396,6,7
29397,0,7
29399,0,7
29401,11,7
29406,0,7
29411,0,7
29412,2,7
29413,3,7
29414,11,7
29416,4,7
29417,8,7
29419,3,7
29422,5,7
29423,10,7
29429,0,7
29434,2,7
29435,3,7
29436,7,7
29438,6,7
29440,10,7
29441,1,7
29442,1,7
29444,1,7
29449,3,7
29450,10,7
29451,1,7
29452,0,7
29453,11,7
29454,10,7
29456,0,7
29457,11,7
29458,10,7
29459,8,7
29460,5,7
29462,0,7
29463,8,7
29464,1,7
29465,11,7
29466,3,7
29468,6,7
29474,8,7
29478,2,7
29479,10,7
29481,10,7
29484,11,7
29487,0,7
29488,1,7
29489,3,7
29490,11,7
29494,5,7
29498,6,7
29499,1,7
29503,0,7
29505,7,7
29506,8,7
29507,6,7
29508,0,7
29509,3,7
29514,0,7
29515,1,7
29517,6,7
29518,11,7
29521,11,7
29522,10,7
29524,1,7
29525,10,7
29528,4,7
29531,3,7
29532,0,7
29534,4,7
29535,11,7
29536,3,7
29537,1,7
29538,0,7
29539,0,7
29542,11,7
29544,2,7
29547,6,7
29551,10,7
29555,2,7
29556,3,7
29558,6,7
29560,6,7
29561,11,7
29562,10,7
29563,10,7
29567,2,7
29568,11,7
29569,6,7
29571,9,7
29573,11,7
29578,6,7
29582,10,7
29585,3,7
29586,7,7
29587,11,7
29588,0,7
29589,3,7
29593,0,7
29594,0,7
29595,0,7
29596,0,7
29599,0,7
29600,0,7
29601,3,7
29606,0,7
29608,5,7
29609,10,7
29610,8,7
29611,10,7
29612,0,7
29613,3,7
29614,7,7
29615,8,7
29618,8,7
29619,0,7
29620,0,7
29624,2,7
29626,0,7
29627,2,7
29628,3,7
29633,10,7
29634,8,7
29635,4,7
29636,3,7
29637,10,7
29638,11,7
29640,0,7
29641,10,7
29642,6,7
29643,3,7
29645,10,7
29646,3,7
29647,10,7
29648,8,7
29649,11,7
29650,11,7
29651,11,7
29656,7,7
29659,10,7
29660,3,7
29662,11,7
29664,8,7
29673,3,7
29674,1,7
29678,0,7
29679,3,7
29682,8,7
29683,3,7
29686,10,7
29687,8,7
29688,1,7
29690,11,7
29691,10,7
29693,10,7
29694,3,7
29699,3,7
29700,1,7
29701,3,7
29702,11,7
29704,10,7
29705,2,7
29706,3,7
29707,1,7
29708,5,7
29710,3,7
29716,11,7
29718,3,7
29719,3,7
29721,11,7
29723,0,7
29724,0,7
29726,3,7
29727,3,7
29729,0,7
29732,3,7
29735,0,7
29736,6,7
29743,9,7
29744,6,7
29747,4,7
29748,0,7
29751,10,7
29753,0,7
29758,5,7
29760,3,7
29761,6,7
29762,2,7
29769,0,7
29770,0,7
29771,3,7
29772,0,7
29773,6,7
29775,0,7
29776,0,7
29779,5,7
29780,10,7
29781,6,7
29786,3,7
29787,0,7
29788,6,7
29790,0,7
29791,3,7
29799,6,7
29800,1,7
29803,4,7
29804,3,7
29805,4,7
29807,4,7
29808,4,7
29809,1,7
29812,2,7
29816,8,7
29818,8,7
29819,8,7
29820,6,7
29821,6,7
29822,6,7
29823,6,7
29824,5,7
29826,5,7
29827,11,7
29828,5,7
29829,3,7
29832,11,7
29833,1,7
29834,3,7
29835,5,7
29837,5,7
29841,4,7
29842,5,7
29843,0,7
29845,1,7
29847,0,7
29848,4,7
29851,0,7
29853,4,7
29857,5,7
29859,5,7
29860,8,7
29861,1,7
29862,11,7
29866,6,7
29868,8,7
29869,6,7
29874,1,7
29875,5,7
29878,11,7
29879,6,7
29880,5,7
29881,6,7
29883,4,7
29885,5,7
29886,4,7
29887,8,7
29889,11,7
29890,0,7
29891,5,7
29892,6,7
29896,3,7
29900,2,7
29901,11,7
29906,0,7
29909,8,7
29914,8,7
29915,3,7
29916,6,7
29918,11,7
29919,5,7
29920,10,7
29923,5,7
29926,1,7
29927,1,7
29929,1,7
29931,3,7
29933,11,7
29934,4,7
29935,5,7
29937,6,7
29938,2,7
29939,3,7
29944,0,7
29946,3,7
29947,0,7
29950,4,7
29951,11,7
29952,5,7
29953,3,7
29957,3,7
29958,2,7
29959,4,7
29962,6,7
29964,6,7
29970,8,7
29971,1,7
29972,11,7
29973,10,7
29976,1,7
29977,8,7
29979,8,7
29981,8,7
29982,2,7
29983,0,7
29987,0,7
29988,0,7
29993,0,7
29994,2,7
29996,1,7
29997,6,7
30000,10,7
30002,10,7
30003,1,7
30004,4,7
30007,8,7
30010,3,7
30012,10,7
30014,0,7
30016,1,7
30017,4,7
30019,4,7
30021,1,7
30023,10,7
30025,1,7
30026,8,7
30031,8,7
30032,3,7
30035,11,7
30037,2,7
30039,0,7
30040,0,7
30042,4,7
30044,7,7
30045,11,7
30046,0,7
30047,0,7
30050,0,7
30051,10,7
30053,6,7
30055,1,7
30057,10,7
30059,8,7
30061,11,7
30062,10,7
30064,1,7
30065,1,7
30067,2,7
30069,5,7
30071,2,7
30073,0,7
30074,1,7
30076,2,7
30079,11,7
30081,0,7
30082,1,7
30088,8,7
30092,4,7
30094,3,7
30095,11,7
30096,4,7
30097,1,7
30098,6,7
30102,4,7
30107,0,7
30113,11,7
30114,7,7
30118,11,7
30119,11,7
30122,1,7
30123,8,7
30124,3,7
30125,1,7
30126,10,7
30127,10,7
30130,8,7
30137,2,7
30139,5,7
30141,11,7
30142,1,7
30144,1,7
30147,3,7
30149,4,7
30150,4,7
30151,2,7
30152,11,7
30153,11,7
30154,11,7
30155,10,7
30156,4,7
30157,10,7
30159,11,7
30160,8,7
30162,8,7
30165,5,7
30167,6,7
30168,8,7
30170,0,7
30174,7,7
30175,4,7
30176,5,7
30179,10,7
30180,10,7
30181,1,7
30182,10,7
30184,5,7
30186,10,7
30187,0,7
30188,4,7
30191,1,7
30195,3,7
30196,3,7
30197,5,7
30200,10,7
30201,11,7
30202,10,7
30204,11,7
30205,11,7
30207,5,7
30208,4,7
30211,11,7
30213,7,7
30216,2,7
30217,2,7
30218,2,7
30220,3,7
30223,11,7
30224,8,7
30227,2,7
30228,1,7
30229,11,7
30231,4,7
30233,0,7
30234,11,7
30236,11,7
30240,5,7
30242,11,7
30250,6,7
30253,0,7
30256,3,7
30258,8,7
30259,11,7
30260,11,7
30263,1,7
30264,5,7
30265,3,7
30272,1,7
30274,3,7
30275,3,7
30277,1,7
30282,0,7
30292,6,7
30293,11,7
30295,3,7
30299,0,7
30300,5,7
30301,6,7
30302,0,7
30303,8,7
30304,2,7
30305,10,7
30307,0,7
30308,2,7
30309,4,7
30310,7,7
30313,3,7
30315,3,7
30316,10,7
30317,8,7
30318,9,7
30319,11,7
30320,4,7
30321,10,7
30324,3,7
30327,11,7
30329,8,7
30330,3,7
30334,11,7
30336,3,7
30338,5,7
30343,3,7
30344,10,7
30345,2,7
30347,3,7
30349,1,7
30350,4,7
30351,4,7
30356,2,7
30357,4,7
30362,6,7
30363,11,7
30366,1,7
30369,5,7
30370,2,7
30371,3,7
30376,4,7
30378,2,7
30379,6,7
30380,6,7
30381,5,7
30385,1,7
30387,11,7
30388,3,7
30389,11,7
30390,4,7
30391,4,7
30393,3,7
30395,3,7
30397,5,7
30400,9,7
30402,6,7
30404,6,7
30405,4,7
30406,3,7
30407,4,7
30409,4,7
30411,0,7
30413,1,7
30414,4,7
30417,0,7
30418,4,7
30419,0,7
30420,4,7
30421,3,7
30422,7,7
30423,2,7
30424,11,7
30425,4,7
30426,4,7
30427,3,7
30428,8,7
30430,1,7
30433,11,7
30434,3,7
30437,4,7
30438,11,7
30440,5,7
30441,5,7
30445,8,7
30446,1,7
30449,2,7
30450,3,7
30452,9,7
30454,1,7
30455,11,7
30456,11,7
30457,6,7
30458,6,7
30459,8,7
30462,1,7
30463,0,7
30464,4,7
30468,4,7
30469,8,7
30470,7,7
30474,10,7
30476,4,7
30479,8,7
30483,4,7
30485,11,7
30487,5,7
30488,4,7
30491,0,7
30494,8,7
30499,5,7
30500,4,7
30502,3,7
30503,0,7
30504,4,7
30506,3,7
30510,7,7
30511,3,7
30512,11,7
30514,0,7
30515,3,7
30516,1,7
30517,4,7
30520,4,7
30522,5,7
30525,8,7
30526,4,7
30527,11,7
30528,5,7
30529,11,7
30532,1,7
30533,9,7
30536,5,7
30537,9,7
30538,9,7
30542,11,7
30546,4,7
30547,1,7
30548,4,7
30551,0,7
30553,4,7
30554,10,7
30557,3,7
30559,8,7
30560,5,7
30563,9,7
30566,4,7
30572,11,7
30574,9,7
30576,1,7
30577,4,7
30578,5,7
30582,0,7
30583,10,7
30586,8,7
30587,3,7
30588,4,7
30590,11,7
30594,3,7
30597,4,7
30598,10,7
30600,1,7
30602,5,7
30605,3,7
30606,0,7
30610,8,7
30613,8,7
30616,4,7
30618,10,7
30621,5,7
30622,0,7
30623,3,7
30625,1,7
30626,4,7
30629,6,7
30630,8,7
30631,3,7
30634,0,7
30635,3,7
30636,0,7
30637,11,7
30640,5,7
30644,1,7
30645,1,7
30648,2,7
30649,0,7
30650,1,7
30652,8,7
30656,5,7
30658,1,7
30660,1,7
30661,10,7
30662,3,7
30663,1,7
30665,3,7
30667,5,7
30669,11,7
30670,0,7
30671,10,7
30672,11,7
30673,8,7
30674,4,7
30675,1,7
30679,8,7
30680,1,7
30681,11,7
30683,8,7
30684,10,7
30686,8,7
30687,4,7
30690,3,7
30693,5,7
30696,4,7
30701,11,7
30703,8,7
30704,11,7
30705,5,7
30708,4,7
30710,0,7
30712,5,7
30713,3,7
30714,2,7
30715,3,7
30717,1,7
30718,6,7
30719,2,7
30721,3,7
30722,3,7
30724,10,7
30725,10,7
30726,11,7
30727,10,7
30728,4,7
30729,2,7
30730,4,7
30731,5,7
30732,4,7
30738,3,7
30739,3,7
30742,4,7
30745,7,7
30747,2,7
30749,2,7
30751,10,7
30754,4,7
30756,0,7
30757,11,7
30758,8,7
30764,0,7
30768,2,7
30769,2,7
30770,2,7
30774,2,7
30775,11,7
30777,11,7
30781,4,7
30784,11,7
30787,4,7
30789,11,7
30790,8,7
30797,0,7
30798,5,7
30799,4,7
30800,1,7
30801,10,7
30803,0,7
30808,8,7
30810,0,7
30811,6,7
30812,5,7
30813,4,7
30814,8,7
30817,0,7
30818,10,7
30819,4,7
30820,11,7
30821,0,7
30822,0,7
30823,4,7
30826,10,7
30827,1,7
30828,2,7
30829,1,7
30830,11,7
30831,2,7
30833,4,7
30834,11,7
30835,0,7
30839,10,7
30840,11,7
30843,3,7
30848,0,7
30849,11,7
30850,0,7
30851,2,7
30852,1,7
30853,1,7
30854,2,7
30855,10,7
30859,2,7
30861,2,7
30862,4,7
30863,10,7
30864,4,7
30867,0,7
30872,11,7
30874,4,7
30876,8,7
30877,2,7
30878,0,7
30880,2,7
30882,3,7
30883,3,7
30884,1,7
30886,0,7
30887,1,7
30890,3,7
30891,3,7
30892,0,7
30895,8,7
30896,3,7
30900,0,7
30901,1,7
30902,0,7
30903,2,7
30904,2,7
30909,2,7
30910,8,7
30912,8,7
30913,10,7
30914,8,7
30915,0,7
30918,0,7
30919,2,7
30922,3,7
30923,11,7
30925,8,7
30927,4,7
30939,11,7
30940,0,7
30942,4,7
30945,1,7
30946,0,7
30947,4,7
30948,0,7
30952,10,7
30953,2,7
30955,4,7
30957,10,7
30958,0,7
30959,11,7
30960,4,7
30962,2,7
30963,2,7
30965,0,7
30967,10,7
30969,0,7
30970,4,7
30972,10,7
30973,1,7
30983,0,7
30986,1,7
30989,8,7
30991,10,7
30994,0,7
30997,4,7
30998,4,7
31003,11,7
31005,2,7
31006,2,7
31008,0,7
31009,10,7
31011,10,7
31013,2,7
31014,4,7
31015,1,7
31018,0,7
31020,4,7
31021,2,7
31022,2,7
31025,3,7
31026,3,7
31029,10,7
31030,2,7
31032,8,7
31035,8,7
31039,11,7
31040,0,7
31042,0,7
31043,8,7
31045,7,7
31047,0,7
31049,0,7
31053,4,7
31054,10,7
31056,5,7
31057,3,7
31059,1,7
31060,10,7
31064,10,7
31067,2,7
31068,4,7
31071,8,7
31072,5,7
31078,1,7
31079,3,7
31082,4,7
31083,0,7
31089,11,7
31091,1,7
31095,3,7
31098,3,7
31106,11,7
31111,4,7
31112,3,7
31114,4,7
31118,2,7
31119,2,7
31120,0,7
31121,0,7
31123,10,7
31124,8,7
31125,4,7
31128,1,7
31129,1,7
31130,5,7
31133,1,7
31134,3,7
31136,1,7
31137,10,7
31138,8,7
31140,0,7
31141,6,7
31142,5,7
31144,11,7
31148,4,7
31151,8,7
31156,0,7
31160,3,7
31161,6,7
31162,11,7
31163,4,7
31164,1,7
31165,10,7
31166,11,7
31167,11,7
31168,1,7
31170,1,7
31173,0,7
31176,8,7
31179,0,7
31181,1,7
31183,0,7
31184,5,7
31185,8,7
31187,4,7
31189,4,7
31191,5,7
31192,4,7
31193,5,7
31194,1,7
31196,5,7
31197,2,7
31198,8,7
31199,8,7
31200,4,7
31201,8,7
31202,3,7
31203,4,7
31204,3,7
31205,0,7
31206,3,7
31208,3,7
31209,11,7
31211,5,7
31214,4,7
31215,5,7
31219,5,7
31220,8,7
31221,0,7
31223,3,7
31224,5,7
31226,0,7
31228,4,7
31229,2,7
31231,0,7
31233,3,7
31234,8,7
31235,3,7
31239,3,7
31240,3,7
31241,4,7
31243,4,7
31248,1,7
31249,11,7
31251,4,7
31252,8,7
31255,4,7
31260,0,7
31263,6,7
31264,4,7
31265,3,7
31266,3,7
31267,11,7
31268,0,7
31269,4,7
31270,4,7
31271,3,7
31273,3,7
31274,4,7
31277,11,7
31278,1,7
31281,3,7
31282,11,7
31284,8,7
31287,4,7
31290,4,7
31292,11,7
31294,4,7
31296,4,7
31299,8,7
31302,2,7
31304,5,7
31306,1,7
31307,1,7
31317,4,7
31318,4,7
31319,5,7
31320,6,7
31321,11,7
31326,4,7
31327,11,7
31328,5,7
31329,8,7
31332,11,7
31333,4,7
31338,6,7
31340,0,7
31341,8,7
31344,1,7
31345,5,7
31350,9,7
31353,4,7
31355,4,7
31360,4,7
31361,6,7
31363,6,7
31366,10,7
31370,3,7
31371,3,7
31372,8,7
31374,4,7
31375,1,7
31377,3,7
31378,3,7
31380,3,7
31381,0,7
31382,0,7
31383,11,7
31384,5,7
31388,11,7
31392,8,7
31393,0,7
31396,8,7
31397,5,7
31398,11,7
31399,4,7
31400,3,7
31402,3,7
31404,6,7
31405,3,7
31409,8,7
31410,8,7
31412,8,7
31413,8,7
31414,3,7
31418,8,7
31420,5,7
31421,0,7
31424,8,7
31425,3,7
31427,3,7
31429,4,7
31431,10,7
31434,1,7
31435,8,7
31436,6,7
31439,5,7
31441,3,7
31442,10,7
31443,3,7
31445,11,7
31446,5,7
31447,10,7
31448,11,7
31451,1,7
31452,5,7
31456,0,7
31462,11,7
31463,11,7
31464,3,7
31465,0,7
31466,6,7
31467,6,7
31470,11,7
31471,11,7
31472,6,7
31473,3,7
31474,10,7
31476,11,7
31479,8,7
31482,10,7
31483,5,7
31486,8,7
31487,3,7
31490,6,7
31491,11,7
31492,11,7
31493,3,7
31494,3,7
31495,3,7
31496,3,7
31497,4,7
31499,3,7
31502,8,7
31503,3,7
31504,0,7
31505,0,7
31507,8,7
31511,11,7
31513,0,7
31515,0,7
31517,11,7
31520,11,7
31523,5,7
31524,0,7
31525,11,7
31526,4,7
31527,0,7
31529,6,7
31531,2,7
31532,5,7
31534,6,7
31537,3,7
31538,0,7
31539,10,7
31540,0,7
31542,8,7
31544,0,7
31546,5,7
31547,0,7
31549,11,7
31550,3,7
31553,11,7
31557,8,7
31561,3,7
31563,5,7
31564,5,7
31567,10,7
31569,11,7
31570,4,7
31572,6,7
31573,6,7
31576,0,7
31577,6,7
31580,11,7
31581,2,7
31587,8,7
31588,8,7
31590,8,7
31591,3,7
31595,5,7
31596,0,7
31597,11,7
31599,8,7
31605,3,7
31606,0,7
31609,0,7
31610,5,7
31612,8,7
31614,4,7
31615,4,7
31617,6,7
31618,6,7
31621,8,7
31622,11,7
31623,8,7
31627,0,7
31628,5,7
31630,3,7
31631,0,7
31633,4,7
31634,0,7
31636,2,7
31637,5,7
31638,3,7
31639,3,7
31640,0,7
31641,10,7
31642,8,7
31646,5,7
31647,4,7
31649,4,7
31650,5,7
31659,6,7
31660,8,7
31662,8,7
31664,5,7
31665,8,7
31666,11,7
31669,0,7
31670,4,7
31671,8,7
31680,3,7
31681,5,7
31684,5,7
31685,0,7
31687,8,7
31690,8,7
31691,11,7
31692,0,7
31693,8,7
31694,8,7
31697,5,7
31698,1,7
31699,0,7
31700,4,7
31703,8,7
31713,8,7
31714,0,7
31715,3,7
31717,8,7
31718,8,7
31719,1,7
31720,0,7
31725,8,7
31726,6,7
31727,0,7
31729,0,7
31730,4,7
31731,8,7
31732,8,7
31733,8,7
31735,4,7
31737,8,7
31738,8,7
31741,4,7
31743,4,7
31744,5,7
31749,5,7
31751,5,7
31753,1,7
31754,5,7
31755,0,7
31756,4,7
31758,8,7
31759,5,7
31761,4,7
31762,4,7
31763,8,7
31765,5,7
31766,11,7
31774,1,7
31776,10,7
31777,5,7
31779,5,7
31780,11,7
31783,11,7
31784,8,7
31787,3,7
31788,5,7
31789,0,7
31791,4,7
31792,6,7
31794,6,7
31796,5,7
31797,5,7
31798,1,7
31799,1,7
31800,5,7
31801,5,7
31804,1,7
31806,8,7
31807,11,7
31808,11,7
31809,8,7
31810,5,7
31813,11,7
31816,4,7
31820,0,7
31825,0,7
31827,8,7
31830,0,7
31835,0,7
31836,0,7
31837,11,7
31838,1,7
31839,2,7
31840,11,7
31841,8,7
31842,0,7
31844,8,7
31846,6,7
31847,10,7
31850,6,7
31851,0,7
31855,6,7
31857,6,7
31859,6,7
31861,6,7
31862,6,7
31865,2,7
31866,0,7
31867,8,7
31868,6,7
31870,11,7
31871,8,7
31878,1,7
31880,9,7
31882,9,7
31883,6,7
31884,11,7
31885,11,7
31887,11,7
31888,6,7
31889,8,7
31891,6,7
31892,11,7
31893,3,7
31894,6,7
31895,6,7
31902,1,7
31904,6,7
31906,11,7
31907,8,7
31908,0,7
31909,8,7
31913,7,7
31916,11,7
31918,6,7
31919,8,7
31920,8,7
31922,1,7
31925,10,7
31927,1,7
31928,1,7
31929,8,7
31930,9,7
31931,6,7
31933,11,7
31934,0,7
31936,11,7
31938,10,7
31939,10,7
31944,4,7
31945,6,7
31946,6,7
31947,6,7
31948,1,7
31951,6,7
31955,1,7
31956,6,7
31959,4,7
31960,6,7
31961,6,7
31962,6,7
31963,1,7
31964,6,7
31965,0,7
31967,1,7
31968,5,7
31970,8,7
31972,6,7
31974,1,7
31975,5,7
31978,1,7
31981,4,7
31982,1,7
31983,1,7
31984,3,7
31986,10,7
31992,4,7
31993,0,7
31994,1,7
31997,8,7
31998,8,7
32000,6,7
32002,1,7
32004,8,7
32005,0,7
32011,6,7
32012,8,7
32013,6,7
32015,11,7
32017,6,7
32018,0,7
32019,5,7
32020,8,7
32025,8,7
32027,4,7
32028,1,7
32030,1,7
32032,8,7
32033,11,7
32034,1,7
32038,0,7
32040,1,7
32041,4,7
32042,5,7
32043,11,7
32044,1,7
32045,1,7
32047,8,7
32048,5,7
32051,8,7
32053,8,7
32054,5,7
32055,1,7
32056,6,7
32057,6,7
32058,1,7
32060,11,7
32062,1,7
32063,10,7
32064,8,7
32067,6,7
32068,1,7
32071,1,7
32072,1,7
32073,5,7
32074,8,7
32075,8,7
32077,3,7
32079,8,7
32080,1,7
32082,1,7
32086,0,7
32087,4,7
32090,2,7
32091,3,7
32092,6,7
32094,0,7
32095,8,7
32096,11,7
32098,8,7
32102,1,7
32105,1,7
32106,6,7
32107,1,7
32108,11,7
32109,8,7
32110,8,7
32111,5,7
32112,0,7
32114,10,7
32118,10,7
32120,1,7
32123,1,7
32124,3,7
32126,11,7
32127,1,7
32128,6,7
32129,11,7
32131,0,7
32133,11,7
32134,11,7
32138,10,7
32139,10,7
32140,1,7
32141,0,7
32142,11,7
32144,8,7
32147,4,7
32148,0,7
32149,3,7
32153,6,7
32156,1,7
32157,8,7
32159,1,7
32163,10,7
32166,8,7
32169,11,7
32170,3,7
32176,0,7
32178,1,7
32180,8,7
32181,6,7
32182,0,7
32183,1,7
32184,8,7
32186,1,7
32188,0,7
32189,0,7
32190,0,7
32193,7,7
32197,4,7
32200,1,7
32204,4,7
32211,10,7
32213,11,7
32216,0,7
32218,3,7
32220,0,7
32221,7,7
32226,0,7
32231,3,7
32233,1,7
32236,1,7
32237,1,7
32239,5,7
32240,6,7
32242,0,7
32243,5,7
32246,8,7
32247,1,7
32248,8,7
32249,1,7
32253,2,7
32255,2,7
32257,2,7
32258,2,7
32260,7,7
32263,0,7
32266,10,7
32268,1,7
32269,0,7
32271,0,7
32273,0,7
32276,8,7
32277,1,7
32278,1,7
32279,8,7
32280,10,7
32283,0,7
32284,4,7
32288,8,7
32289,8,7
32290,11,7
32292,8,7
32295,8,7
32296,5,7
32300,6,7
32301,3,7
32303,1,7
32304,6,7
32306,10,7
32310,11,7
32311,8,7
32313,0,7
32318,3,7
32319,7,7
32320,1,7
32321,11,7
32325,0,7
32329,6,7
32336,11,7
32339,8,7
32340,11,7
32342,4,7
32344,5,7
32345,1,7
32346,1,7
32347,3,7
32348,8,7
32349,10,7
32354,2,7
32358,1,7
32360,6,7
32362,8,7
32364,0,7
32365,8,7
32366,3,7
32367,0,7
32370,1,7
32372,0,7
32373,6,7
32375,1,7
32377,1,7
32378,6,7
32379,10,7
32382,6,7
32384,6,7
32385,0,7
32386,11,7
32387,3,7
32388,0,7
32392,4,7
32393,11,7
32394,6,7
32395,0,7
32396,2,7
32397,0,7
32404,1,7
32405,2,7
32409,8,7
32410,0,7
32411,11,7
32412,1,7
32416,8,7
32417,1,7
32418,8,7
32420,6,7
32422,3,7
32423,3,7
32424,8,7
32426,11,7
32428,5,7
32429,3,7
32431,10,7
32432,11,7
32433,9,7
32434,4,7
32435,8,7
32436,0,7
32438,8,7
32439,2,7
32440,4,7
32444,6,7
32445,6,7
32446,6,7
32447,4,7
32452,6,7
32455,5,7
32457,1,7
32458,0,7
32459,0,7
32460,8,7
32461,3,7
32462,7,7
32464,11,7
32465,8,7
32466,4,7
32468,5,7
32469,5,7
32475,1,7
32478,3,7
32480,5,7
32484,8,7
32485,0,7
32487,3,7
32488,6,7
32489,5,7
32490,1,7
32491,8,7
32493,3,7
32494,7,7
32495,3,7
32496,8,7
32497,0,7
32498,1,7
32501,1,7
32504,8,7
32506,0,7
32507,3,7
32508,7,7
32509,10,7
32510,3,7
32511,11,7
32512,10,7
32513,6,7
32516,3,7
32517,8,7
32520,5,7
32522,11,7
32526,0,7
32528,6,7
32529,6,7
32531,4,7
32533,10,7
32534,1,7
32536,11,7
32537,4,7
32538,4,7
32539,0,7
32540,0,7
32541,2,7
32542,3,7
32546,8,7
32547,4,7
32549,1,7
32550,11,7
32553,1,7
32555,1,7
32557,1,7
32560,0,7
32561,4,7
32562,11,7
32564,0,7
32565,0,7
32566,4,7
32569,0,7
32571,0,7
32572,4,7
32575,5,7
32576,3,7
32578,8,7
32579,8,7
32581,8,7
32584,1,7
32585,8,7
32587,0,7
32589,3,7
32590,4,7
32592,1,7
32594,11,7
32595,11,7
32603,10,7
32604,3,7
32607,0,7
32608,11,7
32610,8,7
32612,8,7
32613,8,7
32617,8,7
32618,1,7
32619,6,7
32620,6,7
32621,8,7
32622,1,7
32623,8,7
32625,5,7
32626,0,7
32630,0,7
32631,4,7
32633,4,7
32638,3,7
32644,11,7
32645,11,7
32647,8,7
32648,2,7
32649,1,7
32650,8,7
32652,8,7
32653,0,7
32659,6,7
32660,6,7
32661,8,7
32662,3,7
32663,6,7
32665,10,7
32667,5,7
32670,11,7
32672,11,7
32673,5,7
32674,1,7
32677,1,7
32678,11,7
32679,11,7
32680,8,7
32681,1,7
32684,0,7
32685,11,7
32686,5,7
32688,4,7
32689,5,7
32690,0,7
32695,8,7
32697,5,7
32698,5,7
32700,11,7
32702,5,7
32703,8,7
32704,4,7
32706,0,7
32707,3,7
32708,0,7
32709,1,7
32710,5,7
32713,8,7
32715,11,7
32718,11,7
32720,10,7
32721,10,7
32722,4,7
32724,8,7
32725,8,7
32727,5,7
32728,10,7
32729,9,7
32730,0,7
32731,0,7
32732,11,7
32736,8,7
32738,8,7
32741,10,7
32742,6,7
32744,3,7
32751,5,7
32753,11,7
32754,8,7
32755,5,7
32756,8,7
32757,5,7
32758,10,7
32760,3,7
32761,5,7
32763,1,7
32764,5,7
32765,5,7
32767,1,7
32770,3,7
32772,8,7
32773,5,7
32774,3,7
32775,11,7
32776,1,7
32777,0,7
32781,8,7
32782,2,7
32783,4,7
32786,0,7
32787,1,7
32794,10,7
32796,5,7
32798,8,7
32802,8,7
32805,10,7
32807,5,7
32808,5,7
32809,5,7
32814,1,7
32816,5,7
32819,5,7
32820,8,7
32824,4,7
32825,0,7
32829,4,7
32830,11,7
32832,5,7
32834,8,7
32838,0,7
32841,5,7
32842,3,7
32845,5,7
32846,5,7
32847,6,7
32848,1,7
32852,1,7
32856,5,7
32858,5,7
32861,5,7
32865,8,7
32866,6,7
32867,8,7
32870,0,7
32871,1,7
32874,3,7
32877,1,7
32878,0,7
32880,4,7
32883,6,7
32884,3,7
32885,5,7
32889,8,7
32890,5,7
32892,11,7
32896,1,7
32898,5,7
32900,3,7
32901,8,7
32902,8,7
32904,0,7
32906,8,7
32909,11,7
32911,3,7
32912,3,7
32915,3,7
32927,8,7
32929,8,7
32931,8,7
32932,0,7
32935,8,7
32936,2,7
32937,2,7
32939,4,7
32941,11,7
32942,8,7
32943,6,7
32944,8,7
32946,8,7
32949,11,7
32950,8,7
32951,0,7
32957,8,7
32960,6,7
32962,0,7
32965,3,7
32967,6,7
32968,8,7
32971,6,7
32974,1,7
32978,8,7
32982,6,7
32984,0,7
32985,3,7
32988,5,7
32989,3,7
32990,0,7
32993,4,7
32998,6,7
32999,8,7
33003,6,7
33004,6,7
33008,11,7
33009,3,7
33010,1,7
33011,11,7
33015,1,7
33016,0,7
33017,8,7
33018,8,7
33019,10,7
33020,0,7
33021,8,7
33023,3,7
33024,6,7
33026,8,7
33028,6,7
33029,11,7
33030,1,7
33032,6,7
33035,11,7
33036,6,7
33041,6,7
33042,6,7
33044,8,7
33045,1,7
33047,8,7
33048,6,7
33054,0,7
33056,0,7
33060,3,7
33066,6,7
33068,0,7
33070,11,7
33072,8,7
33075,3,7
33076,11,7
33078,10,7
33079,1,7
33080,3,7
33081,1,7
33082,6,7
33084,6,7
33086,1,7
33088,11,7
33090,3,7
33091,11,7
33096,6,7
33097,6,7
33100,6,7
33101,8,7
33104,8,7
33106,11,7
33109,8,7
33110,5,7
33111,10,7
33112,4,7
33113,10,7
33114,5,7
33115,5,7
33116,1,7
33118,6,7
33120,8,7
33121,6,7
33127,4,7
33129,10,7
33131,2,7
33134,3,7
33136,11,7
33137,2,7
33140,6,7
33141,8,7
33143,6,7
33144,6,7
33148,8,7
33150,3,7
33151,1,7
33153,8,7
33155,11,7
33156,4,7
33157,4,7
33162,1,7
33163,6,7
33164,6,7
33165,8,7
33167,10,7
33168,5,7
33169,6,7
33170,5,7
33171,8,7
33173,8,7
33175,0,7
33176,5,7
33177,0,7
33184,8,7
33185,10,7
33188,10,7
33189,6,7
33190,8,7
33192,1,7
33194,6,7
33195,8,7
33196,8,7
33197,8,7
33198,6,7
33199,6,7
33200,6,7
33201,3,7
33203,6,7
33206,3,7
33207,6,7
33209,5,7
33210,8,7
33211,2,7
33212,4,7
33213,2,7
33214,2,7
33215,3,7
33219,10,7
33220,2,7
33221,10,7
33222,11,7
33223,1,7
33225,8,7
33229,6,7
33230,1,7
33232,10,7
33233,1,7
33234,1,7
33237,10,7
33239,1,7
33240,11,7
33242,11,7
33244,6,7
33245,5,7
33247,5,7
33248,0,7
33249,1,7
33250,0,7
33251,4,7
33252,1,7
33253,6,7
33254,0,7
33255,6,7
33261,1,7
33263,6,7
33265,2,7
33269,8,7
33271,6,7
33273,1,7
33274,0,7
33277,6,7
33279,8,7
33280,11,7
33281,6,7
33283,5,7
33285,2,7
33286,6,7
33287,1,7
33288,0,7
33291,10,7
33294,6,7
33295,5,7
33296,10,7
33297,1,7
33300,2,7
33305,3,7
33308,1,7
33309,3,7
33311,7,7
33315,2,7
33316,4,7
33317,4,7
33319,11,7
33322,8,7
33323,8,7
33327,1,7
33331,8,7
33333,5,7
33334,5,7
33342,1,7
33346,5,7
33347,10,7
33348,4,7
33350,0,7
33352,5,7
33353,5,7
33354,5,7
33356,8,7
33358,1,7
33360,6,7
33364,1,7
33369,6,7
33372,5,7
33373,8,7
33374,1,7
33376,11,7
33378,11,7
33382,6,7
33383,6,7
33389,6,7
33391,3,7
33392,10,7
33393,6,7
33394,1,7
33395,6,7
33396,6,7
33398,6,7
33401,8,7
33403,3,7
33404,4,7
33406,4,7
33407,10,7
33408,8,7
33409,8,7
33412,3,7
33413,11,7
33415,4,7
33417,8,7
33419,11,7
33421,1,7
33422,10,7
33423,11,7
33424,8,7
33425,5,7
33426,3,7
33429,11,7
33432,1,7
33433,6,7
33437,8,7
33438,2,7
33441,9,7
33442,10,7
33446,1,7
33448,1,7
33449,3,7
33450,1,7
33451,4,7
33454,1,7
33456,1,7
33459,11,7
33465,5,7
33466,6,7
33467,10,7
33468,3,7
33471,0,7
33472,5,7
33473,3,7
33474,0,7
33475,10,7
33476,1,7
33478,3,7
33480,6,7
33483,2,7
33489,10,7
33491,11,7
33493,9,7
33494,10,7
33495,2,7
33497,2,7
33498,8,7
33499,5,7
33502,6,7
33504,8,7
33505,1,7
33506,5,7
33507,10,7
33508,5,7
33509,6,7
33510,5,7
33511,6,7
33515,1,7
33516,8,7
33517,11,7
33522,4,7
33523,9,7
33524,4,7
33526,5,7
33528,8,7
33531,6,7
33533,6,7
33534,6,7
33535,4,7
33537,6,7
33538,6,7
33543,5,7
33544,4,7
33547,1,7
33548,11,7
33549,11,7
33551,8,7
33552,6,7
33554,5,7
33555,11,7
33558,11,7
33559,0,7
33560,3,7
33561,4,7
33562,0,7
33563,11,7
33564,10,7
33567,1,7
33568,11,7
33569,5,7
33570,8,7
33571,5,7
33574,9,7
33579,6,7
33582,11,7
33584,5,7
33587,4,7
33589,3,7
33590,1,7
33592,6,7
33594,0,7
33596,4,7
33597,11,7
33598,6,7
33599,5,7
33600,0,7
33603,6,7
33604,10,7
33605,11,7
33607,10,7
33608,4,7
33610,0,7
33612,3,7
33614,0,7
33616,10,7
33619,5,7
33620,4,7
33621,0,7
33624,4,7
33625,0,7
33626,11,7
33627,4,7
33628,6,7
33631,1,7
33634,11,7
33636,4,7
33638,4,7
33640,1,7
33641,4,7
33643,9,7
33644,11,7
33647,5,7
33648,11,7
33650,11,7
33651,4,7
33652,4,7
33656,5,7
33657,8,7
33658,0,7
33659,1,7
33661,1,7
33663,11,7
33664,1,7
33666,3,7
33669,11,7
33670,8,7
33671,6,7
33673,11,7
33674,6,7
33675,8,7
33676,11,7
33680,9,7
33681,5,7
33684,5,7
33685,8,7
33689,4,7
33692,3,7
33693,11,7
33694,2,7
33695,3,7
33698,7,7
33702,11,7
33703,5,7
33704,3,7
33707,11,7
33710,0,7
33711,0,7
33714,4,7
33715,1,7
33716,5,7
33718,5,7
33720,11,7
33721,4,7
33723,5,7
33729,4,7
33730,8,7
33731,8,7
33732,6,7
33735,11,7
33736,5,7
33737,5,7
33739,0,7
33740,11,7
33751,6,7
33753,8,7
33754,2,7
33765,1,7
33767,1,7
33768,4,7
33771,8,7
33772,5,7
33773,4,7
33774,5,7
33775,2,7
33778,8,7
33781,0,7
33786,6,7
33788,1,7
33789,4,7
33793,8,7
33794,1,7
33795,3,7
33796,10,7
33801,11,7
33802,3,7
33803,11,7
33804,8,7
33805,8,7
33806,0,7
33807,5,7
33809,5,7
33810,0,7
33811,8,7
33812,4,7
33813,5,7
33814,6,7
33815,3,7
33816,4,7
33817,1,7
33819,0,7
33821,5,7
33824,5,7
33825,11,7
33829,11,7
33830,0,7
33833,1,7
33834,0,7
33836,1,7
33838,5,7
33839,1,7
33841,8,7
33842,0,7
33847,5,7
33850,11,7
33851,1,7
33852,10,7
33854,0,7
33858,11,7
33859,10,7
33860,0,7
33861,0,7
33862,11,7
33863,5,7
33865,2,7
33867,7,7
33868,8,7
33869,3,7
33873,0,7
33877,11,7
33878,2,7
33879,4,7
33880,5,7
33881,1,7
33882,11,7
33883,8,7
33886,11,7
33887,0,7
33888,11,7
33889,4,7
33894,11,7
33898,4,7
33899,3,7
33901,4,7
33903,4,7
33904,11,7
33906,11,7
33908,11,7
33909,4,7
33911,4,7
33912,11,7
33913,4,7
33915,4,7
33916,1,7
33917,11,7
33918,0,7
33925,8,7
33928,11,7
33929,11,7
33930,3,7
33931,3,7
33932,2,7
33934,0,7
33935,3,7
33936,0,7
33938,11,7
33940,1,7
33942,6,7
33943,8,7
33944,1,7
33946,5,7
33947,11,7
33949,0,7
33950,5,7
33951,4,7
33954,5,7
33955,5,7
33956,5,7
33961,6,7
33962,10,7
33963,10,7
33964,6,7
33965,1,7
33966,10,7
33967,11,7
33968,5,7
33969,3,7
33970,1,7
33972,8,7
33974,10,7
33976,11,7
33977,5,7
33981,5,7
33982,10,7
33985,8,7
33986,0,7
33987,0,7
33988,5,7
33989,0,7
33990,2,7
33994,3,7
33995,4,7
33996,8,7
33999,7,7
34002,1,7
34003,2,7
34004,4,7
34007,5,7
34009,6,7
34011,1,7
34013,6,7
34014,6,7
34015,8,7
34021,8,7
34023,5,7
34025,11,7
34034,3,7
34035,3,7
34038,1,7
34039,11,7
34040,8,7
34041,3,7
34043,10,7
34044,5,7
34046,5,7
34049,4,7
34050,8,7
34053,5,7
34054,0,7
34056,0,7
34059,4,7
34060,4,7
34061,4,7
34063,11,7
34065,11,7
34066,4,7
34071,0,7
34076,6,7
34080,4,7
34081,8,7
34083,11,7
34085,8,7
34086,3,7
34088,8,7
34089,8,7
34090,0,7
34093,11,7
34095,11,7
34097,8,7
34098,10,7
34099,0,7
34101,5,7
34102,1,7
34104,5,7
34107,5,7
34108,11,7
34109,11,7
34113,3,7
34115,8,7
34116,0,7
34119,3,7
34122,6,7
34123,10,7
34124,1,7
34127,3,7
34128,4,7
34131,11,7
34132,3,7
34135,1,7
34137,11,7
34138,11,7
34140,3,7
34141,5,7
34144,4,7
34145,3,7
34147,1,7
34149,1,7
34150,6,7
34153,1,7
34154,10,7
34156,10,7
34158,0,7
34163,3,7
34164,11,7
34165,3,7
34166,3,7
34167,10,7
34168,10,7
34170,11,7
34174,3,7
34176,8,7
34177,6,7
34179,1,7
34180,11,7
34181,10,7
34182,11,7
34183,10,7
34185,11,7
34186,3,7
34188,0,7
34190,10,7
34191,5,7
34192,10,7
34193,0,7
34194,2,7
34197,4,7
34199,8,7
34200,11,7
34201,3,7
34203,0,7
34205,8,7
34211,11,7
34213,11,7
34214,8,7
34215,1,7
34220,10,7
34222,11,7
34223,8,7
34230,5,7
34231,1,7
34233,11,7
34236,4,7
34238,0,7
34240,11,7
34241,6,7
34242,2,7
34243,3,7
34244,1,7
34249,10,7
34250,10,7
34251,8,7
34252,11,7
34254,3,7
34255,0,7
34257,11,7
34258,1,7
34259,10,7
34260,11,7
34264,11,7
34265,0,7
34266,4,7
34267,3,7
34270,3,7
34271,11,7
34272,8,7
34273,8,7
34274,5,7
34275,0,7
34276,6,7
34277,11,7
34279,3,7
34280,8,7
34284,2,7
34285,1,7
34286,10,7
34287,2,7
34290,4,7
34291,10,7
34292,0,7
34294,10,7
34298,8,7
34300,7,7
34301,3,7
34302,10,7
34304,3,7
34305,10,7
34306,5,7
34309,11,7
34310,10,7
34316,8,7
34317,8,7
34322,6,7
34323,11,7
34325,10,7
34326,8,7
34327,10,7
34329,1,7
34330,3,7
34331,10,7
34333,0,7
34334,6,7
34335,8,7
34338,3,7
34339,2,7
34340,5,7
34342,8,7
34344,0,7
34345,2,7
34348,2,7
34350,8,7
34351,1,7
34352,3,7
34355,10,7
34357,8,7
34358,3,7
34362,1,7
34363,1,7
34365,1,7
34367,1,7
34368,11,7
34369,6,7
34371,1,7
34372,1,7
34373,1,7
34375,6,7
34376,6,7
34380,11,7
34382,6,7
34383,0,7
34384,2,7
34385,2,7
34389,4,7
34390,2,7
34391,2,7
34394,3,7
34399,3,7
34400,3,7
34401,11,7
34402,11,7
34403,2,7
34406,10,7
34408,3,7
34410,4,7
34412,0,7
34417,3,7
34419,1,7
34420,11,7
34423,3,7
34424,8,7
34425,3,7
34427,3,7
34428,10,7
34429,3,7
34430,3,7
34431,2,7
34434,3,7
34437,0,7
34438,4,7
34439,3,7
34440,11,7
34442,3,7
34443,3,7
34444,8,7
34445,1,7
34447,1,7
34448,8,7
34451,8,7
34452,1,7
34453,6,7
34455,8,7
34456,1,7
34458,0,7
34460,1,7
34461,4,7
34463,0,7
34464,8,7
34466,10,7
34467,0,7
34468,6,7
34471,8,7
34472,5,7
34473,0,7
34476,0,7
34478,0,7
34479,8,7
34480,1,7
34481,8,7
34483,0,7
34489,4,7
34490,0,7
34491,6,7
34492,11,7
34496,0,7
34498,0,7
34499,0,7
34502,0,7
34504,0,7
34506,0,7
34507,0,7
34508,5,7
34509,1,7
34513,11,7
34514,5,7
34516,5,7
34517,8,7
34522,5,7
34525,0,7
34530,5,7
34532,8,7
34534,5,7
34538,6,7
34543,1,7
34544,6,7
34545,6,7
34548,0,7
34549,2,7
34552,3,7
34554,11,7
34559,4,7
34561,1,7
34564,3,7
34566,11,7
34567,3,7
34570,11,7
34573,8,7
34576,2,7
34577,1,7
34580,2,7
34582,11,7
34586,11,7
34587,3,7
34588,11,7
34590,3,7
34595,4,7
34596,3,7
34598,3,7
34601,3,7
34602,0,7
34605,0,7
34606,0,7
34613,0,7
34614,2,7
34616,0,7
34617,3,7
34619,8,7
34625,10,7
34627,0,7
34628,0,7
34631,0,7
34632,1,7
34634,3,7
34637,5,7
34639,5,7
34641,0,7
34643,1,7
34645,11,7
34646,4,7
34652,3,7
34653,6,7
34655,5,7
34656,1,7
34659,0,7
34661,11,7
34662,1,7
34663,0,7
34664,3,7
34665,1,7
34666,0,7
34667,4,7
34668,11,7
34669,4,7
34670,1,7
34671,4,7
34672,0,7
34673,3,7
34676,1,7
34677,11,7
34680,6,7
34683,0,7
34685,1,7
34686,3,7
34687,1,7
34688,8,7
34689,0,7
34690,0,7
34694,11,7
34696,4,7
34697,6,7
34702,11,7
34704,10,7
34705,11,7
34706,11,7
34709,5,7
34714,1,7
34715,10,7
34716,5,7
34717,0,7
34718,0,7
34719,11,7
34721,1,7
34724,8,7
34727,4,7
34732,0,7
34733,6,7
34735,6,7
34737,6,7
34738,8,7
34739,5,7
34744,1,7
34745,5,7
34746,5,7
34748,11,7
34751,4,7
34752,5,7
34756,5,7
34767,3,7
34768,6,7
34769,4,7
34770,0,7
34771,5,7
34774,4,7
34776,3,7
34777,4,7
34779,1,7
34780,6,7
34781,4,7
34784,6,7
34786,5,7
34788,5,7
34789,1,7
34790,1,7
34791,8,7
34792,3,7
34793,3,7
34794,1,7
34795,8,7
34796,0,7
34800,5,7
34802,5,7
34803,8,7
34805,3,7
34807,4,7
34809,2,7
34813,0,7
34817,11,7
34818,10,7
34823,3,7
34824,3,7
34827,4,7
34829,8,7
34834,0,7
34835,4,7
34839,11,7
34845,6,7
34847,8,7
34848,11,7
34849,10,7
34852,3,7
34853,0,7
34855,0,7
34857,1,7
34858,8,7
34859,0,7
34860,6,7
34861,8,7
34862,6,7
34863,11,7
34868,1,7
34869,1,7
34870,1,7
34871,6,7
34874,6,7
34876,6,7
34877,0,7
34878,0,7
34881,11,7
34882,0,7
34886,3,7
34891,1,7
34892,1,7
34893,8,7
34895,6,7
34896,6,7
34898,2,7
34899,1,7
34900,0,7
34903,0,7
34906,1,7
34909,1,7
34910,4,7
34912,11,7
34913,6,7
34914,11,7
34915,0,7
34916,3,7
34917,7,7
34918,8,7
34919,8,7
34921,8,7
34922,1,7
34923,0,7
34927,5,7
34931,3,7
34932,8,7
34933,5,7
34937,10,7
34938,3,7
34941,0,7
34942,10,7
34943,10,7
34944,0,7
34947,2,7
34949,1,7
34950,10,7
34952,11,7
34953,11,7
34957,10,7
34960,1,7
34962,11,7
34963,3,7
34965,3,7
34966,0,7
34967,10,7
34970,8,7
34972,2,7
34975,10,7
34976,3,7
34977,11,7
34978,3,7
34981,11,7
34982,0,7
34983,0,7
34987,3,7
34988,10,7
34989,6,7
34990,10,7
34991,10,7
34992,1,7
34993,1,7
34994,10,7
34995,4,7
34997,4,7
35000,3,7
35001,0,7
35002,3,7
35003,10,7
35004,1,7
35007,11,7
35009,1,7
35012,11,7
35014,4,7
35015,11,7
35019,10,7
35020,3,7
35023,5,7
35024,0,7
35025,10,7
35026,3,7
35028,3,7
35029,6,7
35033,3,7
35034,3,7
35038,3,7
35039,8,7
35041,3,7
35042,3,7
35043,3,7
35045,4,7
35047,8,7
35051,4,7
35052,0,7
35054,10,7
35056,3,7
35058,2,7
35062,4,7
35064,3,7
35066,8,7
35067,0,7
35073,3,7
35076,3,7
35077,2,7
35078,5,7
35082,3,7
35083,3,7
35087,2,7
35089,3,7
35090,3,7
35091,3,7
35092,3,7
35093,1,7
35095,1,7
35096,1,7
35099,3,7
35100,3,7
35102,0,7
35103,4,7
35104,3,7
35106,3,7
35112,3,7
35113,3,7
35114,3,7
35115,3,7
35117,3,7
35119,3,7
35121,3,7
35122,3,7
35123,3,7
35124,5,7
35125,8,7
35127,8,7
35128,8,7
35130,0,7
35131,8,7
35134,5,7
35136,5,7
35137,8,7
35138,8,7
35140,5,7
35147,0,7
35148,8,7
35149,0,7
35150,10,7
35152,3,7
35154,0,7
35155,5,7
35161,8,7
35164,8,7
35168,5,7
35170,0,7
35173,8,7
35174,11,7
35176,0,7
35177,0,7
35180,11,7
35181,5,7
35184,8,7
35185,5,7
35188,8,7
35189,1,7
35190,4,7
35192,10,7
35197,8,7
35199,1,7
35202,0,7
35203,0,7
35204,11,7
35206,5,7
35209,8,7
35211,5,7
35213,8,7
35216,5,7
35217,8,7
35218,5,7
35220,10,7
35221,8,7
35223,8,7
35226,11,7
35227,5,7
35231,8,7
35232,1,7
35234,8,7
35235,5,7
35237,5,7
35238,4,7
35240,8,7
35244,10,7
35245,5,7
35246,8,7
35248,8,7
35250,8,7
35251,8,7
35254,0,7
35257,5,7
35258,6,7
35259,1,7
35261,4,7
35266,8,7
35267,5,7
35269,4,7
35272,0,7
35273,8,7
35274,5,7
35275,5,7
35277,4,7
35279,8,7
35283,8,7
35286,1,7
35288,0,7
35289,8,7
35290,4,7
35291,0,7
35293,8,7
35295,5,7
35296,8,7
35300,3,7
35302,4,7
35307,3,7
35309,4,7
35317,5,7
35320,0,7
35323,0,7
35325,8,7
35327,5,7
35328,5,7
35329,0,7
35332,4,7
35335,1,7
35336,4,7
35337,11,7
35338,5,7
35345,5,7
35346,1,7
35347,11,7
35348,5,7
35350,5,7
35351,1,7
35352,5,7
35355,5,7
35358,5,7
35360,5,7
35363,8,7
35366,5,7
35368,5,7
35369,1,7
35370,5,7
35372,1,7
35373,5,7
35376,1,7
35378,5,7
35379,1,7
35384,5,7
35387,10,7
35390,5,7
35392,8,7
35395,5,7
35396,5,7
35403,4,7
35404,4,7
35405,10,7
35406,4,7
35407,5,7
35408,5,7
35410,4,7
35412,11,7
35414,5,7
35417,1,7
35419,10,7
35420,4,7
35424,5,7
35425,5,7
35426,5,7
35427,5,7
35429,8,7
35430,1,7
35431,5,7
35433,5,7
35434,11,7
35437,5,7
35438,8,7
35439,5,7
35441,4,7
35442,10,7
35445,3,7
35448,4,7
35452,1,7
35456,1,7
35457,2,7
35458,1,7
35459,1,7
35460,1,7
35461,1,7
35462,1,7
35463,5,7
35466,8,7
35468,8,7
35471,0,7
35473,0,7
35474,8,7
35475,0,7
35476,0,7
35478,8,7
35479,8,7
35480,0,7
35484,3,7
35485,3,7
35487,11,7
35491,4,7
35492,10,7
35494,6,7
35496,1,7
35498,5,7
35499,3,7
35505,3,7
35506,3,7
35509,6,7
35510,6,7
35514,0,7
35520,10,7
35526,1,7
35527,1,7
35528,1,7
35530,0,7
35532,1,7
35533,10,7
35534,3,7
35535,3,7
35538,10,7
35541,0,7
35542,0,7
35543,8,7
35544,3,7
35549,11,7
35550,3,7
35555,0,7
35556,1,7
35558,10,7
35559,0,7
35562,3,7
35563,0,7
35565,3,7
35566,4,7
35567,4,7
35570,3,7
35573,1,7
35574,1,7
35576,10,7
35578,2,7
35581,11,7
35582,4,7
35586,3,7
35589,10,7
35590,3,7
35591,2,7
35593,2,7
35594,11,7
35599,11,7
35601,3,7
35602,1,7
35603,3,7
35604,4,7
35605,1,7
35606,8,7
35611,3,7
35612,11,7
35614,3,7
35615,11,7
35616,0,7
35619,4,7
35620,4,7
35621,4,7
35622,6,7
35626,10,7
35627,1,7
35630,3,7
35633,0,7
35635,10,7
35636,3,7
35637,3,7
35639,11,7
35640,1,7
35641,1,7
35642,2,7
35647,0,7
35648,5,7
35651,2,7
35652,3,7
35653,2,7
35657,3,7
35659,2,7
35660,0,7
35661,3,7
35663,4,7
35664,1,7
35665,3,7
35666,3,7
35667,3,7
35668,5,7
35672,2,7
35675,3,7
35676,4,7
35678,3,7
35679,3,7
35680,3,7
35681,5,7
35683,10,7
35684,3,7
35685,4,7
35686,3,7
35695,8,7
35696,3,7
35698,4,7
35700,10,7
35703,0,7
35704,11,7
35705,3,7
35707,2,7
35708,0,7
35711,3,7
35714,11,7
35715,2,7
35716,11,7
35717,3,7
35718,3,7
35721,6,7
35722,8,7
35724,10,7
35727,10,7
35728,4,7
35729,10,7
35730,6,7
35731,1,7
35734,1,7
35736,3,7
35741,3,7
35743,3,7
35745,1,7
35746,11,7
35748,3,7
35750,1,7
35752,1,7
35753,3,7
35755,11,7
35756,3,7
35758,1,7
35759,1,7
35760,3,7
35761,3,7
35766,3,7
35767,1,7
35768,3,7
35769,3,7
35770,1,7
35778,0,7
35782,3,7
35784,11,7
35786,10,7
35791,3,7
35792,3,7
35793,3,7
35795,3,7
35796,3,7
35798,11,7
35799,3,7
35801,3,7
35802,1,7
35803,1,7
35805,3,7
35807,11,7
35808,1,7
35811,3,7
35818,1,7
35821,3,7
35822,1,7
35824,1,7
35826,11,7
35827,10,7
35833,11,7
35834,10,7
35835,3,7
35836,3,7
35838,1,7
35839,3,7
35840,10,7
35841,6,7
35845,3,7
35846,1,7
35849,8,7
35850,3,7
35852,8,7
35855,2,7
35856,10,7
35858,1,7
35861,1,7
35866,3,7
35869,0,7
35871,3,7
35872,3,7
35873,1,7
35874,11,7
35875,1,7
35876,11,7
35879,8,7
35881,4,7
35882,11,7
35884,2,7
35887,4,7
35888,10,7
35889,11,7
35899,6,7
35900,5,7
35904,5,7
35905,10,7
35906,6,7
35907,10,7
35908,3,7
35910,6,7
35912,6,7
35913,5,7
35914,6,7
35917,2,7
35918,4,7
35922,7,7
35923,6,7
35924,8,7
35926,8,7
35928,6,7
35933,11,7
35936,8,7
35940,10,7
35941,6,7
35943,0,7
35945,0,7
35947,7,7
35948,0,7
35951,11,7
35952,8,7
35955,8,7
35956,6,7
35957,5,7
35960,6,7
35962,3,7
35964,11,7
35965,6,7
35967,3,7
35971,6,7
35973,8,7
35975,8,7
35977,0,7
35978,5,7
35979,4,7
35981,6,7
35982,4,7
35984,4,7
35986,6,7
35988,6,7
35990,6,7
35991,4,7
35994,0,7
35995,4,7
35997,7,7
35998,4,7
36001,6,7
36004,6,7
36005,1,7
36009,2,7
36010,3,7
36011,7,7
36012,8,7
36013,2,7
36015,8,7
36016,10,7
36017,8,7
36026,5,7
36028,10,7
36031,1,7
36032,11,7
36033,8,7
36034,11,7
36038,6,7
36039,11,7
36040,10,7
36042,4,7
36045,3,7
36047,11,7
36048,6,7
36049,11,7
36052,0,7
36053,2,7
36056,10,7
36058,7,7
36061,1,7
36063,11,7
36064,11,7
36065,4,7
36066,2,7
36068,8,7
36070,8,7
36071,5,7
36072,11,7
36073,11,7
36074,0,7
36075,1,7
36076,8,7
36078,6,7
36082,0,7
36083,0,7
36084,0,7
36086,7,7
36089,0,7
36090,1,7
36093,10,7
36094,8,7
36095,2,7
36096,8,7
36097,11,7
36099,10,7
36100,0,7
36101,2,7
36103,11,7
36106,10,7
36107,4,7
36111,0,7
36115,1,7
36117,11,7
36120,1,7
36121,1,7
36125,8,7
36127,3,7
36128,11,7
36129,8,7
36134,0,7
36137,0,7
36138,0,7
36140,0,7
36141,2,7
36143,7,7
36147,0,7
36148,4,7
36149,10,7
36150,0,7
36151,2,7
36152,8,7
36154,2,7
36156,4,7
36162,0,7
36164,5,7
36165,5,7
36167,6,7
36168,4,7
36172,3,7
36173,0,7
36175,11,7
36177,10,7
36179,11,7
36184,5,7
36186,5,7
36192,1,7
36193,10,7
36194,5,7
36196,6,7
36197,3,7
36198,2,7
36199,6,7
36204,10,7
36205,2,7
36206,11,7
36209,6,7
36210,6,7
36213,6,7
36216,6,7
36218,0,7
36221,0,7
36223,3,7
36225,6,7
36226,11,7
36227,5,7
36229,0,7
36231,3,7
36233,0,7
36234,8,7
36235,6,7
36237,6,7
36238,6,7
36239,11,7
36240,2,7
36242,8,7
36246,4,7
36248,6,7
36249,8,7
36250,6,7
36252,0,7
36254,3,7
36259,0,7
36261,0,7
36262,7,7
36263,7,7
36266,0,7
36267,0,7
36270,0,7
36271,0,7
36272,3,7
36275,0,7
36278,6,7
36279,1,7
36280,6,7
36284,6,7
36285,10,7
36286,0,7
36287,10,7
36290,0,7
36291,0,7
36293,3,7
36295,7,7
36296,0,7
36297,0,7
36298,8,7
36300,2,7
36301,0,7
36305,2,7
36306,2,7
36309,2,7
36310,0,7
36311,11,7
36313,5,7
36314,0,7
36315,3,7
36318,11,7
36319,11,7
36323,0,7
36324,0,7
36325,3,7
36328,8,7
36330,6,7
36332,3,7
36333,0,7
36334,8,7
36335,11,7
36337,3,7
36338,1,7
36339,3,7
36340,2,7
36341,10,7
36342,0,7
36344,3,7
36348,0,7
36349,0,7
36351,5,7
36352,11,7
36353,1,7
36356,3,7
36357,0,7
36358,0,7
36360,6,7
36361,11,7
36363,1,7
36364,0,7
36367,3,7
36369,3,7
36372,11,7
36376,3,7
36377,10,7
36381,4,7
36383,10,7
36385,2,7
36391,2,7
36393,10,7
36399,0,7
36401,10,7
36402,2,7
36403,2,7
36406,1,7
36407,8,7
36410,8,7
36411,3,7
36412,0,7
36414,2,7
36416,8,7
36420,8,7
36421,8,7
36423,8,7
36425,6,7
36428,10,7
36429,0,7
36430,4,7
36431,8,7
36433,6,7
36435,10,7
36436,0,7
36438,6,7
36439,6,7
36442,0,7
36448,0,7
36450,6,7
36452,8,7
36453,8,7
36456,6,7
36457,8,7
36458,5,7
36459,6,7
36463,6,7
36464,6,7
36465,5,7
36466,3,7
36470,0,7
36471,6,7
36474,6,7
36475,6,7
36477,0,7
36480,5,7
36482,8,7
36485,5,7
36488,11,7
36493,11,7
36500,11,7
36502,6,7
36503,5,7
36504,8,7
36505,5,7
36506,11,7
36508,1,7
36511,2,7
36514,0,7
36515,6,7
36517,1,7
36518,10,7
36520,10,7
36521,11,7
36525,10,7
36526,5,7
36528,4,7
36529,11,7
36531,11,7
36532,0,7
36535,0,7
36541,0,7
36542,8,7
36543,5,7
36544,0,7
36545,0,7
36546,3,7
36548,8,7
36550,5,7
36552,6,7
36553,0,7
36554,0,7
36556,6,7
36557,1,7
36560,6,7
36563,5,7
36565,0,7
36566,0,7
36567,0,7
36568,11,7
36569,2,7
36570,6,7
36571,3,7
36573,3,7
36578,5,7
36579,1,7
36580,4,7
36585,6,7
36588,10,7
36590,10,7
36591,3,7
36592,8,7
36597,1,7
36600,4,7
36602,1,7
36604,4,7
36605,0,7
36606,0,7
36608,5,7
36611,6,7
36614,8,7
36616,0,7
36618,0,7
36619,1,7
36621,0,7
36625,0,7
36626,10,7
36627,0,7
36628,8,7
36629,0,7
36630,0,7
36635,2,7
36638,3,7
36642,3,7
36643,10,7
36644,0,7
36647,6,7
36650,8,7
36653,3,7
36654,10,7
36657,11,7
36658,10,7
36661,4,7
36662,2,7
36663,5,7
36664,3,7
36665,3,7
36666,11,7
36667,1,7
36669,3,7
36670,3,7
36673,5,7
36675,9,7
36676,3,7
36677,10,7
36682,3,7
36685,10,7
36686,2,7
36687,8,7
36689,8,7
36690,3,7
36691,1,7
36694,3,7
36695,4,7
36696,9,7
36697,0,7
36699,3,7
36700,3,7
36702,2,7
36703,11,7
36707,3,7
36708,4,7
36709,1,7
36711,11,7
36712,1,7
36714,11,7
36715,10,7
36717,10,7
36718,10,7
36720,11,7
36721,1,7
36722,11,7
36728,8,7
36729,0,7
36730,11,7
36732,4,7
36733,4,7
36736,3,7
36739,10,7
36743,2,7
36746,8,7
36747,4,7
36749,10,7
36750,11,7
36752,4,7
36753,5,7
36754,8,7
36755,8,7
36756,4,7
36758,4,7
36762,5,7
36765,11,7
36766,5,7
36768,5,7
36769,4,7
36770,1,7
36771,11,7
36772,5,7
36773,11,7
36774,1,7
36778,11,7
36780,1,7
36781,1,7
36783,5,7
36785,2,7
36789,1,7
36791,5,7
36794,2,7
36795,10,7
36796,11,7
36799,5,7
36800,10,7
36802,11,7
36803,1,7
36804,4,7
36805,1,7
36808,1,7
36810,5,7
36811,11,7
36812,4,7
36813,8,7
36814,11,7
36815,3,7
36816,5,7
36823,8,7
36825,8,7
36828,1,7
36829,6,7
36830,6,7
36831,6,7
36832,6,7
36835,6,7
36837,0,7
36838,6,7
36840,5,7
36841,8,7
36844,0,7
36846,6,7
36848,5,7
36849,1,7
36850,11,7
36851,1,7
36853,5,7
36854,11,7
36856,6,7
36857,5,7
36858,11,7
36859,11,7
36862,4,7
36863,1,7
36864,4,7
36865,1,7
36867,10,7
36868,3,7
36869,2,7
36871,6,7
36873,6,7
36874,6,7
36875,3,7
36876,8,7
36878,0,7
36879,6,7
36882,8,7
36883,8,7
36885,6,7
36886,8,7
36887,1,7
36889,0,7
36891,1,7
36893,4,7
36896,8,7
36897,1,7
36898,6,7
36904,6,7
36905,6,7
36906,10,7
36908,6,7
36909,6,7
36910,6,7
36913,5,7
36915,1,7
36916,0,7
36917,11,7
36919,10,7
36920,0,7
36921,3,7
36922,9,7
36924,8,7
36925,5,7
36927,8,7
36930,5,7
36932,6,7
36933,11,7
36935,11,7
36936,8,7
36937,5,7
36938,0,7
36940,5,7
36941,10,7
36946,8,7
36947,2,7
36952,5,7
36953,2,7
36954,4,7
36955,4,7
36957,10,7
36960,0,7
36961,5,7
36964,8,7
36967,0,7
36970,6,7
36971,8,7
36974,0,7
36975,2,7
36977,0,7
36980,1,7
36981,3,7
36983,0,7
36985,11,7
36986,1,7
36987,8,7
36990,3,7
36991,0,7
36995,8,7
36997,0,7
36998,5,7
37000,3,7
37001,11,7
37002,5,7
37004,8,7
37006,6,7
37008,8,7
37012,1,7
37013,8,7
37014,1,7
37015,0,7
37016,8,7
37017,2,7
37020,8,7
37022,3,7
37023,6,7
37024,6,7
37026,11,7
37027,3,7
37028,6,7
37029,1,7
37032,0,7
37033,6,7
37035,2,7
37036,10,7
37037,0,7
37041,8,7
37042,10,7
37046,6,7
37047,8,7
37050,6,7
37053,1,7
37054,10,7
37055,9,7
37057,11,7
37058,8,7
37059,10,7
37060,8,7
37061,11,7
37063,11,7
37072,8,7
37073,2,7
37074,4,7
37076,5,7
37082,0,7
37084,5,7
37086,4,7
37088,5,7
37090,11,7
37091,1,7
37093,8,7
37094,11,7
37095,0,7
37100,11,7
37102,8,7
37104,11,7
37105,11,7
37106,0,7
37108,1,7
37110,3,7
37112,10,7
37114,1,7
37115,5,7
37119,8,7
37120,8,7
37127,6,7
37128,11,7
37129,2,7
37130,10,7
37135,5,7
37137,8,7
37139,10,7
37143,10,7
37144,8,7
37147,8,7
37149,0,7
37152,6,7
37153,1,7
37155,2,7
37156,2,7
37159,0,7
37160,3,7
37162,0,7
37163,0,7
37166,11,7
37167,6,7
37168,8,7
37169,8,7
37171,8,7
37172,6,7
37173,8,7
37175,11,7
37176,1,7
37178,5,7
37179,2,7
37181,4,7
37182,11,7
37183,9,7
37184,8,7
37186,3,7
37188,10,7
37189,11,7
37192,0,7
37195,1,7
37197,6,7
37199,2,7
37200,8,7
37205,11,7
37209,2,7
37215,0,7
37216,10,7
37217,3,7
37221,3,7
37222,4,7
37223,8,7
37224,8,7
37229,8,7
37231,4,7
37233,5,7
37234,11,7
37237,8,7
37238,3,7
37240,8,7
37241,5,7
37243,5,7
37244,4,7
37245,11,7
37246,0,7
37247,11,7
37248,8,7
37250,6,7
37253,8,7
37254,6,7
37255,0,7
37259,5,7
37262,1,7
37266,2,7
37267,6,7
37270,0,7
37272,0,7
37274,7,7
37277,8,7
37278,11,7
37281,10,7
37283,1,7
37284,4,7
37286,8,7
37287,0,7
37288,5,7
37290,6,7
37291,11,7
37292,5,7
37294,1,7
37295,8,7
37296,11,7
37298,0,7
37299,11,7
37300,0,7
37303,8,7
37307,6,7
37314,10,7
37316,6,7
37318,11,7
37319,9,7
37323,0,7
37324,6,7
37325,8,7
37328,6,7
37330,0,7
37331,0,7
37334,3,7
37337,1,7
37340,4,7
37341,11,7
37342,1,7
37347,8,7
37348,1,7
37349,4,7
37350,4,7
37351,8,7
37354,10,7
37356,8,7
37359,8,7
37360,1,7
37366,1,7
37369,11,7
37373,8,7
37374,0,7
37376,9,7
37378,10,7
37379,8,7
37382,9,7
37385,10,7
37388,11,7
37390,11,7
37391,10,7
37392,9,7
37396,11,7
37398,8,7
37399,10,7
37400,5,7
37401,11,7
37404,6,7
37406,2,7
37407,8,7
37408,2,7
37409,6,7
37413,11,7
37414,11,7
37415,6,7
37416,0,7
37417,9,7
37421,5,7
37427,11,7
37431,11,7
37434,5,7
37439,4,7
37440,8,7
37444,3,7
37445,4,7
37446,7,7
37447,4,7
37450,6,7
37452,8,7
37453,6,7
37454,6,7
37456,0,7
37457,8,7
37461,0,7
37464,0,7
37465,8,7
37466,8,7
37467,8,7
37468,11,7
37469,8,7
37472,0,7
37474,11,7
37475,4,7
37476,4,7
37478,5,7
37480,8,7
37482,6,7
37483,5,7
37486,4,7
37490,8,7
37491,4,7
37492,8,7
37495,0,7
37496,10,7
37497,1,7
37498,1,7
37501,4,7
37502,9,7
37503,4,7
37507,0,7
37508,10,7
37509,8,7
37511,0,7
37512,0,7
37513,0,7
37514,3,7
37516,5,7
37517,8,7
37518,8,7
37520,10,7
37521,8,7
37523,0,7
37526,8,7
37527,11,7
37531,8,7
37532,8,7
37533,0,7
37536,1,7
37540,0,7
37541,3,7
37543,3,7
37545,8,7
37546,11,7
37547,4,7
37551,8,7
37552,4,7
37553,8,7
37554,4,7
37556,3,7
37557,10,7
37558,0,7
37559,8,7
37560,8,7
37561,0,7
37562,3,7
37565,1,7
37568,4,7
37571,1,7
37576,11,7
37577,5,7
37578,4,7
37580,5,7
37581,5,7
37583,10,7
37584,5,7
37587,0,7
37590,8,7
37592,4,7
37593,9,7
37598,1,7
37600,0,7
37604,5,7
37605,11,7
37607,4,7
37608,0,7
37609,0,7
37610,0,7
37611,8,7
37612,0,7
37613,10,7
37614,4,7
37616,8,7
37617,0,7
37618,5,7
37619,11,7
37620,5,7
37623,1,7
37625,5,7
37627,8,7
37629,10,7
37631,11,7
37634,11,7
37636,1,7
37637,8,7
37640,3,7
37642,8,7
37645,4,7
37646,4,7
37647,8,7
37651,8,7
37652,9,7
37653,4,7
37654,4,7
37655,5,7
37657,1,7
37658,0,7
37660,11,7
37662,4,7
37665,9,7
37670,3,7
37673,5,7
37678,9,7
37683,1,7
37686,6,7
37687,0,7
37688,11,7
37689,4,7
37691,11,7
37692,5,7
37694,8,7
37699,8,7
37700,0,7
37707,5,7
37709,8,7
37712,1,7
37715,0,7
37716,8,7
37717,11,7
37718,3,7
37720,0,7
37721,1,7
37724,11,7
37725,5,7
37727,4,7
37728,4,7
37730,2,7
37731,2,7
37732,11,7
37733,8,7
37734,11,7
37735,11,7
37736,0,7
37737,4,7
37738,4,7
37740,4,7
37741,0,7
37745,7,7
37747,2,7
37749,2,7
37750,8,7
37753,9,7
37757,8,7
37758,4,7
37761,6,7
37762,1,7
37765,3,7
37766,1,7
37767,8,7
37768,1,7
37773,1,7
37774,11,7
37777,8,7
37778,4,7
37779,4,7
37781,1,7
37786,10,7
37789,5,7
37791,0,7
37793,0,7
37794,4,7
37795,10,7
37796,1,7
37797,0,7
37798,3,7
37799,4,7
37800,7,7
37801,4,7
37802,4,7
37809,8,7
37810,10,7
37813,4,7
37815,8,7
37816,8,7
37818,5,7
37819,8,7
37824,5,7
37828,6,7
37829,8,7
37831,5,7
37833,5,7
37836,8,7
37837,11,7
37838,0,7
37839,0,7
37840,8,7
37845,8,7
37847,2,7
37848,0,7
37852,11,7
37854,7,7
37856,3,7
37857,8,7
37858,11,7
37859,4,7
37862,8,7
37863,8,7
37864,1,7
37865,0,7
37866,5,7
37868,10,7
37870,8,7
37873,11,7
37875,8,7
37878,11,7
37881,4,7
37882,5,7
37883,4,7
37884,4,7
37885,1,7
37893,4,7
37894,1,7
37897,11,7
37898,11,7
37899,5,7
37902,0,7
37906,2,7
37911,11,7
37912,0,7
37913,4,7
37914,1,7
37915,11,7
37916,10,7
37917,1,7
37919,5,7
37920,10,7
37922,11,7
37923,11,7
37925,5,7
37927,11,7
37934,3,7
37937,10,7
37938,11,7
37940,5,7
37942,10,7
37945,10,7
37947,1,7
37949,10,7
37950,11,7
37953,5,7
37954,1,7
37957,11,7
37960,4,7
37961,6,7
37965,2,7
37966,5,7
37967,0,7
37969,4,7
37971,0,7
37973,11,7
37974,3,7
37975,1,7
37978,10,7
37979,5,7
37980,5,7
37981,11,7
37984,5,7
37989,11,7
37990,3,7
37992,11,7
37995,8,7
37998,1,7
37999,11,7
38001,4,7
38003,5,7
38004,0,7
38007,5,7
38010,11,7
38012,11,7
38014,1,7
38016,1,7
38017,11,7
38018,11,7
38020,11,7
38021,3,7
38023,5,7
38025,5,7
38026,5,7
38027,1,7
38028,5,7
38029,3,7
38030,5,7
38033,11,7
38035,11,7
38037,3,7
38039,1,7
38040,5,7
38042,10,7
38043,3,7
38045,5,7
38047,3,7
38048,8,7
38050,5,7
38053,11,7
38054,6,7
38058,3,7
38061,0,7
38063,5,7
38064,1,7
38065,11,7
38068,1,7
38070,4,7
38073,1,7
38074,11,7
38077,11,7
38078,11,7
38081,8,7
38083,3,7
38089,3,7
38091,11,7
38093,0,7
38094,5,7
38096,5,7
38099,5,7
38103,5,7
38107,11,7
38109,11,7
38111,10,7
38112,5,7
38113,10,7
38114,11,7
38116,5,7
38119,6,7
38123,4,7
38124,10,7
38127,11,7
38128,11,7
38132,5,7
38133,2,7
38136,5,7
38137,11,7
38139,11,7
38140,11,7
38141,5,7
38144,5,7
38146,11,7
38149,5,7
38150,1,7
38155,11,7
38156,6,7
38157,6,7
38160,5,7
38161,6,7
38162,6,7
38163,6,7
38164,6,7
38166,0,7
38167,0,7
38168,1,7
38175,8,7
38177,11,7
38181,5,7
38189,11,7
38190,1,7
38191,0,7
38193,0,7
38194,5,7
38198,10,7
38200,11,7
38201,0,7
38204,0,7
38205,11,7
38206,8,7
38207,11,7
38208,10,7
38209,4,7
38212,5,7
38213,1,7
38214,10,7
38219,5,7
38223,5,7
38224,6,7
38228,5,7
38229,0,7
38232,8,7
38234,6,7
38236,5,7
38238,0,7
38239,1,7
38240,1,7
38241,1,7
38242,1,7
38246,0,7
38248,3,7
38249,3,7
38251,4,7
38252,4,7
38254,11,7
38256,6,7
38257,0,7
38263,8,7
38264,4,7
38265,11,7
38266,3,7
38267,1,7
38268,6,7
38269,2,7
38271,11,7
38272,4,7
38275,1,7
38276,11,7
38277,11,7
38279,1,7
38282,0,7
38283,1,7
38287,4,7
38288,1,7
38290,1,7
38293,10,7
38295,3,7
38296,0,7
38298,1,7
38299,0,7
38303,2,7
38305,4,7
38306,4,7
38307,5,7
38308,0,7
38309,10,7
38310,0,7
38312,4,7
38317,11,7
38320,8,7
38322,0,7
38323,11,7
38324,0,7
38326,0,7
38327,0,7
38330,10,7
38331,1,7
38332,0,7
38335,3,7
38336,8,7
38337,0,7
38339,0,7
38340,0,7
38341,0,7
38344,11,7
38347,0,7
38348,8,7
38350,11,7
38351,0,7
38352,4,7
38354,7,7
38356,8,7
38357,6,7
38359,0,7
38361,6,7
38363,6,7
38364,1,7
38366,0,7
38370,1,7
38372,0,7
38373,3,7
38375,0,7
38376,2,7
38378,0,7
38385,8,7
38386,8,7
38387,8,7
38388,8,7
38390,1,7
38391,1,7
38393,6,7
38395,3,7
38401,0,7
38406,3,7
38407,3,7
38408,0,7
38410,11,7
38411,1,7
38412,0,7
38414,8,7
38415,1,7
38420,0,7
38422,3,7
38423,3,7
38424,1,7
38425,1,7
38430,0,7
38432,1,7
38434,11,7
38436,8,7
38440,11,7
38442,3,7
38443,11,7
38444,6,7
38446,3,7
38448,10,7
38450,11,7
38451,3,7
38453,8,7
38454,3,7
38455,4,7
38460,1,7
38461,1,7
38462,6,7
38465,10,7
38466,6,7
38468,8,7
38470,0,7
38471,4,7
38472,3,7
38473,7,7
38475,11,7
38476,4,7
38477,4,7
38478,5,7
38479,8,7
38480,8,7
38482,11,7
38483,3,7
38486,11,7
38489,11,7
38495,3,7
38496,3,7
38497,7,7
38499,8,7
38500,3,7
38504,4,7
38505,1,7
38509,0,7
38510,2,7
38511,3,7
38517,5,7
38519,11,7
38520,1,7
38522,4,7
38524,5,7
38525,3,7
38527,0,7
38528,3,7
38529,7,7
38530,0,7
38531,3,7
38534,2,7
38535,3,7
38536,3,7
38537,3,7
38538,3,7
38539,3,7
38540,3,7
38542,4,7
38543,3,7
38544,3,7
38545,4,7
38552,3,7
38553,4,7
38556,0,7
38561,3,7
38564,6,7
38566,3,7
38571,0,7
38572,3,7
38576,1,7
38579,10,7
38580,0,7
38581,3,7
38582,4,7
38583,3,7
38584,3,7
38586,11,7
38587,0,7
38589,3,7
38590,10,7
38591,3,7
38592,4,7
38594,1,7
38595,3,7
38600,11,7
38601,0,7
38602,11,7
38603,1,7
38604,3,7
38605,3,7
38606,3,7
38607,3,7
38608,3,7
38609,3,7
38610,11,7
38611,1,7
38612,3,7
38613,3,7
38614,10,7
38615,10,7
38618,3,7
38621,4,7
38625,0,7
38626,4,7
38628,3,7
38629,1,7
38630,3,7
38631,3,7
38632,3,7
38633,1,7
38637,1,7
38642,3,7
38643,3,7
38644,11,7
38645,1,7
38647,1,7
38651,0,7
38654,1,7
38656,9,7
38657,10,7
38659,1,7
38663,1,7
38666,3,7
38667,3,7
38668,3,7
38670,3,7
38673,6,7
38675,3,7
38676,3,7
38678,3,7
38679,0,7
38680,3,7
38681,3,7
38683,0,7
38685,0,7
38686,1,7
38687,8,7
38688,0,7
38689,8,7
38691,10,7
38693,8,7
38694,8,7
38695,6,7
38697,11,7
38701,8,7
38702,6,7
38704,6,7
38705,8,7
38706,11,7
38707,4,7
38710,6,7
38711,1,7
38713,11,7
38716,6,7
38717,8,7
38720,6,7
38721,8,7
38722,4,7
38726,1,7
38727,4,7
38728,0,7
38730,10,7
38732,3,7
38739,6,7
38740,6,7
38743,4,7
38746,0,7
38750,5,7
38752,6,7
38753,6,7
38757,0,7
38758,6,7
38760,8,7
38761,8,7
38764,6,7
38768,8,7
38770,6,7
38772,8,7
38774,6,7
38775,8,7
38776,8,7
38777,4,7
38778,8,7
38780,5,7
38781,6,7
38783,8,7
38784,5,7
38786,11,7
38788,8,7
38791,6,7
38792,6,7
38793,8,7
38796,4,7
38800,11,7
38801,8,7
38802,4,7
38803,8,7
38804,6,7
38806,5,7
38808,6,7
38810,4,7
38811,8,7
38812,4,7
38816,6,7
38817,6,7
38818,0,7
38819,5,7
38820,3,7
38823,11,7
38825,11,7
38828,4,7
38831,5,7
38833,4,7
38836,4,7
38837,4,7
38838,4,7
38840,6,7
38843,4,7
38845,11,7
38846,3,7
38847,11,7
38850,6,7
38851,3,7
38853,4,7
38854,5,7
38856,1,7
38857,6,7
38858,8,7
38860,0,7
38861,11,7
38863,6,7
38864,5,7
38867,11,7
38868,3,7
38869,6,7
38873,11,7
38874,6,7
38876,5,7
38878,6,7
38879,5,7
38880,4,7
38882,6,7
38883,3,7
38884,4,7
38888,4,7
38895,1,7
38896,11,7
38898,8,7
38900,1,7
38901,8,7
38904,11,7
38905,4,7
38908,0,7
38911,11,7
38914,1,7
38917,1,7
38922,8,7
38923,1,7
38925,1,7
38926,1,7
38927,1,7
38929,1,7
38932,1,7
38933,1,7
38934,1,7
38935,1,7
38936,10,7
38939,11,7
38942,6,7
38943,11,7
38944,8,7
38945,10,7
38947,10,7
38949,10,7
38950,10,7
38951,8,7
38952,1,7
38953,10,7
38956,10,7
38957,1,7
38958,1,7
38959,1,7
38960,8,7
38961,1,7
38962,10,7
38963,1,7
38964,1,7
38965,1,7
38969,1,7
38971,1,7
38972,1,7
38976,0,7
38978,10,7
38979,11,7
38980,10,7
38981,10,7
38982,8,7
38984,10,7
38987,10,7
38988,1,7
38989,1,7
38991,11,7
38993,1,7
38994,5,7
38995,1,7
38997,1,7
38999,1,7
39000,1,7
39002,1,7
39003,1,7
39006,8,7
39010,1,7
39011,1,7
39012,8,7
39014,8,7
39016,1,7
39018,8,7
39022,1,7
39026,1,7
39027,1,7
39031,1,7
39033,1,7
39036,11,7
39037,8,7
39039,1,7
39045,0,7
39046,8,7
39048,8,7
39049,8,7
39052,1,7
39053,1,7
39054,1,7
39057,1,7
39059,10,7
39061,10,7
39065,1,7
39066,1,7
39067,1,7
39068,1,7
39072,1,7
39074,10,7
39077,1,7
39078,10,7
39079,1,7
39083,1,7
39085,10,7
39086,1,7
39087,10,7
39088,1,7
39089,1,7
39090,1,7
39091,8,7
39092,1,7
39094,1,7
39096,1,7
39098,1,7
39100,1,7
39105,1,7
39106,1,7
39108,8,7
39111,1,7
39112,10,7
39117,10,7
39118,1,7
39120,6,7
39122,1,7
39124,10,7
39126,1,7
39127,8,7
39130,8,7
39134,1,7
39138,1,7
39139,11,7
39141,10,7
39143,1,7
39144,8,7
39145,1,7
39146,10,7
39149,5,7
39151,1,7
39152,1,7
39153,1,7
39154,1,7
39155,1,7
39156,1,7
39158,8,7
39160,1,7
39161,8,7
39165,1,7
39167,1,7
39168,1,7
39171,1,7
39173,1,7
39174,1,7
39176,1,7
39179,1,7
39180,8,7
39182,1,7
39183,1,7
39184,1,7
39186,10,7
39187,11,7
39188,1,7
39192,1,7
39193,1,7
39195,0,7
39196,8,7
39197,1,7
39198,0,7
39200,8,7
39201,8,7
39202,1,7
39205,8,7
39206,8,7
39207,8,7
39209,11,7
39213,8,7
39217,10,7
39219,11,7
39221,8,7
39223,11,7
39225,1,7
39226,1,7
39228,8,7
39231,8,7
39233,11,7
39240,10,7
39243,8,7
39245,4,7
39246,1,7
39247,1,7
39249,10,7
39250,11,7
39251,0,7
39252,1,7
39254,1,7
39256,0,7
39257,1,7
39259,10,7
39261,8,7
39262,1,7
39268,5,7
39269,6,7
39270,10,7
39271,10,7
39272,10,7
39273,1,7
39274,3,7
39275,10,7
39277,2,7
39281,11,7
39283,10,7
39285,1,7
39286,1,7
39287,1,7
39290,0,7
39292,1,7
39294,1,7
39295,1,7
39296,1,7
39297,1,7
39301,10,7
39302,10,7
39304,1,7
39306,1,7
39307,1,7
39312,1,7
39315,1,7
39317,1,7
39324,4,7
39326,8,7
39327,1,7
39329,1,7
39331,1,7
39333,10,7
39335,10,7
39336,1,7
39337,1,7
39340,1,7
39343,1,7
39344,10,7
39345,1,7
39351,1,7
39354,1,7
39359,1,7
39360,1,7
39363,11,7
39364,2,7
39366,10,7
39370,1,7
39371,0,7
39372,0,7
39375,8,7
39376,10,7
39377,1,7
39378,0,7
39381,1,7
39382,1,7
39383,3,7
39389,1,7
39391,1,7
39392,1,7
39393,11,7
39394,1,7
39395,1,7
39397,8,7
39399,0,7
39401,8,7
39403,3,7
39408,3,7
39409,11,7
39410,10,7
39411,4,7
39415,5,7
39416,1,7
39418,1,7
39421,1,7
39424,5,7
39425,10,7
39429,3,7
39430,1,7
39431,3,7
39432,11,7
39434,10,7
39436,10,7
39439,0,7
39444,11,7
39445,1,7
39446,10,7
39447,8,7
39450,11,7
39455,11,7
39456,1,7
39457,3,7
39458,11,7
39461,10,7
39463,1,7
39466,11,7
39471,10,7
39472,1,7
39473,1,7
39474,8,7
39475,5,7
39478,11,7
39480,3,7
39481,0,7
39483,11,7
39485,10,7
39486,10,7
39487,8,7
39489,11,7
39490,5,7
39493,8,7
39494,1,7
39495,11,7
39501,1,7
39503,4,7
39505,10,7
39510,10,7
39515,1,7
39517,1,7
39520,11,7
39521,10,7
39522,2,7
39523,8,7
39524,10,7
39525,10,7
39526,0,7
39527,11,7
39533,4,7
39537,7,7
39538,10,7
39540,3,7
39542,0,7
39544,8,7
39545,4,7
39546,0,7
39547,0,7
39548,1,7
39549,5,7
39554,4,7
39556,6,7
39557,6,7
39561,5,7
39562,6,7
39564,6,7
39568,1,7
39569,2,7
39570,4,7
39571,10,7
39572,0,7
39573,10,7
39576,11,7
39577,0,7
39578,8,7
39581,0,7
39584,0,7
39586,2,7
39588,0,7
39589,7,7
39590,1,7
39591,1,7
39594,5,7
39595,0,7
39596,0,7
39597,10,7
39607,3,7
39608,0,7
39609,7,7
39610,0,7
39611,3,7
39614,5,7
39615,1,7
39616,11,7
39620,1,7
39622,8,7
39623,1,7
39624,11,7
39625,11,7
39627,11,7
39628,0,7
39629,5,7
39631,3,7
39634,1,7
39635,1,7
39636,6,7
39637,11,7
39638,0,7
39639,3,7
39641,0,7
39645,6,7
39646,5,7
39649,3,7
39650,0,7
39654,11,7
39655,11,7
39657,0,7
39658,3,7
39660,1,7
39663,5,7
39664,3,7
39665,0,7
39667,11,7
39669,5,7
39670,1,7
39671,0,7
39672,3,7
39675,0,7
39677,5,7
39680,4,7
39681,1,7
39682,1,7
39684,1,7
39686,10,7
39688,8,7
39689,11,7
39690,4,7
39691,11,7
39692,1,7
39694,11,7
39696,0,7
39698,3,7
39699,7,7
39700,3,7
39701,5,7
39703,11,7
39704,11,7
39706,11,7
39707,11,7
39712,10,7
39714,10,7
39716,5,7
39717,3,7
39719,3,7
39721,5,7
39722,5,7
39723,7,7
39724,4,7
39728,3,7
39731,11,7
39733,11,7
39738,1,7
39739,5,7
39742,11,7
39744,1,7
39746,0,7
39748,11,7
39750,5,7
39751,0,7
39753,2,7
39754,5,7
39755,6,7
39762,11,7
39763,1,7
39773,8,7
39774,11,7
39775,6,7
39777,4,7
39778,1,7
39780,6,7
39781,6,7
39783,0,7
39784,4,7
39785,3,7
39788,11,7
39792,4,7
39795,3,7
39797,4,7
39798,4,7
39803,11,7
39808,2,7
39810,10,7
39813,3,7
39815,3,7
39816,0,7
39817,0,7
39818,4,7
39822,11,7
39831,10,7
39834,5,7
39835,5,7
39836,11,7
39837,5,7
39838,3,7
39839,0,7
39841,5,7
39843,5,7
39844,3,7
39845,3,7
39847,3,7
39848,3,7
39849,3,7
39853,3,7
39858,11,7
39859,11,7
39861,3,7
39863,4,7
39864,5,7
39868,11,7
39869,0,7
39870,0,7
39874,5,7
39878,5,7
39881,1,7
39885,5,7
39888,11,7
39890,11,7
39892,0,7
39896,5,7
39897,4,7
39898,3,7
39902,4,7
39904,5,7
39905,0,7
39907,8,7
39908,11,7
39911,4,7
39912,8,7
39914,4,7
39917,4,7
39918,0,7
39919,11,7
39921,4,7
39923,10,7
39924,10,7
39926,4,7
39928,3,7
39929,11,7
39930,11,7
39932,5,7
39933,8,7
39936,8,7
39937,11,7
39938,3,7
39940,0,7
39942,6,7
39944,0,7
39945,4,7
39946,0,7
39947,5,7
39948,11,7
39949,11,7
39951,0,7
39953,3,7
39955,11,7
39956,1,7
39957,10,7
39960,11,7
39962,4,7
39964,3,7
39966,5,7
39968,8,7
39969,11,7
39971,5,7
39972,4,7
39973,5,7
39975,5,7
39976,11,7
39977,0,7
39981,8,7
39982,8,7
39985,4,7
39987,5,7
39988,1,7
39990,4,7
39991,4,7
39995,5,7
39997,11,7
39998,4,7
39999,0,7
40005,5,7
40006,4,7
40008,11,7
40009,5,7
40010,11,7
40011,11,7
40012,8,7
40015,11,7
40017,8,7
40018,8,7
40019,5,7
40020,5,7
40022,4,7
40026,0,7
40027,5,7
40032,10,7
40034,0,7
40035,11,7
40038,5,7
40039,1,7
40040,11,7
40041,5,7
40044,5,7
40045,11,7
40046,5,7
40048,11,7
40049,11,7
40050,3,7
40052,0,7
40053,5,7
40054,5,7
40055,0,7
40057,3,7
40060,1,7
40061,4,7
40063,0,7
40064,8,7
40066,0,7
40071,11,7
40074,3,7
40082,5,7
40083,4,7
40085,11,7
40086,1,7
40087,3,7
40092,5,7
40093,5,7
40095,5,7
40099,0,7
40101,10,7
40102,5,7
40103,3,7
40107,1,7
40111,4,7
40113,11,7
40114,5,7
40116,1,7
40117,6,7
40119,1,7
40120,5,7
40121,3,7
40123,8,7
40125,11,7
40127,1,7
40128,10,7
40133,5,7
40135,8,7
40137,0,7
40141,10,7
40143,4,7
40145,3,7
40146,5,7
40147,1,7
40150,11,7
40152,8,7
40153,8,7
40155,8,7
40156,11,7
40157,1,7
40161,8,7
40162,5,7
40163,4,7
40165,4,7
40166,3,7
40169,5,7
40171,11,7
40173,3,7
40174,11,7
40175,11,7
40176,11,7
40179,10,7
40182,8,7
40183,3,7
40184,5,7
40186,1,7
40187,5,7
40188,10,7
40190,4,7
40191,4,7
40192,1,7
40195,11,7
40196,1,7
40199,11,7
40201,8,7
40202,4,7
40203,11,7
40206,4,7
40207,11,7
40208,4,7
40210,1,7
40211,5,7
40212,11,7
40215,4,7
40217,8,7
40219,11,7
40220,5,7
40223,5,7
40224,5,7
40226,10,7
40228,5,7
40229,8,7
40230,8,7
40231,5,7
40233,3,7
40234,5,7
40235,5,7
40237,1,7
40238,5,7
40240,1,7
40243,1,7
40246,3,7
40247,11,7
40249,4,7
40250,11,7
40255,8,7
40256,8,7
40257,0,7
40258,3,7
40259,4,7
40260,4,7
40261,5,7
40265,10,7
40266,10,7
40267,11,7
40268,0,7
40269,5,7
40272,4,7
40279,11,7
40280,5,7
40282,3,7
40283,0,7
40287,4,7
40288,10,7
40292,1,7
40293,5,7
40294,8,7
40296,8,7
40298,10,7
40299,1,7
40302,10,7
40303,1,7
40304,1,7
40306,10,7
40307,3,7
40311,11,7
40313,6,7
40319,5,7
40321,8,7
40322,5,7
40328,5,7
40329,4,7
40330,5,7
40331,6,7
40333,3,7
40335,0,7
40336,8,7
40337,4,7
40339,4,7
40340,5,7
40341,8,7
40346,6,7
40347,6,7
40349,5,7
40350,1,7
40351,2,7
40353,5,7
40354,0,7
40355,6,7
40356,4,7
40357,8,7
40359,4,7
40360,3,7
40361,6,7
40362,2,7
40365,5,7
40366,4,7
40367,1,7
40368,4,7
40369,5,7
40370,8,7
40371,1,7
40374,10,7
40375,10,7
40380,8,7
40381,1,7
40383,5,7
40384,4,7
40388,0,7
40389,4,7
40393,3,7
40394,0,7
40395,2,7
40398,5,7
40400,8,7
40401,0,7
40402,6,7
40404,2,7
40405,0,7
40406,0,7
40407,2,7
40408,3,7
40413,4,7
40414,10,7
40415,1,7
40417,6,7
40418,1,7
40419,8,7
40420,10,7
40421,4,7
40427,8,7
40432,4,7
40437,3,7
40439,8,7
40441,0,7
40444,4,7
40445,11,7
40446,5,7
40447,8,7
40448,8,7
40450,5,7
40451,11,7
40453,8,7
40454,11,7
40457,3,7
40458,10,7
40460,11,7
40464,6,7
40465,0,7
40466,10,7
40467,1,7
40468,8,7
40470,3,7
40471,4,7
40472,6,7
40474,9,7
40476,8,7
40480,4,7
40481,9,7
40483,6,7
40485,6,7
40486,1,7
40489,0,7
40490,0,7
40493,2,7
40495,11,7
40497,11,7
40500,4,7
40501,5,7
40504,8,7
40507,1,7
40509,6,7
40511,0,7
40512,5,7
40513,2,7
40514,2,7
40515,10,7
40516,0,7
40518,2,7
40520,3,7
40521,0,7
40523,1,7
40525,3,7
40528,3,7
40529,8,7
40530,10,7
40531,9,7
40532,4,7
40534,0,7
40535,2,7
40539,7,7
40541,0,7
40543,4,7
40545,0,7
40548,11,7
40549,10,7
40550,4,7
40551,8,7
40552,4,7
40553,11,7
40554,6,7
40556,11,7
40557,10,7
40559,11,7
40560,4,7
40567,0,7
40569,0,7
40570,3,7
40571,10,7
40572,3,7
40578,2,7
40580,0,7
40585,7,7
40586,0,7
40587,0,7
40589,3,7
40590,3,7
40592,6,7
40594,5,7
40595,1,7
40598,4,7
40604,5,7
40605,4,7
40606,2,7
40607,4,7
40608,0,7
40609,0,7
40611,7,7
40613,3,7
40614,11,7
40616,5,7
40617,8,7
40618,8,7
40619,5,7
40620,0,7
40621,0,7
40622,3,7
40623,4,7
40625,4,7
40627,3,7
40628,7,7
40630,6,7
40632,0,7
40634,8,7
40635,2,7
40637,8,7
40646,2,7
40648,0,7
40649,8,7
40650,10,7
40651,5,7
40656,6,7
40659,1,7
40660,4,7
40661,0,7
40665,6,7
40666,3,7
40668,6,7
40669,8,7
40671,11,7
40678,3,7
40681,1,7
40683,6,7
40687,5,7
40688,1,7
40689,0,7
40690,6,7
40697,2,7
40699,5,7
40700,4,7
40709,3,7
40712,0,7
40714,4,7
40715,0,7
40716,2,7
40717,2,7
40732,10,7
40737,10,7
40740,10,7
40742,4,7
40744,11,7
40746,11,7
40748,1,7
40749,1,7
40752,11,7
40756,0,7
40758,3,7
40759,0,7
40763,3,7
40766,10,7
40772,6,7
40773,6,7
40775,6,7
40778,6,7
40781,8,7
40782,0,7
40787,3,7
40788,7,7
40792,8,7
40793,0,7
40795,6,7
40796,6,7
40798,4,7
40802,0,7
40803,4,7
40804,4,7
40807,3,7
40808,3,7
40810,1,7
40811,11,7
40812,0,7
40813,2,7
40815,0,7
40819,3,7
40820,0,7
40822,1,7
40823,5,7
40824,4,7
40825,8,7
40826,4,7
40827,0,7
40829,8,7
40833,5,7
40838,11,7
40840,6,7
40841,4,7
40842,6,7
40844,11,7
40845,8,7
40847,8,7
40848,11,7
40851,4,7
40852,0,7
40853,6,7
40855,0,7
40858,0,7
40859,0,7
40862,4,7
40864,0,7
40866,8,7
40867,8,7
40871,2,7
40872,4,7
40876,5,7
40877,3,7
40881,4,7
40885,1,7
40886,1,7
40889,1,7
40892,1,7
40893,1,7
40895,1,7
40896,1,7
40899,4,7
40901,11,7
40903,8,7
40904,4,7
40908,1,7
40911,4,7
40913,1,7
40915,4,7
40917,10,7
40918,11,7
40919,11,7
40921,8,7
40922,8,7
40923,8,7
40925,1,7
40926,1,7
40929,1,7
40930,1,7
40932,5,7
40933,4,7
40936,3,7
40938,1,7
40939,1,7
40940,11,7
40941,11,7
40942,2,7
40945,4,7
40946,6,7
40947,11,7
40948,11,7
40951,11,7
40952,0,7
40956,4,7
40960,4,7
40961,4,7
40962,5,7
40964,8,7
40968,4,7
40973,0,7
40974,10,7
40976,2,7
40977,8,7
40978,0,7
40979,8,7
40980,8,7
40981,10,7
40984,0,7
40987,7,7
40988,8,7
40990,8,7
40991,0,7
40993,0,7
40997,0,7
40999,8,7
41006,4,7
41007,8,7
41008,0,7
41009,0,7
41010,8,7
41012,4,7
41013,1,7
41015,10,7
41016,0,7
41017,4,7
41018,2,7
41019,8,7
41020,0,7
41021,3,7
41023,11,7
41027,2,7
41031,8,7
41032,3,7
41035,0,7
41038,8,7
41039,8,7
41040,5,7
41044,10,7
41046,3,7
41047,3,7
41050,4,7
41051,4,7
41053,4,7
41054,4,7
41055,8,7
41056,8,7
41058,5,7
41061,1,7
41062,1,7
41064,0,7
41065,3,7
41066,2,7
41068,3,7
41071,8,7
41072,10,7
41073,3,7
41075,8,7
41076,6,7
41077,6,7
41079,8,7
41080,8,7
41082,1,7
41083,10,7
41084,3,7
41085,3,7
41086,3,7
41088,3,7
41089,3,7
41092,0,7
41093,3,7
41096,3,7
41097,4,7
41099,8,7
41101,5,7
41102,3,7
41105,1,7
41106,1,7
41109,4,7
41110,8,7
41114,3,7
41116,11,7
41117,4,7
41118,0,7
41122,8,7
41124,9,7
41125,1,7
41127,4,7
41130,8,7
41131,11,7
41133,0,7
41134,6,7
41137,6,7
41140,6,7
41141,2,7
41143,4,7
41146,6,7
41149,8,7
41151,2,7
41155,8,7
41156,8,7
41158,0,7
41159,4,7
41162,6,7
41165,0,7
41169,2,7
41171,1,7
41172,1,7
41173,0,7
41174,8,7
41175,0,7
41176,8,7
41177,8,7
41180,4,7
41181,5,7
41183,6,7
41186,11,7
41187,2,7
41188,6,7
41192,8,7
41194,3,7
41195,6,7
41197,5,7
41202,5,7
41204,10,7
41208,8,7
41210,0,7
41212,8,7
41213,4,7
41214,10,7
41217,8,7
41218,8,7
41219,6,7
41220,5,7
41222,8,7
41223,8,7
41228,11,7
41231,8,7
41233,5,7
41234,11,7
41236,11,7
41237,5,7
41238,0,7
41241,6,7
41242,6,7
41244,5,7
41245,0,7
41246,11,7
41248,3,7
41251,11,7
41254,8,7
41255,11,7
41257,11,7
41260,3,7
41261,5,7
41263,0,7
41265,0,7
41266,0,7
41267,10,7
41268,3,7
41270,5,7
41272,3,7
41275,8,7
41276,6,7
41278,1,7
41279,3,7
41282,3,7
41283,6,7
41285,11,7
41286,0,7
41288,3,7
41292,5,7
41293,0,7
41294,11,7
41295,0,7
41296,8,7
41297,0,7
41299,6,7
41301,6,7
41305,0,7
41307,0,7
41308,1,7
41311,0,7
41314,8,7
41315,8,7
41317,0,7
41318,0,7
41322,0,7
41325,0,7
41326,6,7
41327,0,7
41330,0,7
41331,0,7
41332,0,7
41333,8,7
41336,8,7
41338,0,7
41339,1,7
41342,11,7
41344,0,7
41349,0,7
41350,0,7
41351,10,7
41352,0,7
41356,8,7
41358,6,7
41359,5,7
41361,3,7
41362,5,7
41363,6,7
41365,8,7
41367,3,7
41370,0,7
41373,8,7
41374,0,7
41375,6,7
41376,6,7
41377,0,7
41380,6,7
41381,6,7
41385,2,7
41386,11,7
41388,0,7
41389,10,7
41390,0,7
41396,5,7
41398,0,7
41399,2,7
41403,1,7
41404,8,7
41406,3,7
41407,5,7
41408,5,7
41412,6,7
41413,8,7
41414,5,7
41416,4,7
41418,6,7
41419,4,7
41422,1,7
41425,2,7
41426,3,7
41428,2,7
41429,6,7
41431,8,7
41433,3,7
41434,10,7
41436,8,7
41438,11,7
41440,4,7
41441,5,7
41442,11,7
41443,2,7
41447,1,7
41448,8,7
41451,4,7
41454,4,7
41455,6,7
41459,0,7
41460,3,7
41465,11,7
41467,1,7
41468,1,7
41469,1,7
41471,2,7
41473,3,7
41480,0,7
41481,10,7
41483,4,7
41485,10,7
41487,4,7
41488,1,7
41489,10,7
41490,4,7
41491,11,7
41492,3,7
41493,1,7
41496,6,7
41497,5,7
41498,11,7
41500,1,7
41501,5,7
41502,11,7
41506,3,7
41507,1,7
41509,4,7
41510,0,7
41511,4,7
41512,3,7
41513,4,7
41515,3,7
41517,6,7
41518,0,7
41523,0,7
41526,6,7
41527,4,7
41531,1,7
41533,0,7
41535,4,7
41536,11,7
41537,5,7
41540,1,7
41544,6,7
41545,4,7
41546,6,7
41549,11,7
41550,2,7
41551,0,7
41553,4,7
41554,3,7
41557,11,7
41558,1,7
41561,11,7
41562,10,7
41563,8,7
41564,11,7
41567,6,7
41569,11,7
41570,11,7
41578,2,7
41580,2,7
41586,2,7
41587,2,7
41595,1,7
41597,1,7
41600,2,7
41601,11,7
41608,11,7
41611,0,7
41619,4,7
41622,11,7
41624,11,7
41625,8,7
41626,0,7
41629,11,7
41630,6,7
41634,1,7
41635,8,7
41636,0,7
41637,4,7
41638,3,7
41639,10,7
41640,0,7
41641,0,7
41642,0,7
41643,11,7
41647,1,7
41648,1,7
41649,11,7
41650,1,7
41651,0,7
41652,11,7
41653,8,7
41654,3,7
41656,1,7
41659,0,7
41663,3,7
41665,4,7
41667,0,7
41668,5,7
41669,1,7
41671,5,7
41672,11,7
41673,0,7
41674,3,7
41675,1,7
41676,1,7
41677,1,7
41680,3,7
41681,0,7
41683,2,7
41685,5,7
41686,1,7
41687,6,7
41690,5,7
41691,1,7
41692,0,7
41693,1,7
41695,1,7
41696,11,7
41698,1,7
41701,0,7
41707,2,7
41710,10,7
41711,8,7
41714,0,7
41717,11,7
41718,11,7
41719,11,7
41720,10,7
41724,11,7
41725,3,7
41726,3,7
41727,11,7
41728,4,7
41729,11,7
41732,0,7
41734,1,7
41736,3,7
41737,1,7
41738,3,7
41740,10,7
41742,3,7
41744,3,7
41746,3,7
41748,2,7
41749,8,7
41752,3,7
41754,11,7
41756,2,7
41757,3,7
41758,3,7
41759,3,7
41761,3,7
41762,3,7
41763,3,7
41765,3,7
41766,3,7
41768,5,7
41771,3,7
41772,3,7
41774,3,7
41776,10,7
41778,11,7
41780,5,7
41781,11,7
41782,4,7
41788,1,7
41789,1,7
41790,1,7
41791,11,7
41793,8,7
41796,8,7
41797,10,7
41799,8,7
41801,4,7
41802,2,7
41803,8,7
41804,1,7
41805,6,7
41806,4,7
41807,6,7
41809,11,7
41812,1,7
41816,3,7
41818,6,7
41820,3,7
41821,1,7
41822,5,7
41823,3,7
41824,8,7
41825,6,7
41827,3,7
41828,3,7
41829,3,7
41836,3,7
41837,1,7
41838,5,7
41839,0,7
41841,3,7
41843,3,7
41847,3,7
41851,0,7
41852,11,7
41854,1,7
41856,1,7
41857,8,7
41858,1,7
41859,5,7
41861,5,7
41863,3,7
41865,5,7
41867,11,7
41868,1,7
41871,0,7
41872,5,7
41878,11,7
41879,0,7
41880,11,7
41881,11,7
41883,5,7
41884,4,7
41885,3,7
41886,8,7
41888,8,7
41891,5,7
41892,0,7
41894,11,7
41895,11,7
41896,8,7
41899,11,7
41900,4,7
41901,4,7
41902,4,7
41903,4,7
41905,11,7
41906,11,7
41909,1,7
41915,6,7
41917,6,7
41919,6,7
41923,6,7
41924,6,7
41925,6,7
41926,6,7
41928,6,7
41930,6,7
41931,6,7
41933,6,7
41934,6,7
41935,6,7
41937,6,7
41939,6,7
41940,6,7
41943,6,7
41944,6,7
41945,6,7
41947,6,7
41948,6,7
41951,6,7
41952,6,7
41953,6,7
41956,6,7
41957,6,7
41958,6,7
41959,6,7
41960,6,7
41962,5,7
41963,6,7
41966,6,7
41967,6,7
41973,6,7
41974,6,7
41976,3,7
41977,6,7
41980,6,7
41981,11,7
41982,1,7
41985,6,7
41987,6,7
41993,6,7
41995,6,7
41996,6,7
41998,6,7
42003,6,7
42004,10,7
42006,6,7
42009,6,7
42013,5,7
42014,3,7
42015,6,7
42021,6,7
42023,6,7
42024,5,7
42027,6,7
42030,6,7
42031,0,7
42033,6,7
42034,6,7
42035,1,7
42037,6,7
42038,6,7
42041,6,7
42045,6,7
42047,6,7
42049,6,7
42050,6,7
42052,6,7
42053,6,7
42060,3,7
42061,6,7
42062,6,7
42063,6,7
42064,6,7
42066,6,7
42067,6,7
42068,6,7
42069,6,7
42071,6,7
42072,6,7
42074,6,7
42076,6,7
42079,6,7
42081,6,7
42085,6,7
42087,5,7
42090,4,7
42091,5,7
42093,3,7
42094,5,7
42096,8,7
42097,0,7
42098,11,7
42099,1,7
42100,5,7
42102,8,7
42104,1,7
42106,11,7
42109,6,7
42110,6,7
42111,6,7
42114,6,7
42116,5,7
42117,6,7
42118,6,7
42119,11,7
42121,6,7
42122,6,7
42123,6,7
42127,6,7
42128,6,7
42131,6,7
42132,5,7
42133,8,7
42134,3,7
42138,6,7
42140,6,7
42141,6,7
42142,1,7
42143,6,7
42144,6,7
42149,11,7
42151,6,7
42152,6,7
42153,6,7
42155,6,7
42157,6,7
42158,6,7
42159,6,7
42161,6,7
42163,6,7
42165,1,7
42166,5,7
42168,3,7
42170,6,7
42172,5,7
42173,6,7
42175,1,7
42177,8,7
42181,5,7
42182,11,7
42183,6,7
42188,1,7
42189,5,7
42190,4,7
42194,5,7
42195,3,7
42196,5,7
42198,5,7
42199,5,7
42200,11,7
42201,0,7
42206,4,7
42208,8,7
42209,4,7
42210,5,7
42212,3,7
42214,4,7
42218,5,7
42219,6,7
42221,1,7
42223,11,7
42224,6,7
42226,11,7
42227,4,7
42233,11,7
42234,6,7
42236,5,7
42242,5,7
42243,6,7
42246,5,7
42247,6,7
42248,11,7
42250,8,7
42252,0,7
42253,6,7
42254,6,7
42258,6,7
42259,6,7
42260,5,7
42263,8,7
42264,5,7
42266,5,7
42267,3,7
42268,5,7
42270,4,7
42272,11,7
42273,4,7
42274,6,7
42275,5,7
42282,4,7
42283,6,7
42284,6,7
42286,4,7
42288,1,7
42289,8,7
42295,0,7
42298,11,7
42300,6,7
42301,5,7
42302,5,7
42303,1,7
42304,1,7
42305,8,7
42306,11,7
42307,1,7
42308,3,7
42309,5,7
42310,4,7
42312,3,7
42313,5,7
42324,4,7
42326,2,7
42327,5,7
42329,6,7
42332,6,7
42333,6,7
42334,6,7
42336,6,7
42338,6,7
42339,5,7
42343,6,7
42349,6,7
42350,6,7
42352,3,7
42355,4,7
42356,8,7
42357,11,7
42358,5,7
42361,6,7
42363,6,7
42364,6,7
42366,5,7
42370,11,7
42371,6,7
42373,6,7
42374,6,7
42375,6,7
42377,5,7
42378,6,7
42382,6,7
42385,5,7
42387,5,7
42388,1,7
42389,6,7
42390,6,7
42391,8,7
42394,1,7
42396,1,7
42400,4,7
42402,3,7
42403,8,7
42404,5,7
42408,1,7
42409,8,7
42410,4,7
42413,8,7
42414,5,7
42416,11,7
42418,4,7
42419,1,7
42420,5,7
42421,11,7
42426,0,7
42430,5,7
42432,5,7
42433,5,7
42437,1,7
42439,4,7
42441,5,7
42445,8,7
42449,5,7
42451,8,7
42452,5,7
42453,1,7
42454,1,7
42455,8,7
42456,0,7
42457,5,7
42458,0,7
42463,0,7
42465,4,7
42466,5,7
42471,11,7
42472,4,7
42473,4,7
42474,4,7
42475,8,7
42479,1,7
42480,4,7
42482,5,7
42483,1,7
42484,4,7
42486,1,7
42488,5,7
42490,5,7
42492,3,7
42496,4,7
42499,5,7
42504,8,7
42505,5,7
42506,11,7
42507,5,7
42508,5,7
42509,5,7
42511,5,7
42512,5,7
42513,5,7
42515,8,7
42516,5,7
42519,4,7
42522,4,7
42524,11,7
42526,4,7
42527,5,7
42528,5,7
42529,5,7
42532,3,7
42535,3,7
42537,5,7
42538,5,7
42539,0,7
42540,4,7
42544,8,7
42545,5,7
42547,8,7
42550,1,7
42551,5,7
42552,4,7
42554,5,7
42555,3,7
42556,5,7
42558,5,7
42560,8,7
42561,5,7
42562,5,7
42565,0,7
42566,8,7
42567,1,7
42569,4,7
42570,5,7
42571,5,7
42572,11,7
42573,3,7
42574,5,7
42575,4,7
42576,5,7
42577,3,7
42584,3,7
42590,4,7
42592,6,7
42593,5,7
42594,1,7
42601,4,7
42602,6,7
42603,6,7
42606,11,7
42608,8,7
42609,5,7
42610,8,7
42611,5,7
42613,8,7
42615,5,7
42617,4,7
42618,6,7
42619,5,7
42620,8,7
42627,5,7
42630,3,7
42633,4,7
42638,11,7
42641,6,7
42643,3,7
42647,5,7
42648,5,7
42650,1,7
42651,0,7
42654,5,7
42655,5,7
42657,4,7
42659,5,7
42660,6,7
42661,8,7
42663,6,7
42664,5,7
42665,5,7
42669,5,7
42670,3,7
42671,1,7
42672,4,7
42677,4,7
42683,6,7
42684,5,7
42686,4,7
42688,5,7
42689,4,7
42694,0,7
42695,4,7
42696,4,7
42697,11,7
42698,11,7
42699,5,7
42700,8,7
42702,5,7
42703,0,7
42704,8,7
42705,11,7
42708,1,7
42709,3,7
42713,8,7
42714,0,7
42716,11,7
42720,1,7
42724,8,7
42725,6,7
42728,5,7
42729,11,7
42731,11,7
42739,5,7
42740,3,7
42741,5,7
42742,3,7
42744,6,7
42745,1,7
42746,6,7
42751,5,7
42753,5,7
42754,3,7
42755,3,7
42757,8,7
42758,1,7
42761,6,7
42763,4,7
42764,1,7
42765,5,7
42766,11,7
42767,1,7
42768,6,7
42772,11,7
42775,6,7
42776,3,7
42777,6,7
42778,11,7
42780,10,7
42781,8,7
42783,5,7
42784,6,7
42785,1,7
42786,11,7
42787,5,7
42791,5,7
42792,11,7
42795,0,7
42797,5,7
42798,1,7
42799,0,7
42802,5,7
42804,11,7
42806,5,7
42812,4,7
42813,1,7
42815,11,7
42819,5,7
42820,6,7
42824,8,7
42825,11,7
42826,5,7
42830,10,7
42831,3,7
42833,5,7
42834,11,7
42835,11,7
42839,6,7
42841,6,7
42842,6,7
42843,6,7
42847,6,7
42848,10,7
42854,6,7
42855,6,7
42856,6,7
42857,8,7
42858,6,7
42859,6,7
42860,6,7
42862,6,7
42867,6,7
42868,6,7
42869,6,7
42871,6,7
42872,3,7
42877,6,7
42878,6,7
42881,6,7
42883,6,7
42884,6,7
42885,6,7
42887,6,7
42888,6,7
42892,6,7
42893,6,7
42895,6,7
42896,11,7
42897,6,7
42899,6,7
42900,6,7
42901,3,7
42902,5,7
42904,4,7
42906,8,7
42909,10,7
42910,5,7
42911,5,7
42917,5,7
42921,5,7
42927,5,7
42934,6,7
42935,3,7
42937,5,7
42938,6,7
42939,6,7
42943,10,7
42945,6,7
42947,8,7
42948,6,7
42952,5,7
42953,6,7
42954,3,7
42955,6,7
42957,4,7
42958,6,7
42960,5,7
42961,8,7
42962,3,7
42966,3,7
42969,1,7
42972,3,7
42975,6,7
42976,6,7
42978,6,7
42979,11,7
42985,3,7
42989,3,7
42990,11,7
42992,6,7
42993,6,7
42994,6,7
43000,3,7
43002,6,7
43004,6,7
43006,6,7
43008,4,7
43009,5,7
43011,4,7
43012,4,7
43014,8,7
43018,5,7
43020,3,7
43022,3,7
43028,8,7
43029,3,7
43035,8,7
43036,11,7
43040,3,7
43041,5,7
43044,5,7
43045,4,7
43046,4,7
43047,3,7
43049,5,7
43053,11,7
43054,5,7
43055,4,7
43057,5,7
43062,5,7
43063,5,7
43065,5,7
43067,3,7
43068,3,7
43070,4,7
43071,11,7
43072,5,7
43073,3,7
43075,5,7
43076,5,7
43077,5,7
43078,5,7
43079,4,7
43080,5,7
43081,3,7
43083,11,7
43089,3,7
43090,4,7
43091,5,7
43092,3,7
43096,3,7
43099,5,7
43102,5,7
43103,4,7
43104,3,7
43106,3,7
43107,11,7
43110,5,7
43112,4,7
43115,3,7
43119,3,7
43120,3,7
43121,4,7
43122,5,7
43123,3,7
43126,3,7
43131,3,7
43132,1,7
43135,4,7
43136,5,7
43137,5,7
43138,5,7
43139,4,7
43140,11,7
43141,3,7
43142,11,7
43143,5,7
43144,5,7
43149,3,7
43150,4,7
43156,3,7
43157,4,7
43160,3,7
43161,5,7
43164,4,7
43165,5,7
43170,5,7
43171,8,7
43172,4,7
43174,5,7
43177,4,7
43178,3,7
43180,4,7
43181,3,7
43182,5,7
43186,5,7
43187,10,7
43189,10,7
43191,1,7
43192,1,7
43194,8,7
43197,5,7
43198,4,7
43203,3,7
43204,11,7
43206,3,7
43207,5,7
43213,4,7
43214,5,7
43215,0,7
43216,3,7
43217,3,7
43219,8,7
43222,5,7
43227,11,7
43228,8,7
43229,3,7
43230,5,7
43233,5,7
43234,5,7
43236,5,7
43238,11,7
43242,3,7
43243,4,7
43244,5,7
43245,11,7
43247,4,7
43248,3,7
43249,3,7
43253,4,7
43256,3,7
43257,5,7
43259,8,7
43260,5,7
43264,11,7
43265,3,7
43267,8,7
43268,5,7
43269,5,7
43272,2,7
43273,3,7
43274,4,7
43275,11,7
43276,4,7
43277,4,7
43279,3,7
43287,5,7
43288,3,7
43291,1,7
43294,11,7
43295,5,7
43296,3,7
43297,8,7
43300,8,7
43301,10,7
43305,10,7
43312,4,7
43317,5,7
43318,0,7
43320,3,7
43321,5,7
43323,8,7
43325,4,7
43328,5,7
43329,3,7
43330,4,7
43331,3,7
43332,5,7
43339,10,7
43340,4,7
43342,3,7
43343,3,7
43344,4,7
43345,4,7
43349,11,7
43353,4,7
43354,5,7
43357,3,7
43360,1,7
43362,4,7
43363,11,7
43365,4,7
43366,4,7
43368,0,7
43373,3,7
43376,11,7
43377,3,7
43378,5,7
43380,4,7
43383,4,7
43384,3,7
43385,4,7
43387,3,7
43392,3,7
43396,3,7
43398,4,7
43399,3,7
43402,3,7
43404,4,7
43405,1,7
43407,5,7
43409,4,7
43410,4,7
43411,10,7
43412,3,7
43414,3,7
43415,5,7
43416,3,7
43417,3,7
43419,8,7
43421,4,7
43423,3,7
43424,2,7
43425,10,7
43428,3,7
43430,1,7
43431,3,7
43433,5,7
43434,5,7
43435,3,7
43437,3,7
43438,4,7
43440,5,7
43443,4,7
43444,6,7
43446,3,7
43447,0,7
43448,4,7
43449,4,7
43450,4,7
43455,3,7
43456,3,7
43457,3,7
43458,11,7
43466,4,7
43467,11,7
43470,3,7
43471,11,7
43474,3,7
43476,1,7
43478,3,7
43479,11,7
43480,5,7
43482,3,7
43483,3,7
43486,4,7
43487,6,7
43488,4,7
43490,4,7
43493,4,7
43494,5,7
43495,5,7
43497,5,7
43498,11,7
43500,1,7
43502,4,7
43503,5,7
43504,11,7
43505,3,7
43506,5,7
43507,4,7
43508,1,7
43509,1,7
43510,5,7
43512,5,7
43513,8,7
43514,4,7
43515,5,7
43517,5,7
43521,11,7
43522,5,7
43523,3,7
43528,4,7
43529,11,7
43530,4,7
43531,5,7
43533,3,7
43535,1,7
43536,11,7
43537,11,7
43538,5,7
43542,0,7
43544,10,7
43545,4,7
43549,1,7
43550,5,7
43553,1,7
43556,3,7
43557,11,7
43559,5,7
43564,1,7
43565,5,7
43566,4,7
43567,5,7
43568,1,7
43569,3,7
43571,8,7
43572,8,7
43573,5,7
43576,4,7
43577,11,7
43579,5,7
43580,5,7
43581,5,7
43582,5,7
43583,8,7
43586,1,7
43588,1,7
43589,4,7
43590,4,7
43592,1,7
43593,3,7
43595,5,7
43597,4,7
43598,5,7
43599,1,7
43600,3,7
43602,1,7
43603,1,7
43605,11,7
43606,3,7
43607,4,7
43608,4,7
43609,5,7
43613,5,7
43615,4,7
43616,5,7
43620,11,7
43621,4,7
43622,5,7
43624,4,7
43627,5,7
43628,5,7
43632,4,7
43637,0,7
43640,4,7
43641,5,7
43643,5,7
43644,4,7
43649,4,7
43650,5,7
43651,5,7
43652,5,7
43656,5,7
43658,11,7
43659,5,7
43661,3,7
43662,4,7
43666,5,7
43667,11,7
43668,4,7
43669,1,7
43670,10,7
43672,5,7
43673,5,7
43675,5,7
43676,1,7
43679,1,7
43680,5,7
43681,1,7
43682,1,7
43683,8,7
43684,3,7
43685,8,7
43688,5,7
43689,4,7
43690,1,7
43692,1,7
43693,1,7
43694,3,7
43695,5,7
43696,10,7
43697,4,7
43698,11,7
43699,3,7
43700,5,7
43706,4,7
43707,8,7
43708,5,7
43709,1,7
43710,4,7
43711,3,7
43712,4,7
43713,8,7
43716,4,7
43717,11,7
43718,8,7
43719,8,7
43721,1,7
43729,11,7
43731,8,7
43733,5,7
43735,5,7
43737,8,7
43741,5,7
43742,5,7
43745,4,7
43747,5,7
43749,8,7
43750,1,7
43754,11,7
43756,10,7
43759,5,7
43761,8,7
43762,11,7
43765,8,7
43767,5,7
43768,5,7
43771,5,7
43772,5,7
43776,11,7
43777,1,7
43784,1,7
43785,8,7
43786,5,7
43788,1,7
43789,11,7
43792,0,7
43795,1,7
43796,5,7
43797,1,7
43800,6,7
43801,10,7
43802,8,7
43804,6,7
43807,1,7
43810,11,7
43811,11,7
43812,5,7
43814,6,7
43816,1,7
43817,1,7
43818,5,7
43821,1,7
43823,8,7
43824,1,7
43829,3,7
43830,3,7
43833,10,7
43834,8,7
43836,0,7
43837,8,7
43838,0,7
43841,7,7
43842,0,7
43843,10,7
43844,0,7
43845,10,7
43846,10,7
43847,1,7
43849,5,7
43850,2,7
43852,1,7
43853,1,7
43854,1,7
43855,10,7
43857,5,7
43859,5,7
43860,1,7
43862,1,7
43863,10,7
43864,5,7
43865,11,7
43868,0,7
43873,3,7
43875,7,7
43877,0,7
43878,0,7
43882,0,7
43883,0,7
43885,0,7
43891,8,7
43892,0,7
43893,0,7
43895,7,7
43896,1,7
43897,4,7
43900,3,7
43901,1,7
43902,0,7
43904,11,7
43905,3,7
43907,3,7
43912,10,7
43914,0,7
43916,11,7
43917,11,7
43918,0,7
43920,3,7
43922,0,7
43928,3,7
43929,10,7
43931,6,7
43932,2,7
43936,4,7
43940,1,7
43941,6,7
43942,8,7
43943,3,7
43946,1,7
43947,6,7
43948,10,7
43956,11,7
43957,3,7
43958,3,7
43960,3,7
43961,6,7
43963,3,7
43964,3,7
43971,8,7
43972,8,7
43973,3,7
43975,1,7
43976,11,7
43977,0,7
43979,1,7
43980,1,7
43981,4,7
43983,8,7
43984,10,7
43985,10,7
43986,8,7
43987,10,7
43989,1,7
43990,11,7
43991,1,7
43995,6,7
43996,6,7
43999,8,7
44000,1,7
44002,1,7
44004,3,7
44005,6,7
44007,6,7
44008,1,7
44009,11,7
44010,0,7
44011,0,7
44015,6,7
44017,4,7
44018,6,7
44019,6,7
44022,4,7
44024,8,7
44025,6,7
44027,8,7
44030,1,7
44032,8,7
44033,1,7
44034,1,7
44038,0,7
44039,2,7
44043,4,7
44044,6,7
44048,6,7
44050,8,7
44052,5,7
44057,11,7
44058,11,7
44059,1,7
44060,10,7
44061,10,7
44062,6,7
44063,2,7
44065,1,7
44068,6,7
44070,0,7
44071,9,7
44072,8,7
44073,10,7
44074,10,7
44075,10,7
44076,10,7
44080,10,7
44081,1,7
44083,1,7
44090,0,7
44091,11,7
44093,3,7
44094,7,7
44096,8,7
44097,1,7
44098,1,7
44100,1,7
44101,11,7
44102,1,7
44103,1,7
44110,8,7
44113,1,7
44114,10,7
44118,8,7
44122,0,7
44126,7,7
44127,8,7
44128,3,7
44129,10,7
44136,6,7
44141,8,7
44144,11,7
44145,11,7
44147,1,7
44150,1,7
44151,1,7
44152,8,7
44154,0,7
44155,8,7
44157,4,7
44160,8,7
44161,8,7
44163,8,7
44165,10,7
44167,3,7
44168,10,7
44170,6,7
44171,1,7
44172,1,7
44174,10,7
44175,1,7
44178,1,7
44181,0,7
44182,2,7
44184,0,7
44190,1,7
44192,6,7
44193,10,7
44195,6,7
44196,6,7
44197,10,7
44198,1,7
44201,8,7
44202,6,7
44203,0,7
44204,11,7
44206,11,7
44207,1,7
44208,11,7
44210,1,7
44214,10,7
44216,9,7
44218,1,7
44222,4,7
44224,0,7
44226,6,7
44229,2,7
44231,0,7
44232,11,7
44234,10,7
44235,10,7
44236,0,7
44240,11,7
44241,3,7
44242,8,7
44243,1,7
44244,6,7
44245,8,7
44246,1,7
44249,1,7
44251,0,7
44257,7,7
44259,8,7
44260,8,7
44263,4,7
44265,5,7
44266,3,7
44267,8,7
44269,0,7
44270,11,7
44272,11,7
44274,1,7
44276,0,7
44277,0,7
44282,1,7
44283,1,7
44284,1,7
44285,6,7
44286,4,7
44287,5,7
44288,3,7
44290,11,7
44292,8,7
44295,7,7
44298,8,7
44299,10,7
44300,0,7
44301,4,7
44302,11,7
44303,4,7
44304,3,7
44307,10,7
44309,4,7
44313,11,7
44314,0,7
44315,11,7
44316,3,7
44317,7,7
44318,1,7
44319,8,7
44320,5,7
44321,11,7
44323,0,7
44325,3,7
44330,8,7
44334,11,7
44336,4,7
44339,0,7
44340,8,7
44341,8,7
44342,5,7
44343,0,7
44346,4,7
44347,4,7
44351,2,7
44352,8,7
44355,10,7
44359,2,7
44362,0,7
44364,11,7
44365,10,7
44366,2,7
44367,0,7
44368,0,7
44371,8,7
44372,11,7
44373,1,7
44375,0,7
44381,3,7
44382,1,7
44384,3,7
44385,6,7
44393,0,7
44394,0,7
44395,6,7
44398,6,7
44399,3,7
44402,1,7
44403,4,7
44410,11,7
44416,0,7
44417,8,7
44418,10,7
44419,2,7
44421,7,7
44422,0,7
44423,0,7
44424,0,7
44426,11,7
44427,1,7
44428,8,7
44429,8,7
44430,0,7
44432,2,7
44437,0,7
44438,1,7
44441,11,7
44443,11,7
44444,4,7
44446,11,7
44448,1,7
44450,8,7
44451,8,7
44452,6,7
44453,6,7
44454,5,7
44455,8,7
44457,0,7
44459,5,7
44461,6,7
44463,6,7
44465,8,7
44466,8,7
44468,0,7
44473,6,7
44474,6,7
44475,6,7
44476,0,7
44477,1,7
44478,11,7
44479,0,7
44481,9,7
44483,8,7
44485,8,7
44486,5,7
44487,6,7
44490,0,7
44491,3,7
44492,8,7
44495,6,7
44496,6,7
44501,0,7
44503,8,7
44505,5,7
44509,0,7
44513,1,7
44517,6,7
44519,6,7
44520,0,7
44521,0,7
44524,6,7
44526,6,7
44529,0,7
44530,6,7
44532,6,7
44534,0,7
44539,1,7
44540,1,7
44542,1,7
44543,9,7
44545,6,7
44546,0,7
44548,0,7
44551,8,7
44554,0,7
44556,3,7
44559,3,7
44567,8,7
44570,0,7
44571,3,7
44573,3,7
44574,0,7
44575,3,7
44576,11,7
44577,1,7
44578,0,7
44579,3,7
44580,2,7
44581,3,7
44582,5,7
44583,0,7
44584,3,7
44593,4,7
44596,6,7
44598,6,7
44599,6,7
44600,3,7
44603,6,7
44606,6,7
44607,5,7
44609,6,7
44611,11,7
44612,5,7
44613,8,7
44615,11,7
44616,6,7
44618,6,7
44620,6,7
44625,0,7
44626,6,7
44627,6,7
44631,6,7
44633,8,7
44635,4,7
44636,11,7
44637,11,7
44642,4,7
44643,3,7
44644,0,7
44646,0,7
44650,3,7
44652,8,7
44655,0,7
44658,11,7
44660,5,7
44661,9,7
44662,11,7
44663,6,7
44664,6,7
44668,11,7
44669,10,7
44670,10,7
44671,0,7
44672,10,7
44675,5,7
44680,10,7
44681,0,7
44682,5,7
44684,8,7
44685,11,7
44694,5,7
44697,1,7
44698,8,7
44701,5,7
44704,0,7
44705,5,7
44707,5,7
44708,6,7
44709,6,7
44710,6,7
44712,3,7
44715,11,7
44716,8,7
44717,10,7
44718,1,7
44719,8,7
44720,11,7
44723,11,7
44725,4,7
44728,5,7
44730,1,7
44731,0,7
44734,11,7
44736,6,7
44737,8,7
44740,8,7
44742,8,7
44743,3,7
44744,8,7
44745,1,7
44746,6,7
44748,5,7
44749,6,7
44750,0,7
44751,0,7
44754,5,7
44756,4,7
44759,11,7
44761,4,7
44762,8,7
44768,11,7
44773,0,7
44774,6,7
44778,0,7
44779,6,7
44780,4,7
44781,1,7
44784,2,7
44792,11,7
44794,0,7
44795,11,7
44796,0,7
44797,0,7
44799,3,7
44800,6,7
44801,7,7
44803,0,7
44804,6,7
44805,6,7
44806,0,7
44818,11,7
44820,5,7
44822,11,7
44823,11,7
44824,3,7
44826,6,7
44829,6,7
44832,6,7
44833,5,7
44834,4,7
44836,8,7
44841,8,7
44842,5,7
44847,8,7
44848,11,7
44849,5,7
44850,4,7
44853,4,7
44855,0,7
44856,5,7
44860,3,7
44868,2,7
44872,5,7
44873,0,7
44875,4,7
44877,3,7
44878,0,7
44879,0,7
44880,0,7
44882,7,7
44883,1,7
44886,8,7
44887,8,7
44888,5,7
44889,4,7
44892,10,7
44896,4,7
44897,1,7
44901,1,7
44902,5,7
44903,0,7
44904,0,7
44907,5,7
44908,6,7
44909,1,7
44911,1,7
44913,6,7
44914,11,7
44915,5,7
44916,3,7
44918,0,7
44922,1,7
44923,5,7
44924,8,7
44925,8,7
44926,4,7
44928,6,7
44930,5,7
44931,5,7
44932,8,7
44937,1,7
44943,8,7
44947,11,7
44951,5,7
44952,11,7
44953,6,7
44958,8,7
44960,11,7
44961,10,7
44964,8,7
44966,1,7
44967,5,7
44969,0,7
44970,11,7
44971,11,7
44972,0,7
44973,5,7
44975,0,7
44977,6,7
44979,1,7
44981,0,7
44982,0,7
44984,5,7
44986,5,7
44987,0,7
44988,11,7
44991,8,7
44992,6,7
44993,4,7
44994,0,7
44996,6,7
44998,3,7
45001,5,7
45003,11,7
45005,1,7
45007,11,7
45008,4,7
45009,6,7
45011,3,7
45012,0,7
45014,3,7
45016,1,7
45019,7,7
45025,8,7
45027,2,7
45029,11,7
45030,4,7
45034,8,7
45035,11,7
45036,3,7
45043,1,7
45044,5,7
45045,0,7
45049,0,7
45050,8,7
45051,6,7
45055,0,7
45059,8,7
45062,6,7
45063,5,7
45067,11,7
45068,4,7
45069,5,7
45070,0,7
45071,6,7
45072,11,7
45074,6,7
45075,0,7
45077,6,7
45079,0,7
45080,6,7
45082,11,7
45083,4,7
45086,1,7
45087,0,7
45088,0,7
45089,0,7
45090,10,7
45092,7,7
45093,2,7
45094,8,7
45103,6,7
45105,3,7
45107,1,7
45112,8,7
45115,3,7
45118,0,7
45119,5,7
45120,3,7
45121,8,7
45122,6,7
45123,6,7
45125,3,7
45126,6,7
45128,1,7
45130,6,7
45131,6,7
45135,10,7
45136,5,7
45137,11,7
45138,0,7
45139,6,7
45140,4,7
45141,2,7
45142,8,7
45143,1,7
45144,5,7
45145,6,7
45146,11,7
45148,8,7
45150,10,7
45151,6,7
45152,0,7
45155,5,7
45157,5,7
45158,1,7
45159,8,7
45164,2,7
45165,4,7
45170,11,7
45171,2,7
45172,8,7
45173,8,7
45180,6,7
45182,8,7
45183,8,7
45184,5,7
45185,6,7
45188,1,7
45189,1,7
45191,5,7
45193,6,7
45194,6,7
45195,8,7
45196,8,7
45198,8,7
45199,0,7
45202,0,7
45204,8,7
45208,0,7
45218,11,7
45219,4,7
45220,5,7
45222,10,7
45223,3,7
45224,1,7
45225,6,7
45228,6,7
45230,5,7
45233,11,7
45234,4,7
45239,1,7
45243,0,7
45244,8,7
45247,3,7
45249,6,7
45250,0,7
45251,0,7
45255,0,7
45257,0,7
45259,11,7
45263,0,7
45265,4,7
45271,8,7
45273,6,7
45274,10,7
45277,10,7
45280,10,7
45282,0,7
45285,6,7
45287,3,7
45288,6,7
45290,10,7
45293,8,7
45295,6,7
45296,6,7
45297,0,7
45300,3,7
45308,8,7
45315,10,7
45319,3,7
45322,6,7
45324,8,7
45325,11,7
45326,8,7
45327,4,7
45328,0,7
45334,4,7
45336,6,7
45338,1,7
45340,6,7
45341,8,7
45342,1,7
45343,6,7
45345,9,7
45346,3,7
45351,3,7
45352,6,7
45353,7,7
45354,6,7
45356,0,7
45357,5,7
45358,11,7
45361,10,7
45362,1,7
45363,8,7
45365,5,7
45367,6,7
45368,0,7
45372,6,7
45376,11,7
45377,5,7
45381,10,7
45383,11,7
45385,0,7
45387,0,7
45390,3,7
45391,3,7
45392,7,7
45393,6,7
45395,3,7
45396,8,7
45398,5,7
45399,10,7
45400,0,7
45401,1,7
45402,4,7
45403,3,7
45404,11,7
45405,1,7
45407,6,7
45408,9,7
45410,9,7
45412,10,7
45415,10,7
45416,6,7
45418,6,7
45421,0,7
45422,0,7
45425,7,7
45426,6,7
45427,6,7
45429,6,7
45430,1,7
45432,10,7
45433,2,7
45437,0,7
45438,6,7
45442,6,7
45444,10,7
45446,3,7
45448,7,7
45449,11,7
45450,6,7
45451,4,7
45453,0,7
45454,4,7
45455,4,7
45458,10,7
45459,6,7
45460,11,7
45462,10,7
45465,8,7
45466,0,7
45467,5,7
45469,1,7
45470,7,7
45472,11,7
45476,0,7
45478,4,7
45479,5,7
45481,8,7
45484,5,7
45488,4,7
45490,4,7
45491,4,7
45492,4,7
45494,5,7
45495,4,7
45496,6,7
45497,2,7
45498,11,7
45501,10,7
45502,5,7
45504,6,7
45505,6,7
45506,6,7
45508,1,7
45509,4,7
45512,10,7
45514,1,7
45515,1,7
45516,6,7
45518,10,7
45519,2,7
45521,10,7
45522,11,7
45523,11,7
45524,4,7
45526,5,7
45527,6,7
45529,8,7
45531,11,7
45533,11,7
45535,10,7
45544,0,7
45545,6,7
45546,8,7
45547,6,7
45548,7,7
45549,6,7
45550,0,7
45551,3,7
45552,1,7
45553,1,7
45554,6,7
45556,9,7
45557,10,7
45559,11,7
45560,10,7
45561,6,7
45566,4,7
45568,4,7
45571,11,7
45572,8,7
45574,4,7
45575,11,7
45576,11,7
45578,1,7
45579,11,7
45582,6,7
45584,11,7
45586,6,7
45590,6,7
45593,10,7
45595,3,7
45599,0,7
45601,3,7
45605,1,7
45609,3,7
45611,6,7
45613,6,7
45614,11,7
45616,3,7
45617,4,7
45620,0,7
45621,11,7
45622,1,7
45623,2,7
45624,8,7
45625,0,7
45626,2,7
45627,2,7
45629,6,7
45632,0,7
45633,10,7
45634,3,7
45637,11,7
45639,2,7
45644,1,7
45645,3,7
45646,10,7
45651,5,7
45655,10,7
45656,10,7
45657,10,7
45658,11,7
45659,3,7
45660,2,7
45661,2,7
45662,11,7
45663,3,7
45664,11,7
45665,3,7
45666,11,7
45668,8,7
45672,2,7
45673,0,7
45674,11,7
45675,6,7
45677,10,7
45681,8,7
45683,0,7
45685,8,7
45686,0,7
45688,0,7
45691,6,7
45694,10,7
45695,11,7
45696,6,7
45697,6,7
45698,6,7
45699,3,7
45700,6,7
45701,9,7
45703,9,7
45705,6,7
45709,0,7
45710,10,7
45711,6,7
45713,4,7
45715,6,7
45716,6,7
45718,3,7
45719,6,7
45720,8,7
45722,8,7
45723,3,7
45725,3,7
45726,0,7
45727,3,7
45729,0,7
45731,6,7
45732,8,7
45735,3,7
45737,3,7
45739,3,7
45743,0,7
45744,11,7
45745,0,7
45746,4,7
45748,0,7
45749,8,7
45751,1,7
45753,3,7
45755,3,7
45756,3,7
45757,5,7
45762,3,7
45766,11,7
45767,4,7
45768,3,7
45769,3,7
45770,10,7
45774,8,7
45776,3,7
45780,11,7
45781,11,7
45782,11,7
45786,0,7
45787,5,7
45789,0,7
45790,0,7
45792,3,7
45794,11,7
45795,5,7
45796,4,7
45801,11,7
45803,6,7
45804,10,7
45806,3,7
45808,5,7
45811,8,7
45815,1,7
45816,4,7
45818,1,7
45822,8,7
45824,11,7
45825,10,7
45826,3,7
45827,8,7
45828,0,7
45829,4,7
45830,4,7
45835,11,7
45837,0,7
45839,5,7
45840,11,7
45841,10,7
45842,10,7
45843,10,7
45844,4,7
45845,5,7
45847,3,7
45850,11,7
45851,11,7
45855,4,7
45857,5,7
45859,3,7
45860,3,7
45861,5,7
45862,5,7
45864,5,7
45866,11,7
45867,3,7
45868,3,7
45872,4,7
45873,8,7
45877,0,7
45879,10,7
45880,5,7
45881,5,7
45882,5,7
45884,4,7
45885,1,7
45887,11,7
45888,0,7
45889,11,7
45892,11,7
45894,4,7
45895,2,7
45898,3,7
45899,5,7
45901,11,7
45903,10,7
45907,3,7
45912,3,7
45914,4,7
45916,4,7
45917,5,7
45918,4,7
45919,0,7
45920,11,7
45921,11,7
45922,5,7
45925,1,7
45926,11,7
45930,11,7
45931,0,7
45934,10,7
45935,8,7
45936,3,7
45941,1,7
45943,11,7
45944,4,7
45945,3,7
45947,4,7
45948,5,7
45949,5,7
45951,11,7
45956,5,7
45960,11,7
45962,4,7
45966,1,7
45978,11,7
45979,11,7
45980,11,7
45981,1,7
45983,11,7
45988,2,7
45989,4,7
45990,1,7
45992,5,7
45993,11,7
45994,11,7
45996,10,7
45997,3,7
45998,5,7
46001,8,7
46004,3,7
46005,5,7
46011,0,7
46016,4,7
46018,8,7
46019,11,7
46020,11,7
46024,8,7
46027,3,7
46028,5,7
46029,1,7
46031,3,7
46033,4,7
46034,5,7
46035,3,7
46036,3,7
46038,5,7
46039,8,7
46042,5,7
46044,5,7
46046,5,7
46047,3,7
46048,1,7
46050,11,7
46054,3,7
46055,11,7
46056,10,7
46058,3,7
46061,1,7
46063,11,7
46065,8,7
46066,5,7
46067,3,7
46068,8,7
46071,0,7
46074,5,7
46076,4,7
46077,11,7
46078,1,7
46079,4,7
46080,5,7
46082,1,7
46085,5,7
46087,8,7
46088,5,7
46089,5,7
46090,11,7
46091,8,7
46093,1,7
46100,4,7
46107,4,7
46108,6,7
46112,11,7
46114,3,7
46119,1,7
46120,11,7
46122,5,7
46124,8,7
46128,11,7
46130,4,7
46131,5,7
46133,1,7
46134,4,7
46135,5,7
46137,4,7
46139,3,7
46140,11,7
46141,10,7
46143,5,7
46145,5,7
46148,1,7
46150,1,7
46152,8,7
46153,5,7
46155,10,7
46159,6,7
46160,3,7
46161,11,7
46164,3,7
46168,3,7
46170,1,7
46171,5,7
46173,8,7
46177,11,7
46179,5,7
46180,4,7
46181,10,7
46183,5,7
46186,1,7
46188,5,7
46189,1,7
46191,4,7
46194,5,7
46195,11,7
46196,5,7
46198,5,7
46199,8,7
46201,5,7
46203,11,7
46206,5,7
46208,4,7
46210,11,7
46217,3,7
46222,8,7
46224,5,7
46226,8,7
46227,5,7
46230,8,7
46234,11,7
46236,11,7
46237,8,7
46239,4,7
46241,11,7
46242,5,7
46243,8,7
46244,5,7
46245,11,7
46247,11,7
46249,11,7
46251,11,7
46253,11,7
46256,5,7
46258,5,7
46259,5,7
46262,5,7
46263,11,7
46267,11,7
46268,1,7
46269,5,7
46272,11,7
46273,4,7
46274,10,7
46276,11,7
46277,4,7
46279,10,7
46282,8,7
46286,11,7
46288,8,7
46290,5,7
46291,5,7
46292,11,7
46294,11,7
46296,4,7
46297,5,7
46298,0,7
46299,11,7
46302,5,7
46307,1,7
46310,3,7
46311,11,7
46317,5,7
46319,3,7
46320,8,7
46322,1,7
46324,3,7
46325,8,7
46327,4,7
46328,5,7
46329,11,7
46331,11,7
46333,5,7
46338,10,7
46341,3,7
46342,11,7
46344,8,7
46345,5,7
46347,4,7
46348,4,7
46351,5,7
46352,4,7
46353,5,7
46354,5,7
46355,8,7
46358,4,7
46361,11,7
46362,8,7
46363,5,7
46364,3,7
46366,11,7
46367,11,7
46368,11,7
46370,4,7
46372,3,7
46373,4,7
46374,5,7
46375,5,7
46376,5,7
46377,5,7
46379,4,7
46383,11,7
46385,8,7
46386,5,7
46387,3,7
46391,11,7
46392,4,7
46394,11,7
46395,4,7
46398,11,7
46399,11,7
46401,5,7
46405,5,7
46406,5,7
46407,5,7
46409,11,7
46410,8,7
46411,8,7
46417,8,7
46419,5,7
46420,5,7
46421,1,7
46422,4,7
46423,5,7
46424,11,7
46425,11,7
46426,3,7
46428,5,7
46430,4,7
46432,1,7
46436,4,7
46437,3,7
46438,1,7
46439,8,7
46440,1,7
46441,4,7
46443,4,7
46444,5,7
46445,11,7
46446,11,7
46447,8,7
46448,5,7
46449,4,7
46450,5,7
46452,11,7
46453,4,7
46455,10,7
46457,0,7
46459,8,7
46460,5,7
46462,4,7
46463,5,7
46464,4,7
46466,0,7
46467,5,7
46469,5,7
46470,5,7
46472,8,7
46481,5,7
46482,11,7
46483,11,7
46484,8,7
46485,5,7
46487,3,7
46488,5,7
46494,3,7
46495,8,7
46496,8,7
46499,4,7
46502,4,7
46504,5,7
46506,5,7
46507,4,7
46510,11,7
46512,5,7
46513,4,7
46516,8,7
46518,5,7
46519,5,7
46520,11,7
46521,5,7
46527,5,7
46528,11,7
46532,8,7
46535,11,7
46541,5,7
46544,11,7
46547,11,7
46549,0,7
46550,8,7
46551,11,7
46552,3,7
46554,1,7
46555,11,7
46561,5,7
46563,5,7
46564,4,7
46565,3,7
46570,0,7
46572,5,7
46575,5,7
46577,10,7
46581,5,7
46582,3,7
46583,11,7
46585,5,7
46587,1,7
46590,3,7
46591,11,7
46592,5,7
46593,11,7
46594,5,7
46595,4,7
46596,1,7
46597,11,7
46598,5,7
46601,4,7
46602,8,7
46603,5,7
46604,11,7
46605,0,7
46608,8,7
46609,11,7
46613,4,7
46614,11,7
46615,5,7
46616,11,7
46625,11,7
46626,4,7
46631,4,7
46633,10,7
46634,1,7
46639,11,7
46640,5,7
46641,5,7
46643,3,7
46644,4,7
46645,11,7
46651,1,7
46654,5,7
46655,8,7
46656,3,7
46657,10,7
46658,0,7
46661,11,7
46663,5,7
46667,1,7
46670,8,7
46671,8,7
46672,11,7
46673,11,7
46674,3,7
46677,5,7
46679,8,7
46680,4,7
46681,1,7
46682,11,7
46683,11,7
46685,11,7
46688,11,7
46689,3,7
46692,3,7
46693,4,7
46695,11,7
46699,4,7
46701,5,7
46703,4,7
46704,11,7
46706,5,7
46708,0,7
46709,8,7
46711,11,7
46712,4,7
46713,5,7
46714,5,7
46719,3,7
46722,11,7
46723,1,7
46724,3,7
46725,5,7
46726,5,7
46727,3,7
46730,11,7
46731,4,7
46734,5,7
46736,4,7
46740,5,7
46742,3,7
46743,5,7
46744,5,7
46747,5,7
46748,11,7
46749,5,7
46752,5,7
46755,5,7
46756,11,7
46757,11,7
46758,11,7
46759,1,7
46763,5,7
46768,3,7
46769,11,7
46770,5,7
46771,5,7
46773,11,7
46776,5,7
46777,11,7
46780,4,7
46781,11,7
46784,10,7
46786,3,7
46788,3,7
46789,3,7
46790,11,7
46792,5,7
46793,11,7
46795,8,7
46796,8,7
46800,8,7
46802,3,7
46805,11,7
46807,5,7
46808,5,7
46810,5,7
46812,4,7
46817,5,7
46818,5,7
46820,11,7
46822,4,7
46824,4,7
46829,1,7
46832,5,7
46833,5,7
46834,3,7
46836,5,7
46837,8,7
46838,0,7
46842,5,7
46844,4,7
46847,11,7
46848,1,7
46849,11,7
46852,4,7
46855,3,7
46856,5,7
46858,5,7
46859,11,7
46860,3,7
46863,4,7
46864,3,7
46866,5,7
46867,8,7
46868,8,7
46869,10,7
46872,1,7
46878,5,7
46879,3,7
46882,11,7
46884,1,7
46885,3,7
46886,11,7
46890,3,7
46892,8,7
46895,11,7
46896,1,7
46897,11,7
46899,4,7
46906,11,7
46907,11,7
46909,11,7
46911,8,7
46912,11,7
46914,5,7
46916,11,7
46918,11,7
46919,0,7
46920,5,7
46928,0,7
46929,5,7
46932,8,7
46933,8,7
46934,3,7
46937,4,7
46938,11,7
46941,4,7
46942,4,7
46943,4,7
46946,3,7
46948,4,7
46949,4,7
46951,11,7
46953,4,7
46955,5,7
46956,5,7
46957,10,7
46961,0,7
46967,3,7
46968,11,7
46974,4,7
46977,1,7
46979,5,7
46980,5,7
46981,3,7
46983,6,7
46985,8,7
46987,5,7
46990,3,7
46991,8,7
46992,8,7
46995,8,7
47000,8,7
47001,0,7
47004,8,7
47005,11,7
47007,3,7
47008,11,7
47009,3,7
47010,1,7
47012,4,7
47015,5,7
47016,11,7
47017,1,7
47019,5,7
47021,5,7
47023,11,7
47026,3,7
47028,5,7
47029,11,7
47030,5,7
47033,4,7
47034,5,7
47035,5,7
47036,1,7
47039,11,7
47040,6,7
47041,8,7
47044,10,7
47045,5,7
47047,11,7
47048,11,7
47051,4,7
47053,11,7
47056,3,7
47063,5,7
47065,0,7
47067,10,7
47069,11,7
47070,11,7
47071,1,7
47072,0,7
47073,10,7
47074,10,7
47075,10,7
47077,8,7
47079,0,7
47081,3,7
47082,1,7
47086,1,7
47087,11,7
47088,11,7
47089,8,7
47090,6,7
47097,8,7
47099,6,7
47100,1,7
47103,0,7
47104,11,7
47107,10,7
47108,1,7
47110,1,7
47115,10,7
47120,6,7
47123,6,7
47125,6,7
47127,0,7
47129,0,7
47132,6,7
47134,0,7
47137,11,7
47138,4,7
47139,11,7
47140,10,7
47142,6,7
47144,0,7
47146,11,7
47148,1,7
47149,6,7
47151,0,7
47152,0,7
47154,5,7
47158,0,7
47161,0,7
47162,6,7
47164,11,7
47166,11,7
47167,11,7
47168,3,7
47169,8,7
47170,5,7
47172,11,7
47173,0,7
47174,0,7
47175,5,7
47179,2,7
47180,0,7
47190,1,7
47194,4,7
47200,6,7
47203,0,7
47205,8,7
47209,10,7
47211,6,7
47212,11,7
47214,10,7
47215,6,7
47216,0,7
47217,10,7
47220,0,7
47222,11,7
47225,5,7
47226,0,7
47228,11,7
47230,11,7
47231,3,7
47233,1,7
47235,1,7
47237,8,7
47239,8,7
47240,5,7
47245,8,7
47247,3,7
47250,5,7
47251,6,7
47253,11,7
47255,3,7
47256,5,7
47257,1,7
47260,1,7
47261,11,7
47262,11,7
47263,8,7
47265,6,7
47267,1,7
47268,1,7
47269,1,7
47270,6,7
47272,11,7
47273,11,7
47274,0,7
47281,4,7
47282,11,7
47286,3,7
47288,3,7
47290,11,7
47293,0,7
47294,3,7
47296,11,7
47297,0,7
47298,11,7
47300,0,7
47302,4,7
47306,8,7
47309,8,7
47311,0,7
47314,9,7
47317,6,7
47319,4,7
47320,3,7
47321,6,7
47325,11,7
47326,5,7
47327,1,7
47328,3,7
47329,3,7
47330,1,7
47332,1,7
47334,3,7
47335,3,7
47337,3,7
47338,1,7
47339,1,7
47344,3,7
47347,3,7
47348,5,7
47349,4,7
47352,11,7
47353,1,7
47357,1,7
47360,1,7
47363,8,7
47364,1,7
47370,5,7
47371,0,7
47372,0,7
47380,1,7
47382,3,7
47384,4,7
47386,1,7
47388,8,7
47389,4,7
47390,10,7
47392,0,7
47393,3,7
47394,0,7
47395,3,7
47398,1,7
47399,11,7
47400,0,7
47409,3,7
47410,3,7
47412,3,7
47413,3,7
47416,11,7
47420,11,7
47421,3,7
47422,11,7
47426,3,7
47432,1,7
47433,8,7
47434,4,7
47435,1,7
47436,1,7
47437,6,7
47438,6,7
47439,1,7
47441,1,7
47444,8,7
47446,10,7
47447,1,7
47448,6,7
47449,0,7
47450,3,7
47451,10,7
47453,11,7
47454,3,7
47461,3,7
47463,4,7
47464,11,7
47465,1,7
47466,1,7
47467,8,7
47468,2,7
47469,1,7
47472,1,7
47473,1,7
47474,1,7
47476,4,7
47477,1,7
47478,1,7
47480,3,7
47483,2,7
47485,5,7
47486,11,7
47489,1,7
47490,3,7
47492,1,7
47493,5,7
47494,4,7
47495,11,7
47499,3,7
47500,11,7
47502,8,7
47503,0,7
47504,1,7
47505,0,7
47506,0,7
47509,8,7
47513,8,7
47514,1,7
47519,1,7
47520,1,7
47521,0,7
47522,7,7
47525,1,7
47527,8,7
47528,5,7
47529,1,7
47530,8,7
47532,0,7
47533,1,7
47534,1,7
47535,4,7
47537,0,7
47539,10,7
47541,0,7
47542,3,7
47546,0,7
47548,6,7
47549,4,7
47551,0,7
47552,2,7
47555,3,7
47557,11,7
47558,11,7
47559,8,7
47563,3,7
47564,0,7
47567,3,7
47568,11,7
47569,11,7
47570,1,7
47571,3,7
47572,1,7
47575,8,7
47579,1,7
47581,0,7
47583,4,7
47584,3,7
47585,4,7
47586,3,7
47587,11,7
47590,3,7
47593,3,7
47596,11,7
47597,8,7
47600,3,7
47603,1,7
47607,11,7
47608,5,7
47610,6,7
47613,3,7
47615,10,7
47616,11,7
47617,2,7
47618,6,7
47619,6,7
47621,6,7
47623,4,7
47625,11,7
47626,10,7
47627,8,7
47629,2,7
47630,6,7
47633,6,7
47635,11,7
47637,6,7
47639,11,7
47640,8,7
47641,3,7
47642,0,7
47643,0,7
47644,4,7
47647,10,7
47648,0,7
47649,3,7
47651,1,7
47654,11,7
47658,11,7
47661,1,7
47666,1,7
47667,1,7
47669,6,7
47676,11,7
47677,10,7
47680,1,7
47681,3,7
47682,6,7
47685,11,7
47690,0,7
47692,4,7
47693,6,7
47694,10,7
47695,5,7
47696,10,7
47699,8,7
47702,4,7
47704,5,7
47705,11,7
47706,10,7
47712,4,7
47714,3,7
47715,4,7
47716,4,7
47718,5,7
47720,11,7
47721,5,7
47722,6,7
47723,10,7
47725,5,7
47727,11,7
47729,5,7
47730,11,7
47732,0,7
47735,5,7
47737,4,7
47739,1,7
47741,2,7
47742,1,7
47744,11,7
47745,11,7
47748,5,7
47749,4,7
47750,5,7
47751,0,7
47752,10,7
47755,5,7
47757,0,7
47758,1,7
47759,7,7
47760,11,7
47762,10,7
47763,4,7
47765,11,7
47768,11,7
47772,5,7
47776,4,7
47778,10,7
47781,4,7
47783,6,7
47784,1,7
47789,4,7
47790,0,7
47793,1,7
47794,0,7
47795,4,7
47799,4,7
47804,8,7
47805,4,7
47806,5,7
47807,11,7
47808,1,7
47809,0,7
47810,8,7
47811,4,7
47814,7,7
47816,11,7
47817,1,7
47822,0,7
47823,8,7
47824,8,7
47825,4,7
47827,1,7
47828,8,7
47831,11,7
47835,0,7
47839,0,7
47840,0,7
47841,0,7
47843,0,7
47844,0,7
47845,0,7
47846,0,7
47847,0,7
47849,10,7
47853,6,7
47854,4,7
47856,1,7
47858,1,7
47860,5,7
47866,8,7
47868,10,7
47869,5,7
47870,2,7
47874,0,7
47875,1,7
47876,3,7
47880,2,7
47884,8,7
47885,8,7
47886,8,7
47887,8,7
47888,4,7
47889,10,7
47891,5,7
47892,3,7
47895,3,7
47896,1,7
47899,1,7
47900,5,7
47901,6,7
47902,1,7
47906,8,7
47909,2,7
47912,0,7
47913,3,7
47916,0,7
47919,4,7
47920,2,7
47925,4,7
47927,3,7
47932,4,7
47933,1,7
47935,5,7
47936,10,7
47938,5,7
47939,4,7
47942,1,7
47943,8,7
47944,4,7
47946,10,7
47948,0,7
47949,10,7
47955,5,7
47956,4,7
47957,5,7
47959,8,7
47961,3,7
47962,10,7
47966,0,7
47967,0,7
47970,3,7
47973,8,7
47977,2,7
47978,2,7
47979,11,7
47980,3,7
47983,8,7
47985,4,7
47987,2,7
47988,3,7
47990,10,7
47991,2,7
47992,3,7
47996,2,7
47998,6,7
48000,6,7
48004,1,7
48006,4,7
48007,3,7
48010,6,7
48011,4,7
48012,4,7
48013,3,7
48015,11,7
48018,10,7
48019,1,7
48021,2,7
48023,0,7
48026,6,7
48027,1,7
48031,4,7
48035,8,7
48036,2,7
48038,0,7
48041,10,7
48042,0,7
48044,8,7
48045,4,7
48046,0,7
48050,5,7
48052,4,7
48053,0,7
48054,1,7
48057,8,7
48059,0,7
48060,0,7
48062,1,7
48064,4,7
48065,10,7
48066,5,7
48072,6,7
48074,0,7
48076,6,7
48078,2,7
48079,3,7
48080,8,7
48082,0,7
48084,4,7
48085,1,7
48089,4,7
48090,4,7
48092,3,7
48096,8,7
48102,5,7
48103,4,7
48107,6,7
48108,8,7
48111,4,7
48116,6,7
48117,0,7
48118,2,7
48124,5,7
48125,5,7
48126,4,7
48129,3,7
48130,5,7
48131,5,7
48132,11,7
48138,8,7
48140,8,7
48141,5,7
48142,11,7
48143,4,7
48146,0,7
48147,11,7
48150,6,7
48151,1,7
48152,2,7
48153,8,7
48154,4,7
48156,3,7
48158,3,7
48159,3,7
48160,3,7
48161,3,7
48163,3,7
48165,8,7
48168,8,7
48170,3,7
48172,8,7
48173,8,7
48174,11,7
48178,3,7
48182,3,7
48184,3,7
48185,6,7
48186,3,7
48189,8,7
48191,8,7
48199,3,7
48201,11,7
48202,11,7
48204,3,7
48205,5,7
48206,3,7
48207,11,7
48209,8,7
48211,5,7
48212,6,7
48213,10,7
48214,3,7
48218,0,7
48219,2,7
48220,4,7
48221,0,7
48222,3,7
48223,3,7
48224,4,7
48227,6,7
48233,0,7
48236,8,7
48237,8,7
48238,11,7
48240,3,7
48243,5,7
48246,11,7
48247,3,7
48249,5,7
48251,11,7
48252,3,7
48253,3,7
48254,4,7
48255,6,7
48256,5,7
48257,0,7
48259,3,7
48261,11,7
48262,10,7
48264,4,7
48265,8,7
48267,8,7
48269,8,7
48271,11,7
48272,11,7
48273,5,7
48274,11,7
48278,11,7
48283,8,7
48286,6,7
48288,5,7
48289,4,7
48292,11,7
48293,1,7
48297,0,7
48299,5,7
48300,4,7
48301,0,7
48304,11,7
48305,0,7
48306,3,7
48307,1,7
48309,3,7
48310,3,7
48313,3,7
48314,8,7
48315,8,7
48317,4,7
48318,5,7
48319,3,7
48321,5,7
48323,3,7
48325,4,7
48327,1,7
48331,6,7
48332,0,7
48333,0,7
48334,5,7
48335,5,7
48336,11,7
48341,3,7
48342,8,7
48344,3,7
48345,10,7
48346,0,7
48349,8,7
48357,5,7
48358,2,7
48361,1,7
48363,8,7
48366,4,7
48369,4,7
48370,0,7
48371,0,7
48374,0,7
48375,5,7
48376,3,7
48377,3,7
48379,6,7
48382,5,7
48383,6,7
48386,2,7
48387,3,7
48388,5,7
48389,0,7
48391,0,7
48395,5,7
48396,3,7
48399,5,7
48400,3,7
48401,5,7
48403,3,7
48405,1,7
48407,6,7
48410,3,7
48411,8,7
48412,11,7
48413,8,7
48414,0,7
48418,5,7
48420,5,7
48421,11,7
48422,3,7
48427,5,7
48430,6,7
48433,6,7
48434,6,7
48439,8,7
48441,6,7
48448,6,7
48449,6,7
48451,1,7
48452,4,7
48453,5,7
48457,6,7
48459,6,7
48462,3,7
48463,5,7
48464,8,7
48466,11,7
48471,1,7
48472,1,7
48475,2,7
48476,0,7
48480,11,7
48482,11,7
48483,5,7
48485,10,7
48488,4,7
48489,11,7
48490,3,7
48492,11,7
48493,5,7
48494,0,7
48495,4,7
48496,0,7
48497,3,7
48498,5,7
48499,0,7
48501,8,7
48502,4,7
48507,4,7
48508,11,7
48509,0,7
48510,9,7
48513,6,7
48518,9,7
48523,4,7
48527,11,7
48528,3,7
48529,1,7
48530,0,7
48535,11,7
48539,11,7
48540,1,7
48541,1,7
48546,3,7
48549,11,7
48550,5,7
48551,8,7
48552,8,7
48553,0,7
48557,3,7
48558,10,7
48567,3,7
48568,1,7
48571,3,7
48574,5,7
48576,10,7
48578,3,7
48579,1,7
48580,3,7
48583,11,7
48584,0,7
48587,3,7
48589,0,7
48590,0,7
48592,6,7
48593,6,7
48594,6,7
48595,5,7
48596,6,7
48598,6,7
48600,6,7
48602,5,7
48607,8,7
48608,5,7
48609,0,7
48611,6,7
48612,6,7
48614,11,7
48615,3,7
48618,6,7
48619,10,7
48620,6,7
48622,3,7
48626,0,7
48627,3,7
48631,11,7
48633,0,7
48635,3,7
48636,6,7
48641,6,7
48642,11,7
48644,8,7
48645,8,7
48649,0,7
48650,8,7
48653,1,7
48654,6,7
48655,8,7
48656,6,7
48658,0,7
48660,10,7
48661,0,7
48662,3,7
48663,6,7
48666,3,7
48668,0,7
48670,0,7
48672,0,7
48674,8,7
48676,3,7
48677,0,7
48678,8,7
48680,0,7
48681,3,7
48682,8,7
48683,3,7
48684,0,7
48687,4,7
48690,3,7
48693,3,7
48694,8,7
48696,0,7
48699,8,7
48701,6,7
48705,6,7
48706,6,7
48711,6,7
48712,6,7
48714,0,7
48715,8,7
48717,3,7
48722,6,7
48724,6,7
48725,6,7
48726,6,7
48727,6,7
48728,3,7
48729,6,7
48732,5,7
48736,5,7
48740,5,7
48746,4,7
48749,11,7
48751,3,7
48757,0,7
48759,5,7
48763,5,7
48764,5,7
48767,5,7
48768,4,7
48769,11,7
48772,0,7
48774,5,7
48778,1,7
48779,4,7
48782,11,7
48783,5,7
48790,8,7
48794,5,7
48796,8,7
48798,10,7
48800,8,7
48801,6,7
48802,6,7
48804,6,7
48808,6,7
48810,6,7
48811,6,7
48813,6,7
48815,0,7
48816,8,7
48818,6,7
48823,11,7
48827,8,7
48830,6,7
48831,6,7
48832,6,7
48833,5,7
48835,0,7
48837,0,7
48840,11,7
48842,0,7
48851,1,7
48852,6,7
48854,0,7
48855,6,7
48856,8,7
48857,8,7
48858,6,7
48859,6,7
48862,0,7
48863,0,7
48869,8,7
48870,6,7
48871,1,7
48876,0,7
48878,0,7
48880,6,7
48881,8,7
48884,0,7
48885,0,7
48891,11,7
48892,10,7
48896,8,7
48898,8,7
48903,3,7
48905,5,7
48907,6,7
48909,8,7
48911,4,7
48912,8,7
48913,8,7
48914,1,7
48918,3,7
48919,5,7
48922,6,7
48923,6,7
48927,0,7
48930,0,7
48931,6,7
48932,0,7
48935,0,7
48936,11,7
48939,8,7
48941,0,7
48942,0,7
48944,3,7
48945,8,7
48946,0,7
48947,2,7
48952,3,7
48953,1,7
48955,0,7
48958,0,7
48959,5,7
48961,11,7
48962,10,7
48964,3,7
48965,7,7
48969,10,7
48970,11,7
48972,0,7
48973,4,7
48976,1,7
48977,10,7
48979,0,7
48982,6,7
48983,10,7
48986,1,7
48992,6,7
48997,0,7
48999,0,7
49000,6,7
49003,2,7
49005,6,7
49006,1,7
49009,11,7
49010,0,7
49012,3,7
49015,3,7
49016,0,7
49017,7,7
49018,0,7
49019,6,7
49020,5,7
49022,3,7
49023,3,7
49024,5,7
49026,4,7
49032,0,7
49034,3,7
49035,4,7
49038,0,7
49041,0,7
49042,6,7
49043,5,7
49046,0,7
49048,3,7
49049,7,7
49051,4,7
49053,1,7
49055,11,7
49062,11,7
49064,5,7
49065,3,7
49066,2,7
49068,5,7
49070,10,7
49071,11,7
49074,5,7
49075,5,7
49077,3,7
49078,2,7
49082,3,7
49084,11,7
49085,5,7
49087,3,7
49090,11,7
49091,1,7
49095,4,7
49096,4,7
49097,4,7
49098,0,7
49099,11,7
49100,0,7
49106,7,7
49110,5,7
49118,4,7
49120,3,7
49122,5,7
49123,4,7
49124,3,7
49125,6,7
49126,8,7
49129,3,7
49131,0,7
49132,0,7
49133,6,7
49136,11,7
49137,0,7
49141,0,7
49142,0,7
49143,3,7
49144,0,7
49146,8,7
49147,3,7
49148,3,7
49149,7,7
49152,8,7
49154,11,7
49160,1,7
49161,6,7
49162,4,7
49163,3,7
49165,8,7
49168,11,7
49169,5,7
49171,0,7
49174,1,7
49176,6,7
49180,10,7
49182,2,7
49183,1,7
49184,1,7
49186,5,7
49187,5,7
49188,5,7
49189,5,7
49191,8,7
49193,5,7
49194,5,7
49195,5,7
49196,5,7
49197,5,7
49198,5,7
49201,8,7
49204,11,7
49205,8,7
49208,0,7
49209,1,7
49211,0,7
49215,6,7
49218,4,7
49219,5,7
49225,6,7
49226,6,7
49227,6,7
49231,0,7
49232,1,7
49233,1,7
49234,0,7
49235,0,7
49236,4,7
49238,6,7
49242,0,7
49243,3,7
49244,6,7
49246,8,7
49247,8,7
49248,0,7
49251,1,7
49254,0,7
49255,8,7
49256,8,7
49258,3,7
49259,1,7
49260,0,7
49261,0,7
49263,8,7
49265,0,7
49267,3,7
49275,1,7
49276,6,7
49278,0,7
49279,0,7
49281,0,7
49283,8,7
49286,0,7
49287,8,7
49288,8,7
49291,8,7
49292,11,7
49293,8,7
49295,8,7
49296,5,7
49299,0,7
49301,7,7
49303,0,7
49309,1,7
49310,0,7
49311,0,7
49312,3,7
49315,1,7
49317,1,7
49318,1,7
49319,0,7
49320,0,7
49321,0,7
49324,5,7
49328,0,7
49329,3,7
49331,5,7
49332,1,7
49333,0,7
49335,0,7
49337,3,7
49340,1,7
49342,8,7
49344,5,7
49345,3,7
49351,3,7
49352,6,7
49356,11,7
49358,6,7
49359,11,7
49360,11,7
49362,0,7
49367,6,7
49368,5,7
49369,1,7
49371,6,7
49373,8,7
49375,0,7
49379,0,7
49380,6,7
49382,2,7
49384,0,7
49385,0,7
49387,0,7
49388,3,7
49391,2,7
49392,1,7
49397,11,7
49398,3,7
49399,3,7
49401,3,7
49403,8,7
49404,3,7
49405,0,7
49406,8,7
49413,3,7
49414,4,7
49415,3,7
49417,0,7
49419,11,7
49423,8,7
49424,8,7
49425,3,7
49428,11,7
49432,8,7
49433,10,7
49435,6,7
49436,8,7
49440,4,7
49442,10,7
49443,1,7
49445,8,7
49446,6,7
49447,6,7
49448,10,7
49450,6,7
49452,0,7
49453,4,7
49458,3,7
49462,8,7
49463,5,7
49466,3,7
49467,6,7
49468,7,7
49469,8,7
49470,4,7
49471,3,7
49472,3,7
49473,0,7
49478,10,7
49479,10,7
49482,3,7
49484,6,7
49486,1,7
49491,4,7
49495,6,7
49497,3,7
49498,3,7
49499,6,7
49501,6,7
49503,6,7
49505,0,7
49509,4,7
49512,11,7
49513,6,7
49516,6,7
49518,3,7
49519,4,7
49521,4,7
49523,3,7
49524,1,7
49526,6,7
49528,0,7
49529,1,7
49532,11,7
49533,4,7
49534,6,7
49536,0,7
49537,0,7
49538,6,7
49539,7,7
49540,5,7
49542,4,7
49544,0,7
49548,6,7
49550,4,7
49552,6,7
49558,11,7
49560,8,7
49561,0,7
49562,6,7
49563,7,7
49564,6,7
49566,0,7
49568,1,7
49569,11,7
49571,0,7
49575,0,7
49578,2,7
49579,2,7
49580,2,7
49583,10,7
49585,0,7
49586,8,7
49587,3,7
49590,6,7
49595,0,7
49598,7,7
49601,3,7
49603,3,7
49610,1,7
49611,10,7
49612,2,7
49617,8,7
49618,0,7
49621,0,7
49622,10,7
49624,11,7
49626,0,7
49627,1,7
49628,0,7
49636,1,7
49637,5,7
49638,8,7
49640,8,7
49642,3,7
49644,3,7
49650,10,7
49651,9,7
49652,3,7
49653,8,7
49654,8,7
49657,5,7
49660,4,7
49661,4,7
49667,3,7
49668,11,7
49669,0,7
49672,3,7
49673,0,7
49674,11,7
49675,8,7
49676,11,7
49677,3,7
49680,9,7
49682,10,7
49685,0,7
49686,10,7
49687,0,7
49694,11,7
49701,2,7
49702,0,7
49705,11,7
49706,6,7
49709,6,7
49710,8,7
49712,8,7
49715,10,7
49716,8,7
49717,5,7
49718,6,7
49719,3,7
49720,3,7
49721,10,7
49722,3,7
49727,11,7
49728,6,7
49730,0,7
49731,10,7
49732,3,7
49734,10,7
49735,2,7
49736,9,7
49742,11,7
49743,4,7
49745,0,7
49747,3,7
49748,11,7
49749,11,7
49750,0,7
49751,3,7
49753,5,7
49755,3,7
49758,0,7
49760,11,7
49761,10,7
49762,3,7
49763,2,7
49764,2,7
49765,10,7
49767,5,7
49771,3,7
49773,3,7
49774,11,7
49776,2,7
49778,11,7
49779,11,7
49780,11,7
49783,0,7
49784,11,7
49785,5,7
49787,3,7
49788,10,7
49789,11,7
49791,11,7
49792,4,7
49793,0,7
49794,10,7
49796,5,7
49797,0,7
49798,6,7
49799,5,7
49801,11,7
49802,3,7
49804,3,7
49805,3,7
49806,3,7
49808,3,7
49809,5,7
49814,11,7
49816,10,7
49820,3,7
49822,8,7
49825,1,7
49829,6,7
49834,0,7
49836,11,7
49837,0,7
49839,4,7
49842,3,7
49844,6,7
49846,1,7
49848,3,7
49852,5,7
49856,5,7
49857,5,7
49858,9,7
49859,5,7
49860,5,7
49863,5,7
49865,5,7
49867,0,7
49870,11,7
49871,5,7
49872,0,7
49873,0,7
49878,6,7
49880,4,7
49881,1,7
49883,0,7
49885,11,7
49886,0,7
49888,1,7
49889,11,7
49890,3,7
49893,3,7
49896,0,7
49898,0,7
49900,11,7
49901,5,7
49903,10,7
49904,5,7
49905,0,7
49906,3,7
49908,4,7
49912,4,7
49916,2,7
49919,0,7
49921,6,7
49924,1,7
49927,1,7
49928,1,7
49929,6,7
49931,5,7
49933,8,7
49935,6,7
49936,8,7
49937,4,7
49941,3,7
49943,6,7
49945,6,7
49946,1,7
49947,9,7
49951,11,7
49952,9,7
49958,4,7
49959,0,7
49960,11,7
49963,0,7
49964,0,7
49965,0,7
49969,10,7
49970,5,7
49971,0,7
49973,4,7
49975,5,7
49978,6,7
49980,0,7
49982,10,7
49983,1,7
49988,8,7
49989,8,7
49992,0,7
49994,0,7
49995,11,7
49998,0,7
50001,0,7
50002,3,7
50005,0,7
50007,0,7
50008,4,7
50011,1,7
50019,11,7
50020,8,7
50023,6,7
50024,10,7
50025,1,7
50027,6,7
50030,2,7
50031,2,7
50032,3,7
50033,1,7
50036,4,7
50037,6,7
50038,1,7
50039,10,7
50043,8,7
50045,3,7
50046,8,7
50047,0,7
50048,0,7
50051,3,7
50052,11,7
50053,8,7
50056,5,7
50063,4,7
50066,1,7
50067,11,7
50068,8,7
50074,11,7
50076,3,7
50077,8,7
50078,10,7
50079,0,7
50080,6,7
50082,0,7
50084,5,7
50086,0,7
50088,8,7
50090,8,7
50092,1,7
50095,11,7
50097,1,7
50101,2,7
50103,3,7
50104,11,7
50112,1,7
50114,2,7
50116,0,7
50118,11,7
50120,6,7
50121,3,7
50122,0,7
50127,4,7
50128,4,7
50130,11,7
50132,0,7
50133,0,7
50134,6,7
50137,0,7
50140,8,7
50143,0,7
50145,3,7
50146,0,7
50148,6,7
50149,5,7
50152,11,7
50153,11,7
50156,0,7
50158,8,7
50159,10,7
50162,3,7
50163,0,7
50164,4,7
50166,3,7
50167,6,7
50168,1,7
50171,6,7
50172,6,7
50173,6,7
50174,1,7
50176,0,7
50177,1,7
50178,6,7
50179,6,7
50180,0,7
50183,5,7
50186,6,7
50188,0,7
50190,8,7
50191,9,7
50194,3,7
50195,7,7
50196,10,7
50198,1,7
50201,5,7
50202,6,7
50204,6,7
50205,6,7
50206,3,7
50207,8,7
50208,0,7
50211,1,7
50213,4,7
50214,2,7
50215,3,7
50219,5,7
50221,4,7
50223,1,7
50230,5,7
50236,5,7
50237,5,7
50239,5,7
50240,4,7
50242,1,7
50244,1,7
50246,0,7
50247,3,7
50249,4,7
50253,8,7
50259,8,7
50260,11,7
50263,5,7
50264,8,7
50265,6,7
50266,0,7
50267,5,7
50268,8,7
50269,3,7
50270,0,7
50273,3,7
50274,1,7
50275,1,7
50276,1,7
50279,7,7
50280,1,7
50282,1,7
50284,1,7
50285,4,7
50286,1,7
50287,4,7
50289,11,7
50291,5,7
50292,11,7
50297,10,7
50299,0,7
50301,1,7
50303,5,7
50305,3,7
50306,3,7
50308,4,7
50309,0,7
50310,1,7
50312,7,7
50315,1,7
50316,4,7
50319,0,7
50320,8,7
50322,5,7
50323,11,7
50326,10,7
50327,10,7
50328,0,7
50329,8,7
50330,3,7
50332,4,7
50334,3,7
50335,11,7
50339,0,7
50340,4,7
50342,4,7
50349,0,7
50350,2,7
50353,4,7
50358,6,7
50359,2,7
50361,1,7
50363,8,7
50364,6,7
50367,0,7
50369,5,7
50372,10,7
50376,5,7
50379,6,7
50380,6,7
50381,1,7
50384,0,7
50389,2,7
50392,4,7
50394,7,7
50395,0,7
50398,8,7
50399,0,7
50401,4,7
50402,0,7
50403,10,7
50404,8,7
50405,4,7
50407,4,7
50410,0,7
50412,8,7
50414,2,7
50417,11,7
50418,0,7
50419,0,7
50424,8,7
50425,4,7
50429,10,7
50431,0,7
50432,10,7
50433,8,7
50434,4,7
50436,0,7
50439,2,7
50440,5,7
50441,4,7
50443,11,7
50444,2,7
50449,0,7
50451,0,7
50452,1,7
50453,11,7
50454,1,7
50455,11,7
50456,6,7
50458,1,7
50461,3,7
50462,11,7
50463,6,7
50466,1,7
50470,0,7
50471,4,7
50472,6,7
50473,6,7
50474,3,7
50479,3,7
50480,7,7
50482,0,7
50484,0,7
50485,6,7
50488,4,7
50490,0,7
50491,6,7
50495,0,7
50496,11,7
50497,4,7
50499,4,7
50501,3,7
50504,3,7
50505,5,7
50506,8,7
50512,11,7
50514,10,7
50515,4,7
50518,6,7
50520,3,7
50524,0,7
50527,3,7
50531,5,7
50532,3,7
50533,4,7
50536,0,7
50537,11,7
50538,11,7
50540,6,7
50542,6,7
50544,8,7
50549,8,7
50552,0,7
50554,5,7
50556,6,7
50558,0,7
50562,3,7
50563,0,7
50564,6,7
50565,6,7
50566,6,7
50567,6,7
50569,4,7
50573,6,7
50576,11,7
50579,6,7
50582,10,7
50585,0,7
50586,1,7
50587,3,7
50589,1,7
50591,6,7
50593,4,7
50594,2,7
50595,2,7
50596,10,7
50597,4,7
50598,3,7
50600,3,7
50602,11,7
50609,3,7
50610,3,7
50614,0,7
50616,2,7
50619,8,7
50620,6,7
50625,6,7
50628,0,7
50630,8,7
50631,6,7
50632,6,7
50633,6,7
50635,3,7
50638,8,7
50642,0,7
50644,0,7
50648,3,7
50651,3,7
50655,4,7
50656,3,7
50657,3,7
50661,8,7
50662,10,7
50663,1,7
50671,1,7
50673,1,7
50674,10,7
50675,1,7
50676,1,7
50678,1,7
50679,1,7
50680,1,7
50682,4,7
50686,1,7
50687,10,7
50688,1,7
50689,10,7
50691,1,7
50696,8,7
50698,8,7
50702,10,7
50704,8,7
50706,1,7
50709,1,7
50712,10,7
50714,1,7
50718,1,7
50720,10,7
50722,10,7
50725,1,7
50730,1,7
50731,1,7
50732,10,7
50735,1,7
50739,8,7
50740,1,7
50741,8,7
50742,10,7
50743,10,7
50744,11,7
50745,1,7
50746,1,7
50747,10,7
50749,1,7
50751,1,7
50752,10,7
50753,1,7
50754,0,7
50760,1,7
50761,1,7
50763,10,7
50765,10,7
50766,1,7
50769,1,7
50770,1,7
50771,8,7
50774,8,7
50776,1,7
50778,0,7
50779,1,7
50780,10,7
50783,10,7
50784,8,7
50788,11,7
50789,11,7
50792,8,7
50793,8,7
50796,1,7
50797,10,7
50798,1,7
50800,8,7
50803,1,7
50804,8,7
50810,1,7
50811,1,7
50813,1,7
50814,1,7
50815,10,7
50816,10,7
50819,11,7
50820,1,7
50821,1,7
50823,10,7
50824,1,7
50825,1,7
50826,1,7
50828,11,7
50829,6,7
50831,1,7
50832,1,7
50835,11,7
50838,1,7
50839,1,7
50841,6,7
50843,10,7
50844,8,7
50846,8,7
50847,0,7
50848,8,7
50850,8,7
50851,0,7
50853,1,7
50855,6,7
50856,1,7
50857,0,7
50858,8,7
50860,8,7
50862,5,7
50863,0,7
50864,8,7
50866,8,7
50871,10,7
50874,8,7
50875,11,7
50878,8,7
50880,8,7
50881,5,7
50883,0,7
50884,10,7
50885,10,7
50887,11,7
50888,8,7
50889,0,7
50890,8,7
50894,1,7
50895,10,7
50896,4,7
50899,0,7
50900,5,7
50902,1,7
50905,0,7
50909,3,7
50910,4,7
50914,0,7
50915,3,7
50916,8,7
50917,0,7
50922,10,7
50923,0,7
50925,6,7
50926,4,7
50927,0,7
50928,1,7
50935,8,7
50938,0,7
50941,4,7
50942,5,7
50943,10,7
50944,8,7
50947,10,7
50950,8,7
50953,10,7
50954,4,7
50957,0,7
50958,6,7
50959,6,7
50960,8,7
50963,6,7
50964,6,7
50965,3,7
50967,11,7
50968,9,7
50972,11,7
50976,4,7
50977,3,7
50980,3,7
50981,11,7
50983,0,7
50988,6,7
50989,0,7
50991,11,7
50992,6,7
50994,3,7
50995,10,7
50996,8,7
50999,0,7
51000,5,7
51002,0,7
51004,3,7
51006,8,7
51008,8,7
51010,8,7
51014,5,7
51017,8,7
51018,6,7
51019,0,7
51021,0,7
51022,0,7
51023,11,7
51029,8,7
51032,0,7
51034,2,7
51037,4,7
51041,1,7
51043,4,7
51045,0,7
51051,3,7
51053,6,7
51054,2,7
51058,8,7
51059,8,7
51061,8,7
51062,1,7
51063,8,7
51064,0,7
51066,8,7
51067,11,7
51068,6,7
51071,6,7
51073,1,7
51074,0,7
51075,1,7
51076,3,7
51077,0,7
51078,0,7
51079,0,7
51082,1,7
51085,8,7
51088,8,7
51089,11,7
51091,8,7
51092,8,7
51093,1,7
51094,3,7
51096,0,7
51100,8,7
51102,8,7
51103,6,7
51107,3,7
51109,0,7
51110,11,7
51114,8,7
51117,10,7
51118,11,7
51121,8,7
51122,6,7
51123,0,7
51124,8,7
51126,5,7
51130,11,7
51131,1,7
51132,0,7
51133,8,7
51135,8,7
51136,2,7
51143,4,7
51144,0,7
51146,3,7
51147,8,7
51152,5,7
51154,11,7
51156,3,7
51157,2,7
51160,5,7
51161,11,7
51162,0,7
51164,8,7
51167,8,7
51173,8,7
51174,8,7
51177,0,7
51180,0,7
51181,0,7
51182,0,7
51183,10,7
51185,8,7
51189,8,7
51190,8,7
51193,11,7
51197,8,7
51198,8,7
51199,8,7
51200,6,7
51201,1,7
51202,8,7
51204,8,7
51206,0,7
51207,11,7
51208,8,7
51210,2,7
51211,8,7
51212,6,7
51215,8,7
51217,8,7
51218,11,7
51219,8,7
51220,8,7
51221,8,7
51225,0,7
51228,0,7
51229,8,7
51231,1,7
51232,11,7
51233,8,7
51234,11,7
51237,5,7
51241,2,7
51244,8,7
51245,6,7
51246,8,7
51247,8,7
51250,8,7
51252,8,7
51254,0,7
51256,5,7
51260,4,7
51261,8,7
51262,5,7
51263,8,7
51264,5,7
51266,1,7
51269,2,7
51270,1,7
51271,5,7
51276,5,7
51278,5,7
51281,5,7
51282,3,7
51285,8,7
51288,3,7
51291,0,7
51292,0,7
51294,8,7
51295,5,7
51296,4,7
51300,8,7
51301,0,7
51304,8,7
51307,4,7
51308,4,7
51309,10,7
51311,4,7
51316,1,7
51320,4,7
51321,5,7
51325,2,7
51326,4,7
51328,0,7
51333,1,7
51335,10,7
51336,11,7
51340,1,7
51343,6,7
51344,4,7
51348,0,7
51349,3,7
51353,4,7
51355,6,7
51358,3,7
51359,3,7
51361,0,7
51365,4,7
51366,4,7
51367,3,7
51368,0,7
51371,3,7
51373,1,7
51378,0,7
51379,3,7
51380,11,7
51381,3,7
51384,0,7
51386,0,7
51387,3,7
51388,8,7
51390,4,7
51391,10,7
51393,8,7
51394,3,7
51395,4,7
51396,11,7
51401,4,7
51402,0,7
51403,2,7
51404,0,7
51405,2,7
51409,10,7
51414,0,7
51416,5,7
51418,1,7
51420,5,7
51421,0,7
51422,1,7
51424,4,7
51426,0,7
51427,6,7
51429,11,7
51430,0,7
51433,4,7
51435,11,7
51436,11,7
51437,10,7
51438,3,7
51439,3,7
51441,4,7
51442,5,7
51443,3,7
51445,4,7
51447,8,7
51449,3,7
51451,1,7
51452,3,7
51453,3,7
51456,0,7
51460,8,7
51461,3,7
51462,3,7
51463,0,7
51469,8,7
51470,6,7
51471,6,7
51472,0,7
51475,3,7
51476,3,7
51477,0,7
51478,0,7
51480,6,7
51483,11,7
51484,11,7
51485,8,7
51486,11,7
51487,0,7
51490,3,7
51491,5,7
51494,3,7
51497,11,7
51499,8,7
51503,10,7
51504,3,7
51505,4,7
51506,5,7
51508,8,7
51509,3,7
51511,5,7
51512,10,7
51513,10,7
51515,0,7
51518,3,7
51519,8,7
51521,1,7
51522,8,7
51526,5,7
51527,5,7
51530,4,7
51533,8,7
51535,11,7
51537,4,7
51540,8,7
51541,11,7
51546,1,7
51547,5,7
51549,8,7
51551,0,7
51554,11,7
51555,8,7
51558,5,7
51561,6,7
51562,6,7
51563,6,7
51565,5,7
51573,1,7
51582,0,7
51583,4,7
51584,1,7
51585,0,7
51587,8,7
51589,4,7
51590,8,7
51592,0,7
51593,0,7
51597,8,7
51598,8,7
51600,8,7
51601,5,7
51602,11,7
51605,0,7
51609,3,7
51610,5,7
51611,8,7
51613,8,7
51615,4,7
51617,5,7
51619,4,7
51620,8,7
51621,6,7
51623,11,7
51624,8,7
51625,6,7
51629,8,7
51633,6,7
51634,11,7
51636,0,7
51639,8,7
51640,5,7
51642,8,7
51643,11,7
51646,3,7
51648,8,7
51652,8,7
51654,4,7
51655,3,7
51657,0,7
51665,11,7
51666,11,7
51668,6,7
51669,0,7
51674,4,7
51677,11,7
51678,0,7
51679,5,7
51680,5,7
51682,1,7
51683,5,7
51685,11,7
51687,0,7
51688,8,7
51691,5,7
51698,5,7
51699,11,7
51704,8,7
51705,11,7
51706,1,7
51708,5,7
51709,5,7
51711,5,7
51713,11,7
51718,4,7
51721,3,7
51722,8,7
51723,5,7
51725,8,7
51728,0,7
51729,10,7
51731,6,7
51732,5,7
51735,4,7
51736,4,7
51739,4,7
51741,4,7
51743,5,7
51744,5,7
51748,5,7
51749,11,7
51751,4,7
51757,4,7
51758,5,7
51760,5,7
51762,5,7
51766,11,7
51767,3,7
51768,5,7
51770,10,7
51776,5,7
51780,5,7
51781,5,7
51783,8,7
51784,0,7
51785,8,7
51788,3,7
51789,11,7
51790,4,7
51791,8,7
51794,10,7
51795,11,7
51800,5,7
51803,5,7
51804,11,7
51806,11,7
51807,5,7
51808,5,7
51809,0,7
51811,5,7
51812,3,7
51815,8,7
51817,0,7
51819,0,7
51820,5,7
51821,0,7
51822,10,7
51823,4,7
51824,4,7
51830,4,7
51833,3,7
51834,3,7
51835,5,7
51836,8,7
51840,11,7
51841,5,7
51842,11,7
51844,8,7
51848,5,7
51849,0,7
51853,1,7
51854,5,7
51855,5,7
51856,5,7
51858,1,7
51859,8,7
51865,4,7
51867,8,7
51872,5,7
51874,5,7
51876,11,7
51878,5,7
51879,0,7
51881,11,7
51882,5,7
51889,8,7
51890,3,7
51891,3,7
51892,5,7
51893,8,7
51895,5,7
51898,8,7
51900,5,7
51904,8,7
51905,5,7
51908,8,7
51909,8,7
51912,8,7
51914,5,7
51915,5,7
51916,0,7
51917,4,7
51918,0,7
51922,1,7
51926,1,7
51927,1,7
51930,5,7
51931,11,7
51935,4,7
51937,0,7
51941,5,7
51942,5,7
51945,8,7
51947,5,7
51950,5,7
51951,5,7
51953,5,7
51956,5,7
51957,5,7
51958,5,7
51961,8,7
51963,8,7
51964,4,7
51967,5,7
51972,8,7
51974,5,7
51975,5,7
51976,10,7
51981,5,7
51982,11,7
51983,11,7
51987,11,7
51989,5,7
51992,5,7
51994,1,7
51995,4,7
51997,5,7
52000,5,7
52001,0,7
52002,3,7
52004,5,7
52005,5,7
52007,1,7
52009,5,7
52010,5,7
52011,0,7
52012,5,7
52013,4,7
52014,5,7
52015,5,7
52023,3,7
52026,6,7
52027,8,7
52028,5,7
52029,11,7
52031,4,7
52033,4,7
52036,0,7
52037,5,7
52038,5,7
52039,11,7
52040,5,7
52041,3,7
52042,11,7
52043,4,7
52045,0,7
52048,8,7
52049,0,7
52050,3,7
52051,4,7
52052,11,7
52053,5,7
52054,11,7
52058,5,7
52060,0,7
52061,5,7
52064,11,7
52065,5,7
52067,1,7
52069,4,7
52071,0,7
52074,3,7
52075,5,7
52080,10,7
52081,4,7
52087,5,7
52089,0,7
52090,11,7
52093,0,7
52094,8,7
52101,10,7
52102,4,7
52106,1,7
52108,5,7
52109,5,7
52110,11,7
52111,11,7
52112,8,7
52117,5,7
52120,3,7
52121,8,7
52122,11,7
52124,3,7
52125,5,7
52126,11,7
52128,1,7
52131,3,7
52138,11,7
52139,4,7
52141,5,7
52144,11,7
52146,5,7
52149,8,7
52150,1,7
52153,3,7
52154,5,7
52155,4,7
52156,6,7
52159,8,7
52162,4,7
52163,4,7
52171,4,7
52172,5,7
52173,4,7
52174,10,7
52176,5,7
52177,11,7
52180,5,7
52187,4,7
52190,5,7
52192,11,7
52193,5,7
52194,5,7
52202,5,7
52205,5,7
52206,11,7
52207,5,7
52209,4,7
52210,5,7
52212,5,7
52216,11,7
52217,5,7
52220,8,7
52222,4,7
52223,4,7
52225,11,7
52226,11,7
52229,4,7
52230,10,7
52231,10,7
52240,0,7
52241,5,7
52242,4,7
52244,5,7
52245,4,7
52246,4,7
52247,11,7
52252,1,7
52255,1,7
52257,10,7
52258,1,7
52259,5,7
52260,11,7
52261,4,7
52263,3,7
52264,0,7
52266,5,7
52267,5,7
52272,1,7
52274,10,7
52276,11,7
52277,1,7
52279,6,7
52280,1,7
52283,6,7
52286,6,7
52288,6,7
52291,2,7
52292,6,7
52293,4,7
52294,6,7
52295,6,7
52296,6,7
52297,11,7
52298,0,7
52301,11,7
52303,8,7
52304,8,7
52305,6,7
52306,6,7
52308,5,7
52312,4,7
52315,6,7
52316,4,7
52319,4,7
52321,3,7
52322,6,7
52324,11,7
52325,8,7
52332,2,7
52333,6,7
52336,8,7
52339,8,7
52341,1,7
52343,6,7
52345,8,7
52346,6,7
52351,6,7
52353,6,7
52354,5,7
52358,9,7
52359,8,7
52361,6,7
52363,5,7
52364,5,7
52366,6,7
52367,6,7
52368,2,7
52370,6,7
52371,3,7
52372,5,7
52373,1,7
52374,8,7
52376,6,7
52377,4,7
52379,9,7
52382,6,7
52386,8,7
52387,0,7
52388,8,7
52391,6,7
52397,3,7
52399,3,7
52402,8,7
52403,4,7
52405,8,7
52407,4,7
52411,0,7
52412,11,7
52415,3,7
52416,0,7
52417,8,7
52419,8,7
52420,10,7
52422,8,7
52423,4,7
52424,6,7
52425,0,7
52426,6,7
52427,11,7
52431,2,7
52432,0,7
52435,11,7
52438,0,7
52439,11,7
52440,11,7
52441,8,7
52444,3,7
52447,3,7
52449,3,7
52450,3,7
52453,0,7
52455,6,7
52456,0,7
52458,10,7
52459,1,7
52465,0,7
52467,0,7
52468,0,7
52469,2,7
52471,3,7
52475,1,7
52478,6,7
52481,0,7
52486,2,7
52489,5,7
52490,1,7
52491,6,7
52493,0,7
52496,6,7
52498,1,7
52500,5,7
52502,3,7
52505,1,7
52506,1,7
52507,1,7
52511,1,7
52512,6,7
52514,4,7
52516,1,7
52517,5,7
52518,1,7
52524,1,7
52525,6,7
52526,4,7
52529,6,7
52530,1,7
52531,10,7
52535,10,7
52537,8,7
52538,11,7
52539,3,7
52541,2,7
52543,2,7
52544,2,7
52547,2,7
52548,2,7
52549,0,7
52552,7,7
52553,6,7
52554,0,7
52555,0,7
52556,1,7
52558,10,7
52559,1,7
52560,6,7
52561,10,7
52562,3,7
52564,1,7
52565,5,7
52569,0,7
52570,6,7
52575,10,7
52577,0,7
52578,0,7
52580,7,7
52583,6,7
52585,0,7
52586,8,7
52588,1,7
52589,0,7
52590,6,7
52591,1,7
52594,5,7
52595,6,7
52596,1,7
52597,8,7
52598,2,7
52601,8,7
52602,7,7
52605,6,7
52607,0,7
52608,2,7
52609,0,7
52610,0,7
52612,2,7
52613,11,7
52614,9,7
52618,2,7
52619,10,7
52625,1,7
52626,6,7
52628,11,7
52629,5,7
52631,6,7
52636,2,7
52637,2,7
52639,0,7
52640,2,7
52641,2,7
52649,9,7
52651,2,7
52654,0,7
52655,10,7
52658,2,7
52660,10,7
52661,2,7
52663,5,7
52665,8,7
52666,10,7
52667,9,7
52668,0,7
52671,9,7
52677,5,7
52678,6,7
52687,1,7
52690,8,7
52694,8,7
52695,10,7
52696,8,7
52698,1,7
52699,0,7
52702,10,7
52706,0,7
52707,8,7
52708,2,7
52715,8,7
52717,5,7
52718,0,7
52720,5,7
52721,1,7
52722,3,7
52724,0,7
52725,11,7
52728,10,7
52729,5,7
52730,1,7
52731,10,7
52734,9,7
52735,3,7
52737,3,7
52738,10,7
52740,1,7
52741,11,7
52742,0,7
52743,6,7
52745,3,7
52746,1,7
52747,4,7
52750,3,7
52751,0,7
52757,6,7
52758,3,7
52759,0,7
52760,2,7
52761,0,7
52764,8,7
52765,2,7
52766,3,7
52768,11,7
52769,8,7
52770,10,7
52773,6,7
52778,0,7
52779,1,7
52783,6,7
52785,3,7
52786,3,7
52787,6,7
52789,6,7
52793,0,7
52794,11,7
52795,3,7
52801,11,7
52804,4,7
52806,11,7
52809,2,7
52811,10,7
52817,2,7
52818,8,7
52819,0,7
52820,11,7
52821,1,7
52823,0,7
52824,0,7
52825,1,7
52826,0,7
52827,8,7
52829,4,7
52834,0,7
52841,1,7
52842,10,7
52843,0,7
52844,0,7
52845,0,7
52849,0,7
52850,0,7
52851,3,7
52852,6,7
52855,0,7
52856,0,7
52857,8,7
52862,9,7
52863,9,7
52864,10,7
52866,0,7
52868,3,7
52869,0,7
52873,3,7
52875,0,7
52876,0,7
52877,0,7
52881,6,7
52883,0,7
52884,3,7
52886,0,7
52888,0,7
52889,3,7
52891,1,7
52894,4,7
52896,0,7
52897,6,7
52898,10,7
52899,4,7
52901,11,7
52905,1,7
52907,1,7
52908,8,7
52910,2,7
52911,2,7
52912,1,7
52913,0,7
52914,4,7
52916,2,7
52917,3,7
52918,0,7
52920,0,7
52922,2,7
52925,1,7
52928,5,7
52931,10,7
52932,10,7
52933,3,7
52935,11,7
52936,5,7
52939,3,7
52942,2,7
52944,6,7
52947,1,7
52950,6,7
52951,6,7
52952,3,7
52954,0,7
52957,1,7
52961,6,7
52965,11,7
52966,1,7
52968,1,7
52970,1,7
52976,3,7
52977,11,7
52978,4,7
52981,8,7
52983,8,7
52985,6,7
52987,6,7
52988,0,7
52991,10,7
52993,0,7
52997,3,7
52998,11,7
53004,3,7
53005,6,7
53007,8,7
53011,8,7
53012,6,7
53016,3,7
53018,8,7
53021,0,7
53022,6,7
53023,8,7
53029,8,7
53032,3,7
53033,1,7
53037,3,7
53038,5,7
53040,0,7
53041,0,7
53042,3,7
53044,3,7
53045,4,7
53047,11,7
53048,5,7
53052,11,7
53055,4,7
53056,6,7
53057,0,7
53058,4,7
53059,11,7
53063,0,7
53064,1,7
53067,6,7
53068,4,7
53069,6,7
53070,11,7
53071,0,7
53078,11,7
53081,5,7
53082,10,7
53083,5,7
53085,0,7
53086,0,7
53087,0,7
53088,5,7
53089,1,7
53090,11,7
53093,3,7
53097,5,7
53099,0,7
53101,11,7
53104,4,7
53107,10,7
53108,4,7
53109,0,7
53110,8,7
53113,0,7
53115,2,7
53116,8,7
53119,3,7
53120,8,7
53122,3,7
53123,10,7
53125,0,7
53126,6,7
53127,8,7
53128,11,7
53131,11,7
53132,7,7
53133,0,7
53135,1,7
53138,1,7
53139,0,7
53141,5,7
53142,11,7
53145,5,7
53148,1,7
53152,8,7
53153,0,7
53156,1,7
53157,10,7
53160,10,7
53162,6,7
53163,4,7
53167,8,7
53169,0,7
53170,3,7
53172,0,7
53174,8,7
53178,5,7
53180,0,7
53181,0,7
53182,0,7
53183,2,7
53185,8,7
53187,3,7
53188,0,7
53189,0,7
53190,11,7
53191,0,7
53192,8,7
53193,0,7
53194,0,7
53195,8,7
53196,3,7
53197,0,7
53199,0,7
53200,3,7
53202,0,7
53204,3,7
53207,6,7
53208,9,7
53209,6,7
53210,9,7
53215,1,7
53216,1,7
53217,6,7
53220,2,7
53221,1,7
53224,0,7
53225,4,7
53226,5,7
53228,1,7
53229,1,7
53230,10,7
53231,1,7
53234,0,7
53236,3,7
53237,10,7
53240,3,7
53241,10,7
53244,8,7
53245,0,7
53247,11,7
53248,4,7
53249,10,7
53253,4,7
53254,1,7
53256,10,7
53258,1,7
53259,1,7
53261,10,7
53263,8,7
53265,11,7
53267,2,7
53272,11,7
53277,0,7
53280,0,7
53282,5,7
53285,1,7
53286,3,7
53287,9,7
53288,2,7
53289,11,7
53290,3,7
53291,11,7
53292,5,7
53293,3,7
53296,3,7
53297,0,7
53298,11,7
53299,11,7
53300,2,7
53301,0,7
53306,0,7
53307,7,7
53308,2,7
53310,8,7
53313,8,7
53314,8,7
53315,8,7
53317,1,7
53320,0,7
53321,1,7
53322,11,7
53325,0,7
53328,2,7
53329,2,7
53332,10,7
53334,11,7
53336,4,7
53337,0,7
53338,4,7
53339,1,7
53340,1,7
53342,2,7
53345,2,7
53346,3,7
53348,7,7
53349,11,7
53353,10,7
53355,4,7
53356,2,7
53357,10,7
53358,2,7
53359,2,7
53360,3,7
53361,10,7
53362,0,7
53367,3,7
53369,2,7
53372,0,7
53376,7,7
53378,8,7
53381,2,7
53385,0,7
53386,8,7
53388,2,7
53390,4,7
53391,0,7
53392,0,7
53393,3,7
53395,8,7
53396,2,7
53397,0,7
53398,3,7
53399,9,7
53400,2,7
53402,5,7
53403,4,7
53405,3,7
53407,9,7
53415,11,7
53417,6,7
53418,8,7
53419,0,7
53421,0,7
53422,0,7
53423,0,7
53425,7,7
53427,1,7
53428,11,7
53429,11,7
53431,2,7
53432,6,7
53434,3,7
53436,4,7
53437,0,7
53438,3,7
53439,8,7
53440,2,7
53443,6,7
53446,0,7
53447,3,7
53449,7,7
53451,2,7
53453,6,7
53455,0,7
53456,4,7
53457,4,7
53460,8,7
53464,1,7
53466,3,7
53468,3,7
53469,3,7
53470,7,7
53474,10,7
53476,0,7
53477,4,7
53479,3,7
53480,7,7
53481,1,7
53484,5,7
53486,11,7
53488,0,7
53489,0,7
53490,7,7
53491,5,7
53495,8,7
53496,8,7
53499,3,7
53500,7,7
53501,7,7
53503,7,7
53505,7,7
53508,7,7
53511,8,7
53512,8,7
53515,8,7
53518,0,7
53519,8,7
53522,8,7
53523,3,7
53524,3,7
53525,4,7
53527,10,7
53528,0,7
53529,0,7
53530,3,7
53531,10,7
53534,0,7
53536,5,7
53538,10,7
53540,1,7
53541,6,7
53543,5,7
53545,6,7
53547,2,7
53548,6,7
53549,3,7
53553,6,7
53556,11,7
53558,5,7
53559,0,7
53560,3,7
53561,0,7
53562,7,7
53564,8,7
53566,11,7
53567,8,7
53569,6,7
53571,11,7
53573,4,7
53575,3,7
53577,1,7
53578,3,7
53580,3,7
53581,11,7
53582,11,7
53584,8,7
53587,2,7
53588,3,7
53589,11,7
53590,11,7
53593,3,7
53594,8,7
53596,2,7
53597,1,7
53598,3,7
53599,8,7
53600,0,7
53601,3,7
53605,3,7
53607,4,7
53608,0,7
53610,4,7
53612,3,7
53613,3,7
53615,2,7
53617,8,7
53618,10,7
53620,11,7
53623,4,7
53624,2,7
53627,9,7
53628,0,7
53630,0,7
53631,2,7
53633,1,7
53635,6,7
53636,8,7
53637,2,7
53640,3,7
53641,0,7
53643,6,7
53647,9,7
53650,3,7
53653,0,7
53656,0,7
53657,0,7
53658,0,7
53659,11,7
53660,5,7
53661,5,7
53663,6,7
53665,3,7
53666,5,7
53667,6,7
53669,3,7
53670,3,7
53671,9,7
53674,0,7
53676,2,7
53677,4,7
53679,1,7
53681,11,7
53683,4,7
53684,4,7
53686,0,7
53688,3,7
53689,3,7
53690,8,7
53691,11,7
53696,11,7
53698,8,7
53699,8,7
53700,11,7
53701,3,7
53704,0,7
53708,6,7
53710,1,7
53712,0,7
53713,8,7
53714,6,7
53716,8,7
53717,3,7
53721,8,7
53724,4,7
53725,9,7
53726,8,7
53727,2,7
53728,10,7
53729,3,7
53731,9,7
53732,0,7
53733,10,7
53735,8,7
53736,8,7
53737,6,7
53738,6,7
53741,1,7
53742,1,7
53743,2,7
53745,8,7
53746,6,7
53748,1,7
53752,11,7
53753,0,7
53754,5,7
53755,8,7
53757,0,7
53758,3,7
53759,7,7
53761,1,7
53764,1,7
53765,1,7
53766,10,7
53770,0,7
53771,0,7
53774,6,7
53776,0,7
53777,0,7
53779,6,7
53784,4,7
53786,8,7
53789,0,7
53791,0,7
53792,4,7
53793,6,7
53794,5,7
53795,11,7
53799,0,7
53801,6,7
53802,8,7
53805,0,7
53808,0,7
53809,5,7
53810,0,7
53814,0,7
53818,3,7
53820,3,7
53824,5,7
53825,8,7
53827,0,7
53829,5,7
53831,10,7
53835,10,7
53837,6,7
53838,4,7
53840,0,7
53841,1,7
53843,10,7
53844,4,7
53847,6,7
53850,2,7
53852,4,7
53853,10,7
53854,8,7
53855,10,7
53856,9,7
53858,8,7
53859,10,7
53860,2,7
53862,10,7
53864,8,7
53868,5,7
53869,10,7
53873,0,7
53875,3,7
53876,6,7
53877,7,7
53878,8,7
53880,4,7
53881,0,7
53882,4,7
53888,0,7
53889,0,7
53890,4,7
53891,3,7
53892,7,7
53893,0,7
53894,1,7
53895,1,7
53898,8,7
53899,8,7
53904,0,7
53905,4,7
53908,0,7
53914,1,7
53916,2,7
53921,4,7
53922,6,7
53923,1,7
53924,10,7
53925,1,7
53926,1,7
53927,4,7
53928,1,7
53929,2,7
53930,10,7
53933,10,7
53935,1,7
53936,10,7
53937,1,7
53943,0,7
53944,0,7
53945,0,7
53946,0,7
53949,3,7
53951,8,7
53955,10,7
53957,11,7
53958,1,7
53960,4,7
53961,4,7
53962,4,7
53963,4,7
53964,0,7
53970,10,7
53971,4,7
53972,0,7
53973,1,7
53977,3,7
53978,10,7
53979,10,7
53980,10,7
53981,4,7
53982,2,7
53985,2,7
53988,0,7
53991,6,7
53992,5,7
53993,2,7
53994,10,7
53996,2,7
53999,2,7
54001,3,7
54002,7,7
54003,0,7
54006,10,7
54007,11,7
54009,2,7
54010,11,7
54011,2,7
54014,8,7
54015,10,7
54016,11,7
54019,1,7
54022,6,7
54023,2,7
54024,6,7
54025,10,7
54027,2,7
54035,6,7
54036,2,7
54037,2,7
54038,11,7
54041,1,7
54042,5,7
54044,1,7
54046,0,7
54047,3,7
54049,10,7
54050,6,7
54052,2,7
54053,1,7
54054,2,7
54055,6,7
54060,2,7
54062,0,7
54064,1,7
54065,10,7
54066,0,7
54067,3,7
54069,7,7
54072,0,7
54073,10,7
54074,0,7
54075,0,7
54077,6,7
54084,0,7
54085,2,7
54088,2,7
54089,10,7
54092,10,7
54099,2,7
54101,1,7
54102,2,7
54103,2,7
54105,2,7
54106,1,7
54107,6,7
54109,3,7
54111,4,7
54113,3,7
54114,10,7
54116,2,7
54117,10,7
54119,2,7
54121,10,7
54123,2,7
54125,0,7
54126,6,7
54127,3,7
54128,7,7
54129,0,7
54132,3,7
54134,2,7
54137,6,7
54141,3,7
54143,0,7
54147,0,7
54148,8,7
54151,0,7
54153,8,7
54155,7,7
54156,6,7
54158,0,7
54159,6,7
54161,3,7
54162,11,7
54163,11,7
54166,3,7
54167,7,7
54168,0,7
54170,1,7
54171,1,7
54172,6,7
54174,8,7
54175,6,7
54177,7,7
54178,10,7
54179,1,7
54180,6,7
54185,2,7
54186,8,7
54187,3,7
54188,7,7
54190,6,7
54191,11,7
54192,4,7
54193,3,7
54194,0,7
54196,0,7
54197,0,7
54198,6,7
54201,3,7
54204,3,7
54206,3,7
54207,3,7
54208,3,7
54212,4,7
54214,0,7
54216,6,7
54217,1,7
54221,8,7
54223,5,7
54224,4,7
54227,10,7
54228,8,7
54229,8,7
54230,5,7
54231,1,7
54233,11,7
54234,1,7
54239,1,7
54241,2,7
54242,11,7
54244,3,7
54246,0,7
54247,6,7
54257,3,7
54258,1,7
54259,4,7
54260,4,7
54262,0,7
54263,2,7
54264,6,7
54266,0,7
54267,2,7
54270,5,7
54271,3,7
54272,5,7
54274,0,7
54275,8,7
54276,0,7
54277,3,7
54279,3,7
54283,3,7
54284,3,7
54286,0,7
54291,4,7
54292,2,7
54293,6,7
54295,8,7
54296,6,7
54297,5,7
54298,5,7
54299,2,7
54300,5,7
54301,8,7
54303,4,7
54305,9,7
54307,3,7
54308,0,7
54314,8,7
54315,3,7
54317,8,7
54321,4,7
54323,10,7
54326,8,7
54328,11,7
54331,8,7
54332,6,7
54335,4,7
54338,2,7
54342,6,7
54343,7,7
54344,8,7
54347,2,7
54349,5,7
54350,8,7
54352,0,7
54356,3,7
54357,8,7
54358,8,7
54360,11,7
54363,10,7
54364,10,7
54365,9,7
54366,9,7
54367,10,7
54368,9,7
54370,1,7
54371,9,7
54372,6,7
54373,11,7
54374,8,7
54375,3,7
54378,9,7
54379,2,7
54381,4,7
54382,0,7
54385,2,7
54389,6,7
54390,6,7
54392,3,7
54393,5,7
54396,10,7
54398,4,7
54402,3,7
54403,10,7
54405,2,7
54406,2,7
54408,1,7
54409,6,7
54411,5,7
54413,4,7
54415,3,7
54416,8,7
54417,0,7
54419,6,7
54420,4,7
54422,5,7
54423,7,7
54424,8,7
54425,8,7
54426,0,7
54427,1,7
54429,8,7
54432,6,7
54434,8,7
54436,8,7
54438,11,7
54439,10,7
54440,3,7
54442,2,7
54443,3,7
54444,7,7
54446,8,7
54448,2,7
54449,4,7
54450,9,7
54451,10,7
54452,10,7
54456,1,7
54458,6,7
54461,4,7
54464,2,7
54465,4,7
54466,3,7
54468,0,7
54472,5,7
54474,3,7
54475,4,7
54481,6,7
54482,5,7
54483,1,7
54484,11,7
54485,1,7
54487,0,7
54489,0,7
54491,3,7
54493,8,7
54494,2,7
54495,2,7
54496,2,7
54498,0,7
54500,1,7
54502,4,7
54503,8,7
54506,4,7
54507,8,7
54508,11,7
54509,6,7
54511,8,7
54516,8,7
54517,0,7
54519,2,7
54521,0,7
54522,7,7
54525,5,7
54527,6,7
54529,0,7
54531,1,7
54533,4,7
54536,11,7
54537,5,7
54538,4,7
54539,10,7
54540,1,7
54541,4,7
54543,5,7
54547,5,7
54548,4,7
54549,4,7
54550,5,7
54552,3,7
54559,5,7
54562,0,7
54563,7,7
54568,0,7
54570,3,7
54571,7,7
54572,8,7
54573,4,7
54574,6,7
54577,7,7
54579,11,7
54580,11,7
54581,11,7
54584,4,7
54585,3,7
54586,3,7
54589,3,7
54591,3,7
54593,4,7
54594,4,7
54595,1,7
54597,0,7
54599,7,7
54603,4,7
54605,0,7
54608,3,7
54609,0,7
54611,11,7
54614,3,7
54618,11,7
54619,3,7
54621,3,7
54622,5,7
54623,1,7
54625,3,7
54627,4,7
54629,3,7
54631,10,7
54634,11,7
54635,3,7
54637,11,7
54640,11,7
54642,11,7
54647,1,7
54650,5,7
54651,3,7
54652,4,7
54653,8,7
54655,11,7
54656,11,7
54657,4,7
54658,8,7
54660,1,7
54661,11,7
54662,1,7
54663,1,7
54665,1,7
54667,6,7
54668,2,7
54670,2,7
54671,2,7
54674,11,7
54676,0,7
54677,8,7
54678,0,7
54683,6,7
54684,2,7
54685,2,7
54687,5,7
54690,5,7
54692,9,7
54695,4,7
54696,8,7
54700,8,7
54701,8,7
54702,0,7
54705,8,7
54706,8,7
54707,6,7
54709,11,7
54713,10,7
54717,8,7
54719,10,7
54723,0,7
54724,2,7
54725,2,7
54726,2,7
54727,11,7
54728,11,7
54729,11,7
54730,8,7
54731,0,7
54732,4,7
54735,4,7
54736,1,7
54737,4,7
54741,3,7
54742,4,7
54743,11,7
54744,10,7
54746,1,7
54749,8,7
54750,3,7
54751,10,7
54752,6,7
54753,4,7
54755,3,7
54759,6,7
54760,10,7
54762,10,7
54764,0,7
54767,11,7
54769,6,7
54770,0,7
54773,8,7
54776,9,7
54778,6,7
54779,0,7
54782,0,7
54783,2,7
54785,7,7
54787,0,7
54788,6,7
54789,8,7
54791,6,7
54792,3,7
54794,6,7
54798,2,7
54803,1,7
54804,0,7
54805,0,7
54806,2,7
54807,4,7
54809,7,7
54810,0,7
54811,0,7
54813,10,7
54814,11,7
54815,0,7
54817,1,7
54819,5,7
54825,0,7
54828,2,7
54829,3,7
54831,2,7
54832,1,7
54835,6,7
54837,10,7
54839,1,7
54844,10,7
54846,10,7
54853,2,7
54854,7,7
54855,11,7
54859,5,7
54861,6,7
54864,8,7
54865,8,7
54866,3,7
54868,10,7
54870,3,7
54872,10,7
54873,1,7
54874,6,7
54876,11,7
54877,0,7
54881,1,7
54882,3,7
54883,3,7
54885,8,7
54887,11,7
54889,2,7
54891,7,7
54893,11,7
54894,6,7
54896,6,7
54897,8,7
54898,10,7
54899,0,7
54900,3,7
54901,10,7
54902,4,7
54903,2,7
54904,3,7
54905,8,7
54906,4,7
54907,8,7
54908,4,7
54910,4,7
54914,4,7
54915,9,7
54919,8,7
54920,5,7
54922,4,7
54925,4,7
54926,1,7
54930,11,7
54931,5,7
54932,10,7
54934,1,7
54938,6,7
54939,10,7
54940,0,7
54944,7,7
54945,0,7
54948,11,7
54949,6,7
54950,8,7
54952,1,7
54953,8,7
54954,5,7
54955,11,7
54956,0,7
54958,2,7
54959,3,7
54960,7,7
54963,11,7
54964,0,7
54966,3,7
54972,3,7
54974,6,7
54977,1,7
54980,0,7
54981,3,7
54982,7,7
54983,0,7
54985,4,7
54988,1,7
54992,3,7
54993,0,7
54996,1,7
54997,6,7
54998,1,7
54999,11,7
55002,10,7
55004,6,7
55005,6,7
55009,10,7
55010,1,7
55012,6,7
55018,10,7
55022,2,7
55023,8,7
55024,1,7
55025,0,7
55028,0,7
55033,0,7
55035,8,7
55039,7,7
55040,0,7
55042,10,7
55045,1,7
55050,11,7
55051,6,7
55053,1,7
55056,0,7
55057,6,7
55060,0,7
55064,8,7
55065,7,7
55066,4,7
55067,10,7
55068,0,7
55073,4,7
55074,0,7
55075,4,7
55079,0,7
55080,1,7
55081,0,7
55085,11,7
55086,0,7
55088,0,7
55091,4,7
55093,3,7
55094,11,7
55095,6,7
55098,3,7
55100,1,7
55101,11,7
55105,0,7
55108,0,7
55112,0,7
55115,4,7
55116,0,7
55117,2,7
55118,2,7
55125,4,7
55132,0,7
55135,2,7
55136,3,7
55137,4,7
55138,10,7
55139,2,7
55140,2,7
55141,0,7
55142,3,7
55143,0,7
55144,8,7
55145,0,7
55148,3,7
55151,6,7
55154,9,7
55156,0,7
55157,1,7
55163,6,7
55164,3,7
55166,10,7
55167,0,7
55169,8,7
55170,0,7
55172,0,7
55173,0,7
55174,0,7
55177,0,7
55179,2,7
55181,2,7
55183,2,7
55187,6,7
55190,4,7
55191,8,7
55193,6,7
55194,0,7
55196,1,7
55198,6,7
55199,6,7
55201,3,7
55202,3,7
55203,3,7
55207,8,7
55212,4,7
55213,3,7
55217,6,7
55218,8,7
55219,4,7
55222,0,7
55223,11,7
55225,8,7
55226,0,7
55227,0,7
55231,0,7
55232,8,7
55234,0,7
55238,0,7
55239,8,7
55242,8,7
55245,6,7
55250,6,7
55252,1,7
55254,8,7
55259,11,7
55260,0,7
55263,5,7
55265,0,7
55266,6,7
55272,10,7
55273,8,7
55274,6,7
55275,4,7
55281,8,7
55285,0,7
55286,8,7
55287,5,7
55288,11,7
55289,1,7
55291,5,7
55292,4,7
55293,3,7
55295,4,7
55297,5,7
55299,6,7
55302,6,7
55303,3,7
55306,6,7
55307,5,7
55310,0,7
55314,0,7
55315,0,7
55317,6,7
55320,1,7
55321,6,7
55322,8,7
55325,10,7
55328,0,7
55334,6,7
55338,2,7
55339,0,7
55340,0,7
55341,1,7
55343,5,7
55345,6,7
55346,8,7
55347,6,7
55348,1,7
55349,9,7
55353,6,7
55354,6,7
55356,10,7
55358,0,7
55359,1,7
55360,1,7
55363,4,7
55364,1,7
55367,6,7
55369,6,7
55370,6,7
55373,0,7
55374,9,7
55375,6,7
55376,8,7
55377,10,7
55379,10,7
55380,6,7
55382,6,7
55383,6,7
55384,6,7
55385,4,7
55386,6,7
55389,6,7
55391,6,7
55394,6,7
55395,1,7
55396,6,7
55397,6,7
55399,6,7
55400,2,7
55403,2,7
55404,2,7
55405,4,7
55407,2,7
55408,2,7
55410,2,7
55411,2,7
55414,2,7
55417,0,7
55418,6,7
55422,6,7
55423,6,7
55425,1,7
55428,2,7
55431,6,7
55434,6,7
55435,6,7
55440,6,7
55442,6,7
55445,0,7
55446,6,7
55447,6,7
55449,6,7
55451,6,7
55454,8,7
55455,1,7
55456,6,7
55457,6,7
55458,6,7
55459,8,7
55462,6,7
55463,2,7
55465,2,7
55469,6,7
55470,2,7
55472,6,7
55473,8,7
55475,6,7
55478,6,7
55481,6,7
55484,6,7
55487,8,7
55488,6,7
55489,6,7
55490,11,7
55492,6,7
55493,6,7
55494,6,7
55495,8,7
55496,1,7
55497,3,7
55500,6,7
55503,1,7
55510,8,7
55515,11,7
55516,1,7
55518,10,7
55519,1,7
55520,6,7
55521,10,7
55523,3,7
55524,8,7
55525,8,7
55526,10,7
55528,6,7
55529,5,7
55530,6,7
55531,8,7
55532,2,7
55534,8,7
55536,2,7
55537,2,7
55538,0,7
55539,2,7
55540,3,7
55542,6,7
55543,11,7
55545,11,7
55548,8,7
55551,6,7
55552,1,7
55555,10,7
55558,6,7
55559,6,7
55560,11,7
55562,8,7
55563,4,7
55564,10,7
55567,6,7
55572,10,7
55574,1,7
55575,1,7
55576,6,7
55579,3,7
55580,1,7
55582,6,7
55583,11,7
55586,6,7
55589,10,7
55590,0,7
55592,0,7
55593,2,7
55594,0,7
55599,7,7
55602,6,7
55603,0,7
55605,6,7
55607,9,7
55608,10,7
55613,8,7
55616,11,7
55624,6,7
55626,8,7
55628,0,7
55629,3,7
55632,6,7
55634,10,7
55635,11,7
55638,10,7
55640,6,7
55641,6,7
55642,8,7
55644,6,7
55646,5,7
55647,6,7
55649,10,7
55650,6,7
55655,6,7
55657,10,7
55660,10,7
55662,1,7
55663,1,7
55664,10,7
55666,1,7
55667,6,7
55670,2,7
55671,0,7
55672,0,7
55675,0,7
55676,6,7
55678,6,7
55682,10,7
55683,1,7
55684,6,7
55686,6,7
55688,1,7
55694,8,7
55695,6,7
55697,0,7
55699,2,7
55703,6,7
55705,0,7
55706,4,7
55707,1,7
55708,0,7
55717,6,7
55719,0,7
55722,10,7
55724,2,7
55725,6,7
55726,11,7
55727,2,7
55730,6,7
55732,6,7
55736,1,7
55737,10,7
55740,6,7
55741,9,7
55742,0,7
55743,0,7
55747,6,7
55749,11,7
55750,6,7
55756,7,7
55759,5,7
55762,6,7
55765,0,7
55767,6,7
55768,7,7
55769,0,7
55772,3,7
55774,7,7
55776,0,7
55777,0,7
55780,8,7
55783,1,7
55784,8,7
55787,0,7
55788,6,7
55789,0,7
55790,6,7
55791,6,7
55793,1,7
55794,0,7
55795,6,7
55796,10,7
55799,0,7
55800,10,7
55801,1,7
55802,10,7
55804,10,7
55806,3,7
55815,6,7
55816,3,7
55821,6,7
55824,6,7
55825,1,7
55827,8,7
55832,6,7
55834,1,7
55836,6,7
55837,2,7
55838,4,7
55840,2,7
55843,5,7
55844,7,7
55845,1,7
55846,6,7
55847,10,7
55849,6,7
55851,3,7
55853,8,7
55854,8,7
55855,6,7
55857,0,7
55858,0,7
55861,1,7
55862,8,7
55865,0,7
55866,3,7
55867,6,7
55870,5,7
55874,11,7
55875,8,7
55876,0,7
55879,6,7
55882,6,7
55884,6,7
55886,6,7
55887,10,7
55888,10,7
55889,6,7
55893,11,7
55895,0,7
55899,11,7
55903,8,7
55905,3,7
55907,3,7
55908,2,7
55917,6,7
55921,4,7
55923,6,7
55925,10,7
55926,11,7
55927,3,7
55929,11,7
55930,6,7
55932,2,7
55933,3,7
55937,3,7
55938,6,7
55939,8,7
55940,0,7
55944,0,7
55948,0,7
55949,0,7
55950,0,7
55952,8,7
55953,1,7
55955,6,7
55960,3,7
55962,5,7
55964,0,7
55968,6,7
55969,0,7
55970,0,7
55972,8,7
55973,8,7
55974,6,7
55976,11,7
55977,5,7
55978,6,7
55979,11,7
55980,5,7
55981,4,7
55984,0,7
55986,8,7
55987,11,7
55988,11,7
55990,1,7
55993,6,7
55995,6,7
55996,0,7
55997,8,7
56000,8,7
56001,11,7
56002,4,7
56007,6,7
56008,6,7
56009,6,7
56011,0,7
56013,8,7
56014,4,7
56016,6,7
56018,2,7
56019,2,7
56021,2,7
56024,0,7
56027,8,7
56028,1,7
56029,5,7
56031,6,7
56033,6,7
56034,6,7
56036,6,7
56037,8,7
56038,6,7
56039,6,7
56040,0,7
56041,3,7
56043,3,7
56047,6,7
56048,8,7
56051,11,7
56054,6,7
56055,3,7
56056,4,7
56059,2,7
56062,10,7
56065,6,7
56066,10,7
56067,6,7
56069,6,7
56070,6,7
56072,0,7
56073,6,7
56075,6,7
56077,8,7
56079,4,7
56080,6,7
56082,10,7
56083,1,7
56084,1,7
56085,10,7
56089,3,7
56090,2,7
56097,5,7
56098,10,7
56100,0,7
56101,10,7
56103,1,7
56104,11,7
56106,0,7
56107,0,7
56110,0,7
56111,8,7
56113,7,7
56114,1,7
56118,2,7
56119,3,7
56124,11,7
56127,3,7
56128,4,7
56129,5,7
56130,10,7
56134,3,7
56135,1,7
56136,6,7
56137,5,7
56139,11,7
56140,6,7
56142,8,7
56145,11,7
56146,3,7
56155,4,7
56156,6,7
56157,6,7
56158,6,7
56161,3,7
56163,6,7
56164,9,7
56166,3,7
56167,4,7
56168,2,7
56169,0,7
56171,0,7
56175,3,7
56177,1,7
56180,6,7
56181,1,7
56182,8,7
56183,10,7
56185,10,7
56186,11,7
56187,10,7
56189,5,7
56190,0,7
56191,10,7
56192,6,7
56197,1,7
56199,8,7
56201,3,7
56204,3,7
56205,3,7
56208,8,7
56211,1,7
56212,11,7
56213,3,7
56214,4,7
56216,2,7
56217,6,7
56219,8,7
56220,6,7
56222,10,7
56223,1,7
56225,8,7
56229,4,7
56230,8,7
56231,5,7
56236,11,7
56237,11,7
56239,3,7
56242,8,7
56244,1,7
56245,6,7
56246,8,7
56248,11,7
56252,5,7
56255,3,7
56259,10,7
56261,1,7
56262,0,7
56265,6,7
56266,5,7
56267,4,7
56272,4,7
56274,3,7
56275,1,7
56277,8,7
56279,3,7
56281,0,7
56283,8,7
56285,0,7
56286,6,7
56287,5,7
56288,4,7
56290,11,7
56293,0,7
56295,4,7
56296,0,7
56299,4,7
56300,3,7
56301,1,7
56302,11,7
56303,0,7
56304,1,7
56311,1,7
56312,11,7
56320,4,7
56322,1,7
56323,0,7
56324,0,7
56328,11,7
56330,3,7
56331,5,7
56334,1,7
56335,11,7
56336,11,7
56337,11,7
56338,10,7
56340,1,7
56343,6,7
56345,0,7
56346,11,7
56347,11,7
56348,3,7
56349,10,7
56351,10,7
56352,0,7
56353,0,7
56355,1,7
56357,3,7
56359,1,7
56362,0,7
56364,3,7
56367,0,7
56368,8,7
56370,10,7
56374,8,7
56375,0,7
56376,0,7
56379,11,7
56380,0,7
56383,8,7
56384,3,7
56385,10,7
56386,0,7
56391,0,7
56393,7,7
56394,5,7
56404,8,7
56405,0,7
56407,1,7
56409,0,7
56410,11,7
56412,0,7
56413,1,7
56417,1,7
56418,3,7
56419,11,7
56420,0,7
56421,1,7
56423,10,7
56424,11,7
56426,1,7
56427,5,7
56429,8,7
56431,1,7
56432,10,7
56434,1,7
56442,4,7
56443,9,7
56444,8,7
56445,9,7
56448,4,7
56449,6,7
56451,1,7
56452,0,7
56454,1,7
56455,0,7
56456,4,7
56457,3,7
56458,7,7
56459,1,7
56460,8,7
56461,11,7
56462,1,7
56464,1,7
56466,6,7
56468,11,7
56474,3,7
56475,8,7
56476,5,7
56477,8,7
56483,10,7
56484,0,7
56486,3,7
56487,0,7
56489,1,7
56495,1,7
56496,3,7
56497,1,7
56498,9,7
56502,1,7
56504,1,7
56506,11,7
56507,0,7
56508,11,7
56509,0,7
56512,10,7
56514,0,7
56515,4,7
56517,1,7
56518,1,7
56519,3,7
56520,2,7
56522,1,7
56524,11,7
56528,1,7
56530,11,7
56533,4,7
56534,6,7
56537,5,7
56538,11,7
56540,5,7
56542,6,7
56544,3,7
56545,4,7
56546,5,7
56554,1,7
56555,8,7
56557,1,7
56559,3,7
56560,11,7
56562,1,7
56564,1,7
56566,11,7
56567,4,7
56571,11,7
56576,0,7
56579,8,7
56580,8,7
56581,8,7
56584,10,7
56587,6,7
56590,3,7
56593,11,7
56595,1,7
56596,4,7
56598,3,7
56599,10,7
56601,6,7
56602,1,7
56603,1,7
56604,8,7
56606,4,7
56608,4,7
56609,1,7
56610,11,7
56612,8,7
56613,6,7
56616,5,7
56617,5,7
56619,5,7
56621,1,7
56626,0,7
56629,8,7
56631,4,7
56634,6,7
56637,3,7
56640,0,7
56642,0,7
56645,3,7
56646,6,7
56647,3,7
56649,0,7
56650,1,7
56651,0,7
56653,0,7
56654,8,7
56656,1,7
56658,0,7
56659,0,7
56660,0,7
56662,8,7
56666,1,7
56667,3,7
56668,3,7
56669,3,7
56671,4,7
56672,1,7
56673,8,7
56674,3,7
56675,4,7
56678,8,7
56684,3,7
56685,4,7
56687,8,7
56688,10,7
56689,11,7
56691,11,7
56692,2,7
56694,3,7
56695,0,7
56696,8,7
56703,1,7
56705,8,7
56706,3,7
56708,3,7
56709,8,7
56710,1,7
56711,0,7
56712,10,7
56713,8,7
56716,4,7
56717,0,7
56719,10,7
56721,3,7
56723,4,7
56727,10,7
56728,0,7
56729,0,7
56732,11,7
56734,8,7
56736,0,7
56737,8,7
56740,0,7
56742,3,7
56743,8,7
56744,2,7
56745,0,7
56748,0,7
56749,0,7
56752,0,7
56753,3,7
56755,11,7
56756,0,7
56757,0,7
56760,0,7
56761,0,7
56762,0,7
56765,3,7
56766,11,7
56767,0,7
56770,1,7
56773,0,7
56774,3,7
56775,11,7
56777,4,7
56778,11,7
56780,8,7
56781,4,7
56783,3,7
56785,4,7
56789,6,7
56791,5,7
56794,0,7
56796,1,7
56797,6,7
56798,0,7
56801,0,7
56803,5,7
56814,0,7
56817,3,7
56818,5,7
56821,0,7
56823,10,7
56824,8,7
56825,8,7
56826,3,7
56828,0,7
56829,1,7
56832,0,7
56833,0,7
56834,8,7
56836,11,7
56837,0,7
56838,3,7
56839,11,7
56841,5,7
56842,0,7
56845,4,7
56847,11,7
56853,8,7
56854,0,7
56855,3,7
56856,1,7
56859,0,7
56860,11,7
56861,4,7
56863,3,7
56867,6,7
56870,1,7
56871,6,7
56874,6,7
56876,6,7
56877,6,7
56883,6,7
56890,4,7
56891,5,7
56894,11,7
56897,3,7
56900,8,7
56904,8,7
56905,4,7
56906,11,7
56907,3,7
56909,2,7
56910,11,7
56913,0,7
56916,4,7
56917,6,7
56926,10,7
56927,5,7
56928,10,7
56930,6,7
56931,5,7
56932,6,7
56933,6,7
56934,8,7
56935,6,7
56937,11,7
56939,11,7
56940,11,7
56941,6,7
56943,8,7
56944,3,7
56945,11,7
56946,3,7
56948,4,7
56952,4,7
56954,6,7
56956,8,7
56957,6,7
56962,1,7
56966,5,7
56968,1,7
56969,6,7
56970,8,7
56978,0,7
56983,8,7
56988,10,7
56990,11,7
56992,3,7
56996,5,7
56998,11,7
57001,3,7
57002,5,7
57006,6,7
57007,6,7
57008,0,7
57011,10,7
57015,0,7
57018,11,7
57019,5,7
57020,5,7
57023,5,7
57025,10,7
57030,0,7
57031,11,7
57034,11,7
57036,5,7
57037,4,7
57038,5,7
57040,11,7
57044,6,7
57045,0,7
57046,5,7
57047,5,7
57048,11,7
57049,6,7
57050,8,7
57051,4,7
57053,4,7
57054,5,7
57057,6,7
57058,1,7
57059,1,7
57060,6,7
57063,8,7
57066,2,7
57067,3,7
57068,0,7
57069,8,7
57070,1,7
57071,10,7
57073,5,7
57076,6,7
57077,0,7
57078,11,7
57082,8,7
57084,3,7
57085,1,7
57086,4,7
57088,9,7
57090,0,7
57092,7,7
57094,1,7
57095,9,7
57096,9,7
57097,9,7
57098,8,7
57099,10,7
57100,9,7
57101,10,7
57102,6,7
57105,7,7
57106,1,7
57111,8,7
57112,8,7
57113,6,7
57116,0,7
57117,2,7
57118,4,7
57122,10,7
57123,5,7
57126,10,7
57127,8,7
57128,4,7
57129,11,7
57131,6,7
57136,11,7
57137,11,7
57139,4,7
57140,1,7
57143,3,7
57144,8,7
57145,0,7
57151,5,7
57152,0,7
57157,11,7
57159,3,7
57160,7,7
57161,3,7
57164,10,7
57165,1,7
57166,4,7
57168,3,7
57171,4,7
57173,6,7
57176,0,7
57177,4,7
57179,5,7
57180,1,7
57181,11,7
57182,4,7
57186,6,7
57188,5,7
57192,5,7
57195,1,7
57200,4,7
57208,7,7
57209,3,7
57212,6,7
57213,0,7
57215,0,7
57216,11,7
57217,1,7
57218,4,7
57220,0,7
57222,0,7
57224,10,7
57227,1,7
57231,11,7
57234,2,7
57236,6,7
57237,10,7
57242,6,7
57243,6,7
57246,11,7
57249,3,7
57252,3,7
57258,5,7
57259,0,7
57261,6,7
57269,4,7
57270,6,7
57271,6,7
57273,6,7
57274,6,7
57280,3,7
57281,6,7
57282,6,7
57283,6,7
57286,2,7
57288,4,7
57289,5,7
57292,1,7
57293,8,7
57296,3,7
57297,0,7
57299,6,7
57301,2,7
57303,3,7
57309,1,7
57310,0,7
57311,0,7
57312,0,7
57313,8,7
57316,8,7
57317,1,7
57318,8,7
57319,8,7
57322,0,7
57323,10,7
57328,9,7
57329,9,7
57330,8,7
57332,1,7
57334,0,7
57335,0,7
57337,3,7
57339,0,7
57340,2,7
57341,2,7
57342,2,7
57343,2,7
57345,8,7
57347,6,7
57348,6,7
57349,6,7
57351,4,7
57354,3,7
57355,0,7
57356,3,7
57359,0,7
57360,4,7
57361,11,7
57362,5,7
57363,2,7
57365,0,7
57368,3,7
57369,1,7
57370,11,7
57374,10,7
57375,5,7
57376,10,7
57377,1,7
57379,4,7
57380,0,7
57383,7,7
57385,11,7
57386,3,7
57387,11,7
57390,4,7
57394,11,7
57397,4,7
57400,0,7
57401,11,7
57404,3,7
57406,3,7
57408,0,7
57412,3,7
57413,3,7
57416,11,7
57419,8,7
57420,8,7
57421,8,7
57422,3,7
57424,11,7
57425,4,7
57430,4,7
57431,3,7
57432,8,7
57434,0,7
57436,4,7
57437,3,7
57438,0,7
57444,1,7
57445,8,7
57446,3,7
57447,11,7
57448,4,7
57451,10,7
57452,6,7
57453,4,7
57459,11,7
57460,5,7
57461,8,7
57462,11,7
57463,1,7
57466,11,7
57469,4,7
57471,11,7
57472,4,7
57474,5,7
57476,0,7
57478,1,7
57481,1,7
57482,8,7
57484,0,7
57486,8,7
57488,11,7
57489,5,7
57490,8,7
57491,8,7
57495,4,7
57497,0,7
57501,4,7
57503,6,7
57504,8,7
57506,4,7
57507,3,7
57508,1,7
57510,8,7
57511,8,7
57512,1,7
57513,6,7
57515,1,7
57516,8,7
57517,11,7
57523,0,7
57524,0,7
57525,11,7
57526,3,7
57528,4,7
57533,5,7
57534,5,7
57536,4,7
57537,5,7
57540,0,7
57543,4,7
57546,8,7
57551,4,7
57552,4,7
57553,4,7
57555,1,7
57556,5,7
57559,6,7
57561,10,7
57565,4,7
57566,10,7
57568,6,7
57570,4,7
57575,3,7
57576,4,7
57577,4,7
57578,9,7
57579,9,7
57581,4,7
57582,4,7
57583,4,7
57586,4,7
57588,4,7
57592,2,7
57598,8,7
57599,6,7
57601,4,7
57604,1,7
57605,0,7
57606,9,7
57610,8,7
57611,9,7
57613,8,7
57617,10,7
57618,11,7
57621,1,7
57622,9,7
57624,8,7
57625,8,7
57626,8,7
57627,0,7
57628,0,7
57629,3,7
57630,8,7
57633,4,7
57634,10,7
57636,8,7
57640,5,7
57641,4,7
57642,0,7
57643,3,7
57644,7,7
57646,4,7
57648,4,7
57650,8,7
57651,8,7
57652,8,7
57657,7,7
57659,4,7
57661,8,7
57663,8,7
57664,10,7
57665,5,7
57666,8,7
57667,8,7
57668,0,7
57669,3,7
57670,0,7
57671,4,7
57672,11,7
57673,4,7
57674,1,7
57675,4,7
57678,3,7
57680,8,7
57681,8,7
57682,3,7
57685,0,7
57686,0,7
57687,5,7
57689,8,7
57691,11,7
57695,11,7
57696,1,7
57697,0,7
57699,5,7
57700,11,7
57704,0,7
57706,11,7
57709,11,7
57710,5,7
57712,11,7
57715,6,7
57717,11,7
57718,0,7
57721,0,7
57723,4,7
57725,4,7
57729,0,7
57734,3,7
57736,3,7
57738,8,7
57739,3,7
57741,1,7
57742,3,7
57746,11,7
57747,10,7
57749,4,7
57750,1,7
57754,4,7
57756,8,7
57758,11,7
57759,0,7
57762,11,7
57763,11,7
57764,10,7
57765,3,7
57768,6,7
57770,3,7
57777,5,7
57778,10,7
57779,0,7
57780,0,7
57783,0,7
57787,0,7
57790,3,7
57792,3,7
57798,3,7
57800,3,7
57807,8,7
57808,3,7
57809,4,7
57810,3,7
57815,10,7
57816,10,7
57817,4,7
57818,11,7
57820,3,7
57821,3,7
57825,8,7
57827,3,7
57831,6,7
57833,3,7
57834,11,7
57835,3,7
57837,3,7
57838,5,7
57839,5,7
57842,3,7
57843,3,7
57844,3,7
57845,3,7
57846,0,7
57850,10,7
57855,0,7
57859,4,7
57860,3,7
57862,11,7
57864,3,7
57869,8,7
57870,4,7
57877,11,7
57878,4,7
57881,4,7
57882,11,7
57884,3,7
57887,11,7
57890,11,7
57891,3,7
57892,8,7
57896,11,7
57897,3,7
57898,3,7
57900,3,7
57901,3,7
57903,4,7
57904,11,7
57905,4,7
57909,3,7
57910,4,7
57912,3,7
57914,11,7
57915,1,7
57916,0,7
57917,10,7
57918,10,7
57919,3,7
57921,3,7
57922,3,7
57925,3,7
57927,3,7
57928,11,7
57930,3,7
57931,3,7
57933,10,7
57936,0,7
57938,5,7
57945,3,7
57946,10,7
57947,0,7
57950,1,7
57951,0,7
57952,10,7
57957,2,7
57958,3,7
57960,0,7
57967,3,7
57968,8,7
57969,3,7
57971,4,7
57972,10,7
57973,5,7
57974,6,7
57975,10,7
57976,3,7
57978,11,7
57979,0,7
57982,6,7
57984,3,7
57989,3,7
57990,6,7
57991,4,7
57992,3,7
57994,3,7
57996,3,7
57997,3,7
57998,3,7
58000,4,7
58003,3,7
58007,3,7
58010,0,7
58011,3,7
58012,3,7
58015,3,7
58018,1,7
58019,3,7
58021,3,7
58023,3,7
58030,3,7
58033,1,7
58034,1,7
58036,11,7
58037,3,7
58038,3,7
58039,10,7
58040,1,7
58041,8,7
58042,0,7
58044,3,7
58048,3,7
58050,11,7
58052,3,7
58055,2,7
58056,8,7
58057,3,7
58059,3,7
58060,3,7
58061,3,7
58062,4,7
58064,3,7
58069,11,7
58071,3,7
58072,3,7
58076,3,7
58077,11,7
58078,5,7
58079,3,7
58080,1,7
58082,2,7
58083,11,7
58085,11,7
58088,3,7
58089,3,7
58090,10,7
58091,6,7
58093,3,7
58094,8,7
58100,0,7
58101,3,7
58102,4,7
58106,0,7
58107,3,7
58109,8,7
58110,3,7
58111,11,7
58113,8,7
58114,8,7
58116,1,7
58118,11,7
58119,6,7
58120,0,7
58121,4,7
58124,6,7
58125,11,7
58127,4,7
58128,11,7
58129,1,7
58131,8,7
58134,1,7
58135,1,7
58138,8,7
58140,4,7
58143,8,7
58145,0,7
58149,10,7
58152,3,7
58154,8,7
58155,3,7
58156,3,7
58157,0,7
58158,4,7
58159,3,7
58162,1,7
58164,3,7
58165,3,7
58170,6,7
58173,11,7
58174,11,7
58178,0,7
58179,3,7
58180,11,7
58181,3,7
58183,8,7
58184,3,7
58189,6,7
58191,4,7
58193,6,7
58195,1,7
58196,0,7
58197,0,7
58198,8,7
58199,11,7
58200,0,7
58201,1,7
58202,2,7
58203,10,7
58205,0,7
58206,5,7
58207,0,7
58208,11,7
58210,2,7
58211,5,7
58214,6,7
58216,5,7
58218,8,7
58221,5,7
58222,6,7
58223,11,7
58227,6,7
58231,6,7
58233,4,7
58234,6,7
58237,6,7
58239,3,7
58240,6,7
58242,11,7
58244,4,7
58245,4,7
58250,4,7
58252,3,7
58254,11,7
58256,8,7
58257,1,7
58258,8,7
58262,11,7
58264,11,7
58267,5,7
58269,4,7
58270,8,7
58273,1,7
58275,5,7
58276,6,7
58280,1,7
58284,8,7
58286,0,7
58287,2,7
58288,0,7
58290,2,7
58291,3,7
58292,0,7
58294,8,7
58296,3,7
58297,3,7
58298,10,7
58299,1,7
58300,8,7
58302,4,7
58304,3,7
58306,4,7
58307,3,7
58309,8,7
58310,10,7
58311,11,7
58313,3,7
58316,5,7
58317,11,7
58318,4,7
58319,11,7
58320,4,7
58322,1,7
58324,11,7
58325,4,7
58331,8,7
58337,5,7
58338,11,7
58339,4,7
58341,11,7
58343,3,7
58344,10,7
58347,8,7
58349,8,7
58350,0,7
58351,0,7
58352,11,7
58355,5,7
58356,4,7
58357,10,7
58359,8,7
58361,8,7
58362,4,7
58364,11,7
58365,1,7
58366,8,7
58368,4,7
58370,3,7
58371,0,7
58372,0,7
58373,0,7
58374,11,7
58375,5,7
58377,2,7
58378,3,7
58379,4,7
58380,0,7
58381,11,7
58383,8,7
58385,1,7
58387,3,7
58388,8,7
58393,10,7
58395,4,7
58402,5,7
58403,10,7
58404,5,7
58405,4,7
58409,0,7
58410,5,7
58411,11,7
58412,0,7
58416,11,7
58417,4,7
58421,4,7
58424,1,7
58425,11,7
58427,6,7
58429,4,7
58430,11,7
58432,4,7
58435,4,7
58437,1,7
58439,3,7
58442,11,7
58448,0,7
58449,5,7
58452,4,7
58454,4,7
58455,7,7
58459,3,7
58460,3,7
58462,9,7
58463,4,7
58468,11,7
58469,2,7
58470,4,7
58471,0,7
58474,1,7
58477,10,7
58483,5,7
58484,4,7
58487,4,7
58488,0,7
58490,10,7
58492,0,7
58493,4,7
58494,11,7
58495,8,7
58496,4,7
58500,4,7
58501,3,7
58503,11,7
58505,11,7
58508,1,7
58509,0,7
58510,4,7
58511,1,7
58516,3,7
58518,10,7
58519,4,7
58522,11,7
58525,11,7
58526,3,7
58530,4,7
58532,4,7
58533,4,7
58534,4,7
58538,3,7
58539,11,7
58540,11,7
58545,0,7
58546,11,7
58549,3,7
58551,5,7
58553,4,7
58554,3,7
58555,3,7
58556,5,7
58558,0,7
58562,1,7
58563,1,7
58564,5,7
58567,2,7
58569,4,7
58572,0,7
58573,3,7
58575,7,7
58577,6,7
58583,10,7
58589,10,7
58591,11,7
58593,4,7
58599,4,7
58604,3,7
58605,4,7
58610,4,7
58614,8,7
58617,11,7
58619,3,7
58622,6,7
58623,6,7
58624,3,7
58625,6,7
58628,8,7
58629,4,7
58631,8,7
58632,4,7
58633,3,7
58634,11,7
58635,6,7
58637,11,7
58638,6,7
58640,6,7
58644,11,7
58646,4,7
58651,4,7
58652,3,7
58657,4,7
58658,9,7
58659,11,7
58662,11,7
58663,5,7
58664,9,7
58665,11,7
58666,9,7
58667,4,7
58668,3,7
58669,6,7
58670,4,7
58673,11,7
58674,3,7
58675,4,7
58678,4,7
58680,3,7
58681,11,7
58683,5,7
58684,4,7
58685,5,7
58686,4,7
58690,2,7
58691,11,7
58693,4,7
58695,3,7
58696,9,7
58698,3,7
58699,4,7
58700,2,7
58702,0,7
58705,3,7
58707,3,7
58708,1,7
58710,7,7
58713,3,7
58716,0,7
58717,0,7
58718,3,7
58721,6,7
58725,10,7
58727,0,7
58729,2,7
58731,8,7
58732,11,7
58736,6,7
58740,3,7
58743,4,7
58746,11,7
58747,11,7
58748,3,7
58750,5,7
58752,6,7
58753,5,7
58757,5,7
58758,3,7
58761,10,7
58767,3,7
58768,11,7
58771,4,7
58772,10,7
58774,4,7
58776,5,7
58777,8,7
58778,11,7
58779,4,7
58780,1,7
58781,5,7
58789,2,7
58790,3,7
58793,2,7
58794,1,7
58795,8,7
58797,8,7
58800,11,7
58801,3,7
58804,6,7
58805,5,7
58807,4,7
58808,1,7
58809,5,7
58811,4,7
58814,4,7
58815,4,7
58816,0,7
58818,8,7
58821,10,7
58825,3,7
58831,6,7
58832,3,7
58833,3,7
58834,0,7
58836,6,7
58837,1,7
58838,3,7
58839,0,7
58840,3,7
58842,3,7
58843,4,7
58845,9,7
58846,10,7
58848,4,7
58850,11,7
58853,4,7
58857,0,7
58863,5,7
58864,10,7
58868,6,7
58869,5,7
58873,4,7
58874,10,7
58875,0,7
58877,10,7
58878,3,7
58881,11,7
58883,10,7
58885,11,7
58887,4,7
58888,4,7
58889,4,7
58890,9,7
58891,5,7
58893,8,7
58895,8,7
58902,10,7
58903,11,7
58904,11,7
58907,4,7
58908,4,7
58909,1,7
58911,9,7
58912,5,7
58913,4,7
58917,4,7
58919,11,7
58924,2,7
58925,5,7
58930,4,7
58931,4,7
58932,2,7
58934,5,7
58937,5,7
58938,4,7
58939,4,7
58941,3,7
58946,1,7
58948,11,7
58950,8,7
58955,6,7
58961,3,7
58963,5,7
58964,4,7
58965,4,7
58966,1,7
58969,3,7
58970,11,7
58972,4,7
58974,4,7
58980,2,7
58982,0,7
58983,11,7
58987,9,7
58988,11,7
58991,4,7
58993,2,7
58994,11,7
58998,3,7
59000,11,7
59001,3,7
59005,8,7
59006,4,7
59007,1,7
59008,8,7
59009,4,7
59011,11,7
59012,8,7
59013,8,7
59017,6,7
59028,4,7
59029,4,7
59034,0,7
59036,3,7
59037,3,7
59038,10,7
59039,3,7
59041,0,7
59044,3,7
59050,5,7
59054,10,7
59057,10,7
59060,4,7
59061,0,7
59062,5,7
59065,10,7
59067,10,7
59068,4,7
59071,0,7
59073,2,7
59078,0,7
59080,9,7
59084,4,7
59086,3,7
59088,11,7
59091,8,7
59093,8,7
59096,5,7
59098,0,7
59100,1,7
59102,0,7
59103,3,7
59104,4,7
59105,7,7
59106,4,7
59107,4,7
59109,3,7
59110,10,7
59112,2,7
59116,11,7
59118,4,7
59122,11,7
59124,10,7
59127,10,7
59128,11,7
59134,8,7
59135,10,7
59137,8,7
59138,3,7
59139,2,7
59140,3,7
59141,0,7
59142,8,7
59144,11,7
59146,3,7
59147,11,7
59148,11,7
59149,0,7
59152,3,7
59153,3,7
59154,6,7
59157,0,7
59158,11,7
59159,4,7
59160,6,7
59161,3,7
59162,3,7
59166,3,7
59168,11,7
59170,2,7
59173,6,7
59176,4,7
59177,4,7
59178,8,7
59181,10,7
59186,3,7
59188,3,7
59192,11,7
59193,1,7
59194,8,7
59195,11,7
59200,8,7
59202,3,7
59203,8,7
59205,8,7
59206,0,7
59208,1,7
59209,4,7
59210,8,7
59211,6,7
59212,3,7
59218,6,7
59221,8,7
59224,8,7
59227,0,7
59230,6,7
59233,4,7
59236,4,7
59237,4,7
59239,5,7
59240,3,7
59242,10,7
59243,11,7
59244,2,7
59245,3,7
59248,3,7
59249,3,7
59250,5,7
59253,8,7
59255,0,7
59256,4,7
59259,0,7
59260,2,7
59265,6,7
59266,10,7
59268,3,7
59271,10,7
59276,3,7
59277,8,7
59279,3,7
59280,5,7
59281,8,7
59282,3,7
59284,11,7
59285,3,7
59288,5,7
59290,1,7
59291,0,7
59293,4,7
59294,11,7
59295,4,7
59296,3,7
59297,0,7
59298,0,7
59299,11,7
59302,0,7
59307,0,7
59308,0,7
59309,4,7
59310,8,7
59311,11,7
59313,3,7
59318,4,7
59320,8,7
59322,11,7
59323,11,7
59325,11,7
59326,8,7
59329,8,7
59333,6,7
59335,8,7
59338,8,7
59339,5,7
59340,11,7
59344,11,7
59345,3,7
59346,11,7
59348,4,7
59349,1,7
59352,3,7
59355,0,7
59357,0,7
59358,0,7
59359,11,7
59360,8,7
59362,5,7
59363,0,7
59364,5,7
59365,8,7
59366,11,7
59367,0,7
59368,0,7
59369,8,7
59370,11,7
59373,8,7
59374,11,7
59375,8,7
59377,1,7
59380,4,7
59381,3,7
59384,8,7
59385,0,7
59386,11,7
59387,10,7
59388,8,7
59390,8,7
59391,3,7
59392,3,7
59393,11,7
59394,11,7
59396,1,7
59400,5,7
59403,11,7
59404,1,7
59406,5,7
59409,1,7
59410,11,7
59411,0,7
59419,8,7
59420,5,7
59421,4,7
59425,3,7
59427,3,7
59428,5,7
59431,4,7
59433,0,7
59434,5,7
59435,11,7
59437,8,7
59438,8,7
59442,0,7
59445,8,7
59446,4,7
59447,8,7
59448,8,7
59450,3,7
59452,4,7
59455,8,7
59456,11,7
59457,4,7
59458,10,7
59463,1,7
59464,10,7
59465,10,7
59467,5,7
59471,1,7
59472,8,7
59475,11,7
59476,3,7
59477,11,7
59479,11,7
59480,1,7
59482,11,7
59490,8,7
59492,8,7
59493,8,7
59498,4,7
59499,8,7
59501,11,7
59504,4,7
59505,0,7
59506,11,7
59510,8,7
59511,3,7
59512,4,7
59513,4,7
59515,11,7
59517,4,7
59519,9,7
59521,4,7
59522,11,7
59523,1,7
59524,3,7
59525,5,7
59527,11,7
59528,6,7
59531,8,7
59532,8,7
59533,5,7
59535,8,7
59540,5,7
59541,8,7
59543,1,7
59545,1,7
59548,8,7
59553,4,7
59554,11,7
59558,8,7
59559,8,7
59561,8,7
59562,5,7
59563,0,7
59565,8,7
59569,4,7
59573,11,7
59576,0,7
59578,5,7
59579,6,7
59582,8,7
59583,1,7
59585,6,7
59586,6,7
59589,8,7
59590,3,7
59591,2,7
59597,5,7
59598,5,7
59599,0,7
59601,4,7
59604,8,7
59605,8,7
59609,0,7
59614,0,7
59616,3,7
59619,8,7
59620,8,7
59621,0,7
59623,0,7
59626,5,7
59627,5,7
59628,11,7
59631,0,7
59632,4,7
59636,8,7
59637,0,7
59639,11,7
59640,0,7
59641,8,7
59642,8,7
59644,4,7
59645,0,7
59646,4,7
59647,2,7
59649,0,7
59653,8,7
59654,5,7
59656,2,7
59657,0,7
59661,3,7
59662,3,7
59663,2,7
59666,8,7
59667,3,7
59672,11,7
59674,3,7
59678,8,7
59679,6,7
59680,11,7
59681,5,7
59684,10,7
59685,5,7
59686,4,7
59688,2,7
59689,5,7
59691,8,7
59692,11,7
59693,10,7
59695,0,7
59697,8,7
59699,11,7
59700,4,7
59702,5,7
59703,0,7
59705,3,7
59706,11,7
59708,4,7
59712,10,7
59713,6,7
59714,4,7
59716,0,7
59723,4,7
59725,10,7
59726,6,7
59728,8,7
59729,11,7
59731,1,7
59732,5,7
59733,11,7
59734,0,7
59740,4,7
59741,3,7
59743,5,7
59744,0,7
59745,4,7
59748,4,7
59752,4,7
59755,10,7
59759,3,7
59760,4,7
59761,5,7
59769,6,7
59770,4,7
59771,6,7
59775,8,7
59776,6,7
59777,2,7
59779,8,7
59780,2,7
59781,6,7
59782,5,7
59785,3,7
59788,6,7
59793,4,7
59795,9,7
59800,4,7
59803,2,7
59804,2,7
59806,4,7
59808,2,7
59809,11,7
59813,3,7
59814,1,7
59815,8,7
59818,8,7
59820,6,7
59822,0,7
59824,4,7
59825,6,7
59826,8,7
59827,4,7
59828,9,7
59832,0,7
59833,0,7
59835,5,7
59836,2,7
59837,2,7
59841,4,7
59844,2,7
59845,0,7
59847,4,7
59852,2,7
59854,10,7
59856,6,7
59857,9,7
59859,1,7
59861,8,7
59862,8,7
59864,10,7
59865,1,7
59868,8,7
59873,10,7
59876,5,7
59878,6,7
59880,6,7
59881,4,7
59882,0,7
59885,6,7
59897,2,7
59898,4,7
59899,0,7
59904,6,7
59905,11,7
59906,9,7
59907,8,7
59908,4,7
59910,1,7
59911,4,7
59913,6,7
59914,11,7
59915,5,7
59918,3,7
59920,0,7
59922,6,7
59923,6,7
59925,8,7
59926,0,7
59927,6,7
59928,3,7
59929,2,7
59930,2,7
59932,2,7
59934,4,7
59942,2,7
59943,10,7
59944,2,7
59950,5,7
59955,11,7
59956,1,7
59957,4,7
59959,8,7
59960,6,7
59963,6,7
59964,0,7
59968,2,7
59970,10,7
59971,8,7
59972,2,7
59973,0,7
59974,3,7
59975,2,7
59982,2,7
59983,1,7
59985,4,7
59986,2,7
59987,10,7
59988,10,7
59989,1,7
59990,0,7
59992,0,7
59994,6,7
59995,8,7
59996,1,7
60001,4,7
60003,1,7
60005,5,7
60007,5,7
60008,11,7
60009,4,7
60013,2,7
60014,8,7
60015,0,7
60016,6,7
60017,3,7
60018,7,7
60020,2,7
60023,8,7
60025,2,7
60026,0,7
60033,10,7
60034,4,7
60036,2,7
60037,0,7
60039,6,7
60041,7,7
60042,4,7
60043,6,7
60052,0,7
60055,6,7
60056,6,7
60057,1,7
60059,6,7
60060,0,7
60065,1,7
60066,10,7
60073,4,7
60074,0,7
60075,8,7
60076,0,7
60079,0,7
60080,4,7
60081,0,7
60082,3,7
60086,6,7
60087,5,7
60088,6,7
60090,8,7
60093,0,7
60095,11,7
60097,6,7
60099,4,7
60105,0,7
60106,10,7
60111,6,7
60113,10,7
60116,1,7
60121,9,7
60125,6,7
60130,2,7
60132,2,7
60133,2,7
60134,10,7
60136,10,7
60137,1,7
60138,1,7
60141,6,7
60143,10,7
60144,11,7
60145,4,7
60146,6,7
60147,1,7
60150,6,7
60151,3,7
60152,0,7
60154,1,7
60157,1,7
60158,10,7
60163,0,7
60164,3,7
60165,4,7
60166,9,7
60168,7,7
60169,11,7
60170,11,7
60171,4,7
60172,5,7
60173,3,7
60176,8,7
60177,4,7
60181,5,7
60182,4,7
60183,5,7
60187,3,7
60190,3,7
60192,6,7
60193,11,7
60195,6,7
60198,5,7
60199,5,7
60202,0,7
60203,7,7
60205,8,7
60206,0,7
60212,8,7
60214,7,7
60215,8,7
60219,1,7
60220,11,7
60221,5,7
60223,10,7
60224,0,7
60225,6,7
60226,7,7
60227,2,7
60228,5,7
60230,1,7
60232,11,7
60234,11,7
60235,11,7
60239,5,7
60242,2,7
60243,9,7
60244,0,7
60246,8,7
60248,8,7
60249,1,7
60251,8,7
60253,2,7
60255,10,7
60257,5,7
60259,10,7
60260,11,7
60264,4,7
60265,0,7
60266,11,7
60268,0,7
60270,7,7
60273,10,7
60280,11,7
60283,0,7
60284,3,7
60286,11,7
60288,9,7
60290,5,7
60291,11,7
60292,11,7
60295,4,7
60296,11,7
60297,11,7
60299,3,7
60300,10,7
60305,8,7
60307,8,7
60310,10,7
60311,11,7
60316,4,7
60317,4,7
60319,8,7
60323,8,7
60326,5,7
60328,3,7
60330,3,7
60331,3,7
60337,3,7
60338,3,7
60339,3,7
60344,8,7
60347,3,7
60350,10,7
60351,10,7
60352,11,7
60353,3,7
60363,4,7
60365,4,7
60366,11,7
60367,10,7
60368,3,7
60370,4,7
60373,4,7
60374,11,7
60376,3,7
60377,3,7
60381,8,7
60382,8,7
60383,6,7
60386,6,7
60387,3,7
60392,3,7
60393,4,7
60395,3,7
60396,11,7
60397,1,7
60401,11,7
60402,3,7
60406,0,7
60407,4,7
60409,3,7
60412,10,7
60413,8,7
60414,2,7
60415,4,7
60416,1,7
60418,8,7
60419,6,7
60420,3,7
60421,0,7
60423,1,7
60426,3,7
60427,3,7
60429,1,7
60433,5,7
60435,4,7
60437,11,7
60439,3,7
60440,3,7
60441,3,7
60446,1,7
60448,4,7
60449,4,7
60450,3,7
60454,4,7
60455,4,7
60456,5,7
60457,5,7
60458,3,7
60459,4,7
60460,6,7
60462,5,7
60463,11,7
60467,5,7
60468,10,7
60471,6,7
60473,8,7
60476,1,7
60479,6,7
60485,6,7
60486,6,7
60487,0,7
60489,6,7
60490,6,7
60492,2,7
60493,10,7
60497,0,7
60498,1,7
60499,10,7
60502,8,7
60505,3,7
60507,6,7
60511,3,7
60513,6,7
60516,6,7
60517,6,7
60524,6,7
60525,10,7
60529,9,7
60534,1,7
60536,10,7
60537,1,7
60540,6,7
60541,1,7
60543,8,7
60546,0,7
60547,8,7
60549,11,7
60553,4,7
60557,8,7
60559,0,7
60564,4,7
60565,6,7
60567,10,7
60571,4,7
60573,6,7
60575,2,7
60579,11,7
60583,11,7
60590,8,7
60596,1,7
60597,4,7
60600,1,7
60601,8,7
60602,4,7
60604,4,7
60605,8,7
60607,0,7
60608,8,7
60612,8,7
60613,8,7
60619,4,7
60620,0,7
60621,11,7
60622,1,7
60625,8,7
60627,4,7
60628,6,7
60629,11,7
60636,0,7
60637,0,7
60638,0,7
60641,2,7
60643,6,7
60644,8,7
60648,6,7
60649,6,7
60651,6,7
60665,11,7
60670,1,7
60672,11,7
60674,1,7
60679,11,7
60680,8,7
60681,4,7
60682,4,7
60689,3,7
60691,4,7
60694,8,7
60697,6,7
60698,0,7
60699,5,7
60700,11,7
60701,1,7
60704,1,7
60705,10,7
60708,0,7
60711,2,7
60716,7,7
60717,0,7
60718,1,7
60720,5,7
60724,1,7
60725,5,7
60728,8,7
60730,1,7
60731,6,7
60732,11,7
60733,6,7
60735,1,7
60736,8,7
60738,3,7
60741,1,7
60743,11,7
60744,1,7
60745,8,7
60747,1,7
60751,1,7
60754,4,7
60755,8,7
60756,4,7
60757,10,7
60762,8,7
60764,8,7
60765,4,7
60767,8,7
60768,8,7
60769,1,7
60770,3,7
60773,8,7
60775,0,7
60777,3,7
60778,0,7
60779,2,7
60780,11,7
60781,2,7
60783,6,7
60785,10,7
60786,8,7
60788,8,7
60789,1,7
60790,0,7
60791,4,7
60793,1,7
60794,4,7
60798,8,7
60799,1,7
60801,4,7
60803,6,7
60804,11,7
60806,4,7
60807,8,7
60808,4,7
60812,5,7
60813,5,7
60816,11,7
60818,1,7
60821,5,7
60822,1,7
60826,8,7
60827,11,7
60828,6,7
60829,11,7
60830,6,7
60834,0,7
60836,2,7
60838,2,7
60841,2,7
60844,8,7
60845,0,7
60846,1,7
60849,6,7
60853,10,7
60855,10,7
60856,10,7
60860,6,7
60864,3,7
60866,1,7
60867,11,7
60868,0,7
60869,4,7
60870,4,7
60872,8,7
60875,8,7
60877,8,7
60879,1,7
60880,4,7
60881,5,7
60882,11,7
60884,10,7
60885,3,7
60889,10,7
60893,3,7
60894,4,7
60897,10,7
60898,0,7
60899,8,7
60900,5,7
60901,10,7
60902,1,7
60906,0,7
60907,0,7
60909,3,7
60912,5,7
60913,8,7
60915,11,7
60923,1,7
60925,11,7
60927,5,7
60928,10,7
60929,5,7
60932,4,7
60933,11,7
60936,8,7
60937,0,7
60943,0,7
60944,10,7
60947,4,7
60949,8,7
60956,6,7
60958,5,7
60959,6,7
60960,11,7
60965,1,7
60966,11,7
60968,3,7
60969,4,7
60970,1,7
60971,11,7
60975,10,7
60976,6,7
60979,8,7
60980,1,7
60981,10,7
60983,1,7
60984,1,7
60986,8,7
60987,6,7
60988,4,7
60989,10,7
60990,0,7
60994,5,7
60995,3,7
60996,3,7
60997,1,7
60999,0,7
61000,8,7
61002,3,7
61003,11,7
61004,0,7
61007,1,7
61008,2,7
61010,11,7
61011,6,7
61013,11,7
61014,10,7
61016,10,7
61017,6,7
61018,8,7
61019,5,7
61021,0,7
61024,0,7
61026,1,7
61027,4,7
61028,4,7
61029,0,7
61033,8,7
61034,1,7
61036,1,7
61038,10,7
61041,8,7
61042,11,7
61043,8,7
61051,4,7
61052,10,7
61057,8,7
61058,6,7
61060,6,7
61062,8,7
61066,1,7
61067,6,7
61069,6,7
61070,6,7
61073,2,7
61074,2,7
61077,11,7
61079,6,7
61089,1,7
61090,3,7
61091,6,7
61092,6,7
61094,6,7
61095,11,7
61101,11,7
61103,3,7
61105,11,7
61107,6,7
61111,8,7
61112,11,7
61115,11,7
61116,10,7
61117,11,7
61118,8,7
61119,11,7
61121,10,7
61123,10,7
61124,3,7
61125,0,7
61126,0,7
61127,2,7
61128,0,7
61129,2,7
61131,4,7
61132,8,7
61133,8,7
61136,5,7
61137,4,7
61139,6,7
61140,11,7
61141,5,7
61143,5,7
61145,3,7
61147,6,7
61148,8,7
61149,6,7
61150,3,7
61151,1,7
61152,8,7
61154,5,7
61162,10,7
61164,11,7
61165,6,7
61167,8,7
61168,1,7
61170,10,7
61171,8,7
61172,1,7
61174,8,7
61176,3,7
61179,11,7
61183,3,7
61184,7,7
61186,11,7
61188,8,7
61190,5,7
61191,5,7
61193,8,7
61194,10,7
61195,11,7
61197,6,7
61199,1,7
61200,1,7
61203,1,7
61204,1,7
61205,5,7
61206,0,7
61207,0,7
61209,3,7
61210,7,7
61211,10,7
61213,1,7
61214,1,7
61216,0,7
61218,1,7
61219,1,7
61222,1,7
61223,6,7
61225,11,7
61230,6,7
61231,1,7
61232,8,7
61233,10,7
61234,5,7
61235,5,7
61236,1,7
61237,11,7
61238,6,7
61239,11,7
61241,0,7
61242,7,7
61243,8,7
61244,11,7
61249,5,7
61251,10,7
61252,11,7
61253,0,7
61254,8,7
61257,4,7
61261,0,7
61266,11,7
61270,4,7
61275,8,7
61277,3,7
61278,3,7
61279,10,7
61280,3,7
61285,2,7
61287,5,7
61288,1,7
61290,3,7
61294,5,7
61296,6,7
61297,11,7
61298,1,7
61299,8,7
61302,7,7
61306,0,7
61307,0,7
61308,8,7
61309,2,7
61310,2,7
61316,0,7
61317,11,7
61318,2,7
61322,1,7
61325,2,7
61326,0,7
61327,4,7
61328,8,7
61329,4,7
61333,3,7
61334,6,7
61337,1,7
61341,1,7
61342,4,7
61343,1,7
61345,1,7
61347,1,7
61348,1,7
61352,3,7
61355,0,7
61356,1,7
61357,3,7
61361,8,7
61363,5,7
61364,11,7
61366,8,7
61369,0,7
61371,11,7
61372,11,7
61374,0,7
61375,0,7
61376,1,7
61384,0,7
61390,0,7
61392,1,7
61393,6,7
61395,11,7
61397,3,7
61398,11,7
61399,1,7
61400,11,7
61403,4,7
61405,4,7
61406,11,7
61408,6,7
61414,3,7
61418,6,7
61419,6,7
61425,0,7
61427,6,7
61432,1,7
61433,6,7
61435,11,7
61438,1,7
61442,6,7
61443,8,7
61448,3,7
61449,1,7
61450,1,7
61452,0,7
61454,8,7
61458,5,7
61460,0,7
61461,11,7
61466,11,7
61469,6,7
61473,1,7
61474,8,7
61475,4,7
61478,3,7
61479,3,7
61481,3,7
61487,8,7
61493,5,7
61496,1,7
61498,11,7
61500,1,7
61504,6,7
61506,4,7
61507,0,7
61508,1,7
61511,0,7
61512,5,7
61514,8,7
61515,5,7
61519,6,7
61520,5,7
61522,3,7
61523,1,7
61525,5,7
61528,6,7
61532,0,7
61534,11,7
61537,6,7
61538,0,7
61539,0,7
61541,4,7
61542,0,7
61546,0,7
61547,10,7
61548,1,7
61551,0,7
61553,1,7
61555,0,7
61556,1,7
61559,0,7
61563,0,7
61565,0,7
61567,8,7
61569,0,7
61570,0,7
61571,8,7
61573,0,7
61574,0,7
61575,8,7
61577,8,7
61578,8,7
61581,0,7
61583,1,7
61591,3,7
61592,3,7
61593,3,7
61595,5,7
61598,11,7
61601,8,7
61605,8,7
61611,0,7
61612,8,7
61614,1,7
61618,0,7
61620,0,7
61621,8,7
61622,0,7
61623,5,7
61624,1,7
61626,5,7
61628,5,7
61632,3,7
61633,4,7
61634,11,7
61636,5,7
61637,5,7
61638,4,7
61640,3,7
61641,3,7
61643,3,7
61644,3,7
61647,4,7
61648,4,7
61649,4,7
61650,11,7
61651,5,7
61652,4,7
61653,4,7
61655,8,7
61656,5,7
61657,5,7
61658,1,7
61659,1,7
61660,8,7
61661,11,7
61662,11,7
61664,1,7
61667,8,7
61668,1,7
61669,5,7
61670,0,7
61673,6,7
61674,6,7
61675,6,7
61676,6,7
61677,1,7
61685,6,7
61689,2,7
61691,3,7
61693,8,7
61694,10,7
61696,10,7
61698,9,7
61699,9,7
61701,9,7
61702,9,7
61703,9,7
61704,3,7
61705,10,7
61706,10,7
61708,10,7
61712,9,7
61714,9,7
61718,10,7
61719,3,7
61721,9,7
61723,6,7
61728,6,7
61729,6,7
61730,11,7
61732,6,7
61733,3,7
61734,7,7
61736,0,7
61738,1,7
61740,6,7
61741,3,7
61747,3,7
61749,0,7
61751,0,7
61754,7,7
61755,1,7
61757,5,7
61759,8,7
61761,3,7
61763,4,7
61764,4,7
61765,4,7
61767,6,7
61769,8,7
61770,10,7
61771,8,7
61773,3,7
61778,10,7
61780,5,7
61782,6,7
61783,6,7
61784,6,7
61785,6,7
61789,4,7
61790,10,7
61792,10,7
61793,0,7
61795,6,7
61796,6,7
61801,6,7
61802,6,7
61803,4,7
61811,11,7
61812,11,7
61814,1,7
61815,1,7
61817,5,7
61818,4,7
61819,4,7
61820,11,7
61823,4,7
61825,11,7
61828,10,7
61830,10,7
61834,1,7
61835,11,7
61837,4,7
61838,11,7
61839,4,7
61840,6,7
61841,11,7
61843,6,7
61847,6,7
61849,11,7
61857,6,7
61859,3,7
61862,10,7
61863,6,7
61864,4,7
61866,4,7
61867,5,7
61870,6,7
61871,6,7
61872,10,7
61874,1,7
61875,6,7
61878,10,7
61880,10,7
61882,4,7
61883,10,7
61885,11,7
61887,1,7
61889,1,7
61890,6,7
61891,0,7
61893,0,7
61894,4,7
61898,5,7
61900,3,7
61903,8,7
61904,2,7
61905,0,7
61906,6,7
61910,3,7
61911,0,7
61912,10,7
61919,3,7
61921,6,7
61924,0,7
61925,6,7
61928,11,7
61930,11,7
61931,11,7
61932,0,7
61933,7,7
61935,5,7
61937,3,7
61940,8,7
61942,10,7
61943,4,7
61945,10,7
61950,3,7
61955,11,7
61958,4,7
61959,11,7
61961,6,7
61962,3,7
61963,11,7
61965,11,7
61967,8,7
61968,0,7
61972,11,7
61973,0,7
61974,4,7
61975,11,7
61976,5,7
61977,3,7
61979,1,7
61980,10,7
61981,4,7
61983,3,7
61984,0,7
61986,11,7
61988,3,7
61989,6,7
61990,3,7
61992,4,7
61994,1,7
61995,11,7
61996,3,7
61998,3,7
61999,3,7
62004,8,7
62005,5,7
62006,6,7
62007,3,7
62009,11,7
62010,11,7
62011,3,7
62016,3,7
62018,8,7
62027,1,7
62030,11,7
62031,11,7
62033,11,7
62034,4,7
62036,3,7
62037,0,7
62038,3,7
62039,3,7
62042,3,7
62044,3,7
62045,3,7
62048,3,7
62049,0,7
62050,0,7
62056,6,7
62057,0,7
62058,6,7
62064,10,7
62066,6,7
62067,11,7
62073,0,7
62079,11,7
62080,0,7
62081,3,7
62082,6,7
62083,1,7
62084,4,7
62086,0,7
62089,11,7
62090,11,7
62091,0,7
62094,0,7
62095,11,7
62096,8,7
62097,11,7
62098,1,7
62100,1,7
62101,0,7
62105,8,7
62106,6,7
62109,4,7
62111,3,7
62113,0,7
62114,0,7
62115,1,7
62117,3,7
62121,4,7
62122,3,7
62124,1,7
62127,6,7
62130,8,7
62131,3,7
62135,8,7
62136,1,7
62139,3,7
62140,11,7
62141,8,7
62143,3,7
62145,0,7
62149,0,7
62152,11,7
62153,1,7
62155,0,7
62156,0,7
62161,6,7
62162,10,7
62163,6,7
62164,1,7
62165,8,7
62166,4,7
62171,5,7
62172,1,7
62173,1,7
62178,11,7
62179,10,7
62183,8,7
62189,8,7
62191,6,7
62192,1,7
62194,10,7
62195,2,7
62196,8,7
62199,6,7
62200,0,7
62201,2,7
62202,9,7
62203,2,7
62207,0,7
62209,9,7
62214,6,7
62216,10,7
62218,4,7
62219,8,7
62220,0,7
62225,9,7
62226,0,7
62227,4,7
62228,4,7
62234,5,7
62236,9,7
62238,2,7
62240,0,7
62242,3,7
62243,7,7
62246,0,7
62247,8,7
62251,9,7
62253,1,7
62254,8,7
62256,8,7
62258,1,7
62259,6,7
62262,8,7
62263,0,7
62264,9,7
62265,4,7
62266,6,7
62267,1,7
62268,10,7
62269,0,7
62271,7,7
62272,0,7
62273,1,7
62274,10,7
62275,11,7
62276,6,7
62277,9,7
62279,11,7
62281,1,7
62283,0,7
62285,4,7
62289,9,7
62290,5,7
62295,2,7
62296,0,7
62297,3,7
62298,7,7
62299,10,7
62300,6,7
62304,3,7
62305,7,7
62307,8,7
62310,6,7
62311,0,7
62312,0,7
62314,0,7
62315,6,7
62317,3,7
62318,2,7
62319,10,7
62321,6,7
62322,8,7
62324,8,7
62326,10,7
62328,1,7
62329,3,7
62330,9,7
62332,9,7
62333,3,7
62334,2,7
62336,1,7
62339,8,7
62343,11,7
62346,6,7
62350,7,7
62351,6,7
62352,8,7
62353,6,7
62354,0,7
62356,6,7
62357,0,7
62360,6,7
62361,0,7
62364,7,7
62369,0,7
62371,0,7
62374,5,7
62378,5,7
62379,1,7
62380,0,7
62381,7,7
62382,4,7
62383,10,7
62384,8,7
62385,0,7
62386,0,7
62387,8,7
62390,4,7
62392,0,7
62393,6,7
62397,0,7
62400,8,7
62401,11,7
62410,4,7
62411,6,7
62412,0,7
62413,8,7
62416,6,7
62418,3,7
62427,3,7
62428,7,7
62429,3,7
62434,2,7
62436,3,7
62437,0,7
62440,3,7
62441,6,7
62445,0,7
62446,0,7
62447,5,7
62449,8,7
62450,6,7
62452,10,7
62454,4,7
62462,10,7
62463,4,7
62464,0,7
62467,0,7
62469,6,7
62470,3,7
62472,2,7
62475,4,7
62476,1,7
62478,10,7
62479,1,7
62481,3,7
62482,1,7
62486,11,7
62487,6,7
62488,11,7
62490,8,7
62492,0,7
62494,4,7
62498,0,7
62500,8,7
62503,4,7
62504,0,7
62510,6,7
62511,0,7
62512,9,7
62519,4,7
62521,1,7
62523,6,7
62526,9,7
62527,1,7
62528,6,7
62529,1,7
62530,0,7
62531,6,7
62533,6,7
62534,2,7
62536,6,7
62538,4,7
62540,8,7
62541,1,7
62542,0,7
62544,6,7
62545,0,7
62548,1,7
62549,9,7
62553,1,7
62554,11,7
62555,11,7
62556,3,7
62557,0,7
62560,8,7
62561,8,7
62562,6,7
62563,8,7
62564,1,7
62566,0,7
62567,0,7
62572,0,7
62573,0,7
62575,0,7
62578,6,7
62579,0,7
62581,2,7
62584,0,7
62586,0,7
62587,1,7
62588,0,7
62589,11,7
62590,0,7
62593,11,7
62596,5,7
62597,11,7
62599,11,7
62602,8,7
62603,0,7
62604,1,7
62605,1,7
62610,5,7
62614,6,7
62615,0,7
62616,6,7
62617,0,7
62618,6,7
62620,6,7
62622,6,7
62625,0,7
62627,6,7
62628,6,7
62629,6,7
62630,6,7
62631,8,7
62633,8,7
62634,5,7
62638,8,7
62641,5,7
62642,8,7
62649,11,7
62650,0,7
62654,4,7
62657,0,7
62659,5,7
62660,7,7
62662,11,7
62663,11,7
62664,5,7
62666,11,7
62667,0,7
62669,3,7
62675,11,7
62676,6,7
62677,0,7
62682,6,7
62684,0,7
62685,0,7
62686,8,7
62687,7,7
62689,6,7
62690,4,7
62691,4,7
62692,11,7
62696,0,7
62697,3,7
62700,8,7
62701,0,7
62705,0,7
62706,11,7
62707,10,7
62717,1,7
62718,6,7
62719,6,7
62721,1,7
62724,7,7
62725,0,7
62728,7,7
62729,6,7
62730,0,7
62732,0,7
62733,4,7
62738,2,7
62739,2,7
62741,8,7
62743,8,7
62746,4,7
62747,5,7
62749,0,7
62750,3,7
62753,3,7
62754,0,7
62755,8,7
62757,0,7
62760,1,7
62762,2,7
62764,8,7
62765,10,7
62770,11,7
62772,2,7
62773,2,7
62774,3,7
62776,2,7
62777,1,7
62786,5,7
62788,8,7
62789,1,7
62791,11,7
62792,11,7
62797,5,7
62799,6,7
62800,3,7
62802,0,7
62803,5,7
62804,8,7
62807,11,7
62810,0,7
62811,3,7
62815,0,7
62816,3,7
62817,1,7
62818,5,7
62819,11,7
62822,8,7
62825,0,7
62826,1,7
62828,1,7
62831,10,7
62832,1,7
62833,0,7
62835,5,7
62836,11,7
62837,5,7
62838,11,7
62839,10,7
62840,5,7
62841,4,7
62842,4,7
62844,11,7
62846,1,7
62849,11,7
62850,11,7
62852,6,7
62853,8,7
62854,5,7
62864,1,7
62865,1,7
62867,8,7
62868,10,7
62870,6,7
62879,10,7
62880,0,7
62882,11,7
62883,11,7
62884,3,7
62885,11,7
62889,8,7
62891,8,7
62892,4,7
62893,8,7
62895,6,7
62896,5,7
62897,11,7
62899,0,7
62902,3,7
62903,8,7
62905,0,7
62911,0,7
62915,0,7
62916,6,7
62917,6,7
62918,8,7
62920,8,7
62921,0,7
62922,0,7
62923,0,7
62925,11,7
62926,3,7
62927,3,7
62928,10,7
62929,5,7
62932,1,7
62935,1,7
62936,2,7
62937,0,7
62938,3,7
62939,4,7
62940,0,7
62941,11,7
62942,0,7
62944,0,7
62945,2,7
62947,11,7
62949,0,7
62950,4,7
62951,10,7
62952,5,7
62953,0,7
62954,3,7
62960,0,7
62961,8,7
62962,0,7
62964,1,7
62966,1,7
62967,1,7
62971,0,7
62972,6,7
62973,4,7
62975,2,7
62978,10,7
62980,11,7
62983,3,7
62984,11,7
62986,3,7
62988,0,7
62989,0,7
62990,0,7
62991,3,7
62992,0,7
62997,0,7
62998,0,7
63002,3,7
63003,10,7
63005,3,7
63006,11,7
63007,5,7
63009,3,7
63011,1,7
63013,3,7
63015,3,7
63016,8,7
63018,0,7
63019,3,7
63020,3,7
63022,10,7
63024,8,7
63026,0,7
63028,3,7
63029,0,7
63030,10,7
63031,4,7
63033,0,7
63034,5,7
63035,6,7
63040,3,7
63041,1,7
63046,4,7
63047,11,7
63048,8,7
63049,4,7
63050,4,7
63051,4,7
63052,5,7
63053,1,7
63054,4,7
63060,6,7
63061,10,7
63067,2,7
63070,2,7
63071,2,7
63072,2,7
63074,0,7
63075,6,7
63077,8,7
63078,8,7
63082,4,7
63088,1,7
63091,4,7
63093,11,7
63096,8,7
63097,3,7
63098,3,7
63099,0,7
63100,6,7
63101,5,7
63104,0,7
63106,3,7
63110,3,7
63111,8,7
63112,4,7
63113,0,7
63114,6,7
63117,2,7
63119,1,7
63120,1,7
63121,6,7
63124,4,7
63126,3,7
63127,4,7
63129,4,7
63132,3,7
63134,3,7
63135,8,7
63136,0,7
63142,0,7
63145,2,7
63147,5,7
63148,3,7
63151,6,7
63152,11,7
63154,8,7
63156,6,7
63157,4,7
63159,4,7
63160,6,7
63161,6,7
63162,2,7
63163,4,7
63166,0,7
63167,10,7
63168,1,7
63169,6,7
63170,8,7
63173,6,7
63174,4,7
63181,0,7
63182,8,7
63186,8,7
63187,1,7
63189,11,7
63191,11,7
63192,8,7
63194,10,7
63195,2,7
63198,3,7
63199,3,7
63200,6,7
63201,6,7
63204,3,7
63207,3,7
63210,4,7
63213,5,7
63215,3,7
63216,3,7
63218,0,7
63222,10,7
63223,0,7
63224,6,7
63225,6,7
63231,6,7
63233,6,7
63235,3,7
63237,5,7
63239,4,7
63240,5,7
63241,8,7
63242,5,7
63243,4,7
63244,10,7
63245,5,7
63249,11,7
63250,11,7
63251,5,7
63255,5,7
63256,6,7
63259,11,7
63260,5,7
63262,3,7
63263,11,7
63264,11,7
63267,10,7
63268,11,7
63270,11,7
63273,8,7
63274,11,7
63275,6,7
63277,4,7
63279,1,7
63280,11,7
63282,5,7
63283,5,7
63284,10,7
63285,11,7
63286,11,7
63290,0,7
63292,4,7
63296,3,7
63299,5,7
63300,1,7
63301,4,7
63302,8,7
63306,1,7
63307,10,7
63311,6,7
63312,5,7
63313,6,7
63316,6,7
63317,6,7
63318,2,7
63319,2,7
63320,2,7
63322,5,7
63323,6,7
63325,11,7
63329,10,7
63330,5,7
63331,3,7
63337,10,7
63339,1,7
63340,1,7
63342,1,7
63343,11,7
63345,8,7
63347,6,7
63348,4,7
63349,1,7
63351,9,7
63352,8,7
63354,1,7
63356,6,7
63358,8,7
63360,8,7
63361,10,7
63363,3,7
63364,10,7
63367,2,7
63369,0,7
63373,6,7
63375,1,7
63376,5,7
63378,8,7
63380,4,7
63383,6,7
63384,1,7
63385,0,7
63387,1,7
63390,4,7
63391,3,7
63392,1,7
63393,1,7
63395,4,7
63396,5,7
63398,8,7
63403,8,7
63405,5,7
63406,11,7
63407,1,7
63408,4,7
63409,6,7
63417,11,7
63418,11,7
63419,3,7
63420,0,7
63421,6,7
63423,3,7
63424,11,7
63425,4,7
63426,3,7
63429,3,7
63431,0,7
63432,4,7
63433,3,7
63434,0,7
63438,3,7
63439,7,7
63443,8,7
63445,5,7
63446,5,7
63447,3,7
63450,1,7
63454,1,7
63457,10,7
63459,0,7
63461,11,7
63463,0,7
63464,10,7
63465,5,7
63466,8,7
63467,8,7
63468,6,7
63473,4,7
63476,1,7
63478,1,7
63482,6,7
63484,10,7
63485,0,7
63486,0,7
63487,2,7
63488,3,7
63491,0,7
63494,9,7
63495,1,7
63499,6,7
63500,0,7
63501,6,7
63502,1,7
63504,0,7
63505,9,7
63506,1,7
63507,1,7
63508,5,7
63509,1,7
63510,10,7
63511,11,7
63512,1,7
63517,1,7
63520,0,7
63521,4,7
63522,1,7
63524,8,7
63525,5,7
63526,1,7
63527,8,7
63529,8,7
63531,8,7
63532,0,7
63536,11,7
63542,11,7
63543,0,7
63544,2,7
63546,3,7
63547,1,7
63549,7,7
63550,8,7
63551,8,7
63552,0,7
63553,10,7
63555,8,7
63557,11,7
63558,4,7
63562,5,7
63563,8,7
63567,3,7
63569,5,7
63570,4,7
63574,5,7
63577,11,7
63579,5,7
63581,5,7
63583,11,7
63586,5,7
63587,5,7
63592,1,7
63595,5,7
63598,5,7
63599,11,7
63601,5,7
63602,5,7
63603,11,7
63604,4,7
63606,8,7
63607,5,7
63608,5,7
63609,10,7
63611,11,7
63612,1,7
63613,5,7
63614,10,7
63615,5,7
63616,1,7
63617,5,7
63618,4,7
63621,11,7
63622,5,7
63623,11,7
63626,11,7
63628,5,7
63629,5,7
63630,11,7
63631,5,7
63632,5,7
63634,3,7
63635,0,7
63637,11,7
63639,3,7
63641,10,7
63655,11,7
63657,11,7
63658,3,7
63660,6,7
63661,1,7
63662,3,7
63663,11,7
63664,3,7
63666,10,7
63669,1,7
63672,10,7
63675,3,7
63676,10,7
63677,11,7
63678,5,7
63679,4,7
63680,5,7
63682,3,7
63683,4,7
63684,11,7
63685,6,7
63686,5,7
63687,2,7
63691,1,7
63692,2,7
63693,10,7
63694,2,7
63695,8,7
63698,10,7
63703,8,7
63706,2,7
63710,1,7
63713,2,7
63714,2,7
63716,2,7
63717,2,7
63718,1,7
63724,2,7
63725,10,7
63727,2,7
63732,11,7
63733,2,7
63736,8,7
63738,11,7
63741,10,7
63743,10,7
63744,1,7
63746,0,7
63747,2,7
63748,5,7
63750,8,7
63751,0,7
63754,1,7
63757,8,7
63758,11,7
63759,0,7
63760,10,7
63762,11,7
63770,3,7
63771,8,7
63773,1,7
63774,10,7
63775,6,7
63777,10,7
63779,0,7
63780,5,7
63782,5,7
63786,11,7
63787,8,7
63790,3,7
63791,5,7
63792,10,7
63793,4,7
63795,3,7
63796,1,7
63799,6,7
63800,8,7
63801,0,7
63806,11,7
63808,3,7
63809,2,7
63810,3,7
63812,10,7
63816,0,7
63817,0,7
63821,3,7
63823,0,7
63824,4,7
63827,0,7
63831,11,7
63833,10,7
63835,8,7
63838,2,7
63839,4,7
63840,11,7
63842,8,7
63844,11,7
63845,10,7
63846,1,7
63847,4,7
63848,1,7
63850,11,7
63855,9,7
63856,0,7
63857,5,7
63859,8,7
63860,9,7
63861,11,7
63863,0,7
63864,1,7
63866,8,7
63868,4,7
63873,0,7
63875,8,7
63880,5,7
63881,6,7
63882,0,7
63885,10,7
63889,1,7
63890,6,7
63891,2,7
63893,11,7
63894,1,7
63898,0,7
63899,0,7
63900,3,7
63901,3,7
63903,7,7
63904,1,7
63912,0,7
63914,5,7
63915,2,7
63916,8,7
63919,5,7
63920,3,7
63921,8,7
63926,5,7
63929,4,7
63930,5,7
63934,5,7
63935,3,7
63937,3,7
63938,11,7
63939,4,7
63941,11,7
63943,3,7
63945,5,7
63946,1,7
63947,6,7
63949,6,7
63950,11,7
63951,10,7
63954,0,7
63955,4,7
63957,11,7
63958,5,7
63959,0,7
63962,1,7
63963,8,7
63966,1,7
63968,1,7
63970,6,7
63971,1,7
63974,0,7
63975,10,7
63977,11,7
63978,1,7
63979,10,7
63980,10,7
63984,0,7
63986,6,7
63987,1,7
63988,5,7
63991,1,7
63992,1,7
63993,10,7
63995,5,7
63997,1,7
63998,5,7
63999,4,7
64000,1,7
64001,4,7
64003,0,7
64004,8,7
64007,2,7
64012,6,7
64013,6,7
64015,10,7
64017,0,7
64019,10,7
64020,1,7
64021,1,7
64024,3,7
64025,0,7
64026,3,7
64029,0,7
64031,2,7
64032,1,7
64034,11,7
64039,10,7
64048,11,7
64049,9,7
64050,3,7
64053,2,7
64058,1,7
64059,10,7
64060,3,7
64061,0,7
64062,10,7
64064,11,7
64069,9,7
64070,9,7
64071,9,7
64072,0,7
64074,9,7
64080,10,7
64086,5,7
64087,6,7
64090,4,7
64095,4,7
64101,10,7
64109,4,7
64111,9,7
64112,9,7
64113,10,7
64114,10,7
64115,2,7
64116,2,7
64117,1,7
64118,2,7
64119,4,7
64121,2,7
64122,2,7
64123,2,7
64125,2,7
64126,3,7
64127,2,7
64128,9,7
64129,10,7
64130,10,7
64133,2,7
64134,10,7
64137,2,7
64138,10,7
64139,11,7
64142,4,7
64144,11,7
64145,2,7
64149,0,7
64150,2,7
64151,10,7
64152,0,7
64153,3,7
64154,4,7
64155,0,7
64156,2,7
64159,3,7
64160,8,7
64163,2,7
64164,9,7
64169,10,7
64171,0,7
64172,0,7
64176,10,7
64180,8,7
64181,11,7
64183,8,7
64185,6,7
64187,4,7
64189,3,7
64191,1,7
64192,6,7
64193,11,7
64195,11,7
64197,0,7
64199,10,7
64201,3,7
64205,11,7
64207,1,7
64208,11,7
64212,2,7
64214,1,7
64215,3,7
64216,0,7
64217,6,7
64218,1,7
64219,4,7
64220,1,7
64224,11,7
64227,6,7
64228,11,7
64229,3,7
64231,8,7
64233,11,7
64234,3,7
64235,1,7
64238,1,7
64240,0,7
64242,10,7
64244,10,7
64246,10,7
64248,11,7
64249,10,7
64250,0,7
64251,2,7
64252,3,7
64254,6,7
64256,3,7
64258,3,7
64259,11,7
64266,11,7
64269,0,7
64271,3,7
64272,7,7
64273,6,7
64275,4,7
64276,6,7
64279,10,7
64281,3,7
64282,5,7
64283,8,7
64284,3,7
64287,4,7
64290,11,7
64292,8,7
64293,0,7
64294,2,7
64297,3,7
64298,11,7
64299,7,7
64300,0,7
64301,11,7
64302,0,7
64304,8,7
64310,4,7
64312,3,7
64316,0,7
64317,4,7
64318,10,7
64319,10,7
64321,3,7
64327,7,7
64329,1,7
64332,1,7
64335,3,7
64336,4,7
64337,11,7
64338,1,7
64339,1,7
64342,5,7
64343,0,7
64346,1,7
64348,0,7
64349,1,7
64355,3,7
64358,0,7
64359,11,7
64362,11,7
64363,8,7
64364,3,7
64365,7,7
64369,8,7
64371,8,7
64374,2,7
64375,10,7
64378,3,7
64380,4,7
64381,2,7
64382,10,7
64383,2,7
64389,4,7
64391,8,7
64392,5,7
64393,1,7
64394,1,7
64395,8,7
64396,8,7
64401,6,7
64404,0,7
64405,0,7
64406,8,7
64407,2,7
64410,7,7
64413,8,7
64415,4,7
64416,8,7
64419,1,7
64420,1,7
64423,5,7
64426,0,7
64432,2,7
64433,11,7
64434,3,7
64436,3,7
64437,1,7
64438,8,7
64439,11,7
64440,8,7
64443,4,7
64444,10,7
64445,5,7
64446,10,7
64447,1,7
64448,1,7
64449,10,7
64451,2,7
64452,1,7
64456,1,7
64457,2,7
64458,2,7
64460,0,7
64461,2,7
64465,2,7
64469,11,7
64470,4,7
64472,11,7
64473,11,7
64474,11,7
64475,11,7
64476,0,7
64481,3,7
64483,3,7
64485,1,7
64487,4,7
64488,3,7
64489,3,7
64490,11,7
64491,8,7
64495,6,7
64496,4,7
64497,4,7
64498,4,7
64499,4,7
64500,5,7
64502,1,7
64504,4,7
64507,4,7
64508,8,7
64511,5,7
64513,6,7
64515,4,7
64516,8,7
64518,5,7
64519,2,7
64520,6,7
64521,4,7
64522,0,7
64524,4,7
64526,4,7
64529,10,7
64530,4,7
64531,1,7
64532,4,7
64536,10,7
64537,0,7
64540,6,7
64542,2,7
64543,6,7
64545,4,7
64552,4,7
64553,3,7
64554,1,7
64556,3,7
64561,4,7
64562,1,7
64564,4,7
64565,11,7
64567,10,7
64570,0,7
64571,10,7
64572,2,7
64573,10,7
64576,2,7
64580,5,7
64582,10,7
64584,3,7
64585,3,7
64588,2,7
64589,11,7
64590,6,7
64592,2,7
64594,8,7
64596,10,7
64597,11,7
64599,10,7
64601,4,7
64602,8,7
64603,1,7
64605,10,7
64607,3,7
64609,4,7
64613,10,7
64614,4,7
64615,3,7
64616,11,7
64620,3,7
64621,0,7
64622,2,7
64623,10,7
64624,1,7
64625,3,7
64626,10,7
64627,10,7
64628,3,7
64629,8,7
64630,10,7
64631,3,7
64632,11,7
64633,4,7
64634,6,7
64637,10,7
64638,10,7
64639,10,7
64643,4,7
64645,11,7
64646,6,7
64647,1,7
64650,5,7
64651,4,7
64652,8,7
64653,8,7
64656,6,7
64657,10,7
64661,4,7
64662,6,7
64664,7,7
64665,3,7
64667,0,7
64671,6,7
64672,0,7
64673,11,7
64675,0,7
64677,9,7
64678,1,7
64679,4,7
64682,10,7
64687,10,7
64688,3,7
64690,0,7
64691,2,7
64693,0,7
64695,8,7
64696,10,7
64698,3,7
64699,2,7
64700,0,7
64701,3,7
64706,6,7
64709,9,7
64711,0,7
64714,6,7
64716,1,7
64717,8,7
64718,4,7
64719,3,7
64720,11,7
64721,0,7
64724,8,7
64725,4,7
64726,10,7
64730,4,7
64731,0,7
64733,0,7
64737,10,7
64738,2,7
64739,0,7
64741,6,7
64750,4,7
64753,3,7
64755,4,7
64756,10,7
64759,10,7
64760,3,7
64762,11,7
64763,4,7
64765,4,7
64767,11,7
64768,4,7
64769,4,7
64770,2,7
64773,4,7
64774,2,7
64775,4,7
64778,0,7
64779,4,7
64780,11,7
64781,10,7
64782,10,7
64786,2,7
64787,0,7
64790,11,7
64793,8,7
64794,6,7
64795,0,7
64797,0,7
64798,4,7
64801,2,7
64803,8,7
64804,7,7
64809,6,7
64812,3,7
64819,8,7
64821,8,7
64822,2,7
64826,0,7
64828,3,7
64832,6,7
64833,5,7
64834,2,7
64836,3,7
64837,6,7
64838,11,7
64844,7,7
64845,8,7
64846,3,7
64848,3,7
64851,6,7
64852,2,7
64855,11,7
64861,1,7
64862,1,7
64864,4,7
64865,11,7
64866,5,7
64867,5,7
64868,1,7
64870,10,7
64871,1,7
64878,11,7
64883,1,7
64884,0,7
64885,8,7
64886,11,7
64888,0,7
64891,4,7
64893,4,7
64894,3,7
64896,11,7
64898,5,7
64899,6,7
64900,2,7
64903,3,7
64904,7,7
64905,8,7
64906,4,7
64907,11,7
64911,4,7
64917,11,7
64920,10,7
64921,8,7
64923,2,7
64937,9,7
64938,0,7
64939,3,7
64942,4,7
64943,2,7
64945,4,7
64951,6,7
64953,10,7
64954,8,7
64956,11,7
64957,11,7
64959,11,7
64960,10,7
64961,4,7
64962,2,7
64964,4,7
64969,6,7
64970,6,7
64971,8,7
64972,4,7
64976,3,7
64978,6,7
64979,6,7
64981,4,7
64982,1,7
64984,3,7
64985,1,7
64993,8,7
64995,0,7
64996,11,7
64999,2,7
65001,1,7
65003,6,7
65004,6,7
65007,4,7
65008,3,7
65009,3,7
65011,3,7
65013,4,7
65016,11,7
65017,0,7
65019,4,7
65021,3,7
65023,4,7
65024,11,7
65025,0,7
65028,8,7
65033,8,7
65038,8,7
65041,0,7
65042,4,7
65043,11,7
65050,4,7
65051,0,7
65052,5,7
65056,5,7
65060,3,7
65062,10,7
65065,3,7
65069,4,7
65070,4,7
65072,5,7
65076,1,7
65079,0,7
65081,3,7
65083,0,7
65084,4,7
65085,11,7
65086,10,7
65089,10,7
65090,5,7
65096,4,7
65098,8,7
65099,1,7
65100,6,7
65102,11,7
65103,4,7
65104,4,7
65109,0,7
65111,3,7
65112,0,7
65113,0,7
65115,5,7
65119,1,7
65120,0,7
65127,3,7
65130,6,7
65132,1,7
65134,0,7
65135,0,7
65136,0,7
65141,8,7
65142,4,7
65144,11,7
65145,0,7
65147,0,7
65148,0,7
65151,2,7
65153,0,7
65154,4,7
65156,4,7
65157,10,7
65159,0,7
65161,4,7
65162,11,7
65166,10,7
65168,11,7
65170,10,7
65172,3,7
65173,1,7
65174,0,7
65175,11,7
65177,5,7
65182,5,7
65186,11,7
65188,10,7
65189,5,7
65190,4,7
65192,4,7
65193,5,7
65194,5,7
65198,8,7
65201,4,7
65202,3,7
65203,1,7
65205,2,7
65207,4,7
65216,2,7
65218,3,7
65219,3,7
65221,3,7
65222,7,7
65224,11,7
65225,2,7
65232,4,7
65233,1,7
65236,11,7
65237,4,7
65238,10,7
65239,3,7
65240,4,7
65241,4,7
65246,4,7
65249,8,7
65251,4,7
65253,0,7
65257,3,7
65259,6,7
65271,4,7
65273,8,7
65274,4,7
65275,4,7
65276,11,7
65278,10,7
65279,11,7
65281,1,7
65284,11,7
65286,2,7
65287,1,7
65288,8,7
65289,4,7
65290,10,7
65292,8,7
65299,11,7
65300,3,7
65301,3,7
65302,3,7
65304,8,7
65306,0,7
65307,10,7
65312,11,7
65313,4,7
65314,1,7
65320,11,7
65321,10,7
65325,4,7
65331,4,7
65332,4,7
65334,8,7
65335,3,7
65336,1,7
65338,7,7
65339,8,7
65340,1,7
65341,0,7
65342,0,7
65343,11,7
65345,11,7
65346,11,7
65349,0,7
65351,3,7
65352,2,7
65353,3,7
65354,11,7
65356,8,7
65357,11,7
65359,10,7
65360,8,7
65362,3,7
65367,6,7
65369,11,7
65370,11,7
65372,4,7
65373,0,7
65374,4,7
65376,3,7
65378,1,7
65379,0,7
65381,2,7
65384,2,7
65386,0,7
65387,11,7
65388,3,7
65390,3,7
65392,3,7
65393,3,7
65394,11,7
65396,1,7
65399,11,7
65400,4,7
65401,8,7
65404,3,7
65406,4,7
65409,8,7
65410,1,7
65411,6,7
65412,6,7
65413,3,7
65415,8,7
65418,3,7
65419,5,7
65422,4,7
65423,4,7
65426,3,7
65427,4,7
65432,3,7
65433,6,7
65437,10,7
65438,4,7
65440,0,7
65445,4,7
65452,2,7
65454,3,7
65456,3,7
65457,3,7
65459,3,7
65461,4,7
65462,4,7
65463,11,7
65467,8,7
65468,3,7
65473,3,7
65475,11,7
65476,5,7
65477,0,7
65479,5,7
65482,11,7
65483,0,7
65484,1,7
65485,3,7
65486,4,7
65487,0,7
65489,1,7
65492,0,7
65493,6,7
65495,8,7
65496,6,7
65501,1,7
65503,1,7
65504,0,7
65505,3,7
65506,8,7
65507,9,7
65508,11,7
65512,0,7
65513,8,7
65514,6,7
65515,0,7
65517,0,7
65518,3,7
65520,0,7
65521,3,7
65523,0,7
65525,4,7
65528,0,7
65529,8,7
65530,10,7
65531,0,7
65534,1,7
65535,0,7
65536,0,7
65537,3,7
65539,8,7
65540,1,7
65541,8,7
65542,4,7
65543,6,7
65549,0,7
65551,1,7
65554,1,7
65556,0,7
65558,7,7
65559,3,7
65561,0,7
65565,3,7
65566,0,7
65567,4,7
65568,3,7
65569,7,7
65571,2,7
65574,0,7
65575,3,7
65576,0,7
65577,0,7
65579,7,7
65580,1,7
65581,3,7
65582,1,7
65585,8,7
65586,8,7
65588,8,7
65589,3,7
65590,11,7
65594,3,7
65596,1,7
65599,8,7
65600,7,7
65601,1,7
65607,7,7
65613,1,7
65617,11,7
65619,11,7
65621,3,7
65622,3,7
65624,1,7
65631,3,7
65632,8,7
65635,3,7
65636,3,7
65637,11,7
65639,8,7
65643,0,7
65644,1,7
65646,6,7
65649,5,7
65650,5,7
65654,3,7
65655,11,7
65656,3,7
65662,0,7
65664,8,7
65665,8,7
65666,1,7
65668,1,7
65674,5,7
65675,1,7
65676,11,7
65682,11,7
65683,5,7
65684,6,7
65685,11,7
65686,6,7
65688,1,7
65691,11,7
65692,1,7
65693,0,7
65694,4,7
65695,11,7
65698,6,7
65701,5,7
65703,5,7
65704,0,7
65705,0,7
65706,7,7
65707,1,7
65709,3,7
65710,4,7
65716,1,7
65717,6,7
65718,2,7
65719,4,7
65720,6,7
65721,0,7
65724,5,7
65730,3,7
65731,7,7
65732,10,7
65734,11,7
65735,5,7
65736,4,7
65737,5,7
65739,11,7
65743,11,7
65750,4,7
65751,0,7
65752,0,7
65753,3,7
65754,4,7
65755,11,7
65757,0,7
65758,0,7
65759,3,7
65760,7,7
65764,8,7
65765,5,7
65766,6,7
65767,4,7
65769,11,7
65770,5,7
65771,3,7
65773,11,7
65778,8,7
65779,10,7
65784,1,7
65787,11,7
65788,6,7
65790,11,7
65791,3,7
65793,0,7
65797,10,7
65798,6,7
65799,4,7
65801,1,7
65802,6,7
65804,10,7
65805,4,7
65806,0,7
65808,4,7
65809,0,7
65810,10,7
65811,5,7
65815,6,7
65817,10,7
65818,8,7
65819,8,7
65821,11,7
65822,11,7
65823,1,7
65825,1,7
65826,11,7
65828,10,7
65829,11,7
65830,3,7
65831,4,7
65833,2,7
65835,3,7
65837,0,7
65840,3,7
65844,8,7
65845,8,7
65846,10,7
65847,0,7
65849,11,7
65850,4,7
65852,3,7
65853,10,7
65854,6,7
65856,11,7
65857,11,7
65858,6,7
65859,5,7
65860,11,7
65863,11,7
65865,1,7
65868,3,7
65870,4,7
65874,4,7
65877,11,7
65878,1,7
65879,10,7
65880,0,7
65887,0,7
65889,5,7
65890,4,7
65892,3,7
65893,4,7
65895,11,7
65899,11,7
65902,11,7
65903,11,7
65904,10,7
65905,5,7
65906,10,7
65909,4,7
65910,3,7
65914,1,7
65915,10,7
65916,4,7
65917,6,7
65918,10,7
65919,11,7
65921,5,7
65922,2,7
65923,11,7
65925,0,7
65926,1,7
65927,1,7
65929,0,7
65932,5,7
65934,3,7
65935,11,7
65939,5,7
65944,5,7
65945,0,7
65946,5,7
65947,6,7
65948,8,7
65952,3,7
65954,10,7
65955,11,7
65956,3,7
65960,1,7
65962,6,7
65965,6,7
65966,11,7
65968,5,7
65970,4,7
65972,0,7
65975,4,7
65976,0,7
65977,11,7
65979,11,7
65981,6,7
65986,8,7
65987,6,7
65989,1,7
65990,0,7
65992,4,7
65993,4,7
65998,11,7
65999,0,7
66000,4,7
66001,5,7
66002,4,7
66004,4,7
66005,4,7
66006,4,7
66009,3,7
66010,0,7
66011,8,7
66012,4,7
66014,3,7
66015,11,7
66018,8,7
66020,0,7
66021,1,7
66022,4,7
66027,4,7
66028,4,7
66029,4,7
66030,1,7
66032,1,7
66034,5,7
66035,10,7
66039,6,7
66041,2,7
66043,8,7
66044,3,7
66045,0,7
66047,11,7
66048,3,7
66050,2,7
66051,11,7
66052,6,7
66053,1,7
66057,1,7
66058,0,7
66059,11,7
66066,10,7
66067,1,7
66068,10,7
66070,11,7
66071,4,7
66073,4,7
66075,10,7
66078,1,7
66082,2,7
66085,6,7
66086,0,7
66088,9,7
66089,8,7
66091,6,7
66094,11,7
66099,6,7
66100,5,7
66102,8,7
66104,8,7
66106,11,7
66109,10,7
66114,11,7
66115,11,7
66117,1,7
66120,6,7
66121,2,7
66122,11,7
66123,5,7
66124,2,7
66127,1,7
66128,1,7
66129,0,7
66131,11,7
66132,4,7
66136,8,7
66138,8,7
66140,4,7
66142,11,7
66143,8,7
66144,4,7
66145,1,7
66146,4,7
66147,0,7
66149,3,7
66154,10,7
66157,10,7
66159,4,7
66160,4,7
66161,4,7
66162,8,7
66165,0,7
66166,4,7
66167,0,7
66170,5,7
66172,3,7
66173,8,7
66176,8,7
66179,2,7
66181,6,7
66182,5,7
66183,8,7
66184,3,7
66185,2,7
66187,0,7
66191,2,7
66192,6,7
66193,2,7
66196,6,7
66200,3,7
66204,4,7
66206,6,7
66207,3,7
66208,4,7
66209,4,7
66210,8,7
66211,8,7
66212,3,7
66218,11,7
66222,10,7
66223,10,7
66225,1,7
66227,9,7
66228,8,7
66229,11,7
66232,10,7
66233,8,7
66237,11,7
66238,6,7
66240,8,7
66241,8,7
66242,8,7
66246,3,7
66257,6,7
66259,0,7
66261,10,7
66263,11,7
66265,4,7
66268,1,7
66269,0,7
66270,0,7
66276,4,7
66277,5,7
66278,5,7
66279,2,7
66280,11,7
66281,4,7
66284,3,7
66286,4,7
66288,0,7
66289,8,7
66290,4,7
66292,5,7
66293,1,7
66294,4,7
66295,10,7
66298,2,7
66303,5,7
66304,8,7
66305,11,7
66310,1,7
66315,4,7
66316,8,7
66318,0,7
66322,3,7
66325,3,7
66327,1,7
66331,8,7
66334,8,7
66335,5,7
66336,10,7
66338,10,7
66339,11,7
66340,4,7
66341,10,7
66342,4,7
66343,11,7
66347,4,7
66348,4,7
66349,0,7
66350,1,7
66353,0,7
66356,11,7
66357,10,7
66359,10,7
66360,10,7
66361,4,7
66363,1,7
66364,10,7
66365,0,7
66368,2,7
66369,4,7
66373,10,7
66375,2,7
66378,6,7
66380,3,7
66383,0,7
66384,3,7
66385,11,7
66386,5,7
66388,9,7
66389,4,7
66390,4,7
66393,8,7
66396,2,7
66398,5,7
66401,0,7
66402,8,7
66407,2,7
66409,11,7
66413,4,7
66417,8,7
66419,3,7
66420,0,7
66424,1,7
66428,8,7
66429,0,7
66432,10,7
66434,1,7
66438,0,7
66439,3,7
66440,5,7
66441,5,7
66442,11,7
66443,6,7
66444,4,7
66448,8,7
66449,0,7
66450,4,7
66454,6,7
66456,1,7
66459,6,7
66460,0,7
66461,11,7
66462,4,7
66464,3,7
66465,7,7
66468,8,7
66472,0,7
66475,8,7
66476,11,7
66477,4,7
66482,5,7
66485,4,7
66486,8,7
66488,4,7
66489,1,7
66491,5,7
66493,4,7
66495,4,7
66496,4,7
66497,3,7
66498,4,7
66499,4,7
66501,11,7
66507,4,7
66509,0,7
66510,4,7
66513,4,7
66515,11,7
66517,5,7
66518,4,7
66519,2,7
66521,3,7
66522,0,7
66523,3,7
66526,11,7
66527,8,7
66529,3,7
66530,2,7
66532,4,7
66534,11,7
66539,2,7
66541,2,7
66545,4,7
66546,4,7
66548,0,7
66552,11,7
66559,8,7
66562,5,7
66564,1,7
66566,4,7
66568,10,7
66569,5,7
66571,4,7
66574,10,7
66580,6,7
66581,10,7
66582,3,7
66583,8,7
66584,5,7
66587,6,7
66588,10,7
66589,8,7
66591,10,7
66592,6,7
66593,3,7
66594,1,7
66595,5,7
66597,11,7
66598,1,7
66599,1,7
66602,0,7
66605,10,7
66607,0,7
66608,3,7
66614,6,7
66616,5,7
66618,10,7
66619,4,7
66620,4,7
66621,0,7
66622,11,7
66623,8,7
66626,0,7
66628,4,7
66631,8,7
66633,8,7
66636,2,7
66638,11,7
66639,4,7
66642,8,7
66643,0,7
66644,0,7
66646,8,7
66647,3,7
66648,10,7
66649,4,7
66654,10,7
66655,3,7
66657,8,7
66658,11,7
66659,11,7
66660,10,7
66662,3,7
66663,4,7
66664,1,7
66665,11,7
66669,8,7
66671,6,7
66674,3,7
66676,8,7
66680,1,7
66682,6,7
66685,2,7
66687,2,7
66688,6,7
66692,0,7
66693,10,7
66694,11,7
66695,6,7
66699,1,7
66700,6,7
66702,3,7
66709,11,7
66710,3,7
66711,6,7
66715,0,7
66716,0,7
66719,10,7
66721,4,7
66725,10,7
66728,6,7
66730,1,7
66731,0,7
66733,10,7
66737,1,7
66739,1,7
66740,3,7
66742,6,7
66743,8,7
66744,3,7
66746,3,7
66747,5,7
66748,4,7
66749,8,7
66752,0,7
66754,4,7
66755,4,7
66756,3,7
66757,9,7
66759,6,7
66763,11,7
66765,4,7
66769,2,7
66773,4,7
66776,8,7
66779,4,7
66781,11,7
66782,11,7
66787,3,7
66789,8,7
66790,4,7
66796,1,7
66797,1,7
66799,1,7
66801,5,7
66805,3,7
66806,6,7
66810,3,7
66811,2,7
66812,0,7
66813,3,7
66814,7,7
66816,3,7
66818,5,7
66819,2,7
66821,10,7
66823,1,7
66824,4,7
66825,11,7
66826,0,7
66829,0,7
66834,4,7
66835,9,7
66837,1,7
66838,6,7
66839,11,7
66840,4,7
66841,3,7
66843,4,7
66845,3,7
66848,0,7
66849,8,7
66850,4,7
66853,4,7
66854,1,7
66857,8,7
66858,1,7
66859,0,7
66860,0,7
66862,11,7
66866,11,7
66867,6,7
66868,4,7
66869,5,7
66870,11,7
66871,5,7
66872,8,7
66875,4,7
66878,1,7
66879,1,7
66880,5,7
66882,3,7
66884,0,7
66885,4,7
66888,8,7
66889,11,7
66891,11,7
66895,4,7
66898,2,7
66901,8,7
66902,4,7
66903,5,7
66906,9,7
66907,3,7
66910,0,7
66913,3,7
66915,3,7
66919,9,7
66921,5,7
66924,0,7
66925,4,7
66926,3,7
66929,3,7
66931,6,7
66932,4,7
66934,4,7
66936,3,7
66938,10,7
66941,4,7
66943,4,7
66946,4,7
66948,9,7
66949,4,7
66950,3,7
66952,5,7
66953,8,7
66955,4,7
66956,1,7
66958,6,7
66959,11,7
66962,2,7
66965,1,7
66967,1,7
66970,0,7
66971,4,7
66974,4,7
66975,0,7
66976,3,7
66977,7,7
66979,1,7
66984,3,7
66986,3,7
66989,4,7
66990,2,7
66992,11,7
66993,4,7
66994,4,7
66995,1,7
66996,5,7
66997,11,7
67000,4,7
67003,4,7
67004,4,7
67006,4,7
67007,4,7
67010,1,7
67013,5,7
67014,4,7
67016,3,7
67017,4,7
67018,6,7
67019,5,7
67020,11,7
67023,5,7
67025,3,7
67027,1,7
67029,10,7
67030,10,7
67031,10,7
67032,4,7
67033,11,7
67036,1,7
67037,4,7
67039,3,7
67041,7,7
67043,1,7
67045,0,7
67046,6,7
67047,3,7
67048,11,7
67049,4,7
67050,3,7
67056,11,7
67057,5,7
67059,4,7
67062,0,7
67063,5,7
67064,8,7
67068,4,7
67069,4,7
67070,3,7
67073,6,7
67074,11,7
67075,1,7
67079,1,7
67080,1,7
67085,11,7
67086,4,7
67088,8,7
67090,6,7
67094,9,7
67097,9,7
67099,10,7
67100,11,7
67101,3,7
67105,5,7
67110,4,7
67112,10,7
67116,4,7
67118,11,7
67119,1,7
67123,4,7
67124,1,7
67125,10,7
67126,11,7
67128,4,7
67129,5,7
67130,8,7
67131,11,7
67135,8,7
67137,6,7
67138,3,7
67139,7,7
67140,8,7
67141,4,7
67144,10,7
67146,0,7
67149,11,7
67150,5,7
67152,1,7
67153,11,7
67154,3,7
67157,1,7
67159,10,7
67161,0,7
67162,5,7
67164,11,7
67167,0,7
67168,8,7
67171,10,7
67174,3,7
67175,3,7
67176,4,7
67177,3,7
67179,3,7
67180,10,7
67183,4,7
67184,1,7
67185,10,7
67188,1,7
67189,10,7
67192,3,7
67193,4,7
67195,3,7
67196,3,7
67199,11,7
67200,3,7
67205,1,7
67208,0,7
67209,5,7
67210,0,7
67211,5,7
67213,5,7
67216,0,7
67217,5,7
67218,0,7
67220,0,7
67222,5,7
67223,0,7
67225,8,7
67226,8,7
67230,8,7
67232,0,7
67234,0,7
67235,7,7
67236,4,7
67237,10,7
67239,0,7
67240,1,7
67241,10,7
67242,10,7
67244,4,7
67246,2,7
67248,10,7
67249,9,7
67250,0,7
67251,3,7
67253,3,7
67254,10,7
67255,4,7
67256,3,7
67257,3,7
67267,1,7
67268,3,7
67272,10,7
67276,11,7
67277,10,7
67279,3,7
67281,1,7
67284,1,7
67286,11,7
67287,8,7
67290,11,7
67291,11,7
67292,9,7
67299,8,7
67301,4,7
67302,8,7
67303,5,7
67304,1,7
67312,4,7
67314,3,7
67316,3,7
67318,11,7
67319,3,7
67320,3,7
67325,11,7
67326,10,7
67327,3,7
67328,1,7
67329,8,7
67330,9,7
67331,11,7
67332,5,7
67335,8,7
67337,4,7
67338,5,7
67339,3,7
67340,2,7
67341,4,7
67343,10,7
67348,2,7
67349,11,7
67351,6,7
67352,9,7
67354,4,7
67357,4,7
67358,9,7
67361,8,7
67362,3,7
67365,11,7
67366,0,7
67373,4,7
67374,2,7
67375,4,7
67377,4,7
67378,1,7
67380,2,7
67382,0,7
67383,3,7
67385,5,7
67386,0,7
67387,2,7
67389,2,7
67392,2,7
67395,3,7
67397,4,7
67399,4,7
67401,10,7
67403,8,7
67404,9,7
67405,1,7
67408,3,7
67412,4,7
67413,10,7
67414,11,7
67415,9,7
67416,4,7
67417,4,7
67418,4,7
67420,8,7
67422,0,7
67423,3,7
67424,11,7
67427,3,7
67429,4,7
67430,8,7
67431,3,7
67433,2,7
67436,2,7
67437,11,7
67441,10,7
67447,3,7
67451,1,7
67452,11,7
67453,1,7
67455,3,7
67457,4,7
67458,4,7
67460,8,7
67464,4,7
67465,8,7
67466,2,7
67467,9,7
67469,3,7
67473,1,7
67476,8,7
67477,6,7
67478,11,7
67479,1,7
67483,4,7
67485,3,7
67486,0,7
67488,4,7
67489,3,7
67490,8,7
67492,4,7
67493,3,7
67495,10,7
67497,3,7
67498,4,7
67502,4,7
67503,1,7
67504,10,7
67508,6,7
67510,8,7
67511,2,7
67512,11,7
67518,1,7
67520,11,7
67521,3,7
67522,10,7
67523,3,7
67524,0,7
67527,8,7
67528,10,7
67529,8,7
67530,3,7
67531,2,7
67533,0,7
67535,7,7
67536,8,7
67540,11,7
67544,3,7
67545,8,7
67547,1,7
67548,8,7
67549,5,7
67550,8,7
67552,4,7
67556,10,7
67559,9,7
67565,5,7
67566,3,7
67570,2,7
67571,5,7
67572,0,7
67574,3,7
67577,9,7
67579,4,7
67582,10,7
67586,11,7
67587,3,7
67588,11,7
67590,11,7
67596,3,7
67597,4,7
67599,8,7
67601,3,7
67606,1,7
67610,1,7
67611,1,7
67620,8,7
67622,0,7
67623,10,7
67624,4,7
67626,3,7
67629,0,7
67630,4,7
67631,0,7
67634,11,7
67637,3,7
67640,11,7
67648,3,7
67651,8,7
67652,3,7
67653,11,7
67658,11,7
67659,11,7
67665,3,7
67668,3,7
67669,4,7
67671,10,7
67673,3,7
67676,0,7
67677,2,7
67678,3,7
67679,11,7
67682,8,7
67683,6,7
67685,11,7
67688,7,7
67689,2,7
67697,10,7
67700,3,7
67701,0,7
67702,10,7
67704,5,7
67706,1,7
67709,5,7
67710,4,7
67711,0,7
67714,11,7
67717,3,7
67721,8,7
67723,3,7
67724,0,7
67725,3,7
67727,10,7
67729,0,7
67730,3,7
67731,5,7
67732,5,7
67734,4,7
67737,0,7
67738,3,7
67739,11,7
67742,10,7
67743,11,7
67744,1,7
67746,11,7
67747,10,7
67748,11,7
67754,11,7
67755,10,7
67757,4,7
67760,4,7
67765,3,7
67768,11,7
67771,1,7
67774,4,7
67775,3,7
67780,0,7
67781,10,7
67783,3,7
67785,11,7
67788,3,7
67790,11,7
67793,6,7
67795,10,7
67796,10,7
67798,10,7
67805,3,7
67809,4,7
67811,1,7
67812,3,7
67815,2,7
67817,10,7
67828,3,7
67829,8,7
67830,11,7
67831,0,7
67832,0,7
67834,0,7
67837,4,7
67841,11,7
67842,1,7
67845,3,7
67848,3,7
67849,0,7
67851,8,7
67856,3,7
67858,11,7
67866,8,7
67867,11,7
67869,8,7
67871,11,7
67872,1,7
67874,11,7
67877,8,7
67880,4,7
67881,3,7
67883,0,7
67884,11,7
67885,3,7
67886,2,7
67887,0,7
67892,11,7
67893,11,7
67895,11,7
67896,4,7
67898,3,7
67899,11,7
67900,8,7
67901,10,7
67903,0,7
67905,11,7
67909,11,7
67910,10,7
67912,3,7
67915,5,7
67920,11,7
67921,1,7
67923,3,7
67924,3,7
67925,11,7
67926,10,7
67928,10,7
67930,11,7
67932,11,7
67937,3,7
67939,11,7
67940,3,7
67943,4,7
67944,10,7
67954,10,7
67955,6,7
67960,4,7
67962,5,7
67964,11,7
67968,11,7
67972,11,7
67973,1,7
67974,1,7
67976,3,7
67977,0,7
67978,3,7
67980,3,7
67981,5,7
67985,1,7
67987,3,7
67988,10,7
67989,10,7
67991,3,7
67992,5,7
67993,3,7
67994,10,7
67998,8,7
67999,3,7
68001,3,7
68002,3,7
68009,10,7
68010,4,7
68013,11,7
68015,3,7
68016,10,7
68017,3,7
68018,3,7
68022,10,7
68023,2,7
68025,3,7
68029,11,7
68030,3,7
68032,5,7
68036,3,7
68039,10,7
68041,6,7
68042,4,7
68043,6,7
68044,11,7
68051,3,7
68053,3,7
68054,4,7
68055,10,7
68057,4,7
68058,6,7
68059,6,7
68060,3,7
68061,3,7
68063,6,7
68064,1,7
68065,1,7
68066,3,7
68067,3,7
68068,2,7
68070,3,7
68072,3,7
68073,11,7
68074,3,7
68075,1,7
68076,3,7
68077,6,7
68085,11,7
68088,1,7
68090,3,7
68092,10,7
68093,10,7
68094,6,7
68097,4,7
68098,0,7
68102,5,7
68103,5,7
68107,4,7
68108,3,7
68110,8,7
68113,11,7
68114,8,7
68115,8,7
68119,4,7
68120,4,7
68123,8,7
68124,6,7
68127,11,7
68128,3,7
68129,3,7
68130,5,7
68131,4,7
68133,5,7
68134,5,7
68135,11,7
68138,11,7
68139,11,7
68141,4,7
68144,4,7
68145,5,7
68155,0,7
68160,0,7
68161,6,7
68162,8,7
68163,0,7
68166,5,7
68168,10,7
68169,10,7
68174,10,7
68175,11,7
68177,11,7
68179,8,7
68180,0,7
68181,8,7
68182,5,7
68186,6,7
68188,5,7
68190,11,7
68194,11,7
68195,11,7
68198,11,7
68200,4,7
68202,1,7
68205,11,7
68210,5,7
68216,5,7
68218,0,7
68219,11,7
68220,0,7
68221,4,7
68223,10,7
68224,2,7
68228,6,7
68229,6,7
68231,6,7
68233,11,7
68234,0,7
68236,6,7
68238,4,7
68240,6,7
68241,5,7
68243,0,7
68245,0,7
68246,1,7
68249,0,7
68250,1,7
68251,0,7
68252,1,7
68253,11,7
68254,11,7
68255,0,7
68257,10,7
68262,4,7
68266,1,7
68267,1,7
68268,10,7
68269,11,7
68270,11,7
68271,3,7
68276,0,7
68277,8,7
68279,8,7
68282,6,7
68286,6,7
68287,4,7
68288,0,7
68290,6,7
68291,2,7
68292,0,7
68293,4,7
68294,2,7
68296,0,7
68298,3,7
68299,3,7
68302,0,7
68303,3,7
68307,1,7
68311,6,7
68314,6,7
68316,11,7
68317,4,7
68318,3,7
68320,2,7
68325,0,7
68327,3,7
68329,0,7
68330,4,7
68332,11,7
68333,2,7
68339,1,7
68342,10,7
68346,4,7
68350,8,7
68352,1,7
68356,0,7
68357,0,7
68360,11,7
68361,0,7
68364,5,7
68365,0,7
68366,7,7
68370,5,7
68372,11,7
68374,1,7
68375,1,7
68377,0,7
68381,10,7
68383,4,7
68386,6,7
68387,1,7
68389,6,7
68392,6,7
68393,11,7
68397,3,7
68399,11,7
68401,11,7
68403,11,7
68404,6,7
68405,8,7
68406,11,7
68407,6,7
68409,6,7
68411,4,7
68413,5,7
68414,3,7
68415,2,7
68420,11,7
68421,11,7
68423,11,7
68424,10,7
68425,11,7
68426,5,7
68430,6,7
68432,5,7
68435,11,7
68436,11,7
68437,6,7
68438,5,7
68439,11,7
68442,5,7
68443,5,7
68445,6,7
68448,1,7
68451,11,7
68452,5,7
68454,5,7
68455,5,7
68459,4,7
68461,5,7
68463,1,7
68468,5,7
68471,11,7
68473,1,7
68474,5,7
68479,0,7
68482,1,7
68485,1,7
68489,5,7
68491,2,7
68493,1,7
68496,0,7
68499,3,7
68501,4,7
68503,4,7
68504,0,7
68507,2,7
68510,7,7
68511,0,7
68514,1,7
68518,11,7
68520,1,7
68521,11,7
68522,1,7
68526,1,7
68528,1,7
68529,11,7
68530,5,7
68532,1,7
68534,10,7
68538,0,7
68539,7,7
68543,10,7
68544,11,7
68548,8,7
68549,4,7
68552,5,7
68553,1,7
68554,10,7
68558,11,7
68559,0,7
68562,2,7
68563,3,7
68564,4,7
68565,7,7
68566,11,7
68567,8,7
68570,0,7
68572,4,7
68573,11,7
68575,0,7
68579,5,7
68581,11,7
68583,4,7
68584,3,7
68587,0,7
68588,0,7
68589,4,7
68592,1,7
68597,4,7
68598,3,7
68599,9,7
68600,0,7
68601,4,7
68604,11,7
68605,10,7
68608,1,7
68609,0,7
68610,0,7
68612,5,7
68614,7,7
68615,6,7
68616,8,7
68620,11,7
68621,0,7
68626,8,7
68627,8,7
68629,1,7
68630,11,7
68631,11,7
68632,11,7
68634,5,7
68635,1,7
68636,8,7
68639,5,7
68640,3,7
68641,0,7
68644,0,7
68646,10,7
68651,1,7
68652,1,7
68654,8,7
68656,11,7
68657,5,7
68658,3,7
68660,1,7
68662,2,7
68663,3,7
68664,0,7
68667,11,7
68668,5,7
68671,4,7
68672,1,7
68674,1,7
68675,11,7
68677,1,7
68678,11,7
68680,5,7
68686,8,7
68692,10,7
68695,1,7
68696,10,7
68697,5,7
68699,1,7
68700,4,7
68705,1,7
68707,11,7
68709,5,7
68710,11,7
68713,3,7
68714,7,7
68717,4,7
68721,0,7
68722,11,7
68724,11,7
68726,8,7
68727,1,7
68728,1,7
68733,11,7
68735,2,7
68739,1,7
68744,1,7
68747,11,7
68749,3,7
68750,7,7
68751,11,7
68753,1,7
68755,11,7
68757,3,7
68761,3,7
68765,0,7
68766,1,7
68767,0,7
68768,11,7
68770,11,7
68777,0,7
68778,5,7
68779,1,7
68780,1,7
68781,2,7
68782,4,7
68784,10,7
68788,11,7
68789,0,7
68790,3,7
68791,3,7
68793,8,7
68797,0,7
68799,8,7
68801,7,7
68806,3,7
68808,10,7
68810,1,7
68813,8,7
68815,6,7
68817,1,7
68820,11,7
68821,4,7
68822,0,7
68824,8,7
68825,3,7
68826,7,7
68829,1,7
68830,11,7
68832,11,7
68834,11,7
68838,0,7
68841,3,7
68844,10,7
68845,10,7
68848,2,7
68849,1,7
68851,2,7
68852,1,7
68853,11,7
68854,0,7
68856,11,7
68859,10,7
68862,4,7
68864,10,7
68869,10,7
68871,10,7
68874,1,7
68875,1,7
68877,10,7
68880,8,7
68883,1,7
68885,3,7
68886,3,7
68890,0,7
68898,6,7
68900,11,7
68902,11,7
68903,11,7
68905,4,7
68909,11,7
68912,10,7
68914,6,7
68915,1,7
68922,6,7
68927,4,7
68928,0,7
68929,3,7
68930,1,7
68933,11,7
68935,1,7
68937,10,7
68938,3,7
68940,0,7
68942,3,7
68946,6,7
68949,8,7
68952,4,7
68954,1,7
68955,4,7
68958,3,7
68959,8,7
68961,2,7
68962,2,7
68963,4,7
68964,2,7
68966,3,7
68967,10,7
68969,6,7
68970,2,7
68973,8,7
68974,3,7
68976,8,7
68977,8,7
68978,9,7
68981,3,7
68982,11,7
68983,0,7
68984,5,7
68985,8,7
68986,2,7
68988,4,7
68990,2,7
68991,3,7
68992,8,7
68994,2,7
68997,8,7
68999,2,7
69003,1,7
69004,3,7
69006,4,7
69007,2,7
69008,4,7
69009,4,7
69010,8,7
69011,11,7
69012,8,7
69013,8,7
69018,5,7
69019,8,7
69021,8,7
69022,11,7
69023,3,7
69024,6,7
69025,1,7
69026,3,7
69027,3,7
69028,2,7
69033,3,7
69036,3,7
69038,3,7
69040,1,7
69041,0,7
69043,6,7
69045,6,7
69047,0,7
69049,2,7
69055,1,7
69056,3,7
69060,0,7
69061,3,7
69062,0,7
69063,3,7
69065,4,7
69066,3,7
69067,3,7
69071,0,7
69075,4,7
69077,8,7
69078,8,7
69079,3,7
69083,6,7
69084,4,7
69089,8,7
69090,2,7
69091,8,7
69094,3,7
69095,3,7
69096,3,7
69097,6,7
69099,0,7
69102,3,7
69104,4,7
69106,3,7
69107,3,7
69111,3,7
69112,3,7
69113,8,7
69115,3,7
69117,10,7
69118,4,7
69120,5,7
69121,6,7
69125,6,7
69127,5,7
69128,1,7
69129,11,7
69130,0,7
69133,4,7
69135,0,7
69136,1,7
69137,0,7
69138,6,7
69140,6,7
69141,1,7
69143,8,7
69144,6,7
69145,8,7
69148,0,7
69149,4,7
69151,0,7
69153,1,7
69154,1,7
69156,5,7
69158,4,7
69159,5,7
69160,2,7
69161,10,7
69164,10,7
69168,10,7
69169,4,7
69173,11,7
69175,6,7
69176,8,7
69179,6,7
69182,1,7
69183,8,7
69185,6,7
69186,6,7
69188,0,7
69189,6,7
69193,6,7
69194,1,7
69195,10,7
69196,0,7
69197,5,7
69198,1,7
69199,5,7
69200,11,7
69203,11,7
69204,0,7
69209,6,7
69219,6,7
69220,6,7
69221,11,7
69223,3,7
69226,8,7
69227,11,7
69228,0,7
69232,0,7
69233,1,7
69236,8,7
69237,4,7
69238,8,7
69239,5,7
69240,7,7
69242,8,7
69244,5,7
69246,4,7
69250,8,7
69256,6,7
69257,8,7
69261,5,7
69262,6,7
69264,1,7
69265,4,7
69268,8,7
69270,8,7
69271,5,7
69275,0,7
69281,11,7
69287,3,7
69289,6,7
69292,4,7
69293,8,7
69294,8,7
69296,10,7
69297,3,7
69299,11,7
69303,8,7
69304,8,7
69307,2,7
69308,4,7
69309,0,7
69311,2,7
69313,3,7
69314,7,7
69316,8,7
69317,6,7
69319,4,7
69320,0,7
69321,6,7
69323,3,7
69324,10,7
69325,5,7
69326,9,7
69328,4,7
69330,8,7
69332,10,7
69334,4,7
69335,5,7
69337,1,7
69339,8,7
69340,0,7
69347,6,7
69348,6,7
69349,0,7
69352,2,7
69354,8,7
69355,8,7
69356,1,7
69357,8,7
69359,8,7
69361,5,7
69362,0,7
69364,1,7
69367,6,7
69369,5,7
69370,1,7
69372,1,7
69373,11,7
69376,11,7
69379,5,7
69380,4,7
69382,5,7
69386,1,7
69387,11,7
69389,1,7
69391,1,7
69397,2,7
69398,5,7
69399,8,7
69403,8,7
69405,10,7
69406,11,7
69408,0,7
69411,5,7
69413,0,7
69414,2,7
69415,2,7
69416,3,7
69417,7,7
69418,8,7
69419,8,7
69421,4,7
69422,10,7
69423,5,7
69425,10,7
69426,4,7
69430,0,7
69431,4,7
69435,11,7
69436,0,7
69437,8,7
69438,6,7
69439,0,7
69442,2,7
69446,5,7
69448,0,7
69450,8,7
69451,0,7
69452,3,7
69455,4,7
69456,11,7
69458,3,7
69459,1,7
69464,10,7
69465,1,7
69466,3,7
69469,11,7
69470,8,7
69471,4,7
69473,4,7
69474,4,7
69475,1,7
69476,8,7
69477,4,7
69478,4,7
69480,4,7
69481,11,7
69486,1,7
69492,6,7
69493,2,7
69494,4,7
69496,10,7
69501,2,7
69502,3,7
69505,0,7
69508,2,7
69509,2,7
69510,11,7
69511,4,7
69512,4,7
69515,6,7
69516,5,7
69520,8,7
69522,4,7
69524,5,7
69527,5,7
69528,6,7
69530,6,7
69533,0,7
69539,0,7
69540,11,7
69542,10,7
69544,2,7
69545,10,7
69546,11,7
69548,4,7
69552,6,7
69553,6,7
69555,8,7
69556,8,7
69557,11,7
69559,8,7
69562,10,7
69564,0,7
69565,8,7
69566,8,7
69567,8,7
69568,0,7
69570,2,7
69571,6,7
69573,7,7
69575,4,7
69576,10,7
69577,5,7
69580,8,7
69582,11,7
69584,0,7
69587,6,7
69589,8,7
69591,4,7
69592,1,7
69593,11,7
69595,0,7
69596,10,7
69597,0,7
69598,4,7
69600,8,7
69601,0,7
69602,11,7
69604,8,7
69605,3,7
69606,10,7
69607,6,7
69609,4,7
69611,6,7
69613,11,7
69614,1,7
69618,8,7
69621,4,7
69622,4,7
69627,0,7
69628,0,7
69629,6,7
69630,8,7
69631,2,7
69632,1,7
69633,6,7
69636,4,7
69637,6,7
69638,4,7
69640,11,7
69641,5,7
69643,8,7
69644,6,7
69645,11,7
69648,1,7
69649,8,7
69655,0,7
69656,6,7
69657,6,7
69658,6,7
69660,6,7
69662,0,7
69663,11,7
69664,0,7
69665,3,7
69667,2,7
69668,7,7
69670,0,7
69671,4,7
69673,5,7
69675,6,7
69679,5,7
69680,8,7
69682,4,7
69684,6,7
69685,5,7
69688,8,7
69689,0,7
69692,11,7
69693,3,7
69695,4,7
69697,1,7
69698,11,7
69699,6,7
69703,0,7
69704,0,7
69705,3,7
69706,7,7
69708,11,7
69709,5,7
69710,11,7
69713,5,7
69717,11,7
69719,5,7
69721,8,7
69722,1,7
69723,4,7
69727,10,7
69728,11,7
69729,8,7
69730,11,7
69732,1,7
69733,5,7
69735,8,7
69736,10,7
69737,5,7
69740,8,7
69743,0,7
69744,3,7
69746,7,7
69747,5,7
69749,10,7
69750,0,7
69752,1,7
69753,6,7
69755,11,7
69756,5,7
69757,8,7
69761,1,7
69766,8,7
69769,4,7
69771,3,7
69773,8,7
69774,1,7
69780,8,7
69781,0,7
69782,4,7
69784,2,7
69787,8,7
69789,5,7
69790,0,7
69791,2,7
69792,8,7
69793,1,7
69796,1,7
69798,11,7
69800,5,7
69801,4,7
69802,3,7
69804,1,7
69805,8,7
69808,10,7
69811,8,7
69813,10,7
69816,2,7
69818,4,7
69819,7,7
69821,4,7
69823,5,7
69824,8,7
69826,0,7
69828,2,7
69829,10,7
69834,0,7
69839,0,7
69840,2,7
69841,6,7
69842,8,7
69845,1,7
69846,5,7
69849,8,7
69851,1,7
69857,2,7
69858,8,7
69860,8,7
69867,0,7
69870,11,7
69871,11,7
69872,10,7
69873,0,7
69875,0,7
69877,2,7
69878,4,7
69880,1,7
69881,0,7
69883,0,7
69884,2,7
69886,4,7
69888,2,7
69889,6,7
69891,8,7
69892,4,7
69895,2,7
69897,2,7
69898,0,7
69900,2,7
69901,11,7
69905,2,7
69908,10,7
69910,8,7
69913,0,7
69917,6,7
69919,10,7
69920,11,7
69921,3,7
69923,10,7
69924,10,7
69927,1,7
69933,1,7
69934,8,7
69935,10,7
69937,4,7
69938,8,7
69940,6,7
69941,4,7
69942,5,7
69944,1,7
69945,5,7
69946,2,7
69947,2,7
69948,1,7
69950,0,7
69953,9,7
69954,8,7
69956,6,7
69957,0,7
69958,0,7
69960,6,7
69962,1,7
69964,0,7
69965,6,7
69968,11,7
69970,1,7
69971,0,7
69972,11,7
69973,8,7
69976,11,7
69977,1,7
69978,0,7
69979,6,7
69982,11,7
69983,11,7
69984,1,7
69987,11,7
69988,0,7
69989,8,7
69990,2,7
69991,3,7
69992,8,7
69993,4,7
69994,10,7
69995,8,7
69999,5,7
70001,8,7
70002,4,7
70003,6,7
70004,6,7
70006,0,7
70007,2,7
70008,3,7
70012,8,7
70013,3,7
70018,10,7
70019,6,7
70020,5,7
70023,3,7
70025,8,7
70026,0,7
70032,0,7
70033,9,7
70036,10,7
70039,9,7
70040,10,7
70041,0,7
70042,2,7
70044,0,7
70045,0,7
70046,7,7
70048,8,7
70050,3,7
70052,0,7
70054,8,7
70055,8,7
70056,9,7
70057,5,7
70058,4,7
70059,1,7
70060,1,7
70061,10,7
70062,5,7
70064,5,7
70065,5,7
70066,10,7
70068,8,7
70070,8,7
70071,1,7
70075,0,7
70076,0,7
70078,3,7
70081,0,7
70082,9,7
70083,10,7
70086,1,7
70087,1,7
70088,5,7
70090,5,7
70094,5,7
70095,8,7
70098,10,7
70099,2,7
70101,0,7
70105,0,7
70107,8,7
70108,4,7
70110,8,7
70113,1,7
70115,5,7
70116,8,7
70117,3,7
70118,5,7
70120,11,7
70125,5,7
70128,5,7
70129,1,7
70131,1,7
70133,2,7
70136,10,7
70137,0,7
70138,0,7
70139,2,7
70140,3,7
70141,7,7
70142,8,7
70145,11,7
70146,0,7
70149,10,7
70151,1,7
70155,2,7
70156,8,7
70159,8,7
70161,4,7
70163,0,7
70165,3,7
70170,8,7
70171,0,7
70172,10,7
70174,3,7
70175,8,7
70178,2,7
70181,2,7
70182,3,7
70184,0,7
70186,9,7
70187,1,7
70189,10,7
70191,3,7
70195,8,7
70196,1,7
70197,4,7
70200,6,7
70203,5,7
70205,10,7
70206,2,7
70208,0,7
70212,1,7
70214,6,7
70215,6,7
70216,11,7
70217,5,7
70222,0,7
70223,3,7
70226,1,7
70230,10,7
70232,0,7
70234,0,7
70235,3,7
70237,8,7
70241,5,7
70242,0,7
70244,3,7
70245,7,7
70250,8,7
70256,1,7
70257,1,7
70260,8,7
70262,8,7
70266,0,7
70273,8,7
70274,11,7
70277,2,7
70279,4,7
70280,10,7
70281,11,7
70282,8,7
70284,10,7
70286,4,7
70287,4,7
70289,0,7
70292,3,7
70295,2,7
70296,10,7
70297,5,7
70302,3,7
70306,3,7
70308,6,7
70314,11,7
70315,8,7
70317,0,7
70321,11,7
70324,0,7
70327,8,7
70328,2,7
70329,8,7
70330,8,7
70332,0,7
70334,3,7
70335,7,7
70336,10,7
70337,11,7
70341,8,7
70343,8,7
70346,2,7
70348,7,7
70349,1,7
70351,4,7
70352,5,7
70355,6,7
70356,0,7
70358,1,7
70359,8,7
70360,0,7
70361,4,7
70363,8,7
70365,1,7
70367,11,7
70368,5,7
70369,2,7
70370,0,7
70372,10,7
70373,3,7
70374,2,7
70376,0,7
70379,2,7
70380,4,7
70381,6,7
70384,9,7
70387,6,7
70389,3,7
70391,2,7
70395,8,7
70396,3,7
70397,8,7
70398,1,7
70401,1,7
70403,1,7
70405,0,7
70406,0,7
70407,8,7
70413,1,7
70414,1,7
70415,1,7
70416,0,7
70419,3,7
70425,4,7
70428,4,7
70430,8,7
70431,10,7
70432,6,7
70433,11,7
70435,10,7
70436,10,7
70438,4,7
70439,3,7
70443,0,7
70444,3,7
70445,3,7
70446,4,7
70447,3,7
70451,0,7
70452,4,7
70454,1,7
70455,3,7
70457,3,7
70458,8,7
70460,0,7
70462,3,7
70464,6,7
70465,8,7
70466,6,7
70468,6,7
70470,3,7
70479,7,7
70481,1,7
70483,8,7
70485,3,7
70488,3,7
70489,7,7
70491,5,7
70495,3,7
70497,1,7
70502,8,7
70504,3,7
70505,0,7
70508,8,7
70513,4,7
70516,8,7
70517,0,7
70520,4,7
70521,8,7
70522,3,7
70524,3,7
70525,4,7
70531,3,7
70535,3,7
70536,0,7
70537,8,7
70539,7,7
70541,2,7
70544,4,7
70546,5,7
70547,10,7
70548,3,7
70549,3,7
70550,3,7
70551,3,7
70552,1,7
70554,5,7
70556,4,7
70557,11,7
70566,11,7
70568,5,7
70570,0,7
70573,3,7
70574,3,7
70575,3,7
70576,3,7
70577,3,7
70579,3,7
70582,6,7
70583,4,7
70584,4,7
70590,1,7
70593,3,7
70594,3,7
70595,8,7
70596,3,7
70598,3,7
70602,1,7
70608,5,7
70609,3,7
70612,3,7
70613,3,7
70614,1,7
70615,3,7
70616,3,7
70617,5,7
70619,3,7
70620,3,7
70621,3,7
70622,11,7
70623,3,7
70625,6,7
70626,3,7
70628,6,7
70629,11,7
70630,0,7
70633,11,7
70634,3,7
70637,1,7
70638,1,7
70644,10,7
70650,0,7
70652,3,7
70659,3,7
70660,3,7
70661,4,7
70662,5,7
70664,1,7
70667,3,7
70668,3,7
70669,3,7
70671,3,7
70673,3,7
70677,11,7
70680,8,7
70681,11,7
70684,6,7
70685,6,7
70686,6,7
70688,8,7
70689,4,7
70692,0,7
70693,2,7
70694,0,7
70695,0,7
70696,11,7
70698,6,7
70699,0,7
70700,3,7
70702,11,7
70707,11,7
70710,1,7
70711,10,7
70712,8,7
70715,8,7
70717,8,7
70718,6,7
70719,4,7
70725,6,7
70727,11,7
70731,2,7
70732,2,7
70734,11,7
70735,11,7
70736,2,7
70738,6,7
70742,5,7
70743,8,7
70745,11,7
70747,1,7
70748,1,7
70749,6,7
70752,0,7
70753,1,7
70754,11,7
70756,6,7
70757,6,7
70758,6,7
70759,6,7
70760,6,7
70761,6,7
70762,1,7
70764,6,7
70767,2,7
70768,3,7
70769,6,7
70771,1,7
70772,1,7
70773,1,7
70774,10,7
70778,1,7
70782,8,7
70785,1,7
70787,9,7
70789,3,7
70790,8,7
70796,6,7
70797,10,7
70801,0,7
70802,0,7
70804,6,7
70805,6,7
70806,4,7
70808,11,7
70809,11,7
70810,0,7
70811,4,7
70813,1,7
70818,1,7
70820,1,7
70822,11,7
70823,4,7
70824,10,7
70827,1,7
70828,3,7
70829,1,7
70830,8,7
70833,3,7
70834,1,7
70836,4,7
70837,1,7
70839,8,7
70840,1,7
70845,11,7
70848,6,7
70849,11,7
70850,8,7
70851,8,7
70852,0,7
70853,0,7
70858,1,7
70859,3,7
70860,11,7
70861,2,7
70862,1,7
70863,11,7
70865,10,7
70866,3,7
70868,0,7
70869,0,7
70870,0,7
70873,2,7
70876,3,7
70877,8,7
70879,0,7
70884,3,7
70885,11,7
70887,1,7
70892,4,7
70893,11,7
70894,5,7
70896,6,7
70898,6,7
70900,0,7
70903,10,7
70905,10,7
70906,10,7
70907,3,7
70909,2,7
70914,3,7
70915,3,7
70919,0,7
70922,11,7
70923,3,7
70924,3,7
70925,10,7
70926,3,7
70927,11,7
70928,8,7
70931,2,7
70932,1,7
70933,3,7
70936,6,7
70937,0,7
70939,9,7
70940,10,7
70941,2,7
70943,0,7
70944,0,7
70946,0,7
70950,2,7
70951,10,7
70952,5,7
70954,0,7
70958,1,7
70962,11,7
70963,6,7
70965,4,7
70967,8,7
70970,10,7
70972,6,7
70973,8,7
70974,5,7
70982,0,7
70983,2,7
70985,3,7
70987,3,7
70988,8,7
70989,1,7
70991,5,7
70993,0,7
70996,6,7
70997,1,7
70999,11,7
71000,11,7
71002,8,7
71003,10,7
71006,1,7
71008,2,7
71009,11,7
71010,5,7
71018,0,7
71020,3,7
71022,11,7
71023,3,7
71024,7,7
71026,3,7
71029,3,7
71030,3,7
71032,8,7
71034,11,7
71036,11,7
71037,5,7
71039,0,7
71040,1,7
71047,8,7
71049,4,7
71056,3,7
71057,7,7
71061,0,7
71065,6,7
71067,5,7
71068,6,7
71069,6,7
71070,8,7
71075,3,7
71076,3,7
71078,5,7
71079,3,7
71080,0,7
71084,10,7
71089,5,7
71090,0,7
71092,5,7
71093,0,7
71095,5,7
71096,8,7
71097,1,7
71100,11,7
71103,10,7
71104,3,7
71105,2,7
71107,2,7
71109,11,7
71110,6,7
71111,2,7
71113,6,7
71115,6,7
71119,4,7
71125,11,7
71130,11,7
71131,3,7
71133,6,7
71136,6,7
71137,6,7
71140,6,7
71141,4,7
71142,0,7
71143,6,7
71145,8,7
71157,6,7
71161,0,7
71163,0,7
71164,8,7
71169,1,7
71171,8,7
71173,4,7
71175,4,7
71176,2,7
71177,3,7
71178,4,7
71179,6,7
71182,4,7
71183,8,7
71184,4,7
71188,3,7
71190,7,7
71191,10,7
71193,0,7
71194,6,7
71195,6,7
71197,6,7
71198,0,7
71199,10,7
71201,0,7
71202,8,7
71203,3,7
71205,0,7
71207,5,7
71208,6,7
71209,11,7
71212,4,7
71213,6,7
71214,8,7
71217,1,7
71219,4,7
71222,10,7
71223,11,7
71224,11,7
71225,6,7
71226,10,7
71228,8,7
71230,4,7
71231,0,7
71233,0,7
71237,3,7
71238,7,7
71239,11,7
71245,3,7
71247,1,7
71251,4,7
71252,2,7
71253,4,7
71256,4,7
71261,8,7
71262,4,7
71265,2,7
71266,4,7
71267,8,7
71268,5,7
71270,8,7
71271,10,7
71272,0,7
71275,0,7
71277,8,7
71278,3,7
71280,11,7
71281,3,7
71283,0,7
71284,11,7
71286,6,7
71287,1,7
71292,6,7
71294,6,7
71297,6,7
71298,1,7
71299,8,7
71302,11,7
71304,2,7
71305,2,7
71306,8,7
71307,0,7
71316,8,7
71321,9,7
71323,11,7
71329,8,7
71332,0,7
71335,5,7
71337,2,7
71340,0,7
71341,5,7
71345,8,7
71346,7,7
71348,8,7
71349,2,7
71351,2,7
71352,10,7
71353,8,7
71355,6,7
71357,4,7
71359,5,7
71360,11,7
71361,5,7
71362,10,7
71364,6,7
71365,0,7
71367,6,7
71369,6,7
71372,11,7
71373,3,7
71374,6,7
71375,5,7
71377,0,7
71378,2,7
71380,2,7
71381,5,7
71382,4,7
71383,3,7
71385,11,7
71390,3,7
71392,0,7
71393,2,7
71394,4,7
71396,8,7
71397,10,7
71398,6,7
71399,2,7
71400,0,7
71401,6,7
71402,8,7
71403,8,7
71406,4,7
71407,0,7
71408,4,7
71409,5,7
71410,8,7
71411,6,7
71412,6,7
71413,6,7
71414,3,7
71415,6,7
71416,4,7
71419,11,7
71420,8,7
71422,8,7
71424,8,7
71426,8,7
71434,1,7
71436,11,7
71440,11,7
71444,6,7
71446,6,7
71449,4,7
71450,6,7
71451,6,7
71452,1,7
71454,0,7
71457,10,7
71460,8,7
71461,6,7
71463,1,7
71464,8,7
71470,0,7
71476,1,7
71477,11,7
71478,1,7
71479,1,7
71480,8,7
71481,0,7
71483,0,7
71488,2,7
71489,8,7
71490,1,7
71491,4,7
71495,0,7
71501,3,7
71502,7,7
71503,0,7
71505,1,7
71506,8,7
71507,1,7
71508,10,7
71511,0,7
71512,1,7
71517,8,7
71518,1,7
71523,0,7
71526,3,7
71527,4,7
71528,7,7
71532,0,7
71534,2,7
71535,7,7
71536,1,7
71538,0,7
71539,0,7
71541,7,7
71542,3,7
71546,4,7
71547,7,7
71549,8,7
71551,3,7
71552,5,7
71553,0,7
71554,8,7
71555,0,7
71560,3,7
71562,8,7
71566,1,7
71568,0,7
71572,11,7
71575,11,7
71578,0,7
71579,3,7
71580,2,7
71581,11,7
71583,6,7
71584,1,7
71585,1,7
71586,1,7
71588,1,7
71589,0,7
71592,3,7
71593,11,7
71595,6,7
71597,8,7
71599,8,7
71601,4,7
71603,3,7
71604,3,7
71605,3,7
71606,3,7
71607,3,7
71608,3,7
71614,2,7
71619,4,7
71623,8,7
71624,4,7
71625,4,7
71628,4,7
71630,3,7
71634,8,7
71636,3,7
71638,3,7
71639,8,7
71640,3,7
71644,11,7
71646,3,7
71648,3,7
71649,3,7
71650,5,7
71653,3,7
71654,0,7
71658,0,7
71659,8,7
71660,0,7
71661,2,7
71662,0,7
71663,8,7
71664,3,7
71665,1,7
71666,5,7
71668,8,7
71669,5,7
71670,0,7
71673,5,7
71674,5,7
71676,5,7
71679,4,7
71680,0,7
71681,3,7
71682,8,7
71684,9,7
71686,0,7
71687,11,7
71689,8,7
71690,8,7
71692,0,7
71693,3,7
71698,3,7
71699,4,7
71701,0,7
71703,3,7
71704,9,7
71710,8,7
71712,0,7
71714,8,7
71716,11,7
71717,6,7
71720,0,7
71722,0,7
71723,8,7
71724,0,7
71729,11,7
71730,0,7
71731,0,7
71732,8,7
71733,0,7
71734,4,7
71735,4,7
71737,8,7
71738,4,7
71740,4,7
71741,10,7
71742,0,7
71747,6,7
71748,0,7
71750,0,7
71751,6,7
71752,0,7
71754,6,7
71755,0,7
71756,2,7
71757,0,7
71758,0,7
71759,6,7
71760,3,7
71761,8,7
71763,1,7
71764,1,7
71766,5,7
71768,3,7
71770,11,7
71772,6,7
71775,5,7
71780,3,7
71781,3,7
71782,11,7
71783,11,7
71785,1,7
71787,11,7
71788,5,7
71789,11,7
71790,6,7
71793,0,7
71797,6,7
71798,8,7
71799,6,7
71801,1,7
71804,6,7
71807,1,7
71808,0,7
71809,0,7
71810,0,7
71812,11,7
71813,0,7
71815,3,7
71818,0,7
71822,0,7
71830,3,7
71837,6,7
71841,3,7
71843,1,7
71844,1,7
71845,6,7
71848,6,7
71850,0,7
71851,0,7
71852,6,7
71856,6,7
71861,5,7
71862,6,7
71863,0,7
71864,6,7
71866,6,7
71868,6,7
71869,6,7
71872,4,7
71874,10,7
71875,0,7
71876,4,7
71877,5,7
71879,4,7
71881,5,7
71883,11,7
71884,0,7
71886,6,7
71888,5,7
71890,8,7
71893,4,7
71898,11,7
71899,3,7
71900,6,7
71901,11,7
71902,2,7
71903,0,7
71904,5,7
71905,4,7
71911,11,7
71912,8,7
71914,4,7
71915,1,7
71917,3,7
71919,1,7
71920,11,7
71921,3,7
71925,1,7
71926,8,7
71929,10,7
71930,1,7
71931,6,7
71933,3,7
71935,5,7
71936,4,7
71937,1,7
71938,5,7
71940,8,7
71941,5,7
71943,5,7
71944,5,7
71945,5,7
71946,11,7
71949,6,7
71951,3,7
71952,1,7
71953,5,7
71954,4,7
71955,5,7
71958,4,7
71959,3,7
71962,1,7
71963,1,7
71964,6,7
71965,1,7
71968,5,7
71969,1,7
71970,5,7
71971,5,7
71972,4,7
71974,5,7
71976,4,7
71977,11,7
71985,8,7
71987,8,7
71989,8,7
71990,8,7
71991,8,7
71992,0,7
71994,10,7
71999,0,7
72001,7,7
72003,8,7
72004,0,7
72006,11,7
72011,0,7
72016,11,7
72017,1,7
72018,1,7
72019,0,7
72020,2,7
72023,0,7
72028,0,7
72029,3,7
72030,7,7
72032,1,7
72037,11,7
72039,8,7
72040,0,7
72041,10,7
72044,0,7
72049,10,7
72050,2,7
72051,0,7
72054,0,7
72056,3,7
72057,0,7
72058,4,7
72060,4,7
72062,4,7
72063,2,7
72064,4,7
72065,4,7
72066,8,7
72067,2,7
72070,0,7
72071,0,7
72072,3,7
72073,3,7
72077,2,7
72078,2,7
72079,2,7
72081,1,7
72085,6,7
72086,1,7
72087,3,7
72091,3,7
72094,6,7
72096,0,7
72097,3,7
72098,1,7
72100,11,7
72111,4,7
72113,8,7
72116,1,7
72118,10,7
72119,11,7
72120,6,7
72121,6,7
72122,11,7
72125,3,7
72128,6,7
72129,1,7
72130,8,7
72132,8,7
72135,0,7
72137,1,7
72139,1,7
72140,0,7
72142,1,7
72145,1,7
72147,4,7
72148,6,7
72149,5,7
72150,1,7
72151,0,7
72152,0,7
72155,8,7
72156,1,7
72157,8,7
72159,6,7
72160,0,7
72163,0,7
72164,6,7
72165,8,7
72166,1,7
72167,4,7
72169,6,7
72172,4,7
72174,4,7
72180,0,7
72183,2,7
72184,4,7
72185,0,7
72186,0,7
72187,0,7
72188,1,7
72191,2,7
72192,6,7
72193,11,7
72194,0,7
72196,6,7
72198,2,7
72199,3,7
72200,3,7
72202,1,7
72205,6,7
72206,2,7
72207,2,7
72208,4,7
72210,4,7
72213,5,7
72214,6,7
72215,5,7
72217,6,7
72218,0,7
72221,6,7
72222,6,7
72223,4,7
72228,1,7
72229,6,7
72234,10,7
72235,2,7
72236,0,7
72238,8,7
72239,1,7
72241,2,7
72243,1,7
72244,8,7
72247,0,7
72248,1,7
72250,3,7
72251,11,7
72252,6,7
72253,0,7
72256,6,7
72259,0,7
72260,8,7
72261,6,7
72262,0,7
72263,0,7
72266,10,7
72268,8,7
72269,11,7
72270,1,7
72275,8,7
72276,0,7
72278,8,7
72279,6,7
72280,0,7
72281,4,7
72282,8,7
72283,5,7
72284,3,7
72285,11,7
72286,6,7
72289,3,7
72290,8,7
72291,7,7
72292,6,7
72294,0,7
72295,2,7
72296,1,7
72297,7,7
72299,0,7
72301,8,7
72304,8,7
72305,7,7
72310,5,7
72313,6,7
72314,0,7
72316,3,7
72318,7,7
72319,6,7
72324,3,7
72325,7,7
72326,0,7
72327,4,7
72329,7,7
72331,5,7
72334,11,7
72335,0,7
72336,3,7
72341,0,7
72343,0,7
72344,8,7
72345,3,7
72347,4,7
72350,1,7
72352,6,7
72357,0,7
72359,4,7
72362,3,7
72363,5,7
72364,6,7
72365,6,7
72366,2,7
72368,6,7
72371,1,7
72375,6,7
72376,6,7
72380,8,7
72381,6,7
72384,5,7
72385,1,7
72389,11,7
72395,6,7
72396,1,7
72397,0,7
72398,8,7
72399,2,7
72401,5,7
72403,5,7
72404,6,7
72405,10,7
72406,4,7
72407,1,7
72408,5,7
72410,6,7
72411,1,7
72412,4,7
72415,6,7
72416,5,7
72418,1,7
72419,1,7
72421,11,7
72422,3,7
72423,5,7
72424,3,7
72426,6,7
72428,0,7
72429,0,7
72431,2,7
72432,0,7
72433,4,7
72434,11,7
72437,11,7
72440,1,7
72441,10,7
72442,4,7
72443,1,7
72444,5,7
72445,11,7
72446,4,7
72447,8,7
72448,4,7
72449,4,7
72450,0,7
72453,4,7
72456,6,7
72458,11,7
72459,5,7
72462,8,7
72463,2,7
72465,2,7
72466,0,7
72470,0,7
72472,6,7
72473,3,7
72475,0,7
72477,4,7
72479,11,7
72481,4,7
72483,4,7
72486,10,7
72487,4,7
72488,8,7
72490,11,7
72491,0,7
72493,3,7
72496,2,7
72500,1,7
72504,11,7
72506,0,7
72510,2,7
72511,0,7
72512,11,7
72515,4,7
72517,8,7
72520,1,7
72521,4,7
72522,0,7
72523,2,7
72526,11,7
72527,1,7
72529,11,7
72532,3,7
72533,1,7
72535,1,7
72536,3,7
72538,1,7
72543,1,7
72546,10,7
72548,2,7
72549,11,7
72552,11,7
72555,4,7
72556,11,7
72558,0,7
72559,5,7
72560,4,7
72562,5,7
72564,1,7
72566,10,7
72568,10,7
72569,11,7
72570,6,7
72579,1,7
72580,8,7
72581,1,7
72583,2,7
72584,8,7
72585,11,7
72591,0,7
72593,3,7
72596,7,7
72598,2,7
72599,2,7
72600,2,7
72602,8,7
72606,8,7
72608,2,7
72609,5,7
72610,2,7
72611,2,7
72612,2,7
72622,1,7
72624,4,7
72626,6,7
72627,4,7
72628,8,7
72630,5,7
72632,1,7
72634,3,7
72636,2,7
72637,0,7
72638,6,7
72641,6,7
72642,1,7
72643,1,7
72646,1,7
72647,11,7
72650,4,7
72653,11,7
72654,10,7
72655,10,7
72659,8,7
72661,6,7
72665,10,7
72667,1,7
72669,6,7
72670,11,7
72671,2,7
72672,2,7
72673,10,7
72674,2,7
72675,2,7
72676,0,7
72677,0,7
72678,0,7
72680,2,7
72685,0,7
72687,5,7
72688,1,7
72690,4,7
72693,1,7
72695,11,7
72696,6,7
72697,10,7
72698,2,7
72699,1,7
72705,5,7
72707,1,7
72709,11,7
72711,6,7
72714,2,7
72716,1,7
72718,11,7
72719,5,7
72720,10,7
72721,1,7
72724,2,7
72726,8,7
72729,0,7
72732,5,7
72734,2,7
72736,2,7
72737,0,7
72738,0,7
72740,2,7
72745,2,7
72747,2,7
72748,4,7
72749,2,7
72751,4,7
72753,8,7
72754,10,7
72755,0,7
72756,6,7
72757,0,7
72758,11,7
72759,6,7
72760,3,7
72761,6,7
72763,11,7
72764,6,7
72768,1,7
72769,1,7
72770,3,7
72771,8,7
72772,8,7
72775,0,7
72777,4,7
72785,8,7
72786,11,7
72787,11,7
72794,8,7
72797,4,7
72798,1,7
72801,4,7
72803,11,7
72804,1,7
72809,11,7
72811,1,7
72814,1,7
72815,11,7
72817,0,7
72818,6,7
72820,11,7
72823,3,7
72824,2,7
72825,6,7
72826,4,7
72829,8,7
72830,4,7
72831,4,7
72834,10,7
72835,1,7
72837,6,7
72838,10,7
72839,2,7
72840,8,7
72841,4,7
72845,4,7
72846,1,7
72851,10,7
72854,6,7
72857,1,7
72858,10,7
72859,10,7
72860,1,7
72862,10,7
72863,2,7
72864,2,7
72865,3,7
72866,0,7
72872,11,7
72873,1,7
72875,10,7
72876,1,7
72877,1,7
72878,9,7
72879,6,7
72882,0,7
72884,2,7
72888,2,7
72889,2,7
72890,2,7
72891,2,7
72893,2,7
72895,2,7
72896,6,7
72897,4,7
72898,0,7
72899,4,7
72900,5,7
72901,0,7
72904,0,7
72905,0,7
72906,6,7
72907,1,7
72910,1,7
72911,5,7
72912,10,7
72913,1,7
72915,1,7
72919,2,7
72921,6,7
72922,11,7
72923,4,7
72924,6,7
72926,11,7
72929,2,7
72931,4,7
72935,8,7
72937,8,7
72938,4,7
72945,7,7
72946,2,7
72948,4,7
72950,6,7
72951,8,7
72952,8,7
72953,8,7
72955,3,7
72957,8,7
72958,3,7
72963,0,7
72965,1,7
72966,0,7
72970,8,7
72971,8,7
72974,10,7
72978,11,7
72979,1,7
72983,10,7
72984,7,7
72985,0,7
72987,1,7
72989,3,7
72990,8,7
72992,4,7
72993,0,7
72995,5,7
73000,8,7
73003,8,7
73005,8,7
73006,8,7
73007,8,7
73008,8,7
73009,8,7
73010,8,7
73012,1,7
73014,4,7
73015,0,7
73017,1,7
73018,8,7
73019,8,7
73020,0,7
73021,0,7
73023,8,7
73024,8,7
73025,0,7
73026,2,7
73028,2,7
73031,2,7
73032,0,7
73033,3,7
73036,0,7
73037,0,7
73041,4,7
73043,8,7
73045,4,7
73046,2,7
73047,2,7
73049,2,7
73050,2,7
73051,4,7
73052,2,7
73053,5,7
73054,10,7
73055,11,7
73056,0,7
73057,11,7
73060,1,7
73061,2,7
73066,1,7
73069,0,7
73073,2,7
73076,1,7
73078,3,7
73080,10,7
73081,0,7
73082,2,7
73083,8,7
73088,2,7
73089,2,7
73090,4,7
73092,11,7
73093,6,7
73095,0,7
73096,0,7
73097,3,7
73099,3,7
73101,4,7
73102,7,7
73103,0,7
73104,5,7
73106,1,7
73110,11,7
73111,2,7
73112,1,7
73113,2,7
73114,4,7
73117,3,7
73120,6,7
73122,11,7
73123,5,7
73125,1,7
73127,8,7
73128,11,7
73129,8,7
73132,11,7
73136,3,7
73137,10,7
73138,5,7
73139,8,7
73141,8,7
73142,8,7
73145,0,7
73146,2,7
73147,2,7
73148,0,7
73149,0,7
73151,0,7
73152,2,7
73154,5,7
73156,1,7
73160,6,7
73161,6,7
73164,6,7
73172,3,7
73176,3,7
73179,6,7
73184,6,7
73186,6,7
73187,5,7
73188,0,7
73189,11,7
73190,3,7
73192,4,7
73194,5,7
73195,8,7
73196,0,7
73197,1,7
73199,0,7
73200,6,7
73203,1,7
73204,1,7
73205,5,7
73208,5,7
73209,1,7
73210,1,7
73211,1,7
73214,5,7
73216,8,7
73217,10,7
73218,6,7
73219,3,7
73221,11,7
73223,8,7
73227,6,7
73234,5,7
73237,11,7
73238,3,7
73239,6,7
73241,6,7
73242,0,7
73243,3,7
73248,0,7
73249,0,7
73250,2,7
73252,11,7
73253,1,7
73254,10,7
73255,6,7
73256,10,7
73258,1,7
73259,10,7
73260,10,7
73261,1,7
73266,11,7
73267,11,7
73268,3,7
73270,1,7
73274,6,7
73276,6,7
73278,10,7
73279,1,7
73280,6,7
73281,11,7
73283,0,7
73286,4,7
73291,4,7
73293,4,7
73295,10,7
73296,8,7
73298,4,7
73299,2,7
73303,2,7
73304,10,7
73305,2,7
73307,2,7
73308,2,7
73311,2,7
73314,3,7
73316,3,7
73317,1,7
73320,1,7
73322,8,7
73323,3,7
73325,10,7
73326,0,7
73328,11,7
73329,1,7
73333,6,7
73334,1,7
73337,1,7
73341,8,7
73342,4,7
73343,2,7
73344,3,7
73349,11,7
73350,5,7
73351,0,7
73353,6,7
73354,10,7
73357,1,7
73358,11,7
73360,10,7
73362,4,7
73363,0,7
73364,3,7
73365,3,7
73367,0,7
73368,1,7
73371,10,7
73378,10,7
73380,3,7
73381,0,7
73383,3,7
73385,6,7
73386,3,7
73387,1,7
73389,0,7
73392,5,7
73393,0,7
73394,0,7
73397,3,7
73400,0,7
73403,1,7
73405,5,7
73409,6,7
73411,5,7
73412,10,7
73413,3,7
73421,4,7
73425,6,7
73426,5,7
73430,4,7
73431,8,7
73434,5,7
73435,4,7
73437,8,7
73439,3,7
73442,6,7
73443,1,7
73444,3,7
73446,2,7
73447,1,7
73448,1,7
73449,5,7
73452,0,7
73456,4,7
73457,11,7
73459,6,7
73460,11,7
73462,9,7
73464,5,7
73466,4,7
73467,8,7
73468,1,7
73472,9,7
73473,11,7
73476,11,7
73478,9,7
73481,11,7
73483,1,7
73484,3,7
73485,3,7
73486,1,7
73487,0,7
73488,6,7
73490,4,7
73492,1,7
73494,0,7
73497,2,7
73498,7,7
73499,5,7
73500,1,7
73504,2,7
73505,11,7
73510,3,7
73515,0,7
73518,4,7
73520,4,7
73521,5,7
73522,4,7
73525,5,7
73533,11,7
73534,11,7
73538,1,7
73544,11,7
73546,6,7
73550,1,7
73552,4,7
73555,5,7
73556,8,7
73557,3,7
73558,8,7
73559,11,7
73560,3,7
73561,3,7
73562,11,7
73564,10,7
73565,11,7
73566,4,7
73570,1,7
73571,5,7
73573,5,7
73574,11,7
73575,11,7
73576,11,7
73578,1,7
73579,1,7
73582,1,7
73585,1,7
73589,6,7
73590,10,7
73593,0,7
73594,10,7
73595,1,7
73600,6,7
73604,1,7
73605,3,7
73607,8,7
73610,1,7
73611,5,7
73612,2,7
73614,7,7
73615,5,7
73618,4,7
73619,4,7
73621,3,7
73627,5,7
73628,11,7
73629,6,7
73630,5,7
73632,5,7
73636,4,7
73639,1,7
73640,1,7
73645,11,7
73646,3,7
73647,4,7
73650,1,7
73655,1,7
73658,1,7
73659,6,7
73660,3,7
73661,1,7
73663,3,7
73670,10,7
73671,6,7
73672,0,7
73676,0,7
73677,5,7
73679,1,7
73681,1,7
73684,1,7
73687,1,7
73691,6,7
73693,11,7
73696,1,7
73697,1,7
73699,4,7
73700,8,7
73701,3,7
73707,3,7
73711,6,7
73713,2,7
73716,1,7
73718,11,7
73720,3,7
73726,6,7
73727,11,7
73729,3,7
73731,1,7
73732,0,7
73734,1,7
73735,3,7
73736,10,7
73737,1,7
73739,6,7
73742,1,7
73743,0,7
73747,1,7
73749,1,7
73751,6,7
73753,1,7
73754,6,7
73759,1,7
73760,5,7
73761,5,7
73763,10,7
73764,11,7
73766,0,7
73767,1,7
73769,11,7
73771,10,7
73772,11,7
73773,1,7
73775,1,7
73776,1,7
73777,5,7
73778,5,7
73782,11,7
73783,1,7
73785,2,7
73787,0,7
73789,10,7
73791,0,7
73792,2,7
73793,4,7
73795,4,7
73796,0,7
73799,8,7
73804,11,7
73810,0,7
73811,5,7
73812,5,7
73814,10,7
73815,1,7
73816,4,7
73817,9,7
73819,6,7
73821,8,7
73824,11,7
73825,8,7
73826,9,7
73827,5,7
73828,4,7
73829,1,7
73831,1,7
73833,5,7
73834,4,7
73835,6,7
73837,6,7
73838,3,7
73841,4,7
73842,0,7
73845,6,7
73848,0,7
73849,10,7
73856,3,7
73857,8,7
73858,1,7
73859,1,7
73860,6,7
73863,8,7
73864,1,7
73865,1,7
73866,10,7
73867,0,7
73868,10,7
73871,6,7
73872,11,7
73873,6,7
73874,3,7
73875,3,7
73877,1,7
73879,1,7
73881,11,7
73887,11,7
73890,4,7
73891,8,7
73892,11,7
73893,3,7
73894,1,7
73895,4,7
73897,3,7
73898,1,7
73899,0,7
73900,10,7
73901,3,7
73904,4,7
73906,4,7
73908,1,7
73910,1,7
73911,2,7
73912,3,7
73913,1,7
73915,0,7
73917,0,7
73918,1,7
73923,10,7
73924,1,7
73931,3,7
73935,4,7
73939,10,7
73940,1,7
73941,10,7
73943,0,7
73944,1,7
73945,10,7
73946,4,7
73952,10,7
73954,1,7
73955,1,7
73956,1,7
73957,1,7
73958,1,7
73959,10,7
73961,4,7
73962,10,7
73964,1,7
73966,10,7
73971,1,7
73974,10,7
73975,1,7
73976,10,7
73978,10,7
73979,1,7
73981,11,7
73982,1,7
73987,1,7
73988,11,7
73989,1,7
73990,3,7
73992,5,7
73995,1,7
73998,1,7
73999,1,7
74001,10,7
74002,8,7
74004,1,7
74006,1,7
74008,10,7
74009,1,7
74012,4,7
74014,4,7
74015,6,7
74016,2,7
74017,11,7
74019,11,7
74021,1,7
74023,6,7
74025,1,7
74029,6,7
74032,11,7
74033,0,7
74035,4,7
74041,1,7
74042,4,7
74044,2,7
74045,6,7
74047,1,7
74048,1,7
74049,1,7
74050,3,7
74052,10,7
74053,1,7
74056,4,7
74057,8,7
74058,4,7
74060,6,7
74061,11,7
74063,8,7
74064,1,7
74066,8,7
74067,1,7
74068,6,7
74074,2,7
74076,6,7
74077,3,7
74078,1,7
74079,10,7
74080,1,7
74082,10,7
74087,4,7
74091,11,7
74093,1,7
74096,8,7
74098,1,7
74100,1,7
74103,5,7
74104,0,7
74105,10,7
74110,0,7
74111,11,7
74112,11,7
74113,10,7
74115,6,7
74117,6,7
74118,0,7
74119,0,7
74120,5,7
74121,4,7
74124,6,7
74126,1,7
74128,2,7
74132,6,7
74136,10,7
74138,4,7
74139,11,7
74141,2,7
74148,1,7
74149,5,7
74150,6,7
74151,3,7
74152,11,7
74153,11,7
74154,8,7
74156,4,7
74161,0,7
74166,11,7
74168,0,7
74169,4,7
74171,3,7
74173,6,7
74175,3,7
74177,11,7
74179,6,7
74183,6,7
74184,3,7
74185,6,7
74186,6,7
74188,11,7
74192,8,7
74194,11,7
74195,1,7
74197,1,7
74199,6,7
74200,11,7
74201,5,7
74202,5,7
74203,0,7
74204,5,7
74206,1,7
74207,8,7
74212,11,7
74213,11,7
74214,4,7
74220,11,7
74222,11,7
74223,4,7
74224,4,7
74226,1,7
74227,11,7
74228,1,7
74238,4,7
74239,9,7
74240,11,7
74242,8,7
74243,0,7
74246,10,7
74247,6,7
74249,10,7
74250,0,7
74252,4,7
74253,8,7
74254,8,7
74256,4,7
74257,11,7
74259,5,7
74260,6,7
74261,5,7
74262,1,7
74263,11,7
74267,11,7
74268,11,7
74269,11,7
74271,8,7
74272,4,7
74273,11,7
74274,8,7
74276,3,7
74277,1,7
74278,0,7
74281,5,7
74282,4,7
74284,4,7
74287,4,7
74291,1,7
74295,6,7
74299,1,7
74303,6,7
74304,8,7
74306,8,7
74307,0,7
74309,5,7
74313,11,7
74315,11,7
74316,11,7
74317,2,7
74320,4,7
74321,8,7
74322,5,7
74324,11,7
74325,4,7
74326,1,7
74330,0,7
74331,1,7
74336,4,7
74337,5,7
74338,11,7
74339,5,7
74340,4,7
74341,5,7
74343,5,7
74345,11,7
74346,0,7
74347,1,7
74350,8,7
74352,1,7
74357,6,7
74358,8,7
74359,5,7
74360,8,7
74361,0,7
74364,11,7
74365,4,7
74366,8,7
74368,8,7
74369,1,7
74371,1,7
74372,6,7
74373,8,7
74375,8,7
74376,1,7
74377,6,7
74380,0,7
74382,8,7
74386,8,7
74388,8,7
74390,11,7
74392,1,7
74393,8,7
74394,6,7
74395,3,7
74396,4,7
74398,4,7
74401,8,7
74402,0,7
74406,0,7
74410,1,7
74411,5,7
74413,1,7
74416,11,7
74419,1,7
74423,6,7
74424,4,7
74425,1,7
74427,8,7
74428,2,7
74429,10,7
74430,8,7
74431,2,7
74433,10,7
74435,0,7
74436,3,7
74438,7,7
74439,0,7
74440,4,7
74446,4,7
74447,4,7
74448,4,7
74449,4,7
74450,6,7
74452,6,7
74455,4,7
74457,0,7
74458,0,7
74459,3,7
74461,0,7
74463,0,7
74464,0,7
74465,4,7
74470,4,7
74472,3,7
74475,6,7
74477,11,7
74479,8,7
74480,0,7
74481,2,7
74482,0,7
74483,0,7
74484,2,7
74487,0,7
74488,5,7
74493,3,7
74496,8,7
74497,4,7
74501,5,7
74503,3,7
74505,6,7
74508,3,7
74509,2,7
74511,3,7
74512,3,7
74514,4,7
74515,3,7
74517,0,7
74521,3,7
74522,1,7
74523,1,7
74524,4,7
74529,3,7
74530,6,7
74535,0,7
74536,2,7
74537,11,7
74539,3,7
74540,7,7
74542,8,7
74544,5,7
74545,11,7
74546,1,7
74547,8,7
74550,0,7
74552,0,7
74555,0,7
74557,4,7
74558,6,7
74559,5,7
74560,8,7
74561,8,7
74562,3,7
74565,6,7
74566,2,7
74571,8,7
74572,3,7
74575,8,7
74577,11,7
74578,11,7
74579,10,7
74582,5,7
74584,5,7
74587,0,7
74588,6,7
74594,0,7
74596,3,7
74598,0,7
74600,6,7
74602,11,7
74604,10,7
74605,6,7
74606,0,7
74607,10,7
74608,11,7
74611,2,7
74612,2,7
74613,2,7
74616,8,7
74617,1,7
74620,11,7
74626,4,7
74629,6,7
74630,1,7
74631,1,7
74639,8,7
74641,11,7
74643,11,7
74646,4,7
74649,7,7
74653,0,7
74655,11,7
74657,1,7
74660,10,7
74662,11,7
74664,3,7
74665,2,7
74669,11,7
74672,11,7
74673,11,7
74674,0,7
74675,3,7
74679,8,7
74682,0,7
74685,7,7
74686,4,7
74688,1,7
74689,4,7
74690,4,7
74692,4,7
74695,8,7
74699,1,7
74701,10,7
74705,3,7
74706,7,7
74708,5,7
74709,10,7
74713,0,7
74715,0,7
74718,10,7
74719,8,7
74721,10,7
74722,5,7
74724,0,7
74726,0,7
74728,8,7
74729,3,7
74730,7,7
74731,4,7
74733,1,7
74735,10,7
74737,1,7
74739,4,7
74741,1,7
74743,10,7
74746,0,7
74748,11,7
74749,3,7
74751,1,7
74753,6,7
74758,0,7
74759,8,7
74760,3,7
74761,1,7
74765,0,7
74766,4,7
74768,1,7
74769,2,7
74772,11,7
74773,5,7
74775,6,7
74776,0,7
74778,3,7
74782,10,7
74784,11,7
74785,3,7
74786,10,7
74787,4,7
74789,0,7
74790,3,7
74792,2,7
74794,0,7
74799,8,7
74800,4,7
74803,8,7
74806,0,7
74808,1,7
74815,7,7
74817,2,7
74818,5,7
74820,6,7
74821,8,7
74830,5,7
74832,4,7
74833,1,7
74834,1,7
74839,2,7
74841,0,7
74844,10,7
74845,8,7
74846,3,7
74847,10,7
74850,8,7
74851,11,7
74853,5,7
74856,5,7
74857,1,7
74858,5,7
74860,2,7
74862,8,7
74864,1,7
74865,10,7
74867,2,7
74870,11,7
74872,6,7
74875,8,7
74879,3,7
74880,5,7
74882,3,7
74885,2,7
74887,11,7
74889,5,7
74890,0,7
74892,11,7
74896,4,7
74898,10,7
74899,4,7
74902,6,7
74906,0,7
74908,2,7
74909,8,7
74911,11,7
74912,3,7
74914,4,7
74923,1,7
74924,8,7
74926,8,7
74928,1,7
74930,1,7
74931,4,7
74932,11,7
74933,6,7
74936,4,7
74937,6,7
74939,6,7
74941,5,7
74948,1,7
74949,8,7
74951,8,7
74955,6,7
74957,8,7
74962,6,7
74966,8,7
74969,11,7
74970,1,7
74972,6,7
74973,8,7
74976,0,7
74978,0,7
74980,8,7
74985,10,7
74986,8,7
74992,6,7
74995,1,7
74997,6,7
75000,6,7
75002,0,7
75003,8,7
75006,0,7
75007,8,7
75015,0,7
75016,5,7
75021,3,7
75022,0,7
75026,3,7
75027,3,7
75029,3,7
75030,3,7
75032,3,7
75034,11,7
75035,8,7
75037,5,7
75040,0,7
75041,1,7
75042,3,7
75043,1,7
75045,0,7
75047,1,7
75049,0,7
75050,0,7
75052,0,7
75053,2,7
75055,3,7
75056,1,7
75058,5,7
75059,4,7
75061,6,7
75062,6,7
75063,6,7
75064,0,7
75065,6,7
75068,11,7
75070,8,7
75072,8,7
75075,1,7
75076,3,7
75077,11,7
75081,5,7
75084,4,7
75085,3,7
75086,3,7
75087,6,7
75090,3,7
75091,1,7
75095,0,7
75098,3,7
75100,3,7
75101,3,7
75102,3,7
75104,3,7
75106,4,7
75107,0,7
75109,1,7
75110,1,7
75111,1,7
75113,8,7
75114,3,7
75115,0,7
75119,8,7
75120,8,7
75123,3,7
75124,11,7
75126,1,7
75127,8,7
75128,0,7
75129,6,7
75130,0,7
75131,3,7
75132,4,7
75140,6,7
75142,6,7
75146,6,7
75149,6,7
75150,6,7
75151,6,7
75152,10,7
75154,11,7
75155,0,7
75157,8,7
75158,6,7
75165,5,7
75169,8,7
75173,11,7
75175,8,7
75176,8,7
75177,11,7
75178,11,7
75180,1,7
75183,10,7
75185,8,7
75187,6,7
75190,11,7
75191,4,7
75193,11,7
75196,10,7
75198,0,7
75203,1,7
75211,10,7
75212,0,7
75213,4,7
75215,6,7
75217,6,7
75219,0,7
75220,8,7
75221,0,7
75227,5,7
75228,8,7
75229,10,7
75230,4,7
75231,3,7
75233,0,7
75234,8,7
75238,10,7
75239,0,7
75240,0,7
75241,6,7
75243,1,7
75245,11,7
75247,1,7
75251,3,7
75252,11,7
75253,11,7
75254,0,7
75255,1,7
75258,1,7
75259,1,7
75260,11,7
75261,10,7
75262,1,7
75264,10,7
75266,5,7
75269,1,7
75270,0,7
75274,0,7
75278,1,7
75279,10,7
75280,11,7
75284,10,7
75285,10,7
75288,11,7
75289,0,7
75290,11,7
75291,1,7
75292,10,7
75293,11,7
75297,6,7
75298,3,7
75299,6,7
75300,8,7
75305,6,7
75306,0,7
75307,6,7
75309,1,7
75311,10,7
75313,8,7
75314,8,7
75315,8,7
75316,1,7
75317,8,7
75321,0,7
75322,8,7
75323,8,7
75325,8,7
75326,8,7
75327,8,7
75328,6,7
75329,10,7
75331,8,7
75334,3,7
75335,2,7
75336,2,7
75337,3,7
75338,11,7
75339,7,7
75340,6,7
75341,8,7
75342,1,7
75343,10,7
75344,4,7
75346,1,7
75347,6,7
75349,11,7
75352,5,7
75358,3,7
75362,0,7
75363,1,7
75366,1,7
75368,1,7
75369,5,7
75370,1,7
75371,11,7
75372,10,7
75373,11,7
75374,1,7
75376,8,7
75377,8,7
75378,1,7
75381,1,7
75384,2,7
75389,8,7
75390,1,7
75391,8,7
75392,4,7
75398,8,7
75401,0,7
75402,0,7
75404,5,7
75405,4,7
75406,1,7
75410,1,7
75411,4,7
75412,0,7
75416,1,7
75417,1,7
75421,11,7
75423,2,7
75424,11,7
75425,11,7
75428,0,7
75429,0,7
75431,10,7
75433,11,7
75434,11,7
75436,0,7
75437,1,7
75438,6,7
75439,6,7
75440,6,7
75441,6,7
75443,10,7
75444,1,7
75445,5,7
75447,10,7
75454,1,7
75456,0,7
75459,6,7
75460,6,7
75462,3,7
75463,6,7
75464,2,7
75466,1,7
75467,8,7
75470,11,7
75471,0,7
75472,11,7
75474,6,7
75477,11,7
75484,1,7
75490,3,7
75491,3,7
75493,3,7
75495,1,7
75496,8,7
75497,5,7
75498,1,7
75500,1,7
75505,5,7
75507,6,7
75509,3,7
75510,0,7
75511,3,7
75512,8,7
75514,11,7
75517,6,7
75518,6,7
75521,6,7
75522,4,7
75523,6,7
75524,10,7
75528,5,7
75529,6,7
75533,6,7
75538,11,7
75539,3,7
75540,7,7
75541,8,7
75543,3,7
75544,0,7
75545,0,7
75546,3,7
75547,5,7
75550,3,7
75553,8,7
75554,3,7
75555,11,7
75556,4,7
75557,8,7
75558,5,7
75559,4,7
75560,3,7
75562,4,7
75563,2,7
75565,8,7
75566,4,7
75568,3,7
75571,4,7
75573,11,7
75580,5,7
75581,6,7
75585,3,7
75586,3,7
75588,0,7
75590,4,7
75592,8,7
75593,11,7
75594,4,7
75595,11,7
75596,6,7
75598,4,7
75599,1,7
75601,6,7
75607,6,7
75611,4,7
75612,11,7
75613,4,7
75615,11,7
75616,11,7
75617,5,7
75619,1,7
75623,1,7
75625,11,7
75626,2,7
75631,0,7
75632,0,7
75634,6,7
75636,8,7
75637,8,7
75638,5,7
75639,11,7
75640,11,7
75641,11,7
75642,5,7
75643,6,7
75644,0,7
75646,11,7
75647,0,7
75648,0,7
75649,11,7
75650,4,7
75653,4,7
75654,1,7
75657,1,7
75658,10,7
75659,3,7
75661,4,7
75662,8,7
75663,8,7
75666,10,7
75668,10,7
75678,1,7
75680,11,7
75682,11,7
75686,3,7
75687,6,7
75689,3,7
75690,6,7
75691,2,7
75694,10,7
75696,10,7
75699,6,7
75702,6,7
75704,0,7
75707,5,7
75708,0,7
75709,5,7
75711,10,7
75712,4,7
75714,1,7
75721,6,7
75722,11,7
75725,0,7
75727,10,7
75732,8,7
75733,6,7
75736,3,7
75737,5,7
75738,11,7
75741,5,7
75742,5,7
75746,8,7
75747,2,7
75748,5,7
75754,5,7
75755,0,7
75757,0,7
75759,5,7
75760,3,7
75762,6,7
75765,4,7
75767,1,7
75770,0,7
75772,11,7
75775,4,7
75776,11,7
75777,3,7
75778,11,7
75782,0,7
75785,8,7
75786,11,7
75789,1,7
75793,11,7
75794,4,7
75795,1,7
75797,8,7
75798,10,7
75799,0,7
75802,3,7
75804,4,7
75806,1,7
75808,9,7
75809,9,7
75810,11,7
75811,6,7
75812,11,7
75814,9,7
75815,9,7
75817,1,7
75818,11,7
75819,11,7
75825,0,7
75827,0,7
75830,4,7
75832,11,7
75835,0,7
75836,0,7
75840,6,7
75841,0,7
75844,6,7
75847,3,7
75848,11,7
75849,3,7
75853,11,7
75854,4,7
75858,0,7
75859,0,7
75860,3,7
75864,11,7
75865,1,7
75866,3,7
75869,1,7
75873,11,7
75882,0,7
75883,8,7
75887,1,7
75888,11,7
75889,2,7
75890,6,7
75891,11,7
75894,3,7
75896,4,7
75898,8,7
75903,4,7
75904,1,7
75905,5,7
75908,10,7
75909,4,7
75912,0,7
75914,4,7
75915,1,7
75919,1,7
75921,1,7
75925,2,7
75928,4,7
75929,10,7
75933,11,7
75935,0,7
75936,11,7
75942,11,7
75943,4,7
75946,5,7
75947,10,7
75950,8,7
75951,4,7
75954,8,7
75957,0,7
75958,6,7
75960,1,7
75961,5,7
75963,6,7
75966,0,7
75967,3,7
75968,3,7
75970,0,7
75977,3,7
75981,4,7
75983,8,7
75984,0,7
75985,0,7
75987,3,7
75989,8,7
75990,4,7
75991,4,7
75994,6,7
75995,3,7
75998,4,7
75999,8,7
76001,11,7
76003,0,7
76006,8,7
76010,8,7
76011,3,7
76012,8,7
76013,5,7
76014,6,7
76016,3,7
76017,4,7
76020,11,7
76026,0,7
76027,0,7
76028,4,7
76029,8,7
76030,6,7
76033,1,7
76035,4,7
76039,11,7
76040,8,7
76042,8,7
76044,8,7
76045,1,7
76046,8,7
76047,8,7
76048,1,7
76051,8,7
76056,10,7
76059,1,7
76062,0,7
76063,4,7
76065,0,7
76066,7,7
76070,8,7
76071,4,7
76072,11,7
76074,0,7
76075,8,7
76079,1,7
76080,11,7
76081,11,7
76085,10,7
76091,1,7
76092,5,7
76093,8,7
76096,4,7
76098,8,7
76101,11,7
76104,0,7
76105,0,7
76108,0,7
76109,11,7
76111,4,7
76114,0,7
76115,1,7
76116,4,7
76117,4,7
76119,8,7
76122,0,7
76124,0,7
76127,3,7
76130,11,7
76132,11,7
76135,11,7
76136,4,7
76138,1,7
76139,4,7
76140,6,7
76141,6,7
76142,3,7
76144,0,7
76145,0,7
76146,0,7
76148,8,7
76149,7,7
76152,8,7
76156,4,7
76161,0,7
76165,5,7
76167,10,7
76168,1,7
76169,6,7
76170,6,7
76174,10,7
76175,0,7
76176,10,7
76177,3,7
76178,0,7
76179,0,7
76182,4,7
76183,3,7
76185,8,7
76186,11,7
76187,8,7
76188,10,7
76189,1,7
76191,0,7
76194,10,7
76195,1,7
76198,9,7
76199,1,7
76200,0,7
76201,10,7
76204,10,7
76205,0,7
76206,10,7
76207,0,7
76209,2,7
76210,0,7
76211,7,7
76212,3,7
76214,9,7
76219,10,7
76220,8,7
76223,10,7
76224,2,7
76225,0,7
76231,8,7
76235,8,7
76236,10,7
76238,8,7
76239,8,7
76241,8,7
76244,0,7
76245,10,7
76248,0,7
76249,8,7
76250,0,7
76251,0,7
76254,9,7
76257,11,7
76261,11,7
76262,11,7
76263,1,7
76265,8,7
76267,1,7
76268,10,7
76269,1,7
76270,3,7
76271,11,7
76273,10,7
76275,1,7
76278,8,7
76279,2,7
76282,11,7
76283,1,7
76285,6,7
76294,7,7
76296,6,7
76297,1,7
76299,0,7
76300,3,7
76301,0,7
76305,1,7
76306,3,7
76307,11,7
76308,11,7
76314,0,7
76315,4,7
76319,1,7
76321,3,7
76322,7,7
76327,11,7
76332,8,7
76334,7,7
76335,10,7
76336,0,7
76337,0,7
76338,0,7
76339,11,7
76341,11,7
76342,6,7
76343,3,7
76345,4,7
76346,4,7
76351,11,7
76353,0,7
76354,11,7
76360,1,7
76364,3,7
76365,11,7
76369,2,7
76370,10,7
76371,10,7
76374,4,7
76375,1,7
76376,1,7
76378,2,7
76383,6,7
76385,2,7
76388,4,7
76389,2,7
76392,4,7
76393,6,7
76397,1,7
76398,3,7
76399,11,7
76400,6,7
76401,3,7
76405,3,7
76406,0,7
76409,4,7
76410,8,7
76413,0,7
76414,2,7
76415,10,7
76416,0,7
76417,3,7
76418,7,7
76419,10,7
76420,10,7
76426,0,7
76431,0,7
76432,2,7
76434,1,7
76437,11,7
76440,11,7
76442,10,7
76443,0,7
76444,3,7
76445,3,7
76447,1,7
76450,11,7
76451,4,7
76453,3,7
76455,10,7
76458,8,7
76462,1,7
76466,11,7
76469,0,7
76470,11,7
76471,3,7
76472,6,7
76473,6,7
76477,5,7
76479,3,7
76480,0,7
76481,0,7
76484,3,7
76485,7,7
76487,0,7
76488,0,7
76490,3,7
76491,1,7
76492,6,7
76495,1,7
76496,4,7
76499,0,7
76500,7,7
76501,0,7
76503,10,7
76504,0,7
76506,2,7
76507,10,7
76511,3,7
76512,4,7
76513,2,7
76516,3,7
76520,11,7
76523,1,7
76525,3,7
76527,6,7
76528,6,7
76529,4,7
76532,6,7
76535,6,7
76536,5,7
76538,6,7
76540,6,7
76541,8,7
76543,6,7
76548,8,7
76549,6,7
76550,6,7
76553,6,7
76554,6,7
76556,6,7
76558,4,7
76561,3,7
76562,5,7
76563,11,7
76564,10,7
76567,1,7
76571,3,7
76572,10,7
76576,8,7
76578,3,7
76580,3,7
76581,2,7
76583,1,7
76584,2,7
76588,4,7
76594,4,7
76596,3,7
76597,3,7
76599,2,7
76601,10,7
76604,2,7
76605,1,7
76609,8,7
76613,0,7
76615,8,7
76616,8,7
76617,3,7
76618,1,7
76622,11,7
76624,8,7
76632,2,7
76633,8,7
76634,4,7
76635,3,7
76636,6,7
76638,3,7
76641,2,7
76643,5,7
76645,11,7
76647,6,7
76648,6,7
76649,0,7
76650,6,7
76656,9,7
76657,4,7
76658,1,7
76661,1,7
76662,1,7
76663,10,7
76664,4,7
76668,11,7
76671,1,7
76677,1,7
76678,1,7
76679,10,7
76682,0,7
76686,5,7
76692,10,7
76696,7,7
76698,8,7
76699,8,7
76701,6,7
76702,8,7
76703,1,7
76704,6,7
76705,6,7
76711,1,7
76712,2,7
76713,3,7
76714,2,7
76715,1,7
76716,1,7
76718,10,7
76720,4,7
76722,0,7
76723,3,7
76724,11,7
76727,0,7
76728,0,7
76731,0,7
76732,11,7
76734,6,7
76735,1,7
76738,10,7
76742,8,7
76744,1,7
76745,10,7
76747,11,7
76748,3,7
76750,3,7
76752,11,7
76755,11,7
76758,3,7
76760,2,7
76761,2,7
76763,3,7
76766,11,7
76767,11,7
76769,4,7
76770,11,7
76771,5,7
76773,11,7
76774,1,7
76775,11,7
76776,8,7
76778,3,7
76779,3,7
76780,4,7
76781,11,7
76782,5,7
76783,0,7
76784,3,7
76787,3,7
76790,10,7
76791,1,7
76792,0,7
76795,8,7
76799,6,7
76801,8,7
76802,6,7
76804,8,7
76808,6,7
76810,0,7
76811,8,7
76812,3,7
76813,3,7
76814,8,7
76817,3,7
76818,0,7
76822,11,7
76823,6,7
76826,3,7
76827,10,7
76829,0,7
76831,8,7
76835,1,7
76839,4,7
76841,11,7
76843,11,7
76844,10,7
76847,8,7
76849,3,7
76851,0,7
76852,3,7
76854,8,7
76855,6,7
76856,1,7
76861,0,7
76862,3,7
76867,11,7
76873,6,7
76874,3,7
76875,1,7
76876,11,7
76877,11,7
76878,0,7
76879,3,7
76880,5,7
76881,5,7
76884,0,7
76886,0,7
76889,1,7
76891,0,7
76892,11,7
76893,8,7
76894,0,7
76895,11,7
76897,0,7
76899,7,7
76901,8,7
76903,8,7
76904,5,7
76912,5,7
76914,8,7
76916,6,7
76924,0,7
76926,6,7
76929,1,7
76930,0,7
76931,0,7
76932,5,7
76934,0,7
76936,6,7
76940,6,7
76941,0,7
76947,6,7
76950,8,7
76951,0,7
76953,4,7
76954,0,7
76956,8,7
76962,0,7
76963,10,7
76964,0,7
76965,7,7
76967,3,7
76969,3,7
76980,4,7
76983,6,7
76984,3,7
76985,5,7
76991,4,7
76993,11,7
76994,4,7
76995,0,7
76998,7,7
76999,6,7
77003,11,7
77005,6,7
77006,11,7
77008,4,7
77010,4,7
77012,0,7
77013,7,7
77018,4,7
77021,5,7
77025,5,7
77026,3,7
77029,4,7
77031,6,7
77035,5,7
77037,5,7
77038,0,7
77039,0,7
77040,4,7
77041,3,7
77042,4,7
77043,3,7
77045,2,7
77047,7,7
77048,5,7
77049,11,7
77051,2,7
77054,4,7
77055,6,7
77056,11,7
77057,0,7
77059,6,7
77062,7,7
77063,0,7
77068,0,7
77069,0,7
77071,0,7
77073,7,7
77074,8,7
77076,5,7
77077,0,7
77080,4,7
77082,0,7
77083,7,7
77086,6,7
77087,0,7
77091,5,7
77093,3,7
77096,4,7
77098,4,7
77101,7,7
77103,3,7
77105,3,7
77106,3,7
77107,3,7
77110,3,7
77111,3,7
77113,1,7
77126,8,7
77128,11,7
77130,8,7
77131,11,7
77134,1,7
77135,6,7
77137,6,7
77141,0,7
77142,8,7
77143,1,7
77144,6,7
77147,1,7
77152,5,7
77153,0,7
77155,1,7
77156,5,7
77157,10,7
77159,1,7
77161,8,7
77163,6,7
77167,1,7
77168,1,7
77170,5,7
77171,6,7
77176,10,7
77177,10,7
77178,4,7
77180,11,7
77183,1,7
77187,5,7
77194,11,7
77196,2,7
77203,4,7
77204,4,7
77205,3,7
77206,0,7
77207,3,7
77208,5,7
77210,11,7
77211,11,7
77212,5,7
77216,8,7
77217,1,7
77218,5,7
77220,5,7
77221,6,7
77230,8,7
77232,0,7
77238,8,7
77245,4,7
77246,6,7
77249,4,7
77250,11,7
77251,11,7
77252,1,7
77253,0,7
77254,3,7
77262,8,7
77263,0,7
77265,1,7
77266,2,7
77267,10,7
77268,4,7
77272,10,7
77274,8,7
77277,1,7
77278,5,7
77282,8,7
77284,5,7
77289,4,7
77290,0,7
77292,8,7
77293,8,7
77295,5,7
77296,4,7
77297,4,7
77298,3,7
77300,4,7
77302,3,7
77304,0,7
77305,0,7
77307,3,7
77308,0,7
77309,8,7
77314,0,7
77315,3,7
77316,3,7
77317,1,7
77320,1,7
77324,4,7
77325,3,7
77328,5,7
77329,3,7
77330,11,7
77341,11,7
77342,8,7
77343,5,7
77344,11,7
77345,11,7
77349,0,7
77350,8,7
77351,8,7
77353,8,7
77359,11,7
77361,4,7
77363,4,7
77364,0,7
77365,4,7
77368,1,7
77369,11,7
77370,0,7
77372,8,7
77374,5,7
77375,1,7
77376,11,7
77377,10,7
77379,6,7
77380,5,7
77381,10,7
77382,0,7
77383,8,7
77385,0,7
77387,8,7
77388,11,7
77390,8,7
77392,4,7
77394,10,7
77396,8,7
77397,8,7
77398,8,7
77399,0,7
77402,8,7
77404,3,7
77408,4,7
77409,5,7
77410,8,7
77411,0,7
77412,1,7
77414,6,7
77415,1,7
77417,1,7
77419,5,7
77422,8,7
77423,6,7
77427,8,7
77429,4,7
77431,8,7
77433,5,7
77435,5,7
77436,11,7
77438,8,7
77439,10,7
77441,1,7
77444,5,7
77446,0,7
77447,2,7
77448,1,7
77453,5,7
77457,4,7
77458,8,7
77460,3,7
77467,11,7
77468,10,7
77472,3,7
77473,11,7
77474,1,7
77477,5,7
77479,11,7
77481,4,7
77483,2,7
77484,8,7
77488,10,7
77489,10,7
77490,11,7
77491,4,7
77496,8,7
77503,5,7
77504,4,7
77508,3,7
77509,3,7
77510,7,7
77515,0,7
77516,5,7
77520,6,7
77522,11,7
77523,3,7
77528,4,7
77529,4,7
77530,1,7
77531,11,7
77532,5,7
77533,6,7
77537,6,7
77540,11,7
77541,4,7
77543,10,7
77547,2,7
77548,1,7
77550,10,7
77552,0,7
77553,0,7
77554,7,7
77557,10,7
77558,0,7
77560,11,7
77561,8,7
77562,1,7
77563,1,7
77566,11,7
77569,4,7
77570,0,7
77571,4,7
77572,5,7
77573,8,7
77577,11,7
77579,5,7
77580,4,7
77584,1,7
77586,1,7
77587,8,7
77588,5,7
77591,5,7
77594,6,7
77595,1,7
77599,1,7
77602,1,7
77604,11,7
77607,8,7
77609,8,7
77611,5,7
77613,1,7
77615,8,7
77618,6,7
77619,6,7
77620,0,7
77621,11,7
77626,5,7
77628,4,7
77629,5,7
77630,11,7
77631,4,7
77635,1,7
77636,6,7
77637,5,7
77638,5,7
77639,4,7
77640,2,7
77641,2,7
77644,8,7
77645,4,7
77647,8,7
77648,11,7
77651,6,7
77652,3,7
77655,0,7
77657,5,7
77660,4,7
77664,4,7
77669,4,7
77671,1,7
77672,1,7
77674,0,7
77676,1,7
77677,4,7
77678,5,7
77679,4,7
77680,8,7
77683,0,7
77684,4,7
77685,7,7
77686,0,7
77687,5,7
77689,0,7
77690,6,7
77692,11,7
77693,6,7
77695,4,7
77698,1,7
77700,4,7
77704,11,7
77705,3,7
77708,11,7
77710,5,7
77715,5,7
77719,5,7
77720,5,7
77723,7,7
77725,6,7
77727,11,7
77729,1,7
77730,3,7
77732,10,7
77737,11,7
77738,3,7
77740,8,7
77741,4,7
77742,7,7
77743,8,7
77744,11,7
77745,4,7
77747,0,7
77752,11,7
77753,4,7
77756,0,7
77759,8,7
77762,8,7
77764,3,7
77765,5,7
77766,1,7
77767,5,7
77772,6,7
77773,11,7
77775,4,7
77782,11,7
77783,4,7
77788,5,7
77790,8,7
77792,5,7
77793,2,7
77797,8,7
77800,11,7
77802,8,7
77804,0,7
77805,0,7
77807,6,7
77809,10,7
77812,3,7
77815,0,7
77816,8,7
77820,8,7
77821,11,7
77822,11,7
77823,3,7
77824,3,7
77826,4,7
77827,3,7
77828,0,7
77833,10,7
77835,8,7
77836,8,7
77839,11,7
77841,8,7
77844,5,7
77845,5,7
77854,8,7
77856,4,7
77859,0,7
77861,10,7
77863,4,7
77868,4,7
77877,5,7
77880,5,7
77881,8,7
77883,11,7
77885,4,7
77886,5,7
77889,6,7
77892,0,7
77893,10,7
77897,0,7
77898,0,7
77900,4,7
77901,5,7
77902,1,7
77904,5,7
77907,8,7
77910,8,7
77912,11,7
77913,11,7
77914,10,7
77920,10,7
77921,1,7
77923,10,7
77925,0,7
77930,1,7
77935,3,7
77939,3,7
77940,5,7
77941,8,7
77942,8,7
77943,5,7
77945,11,7
77946,0,7
77948,8,7
77950,0,7
77951,8,7
77953,11,7
77954,5,7
77955,0,7
77956,10,7
77957,10,7
77958,10,7
77959,10,7
77961,11,7
77962,0,7
77964,4,7
77965,4,7
77969,3,7
77973,1,7
77974,8,7
77977,1,7
77978,3,7
77979,6,7
77980,11,7
77981,11,7
77983,6,7
77987,0,7
77992,0,7
77997,2,7
77998,7,7
77999,5,7
78001,11,7
78003,8,7
78005,4,7
78008,3,7
78014,1,7
78019,4,7
78023,0,7
78024,6,7
78027,0,7
78028,4,7
78030,8,7
78032,11,7
78036,1,7
78039,0,7
78041,0,7
78042,10,7
78043,0,7
78045,11,7
78046,0,7
78048,0,7
78049,0,7
78050,0,7
78051,0,7
78055,0,7
78056,11,7
78058,1,7
78060,4,7
78063,1,7
78066,4,7
78068,0,7
78071,6,7
78072,3,7
78076,11,7
78081,1,7
78083,10,7
78084,6,7
78085,1,7
78088,4,7
78089,4,7
78090,3,7
78091,5,7
78092,0,7
78093,10,7
78094,0,7
78096,0,7
78099,0,7
78100,3,7
78102,0,7
78104,0,7
78105,6,7
78107,4,7
78109,0,7
78110,6,7
78111,2,7
78114,0,7
78115,6,7
78117,0,7
78119,5,7
78121,6,7
78122,6,7
78123,1,7
78124,6,7
78128,6,7
78129,0,7
78130,6,7
78133,6,7
78134,6,7
78135,6,7
78136,6,7
78140,6,7
78141,2,7
78143,8,7
78144,6,7
78145,0,7
78146,0,7
78149,8,7
78150,11,7
78151,6,7
78152,1,7
78153,1,7
78154,3,7
78161,1,7
78163,4,7
78165,2,7
78166,6,7
78171,8,7
78172,0,7
78173,6,7
78174,8,7
78176,6,7
78180,4,7
78185,1,7
78186,3,7
78188,0,7
78190,3,7
78191,0,7
78192,8,7
78193,10,7
78195,10,7
78197,1,7
78198,9,7
78202,6,7
78203,6,7
78205,10,7
78207,11,7
78208,11,7
78211,10,7
78212,2,7
78214,0,7
78215,6,7
78216,0,7
78219,2,7
78220,3,7
78223,6,7
78224,1,7
78225,8,7
78226,1,7
78227,6,7
78228,1,7
78230,10,7
78231,3,7
78237,0,7
78240,3,7
78241,6,7
78242,0,7
78244,1,7
78245,0,7
78246,2,7
78248,3,7
78252,2,7
78253,8,7
78255,1,7
78256,11,7
78259,6,7
78262,11,7
78263,8,7
78265,5,7
78269,6,7
78271,0,7
78272,3,7
78273,1,7
78275,6,7
78276,2,7
78284,1,7
78286,0,7
78288,2,7
78290,0,7
78293,1,7
78294,2,7
78295,0,7
78297,2,7
78298,0,7
78302,10,7
78304,1,7
78306,2,7
78307,0,7
78308,3,7
78309,7,7
78312,8,7
78314,10,7
78316,11,7
78317,3,7
78318,6,7
78319,10,7
78320,1,7
78321,8,7
78323,11,7
78326,1,7
78327,2,7
78328,0,7
78330,6,7
78332,4,7
78333,10,7
78335,2,7
78338,6,7
78340,2,7
78342,3,7
78350,2,7
78351,2,7
78355,2,7
78357,8,7
78358,0,7
78359,0,7
78360,2,7
78361,3,7
78362,7,7
78364,2,7
78368,10,7
78373,11,7
78374,0,7
78375,1,7
78379,8,7
78381,0,7
78383,5,7
78385,10,7
78386,11,7
78390,10,7
78391,8,7
78392,10,7
78393,2,7
78394,3,7
78396,1,7
78398,3,7
78400,0,7
78401,2,7
78402,0,7
78404,6,7
78410,10,7
78415,1,7
78416,2,7
78418,2,7
78419,6,7
78420,1,7
78423,1,7
78426,6,7
78429,2,7
78430,0,7
78432,2,7
78435,10,7
78438,0,7
78440,2,7
78444,6,7
78445,1,7
78447,10,7
78449,2,7
78450,1,7
78452,1,7
78453,8,7
78457,6,7
78464,3,7
78465,7,7
78466,2,7
78468,2,7
78470,1,7
78472,11,7
78473,6,7
78474,2,7
78479,6,7
78480,3,7
78482,1,7
78483,1,7
78486,11,7
78489,1,7
78490,3,7
78492,3,7
78494,2,7
78496,1,7
78499,8,7
78504,0,7
78507,5,7
78508,4,7
78509,10,7
78510,0,7
78512,11,7
78514,6,7
78517,4,7
78520,6,7
78522,6,7
78523,6,7
78524,8,7
78525,6,7
78526,6,7
78529,8,7
78530,11,7
78531,6,7
78535,7,7
78536,0,7
78539,8,7
78540,0,7
78541,5,7
78546,3,7
78547,7,7
78548,5,7
78550,3,7
78551,8,7
78552,8,7
78554,2,7
78555,8,7
78556,0,7
78557,0,7
78558,7,7
78559,2,7
78562,3,7
78564,11,7
78566,8,7
78567,1,7
78568,0,7
78569,0,7
78570,6,7
78574,5,7
78575,8,7
78577,0,7
78580,0,7
78582,0,7
78584,0,7
78599,8,7
78600,8,7
78601,8,7
78602,8,7
78605,8,7
78606,8,7
78607,8,7
78611,6,7
78613,1,7
78614,6,7
78615,3,7
78618,5,7
78620,8,7
78621,0,7
78622,2,7
78624,0,7
78626,0,7
78628,10,7
78630,3,7
78631,6,7
78632,0,7
78633,1,7
78635,1,7
78637,4,7
78638,10,7
78639,1,7
78641,6,7
78642,10,7
78646,6,7
78650,8,7
78658,4,7
78659,10,7
78660,11,7
78661,0,7
78664,2,7
78665,8,7
78667,7,7
78668,0,7
78674,5,7
78676,1,7
78677,1,7
78680,10,7
78681,1,7
78688,8,7
78689,6,7
78691,2,7
78693,11,7
78695,8,7
78696,3,7
78698,2,7
78701,1,7
78702,3,7
78703,1,7
78704,1,7
78705,1,7
78706,1,7
78708,3,7
78710,1,7
78717,0,7
78718,0,7
78721,6,7
78722,8,7
78724,3,7
78727,2,7
78730,1,7
78732,1,7
78735,1,7
78736,1,7
78737,8,7
78739,10,7
78741,8,7
78742,2,7
78744,6,7
78745,11,7
78746,1,7
78749,6,7
78751,4,7
78755,2,7
78758,8,7
78759,2,7
78761,1,7
78764,3,7
78770,8,7
78773,10,7
78774,3,7
78776,8,7
78778,6,7
78779,6,7
78780,3,7
78782,11,7
78783,3,7
78788,11,7
78791,0,7
78792,6,7
78793,3,7
78795,1,7
78801,3,7
78803,3,7
78805,11,7
78806,11,7
78807,5,7
78808,1,7
78809,3,7
78813,3,7
78817,10,7
78819,6,7
78820,1,7
78821,4,7
78822,6,7
78823,6,7
78825,8,7
78826,11,7
78829,4,7
78833,10,7
78834,0,7
78835,0,7
78837,10,7
78838,4,7
78839,0,7
78841,3,7
78842,3,7
78843,11,7
78844,4,7
78848,3,7
78851,4,7
78852,5,7
78855,11,7
78856,5,7
78861,6,7
78862,6,7
78865,6,7
78866,6,7
78870,0,7
78871,10,7
78873,6,7
78875,9,7
78876,6,7
78877,10,7
78879,10,7
78880,6,7
78882,10,7
78884,6,7
78887,0,7
78888,6,7
78890,11,7
78892,1,7
78895,1,7
78898,0,7
78900,3,7
78901,10,7
78902,3,7
78908,0,7
78910,2,7
78911,6,7
78912,5,7
78913,6,7
78914,6,7
78918,9,7
78920,0,7
78921,6,7
78922,6,7
78923,6,7
78924,5,7
78925,11,7
78927,6,7
78932,10,7
78937,11,7
78938,3,7
78940,3,7
78951,11,7
78954,10,7
78955,5,7
78956,0,7
78957,0,7
78959,0,7
78961,1,7
78963,10,7
78964,9,7
78965,11,7
78966,10,7
78968,11,7
78969,10,7
78974,11,7
78977,0,7
78980,4,7
78983,0,7
78984,6,7
78985,8,7
78987,7,7
78988,10,7
78989,1,7
78991,1,7
78994,4,7
78995,9,7
78996,8,7
78997,0,7
78998,4,7
78999,4,7
79000,3,7
79001,9,7
79005,2,7
79007,7,7
79009,5,7
79010,10,7
79013,4,7
79017,8,7
79019,5,7
79020,0,7
79021,1,7
79022,8,7
79024,4,7
79028,7,7
79029,3,7
79032,4,7
79033,5,7
79035,4,7
79037,4,7
79038,0,7
79039,6,7
79040,6,7
79041,7,7
79043,5,7
79047,0,7
79048,1,7
79050,6,7
79051,11,7
79053,4,7
79055,6,7
79058,3,7
79066,5,7
79067,3,7
79068,1,7
79069,11,7
79070,11,7
79072,1,7
79073,5,7
79074,11,7
79075,1,7
79076,6,7
79077,0,7
79078,6,7
79080,1,7
79081,8,7
79084,5,7
79085,8,7
79086,8,7
79087,0,7
79088,3,7
79090,6,7
79095,8,7
79097,4,7
79100,5,7
79103,7,7
79106,5,7
79109,6,7
79110,1,7
79112,6,7
79114,11,7
79121,1,7
79122,6,7
79124,7,7
79125,6,7
79127,4,7
79128,11,7
79130,1,7
79131,8,7
79132,8,7
79135,3,7
79137,6,7
79138,0,7
79142,4,7
79143,8,7
79144,8,7
79146,8,7
79149,0,7
79152,7,7
79156,8,7
79157,8,7
79162,10,7
79163,6,7
79165,8,7
79167,4,7
79168,5,7
79170,0,7
79171,11,7
79173,5,7
79176,4,7
79178,0,7
79181,1,7
79184,10,7
79186,8,7
79188,8,7
79189,5,7
79191,8,7
79192,3,7
79193,0,7
79194,8,7
79195,6,7
79196,6,7
79197,8,7
79200,0,7
79201,6,7
79202,5,7
79203,5,7
79204,0,7
79209,5,7
79210,11,7
79212,5,7
79215,11,7
79216,5,7
79218,5,7
79219,6,7
79220,3,7
79221,3,7
79224,5,7
79226,6,7
79227,0,7
79228,6,7
79231,5,7
79236,4,7
79237,1,7
79241,6,7
79243,11,7
79245,0,7
79246,9,7
79248,5,7
79249,3,7
79250,3,7
79253,3,7
79256,4,7
79259,3,7
79262,1,7
79264,5,7
79266,5,7
79268,0,7
79270,3,7
79271,1,7
79272,6,7
79274,10,7
79275,8,7
79276,5,7
79277,0,7
79278,0,7
79279,0,7
79280,5,7
79284,6,7
79289,0,7
79291,6,7
79294,3,7
79295,0,7
79296,11,7
79302,0,7
79306,0,7
79307,8,7
79308,0,7
79310,5,7
79312,4,7
79313,4,7
79316,0,7
79317,11,7
79321,0,7
79325,11,7
79326,0,7
79327,11,7
79329,11,7
79330,5,7
79333,11,7
79334,0,7
79336,6,7
79337,8,7
79340,0,7
79342,0,7
79344,6,7
79346,1,7
79347,4,7
79348,0,7
79349,0,7
79351,5,7
79352,1,7
79353,6,7
79354,8,7
79355,5,7
79357,6,7
79358,11,7
79359,5,7
79362,8,7
79363,1,7
79365,1,7
79367,6,7
79368,6,7
79370,6,7
79371,6,7
79372,10,7
79373,5,7
79374,1,7
79375,8,7
79377,0,7
79378,3,7
79379,4,7
79381,5,7
79384,6,7
79387,6,7
79388,11,7
79389,10,7
79391,0,7
79392,5,7
79393,0,7
79394,3,7
79399,5,7
79402,5,7
79405,6,7
79410,11,7
79411,11,7
79416,11,7
79420,8,7
79421,0,7
79423,8,7
79425,0,7
79427,0,7
79428,8,7
79429,6,7
79432,4,7
79433,11,7
79437,3,7
79438,5,7
79442,0,7
79448,11,7
79449,5,7
79451,11,7
79452,3,7
79454,8,7
79456,4,7
79457,5,7
79461,6,7
79462,4,7
79463,0,7
79466,4,7
79467,0,7
79469,8,7
79470,6,7
79471,0,7
79474,5,7
79475,5,7
79476,11,7
79479,8,7
79480,11,7
79482,0,7
79485,0,7
79486,0,7
79487,0,7
79489,3,7
79492,3,7
79494,0,7
79495,3,7
79496,3,7
79500,0,7
79501,11,7
79502,3,7
79503,6,7
79504,4,7
79506,3,7
79508,11,7
79511,11,7
79512,4,7
79513,4,7
79514,0,7
79516,0,7
79519,6,7
79520,3,7
79523,5,7
79527,3,7
79528,3,7
79529,3,7
79533,0,7
79536,6,7
79542,6,7
79543,6,7
79545,6,7
79546,6,7
79547,6,7
79555,6,7
79559,6,7
79560,6,7
79562,1,7
79565,6,7
79567,6,7
79572,4,7
79576,0,7
79580,5,7
79581,5,7
79583,6,7
79584,5,7
79585,5,7
79589,6,7
79590,6,7
79591,6,7
79593,4,7
79594,1,7
79595,5,7
79596,8,7
79597,4,7
79601,1,7
79602,1,7
79603,5,7
79604,0,7
79607,10,7
79608,3,7
79609,1,7
79610,0,7
79611,4,7
79612,5,7
79613,6,7
79619,5,7
79620,8,7
79621,6,7
79625,5,7
79626,6,7
79627,3,7
79628,5,7
79630,5,7
79640,8,7
79642,10,7
79643,1,7
79644,8,7
79645,2,7
79647,11,7
79648,5,7
79649,1,7
79652,6,7
79653,5,7
79657,5,7
79658,5,7
79659,5,7
79660,5,7
79661,10,7
79662,5,7
79663,5,7
79666,5,7
79667,5,7
79668,1,7
79670,8,7
79673,4,7
79677,4,7
79679,4,7
79681,4,7
79682,11,7
79683,5,7
79685,0,7
79686,5,7
79690,8,7
79691,6,7
79692,6,7
79694,3,7
79696,5,7
79701,6,7
79704,0,7
79705,6,7
79706,6,7
79707,5,7
79708,1,7
79709,5,7
79713,1,7
79715,6,7
79717,10,7
79722,6,7
79723,5,7
79724,6,7
79725,6,7
79726,6,7
79727,6,7
79728,6,7
79729,6,7
79730,5,7
79736,6,7
79738,6,7
79740,4,7
79742,4,7
79744,6,7
79745,1,7
79746,6,7
79749,10,7
79750,6,7
79752,1,7
79754,5,7
79755,8,7
79756,0,7
79759,5,7
79760,4,7
79761,5,7
79764,8,7
79765,5,7
79772,11,7
79774,2,7
79775,11,7
79776,11,7
79779,0,7
79784,11,7
79785,1,7
79786,1,7
79787,4,7
79791,0,7
79792,1,7
79793,3,7
79796,1,7
79798,1,7
79800,1,7
79802,5,7
79804,5,7
79805,5,7
79806,5,7
79807,8,7
79808,0,7
79811,4,7
79812,0,7
79813,5,7
79817,0,7
79820,6,7
79821,1,7
79824,1,7
79825,5,7
79826,5,7
79827,4,7
79828,0,7
79835,1,7
79838,3,7
79840,8,7
79842,0,7
79843,3,7
79846,11,7
79848,2,7
79849,4,7
79850,4,7
79851,8,7
79857,11,7
79859,11,7
79861,0,7
79863,8,7
79864,0,7
79869,4,7
79870,8,7
79874,8,7
79875,1,7
79877,4,7
79879,8,7
79883,11,7
79884,5,7
79885,5,7
79886,6,7
79887,1,7
79889,5,7
79890,5,7
79891,1,7
79892,0,7
79895,8,7
79896,5,7
79898,11,7
79899,11,7
79901,11,7
79902,5,7
79903,1,7
79904,11,7
79906,8,7
79908,8,7
79912,0,7
79916,1,7
79918,1,7
79924,1,7
79925,8,7
79926,8,7
79927,8,7
79931,11,7
79932,8,7
79934,1,7
79936,6,7
79939,5,7
79940,1,7
79946,11,7
79948,10,7
79951,0,7
79953,1,7
79954,5,7
79956,1,7
79957,5,7
79958,10,7
79960,1,7
79961,11,7
79962,1,7
79963,1,7
79964,5,7
79965,1,7
79966,2,7
79969,10,7
79970,0,7
79972,8,7
79976,5,7
79977,10,7
79979,3,7
79981,1,7
79982,1,7
79985,2,7
79986,8,7
79989,1,7
79994,10,7
79996,10,7
79998,3,7
79999,11,7
80001,10,7
80002,6,7
80003,11,7
80006,8,7
80008,4,7
80013,2,7
80014,4,7
80016,6,7
80017,4,7
80020,0,7
80022,3,7
80023,11,7
80024,3,7
80025,3,7
80026,0,7
80028,6,7
80029,5,7
80031,0,7
80033,3,7
80034,4,7
80035,8,7
80037,8,7
80040,8,7
80041,6,7
80042,0,7
80043,8,7
80045,0,7
80053,1,7
80056,0,7
80058,0,7
80061,0,7
80062,3,7
80063,8,7
80066,8,7
80068,6,7
80069,3,7
80074,0,7
80075,11,7
80078,8,7
80086,6,7
80087,8,7
80088,0,7
80089,8,7
80090,3,7
80091,0,7
80092,8,7
80096,0,7
80099,8,7
80101,11,7
80104,3,7
80108,0,7
80109,3,7
80110,1,7
80112,0,7
80113,4,7
80114,4,7
80115,6,7
80116,10,7
80118,10,7
80119,9,7
80120,0,7
80123,3,7
80124,4,7
80125,6,7
80126,8,7
80127,11,7
80128,8,7
80129,6,7
80130,6,7
80134,5,7
80136,6,7
80137,8,7
80138,6,7
80142,0,7
80144,4,7
80147,6,7
80148,1,7
80150,5,7
80151,5,7
80153,1,7
80154,8,7
80156,6,7
80157,11,7
80160,1,7
80161,4,7
80164,10,7
80166,8,7
80167,11,7
80168,6,7
80169,6,7
80172,11,7
80173,5,7
80174,1,7
80175,11,7
80177,3,7
80178,11,7
80179,1,7
80180,5,7
80181,11,7
80183,1,7
80184,8,7
80185,11,7
80187,6,7
80189,8,7
80190,11,7
80192,8,7
80193,6,7
80195,2,7
80200,3,7
80202,0,7
80203,6,7
80204,11,7
80208,2,7
80211,11,7
80213,8,7
80215,6,7
80217,6,7
80218,10,7
80220,10,7
80222,2,7
80223,8,7
80226,0,7
80228,6,7
80229,10,7
80230,0,7
80232,1,7
80235,1,7
80236,11,7
80237,3,7
80239,4,7
80240,8,7
80241,10,7
80242,4,7
80243,8,7
80247,10,7
80251,1,7
80252,11,7
80254,10,7
80256,1,7
80260,6,7
80269,6,7
80270,7,7
80272,10,7
80275,8,7
80276,0,7
80277,8,7
80281,5,7
80282,6,7
80284,1,7
80285,11,7
80286,0,7
80287,1,7
80288,0,7
80290,5,7
80292,2,7
80295,11,7
80296,1,7
80299,8,7
80300,0,7
80301,3,7
80302,10,7
80304,5,7
80305,11,7
80306,1,7
80307,1,7
80309,5,7
80311,0,7
80312,0,7
80313,0,7
80315,0,7
80316,11,7
80319,11,7
80320,8,7
80323,6,7
80324,3,7
80325,7,7
80332,10,7
80333,11,7
80338,6,7
80340,8,7
80341,11,7
80342,8,7
80344,1,7
80346,1,7
80347,2,7
80349,0,7
80350,1,7
80352,11,7
80353,8,7
80355,6,7
80361,0,7
80362,11,7
80363,0,7
80365,3,7
80366,6,7
80367,7,7
80369,0,7
80371,10,7
80372,2,7
80375,10,7
80377,8,7
80380,8,7
80384,2,7
80385,8,7
80387,6,7
80389,6,7
80390,6,7
80392,0,7
80393,6,7
80396,6,7
80403,0,7
80406,0,7
80407,2,7
80408,10,7
80410,3,7
80411,6,7
80412,7,7
80413,8,7
80415,11,7
80416,8,7
80417,2,7
80418,3,7
80419,2,7
80420,3,7
80421,10,7
80422,5,7
80423,8,7
80424,0,7
80425,2,7
80427,11,7
80429,1,7
80430,11,7
80431,6,7
80434,0,7
80438,8,7
80439,6,7
80441,5,7
80445,1,7
80446,0,7
80448,1,7
80449,6,7
80452,8,7
80455,1,7
80456,6,7
80457,10,7
80460,11,7
80461,6,7
80462,8,7
80463,11,7
80464,2,7
80467,2,7
80469,1,7
80471,0,7
80472,2,7
80473,5,7
80475,2,7
80476,10,7
80478,3,7
80479,8,7
80481,11,7
80482,0,7
80483,8,7
80484,2,7
80485,1,7
80486,2,7
80487,3,7
80489,5,7
80490,5,7
80491,11,7
80493,4,7
80494,5,7
80495,5,7
80496,6,7
80497,5,7
80498,4,7
80499,4,7
80501,0,7
80503,8,7
80504,6,7
80505,2,7
80507,6,7
80509,3,7
80510,4,7
80512,4,7
80513,2,7
80514,0,7
80515,2,7
80517,2,7
80525,11,7
80527,8,7
80529,2,7
80530,8,7
80531,6,7
80533,8,7
80534,8,7
80536,5,7
80537,1,7
80539,2,7
80540,6,7
80542,4,7
80544,1,7
80545,6,7
80546,1,7
80547,3,7
80549,1,7
80550,8,7
80553,6,7
80555,2,7
80556,2,7
80557,4,7
80558,6,7
80561,4,7
80566,0,7
80567,0,7
80568,6,7
80569,7,7
80572,4,7
80573,8,7
80574,5,7
80579,9,7
80580,5,7
80581,5,7
80582,11,7
80584,6,7
80590,10,7
80592,1,7
80593,6,7
80594,4,7
80595,0,7
80597,11,7
80599,2,7
80600,2,7
80603,2,7
80606,9,7
80608,6,7
80609,10,7
80611,1,7
80612,0,7
80613,5,7
80615,2,7
80616,5,7
80617,1,7
80621,6,7
80622,3,7
80624,4,7
80625,2,7
80627,2,7
80628,6,7
80629,2,7
80631,2,7
80635,0,7
80638,5,7
80640,6,7
80643,6,7
80644,6,7
80646,8,7
80647,8,7
80648,6,7
80649,6,7
80653,1,7
80654,8,7
80656,11,7
80660,1,7
80666,11,7
80667,6,7
80668,11,7
80675,2,7
80676,11,7
80677,8,7
80680,3,7
80681,8,7
80683,8,7
80684,0,7
80686,8,7
80689,11,7
80690,8,7
80694,4,7
80696,8,7
80698,1,7
80699,4,7
80700,0,7
80701,6,7
80708,8,7
80710,1,7
80711,8,7
80712,4,7
80713,8,7
80714,8,7
80715,5,7
80718,8,7
80721,8,7
80724,8,7
80726,0,7
80727,3,7
80728,6,7
80743,8,7
80744,5,7
80747,8,7
80749,10,7
80750,1,7
80752,10,7
80753,8,7
80756,1,7
80757,0,7
80759,0,7
80760,5,7
80761,1,7
80762,8,7
80767,1,7
80768,8,7
80772,11,7
80776,8,7
80778,0,7
80779,8,7
80782,0,7
80783,0,7
80785,7,7
80787,11,7
80794,5,7
80796,6,7
80800,1,7
80802,2,7
80805,7,7
80808,4,7
80814,6,7
80816,4,7
80817,1,7
80822,10,7
80824,8,7
80827,1,7
80828,11,7
80829,11,7
80832,9,7
80834,5,7
80836,11,7
80837,2,7
80838,2,7
80841,2,7
80845,7,7
80847,0,7
80848,4,7
80849,4,7
80851,2,7
80853,10,7
80855,4,7
80860,5,7
80862,5,7
80864,8,7
80870,2,7
80871,4,7
80874,9,7
80877,10,7
80878,2,7
80881,9,7
80883,3,7
80886,7,7
80889,10,7
80890,4,7
80891,0,7
80892,2,7
80894,5,7
80895,4,7
80897,0,7
80899,2,7
80906,10,7
80912,10,7
80914,4,7
80915,9,7
80916,6,7
80917,5,7
80918,1,7
80919,2,7
80920,8,7
80921,2,7
80923,5,7
80924,8,7
80925,11,7
80926,10,7
80927,3,7
80928,1,7
80929,0,7
80933,0,7
80935,2,7
80936,6,7
80939,4,7
80940,7,7
80943,5,7
80944,4,7
80948,2,7
80949,1,7
80951,4,7
80953,10,7
80954,4,7
80958,6,7
80959,1,7
80961,1,7
80962,6,7
80963,4,7
80964,2,7
80965,10,7
80966,2,7
80968,2,7
80970,2,7
80971,0,7
80975,2,7
80977,1,7
80980,10,7
80987,2,7
80991,2,7
80993,10,7
80994,2,7
80995,11,7
80996,4,7
80998,10,7
80999,6,7
81000,1,7
81001,0,7
81002,0,7
81011,3,7
81013,0,7
81014,6,7
81016,0,7
81017,2,7
81020,0,7
81021,2,7
81024,8,7
81025,0,7
81026,11,7
81027,0,7
81028,2,7
81030,2,7
81031,10,7
81033,10,7
81034,8,7
81035,8,7
81036,4,7
81037,3,7
81038,5,7
81039,2,7
81041,2,7
81044,10,7
81045,3,7
81052,11,7
81053,3,7
81054,8,7
81056,3,7
81057,11,7
81058,8,7
81059,5,7
81062,0,7
81063,4,7
81064,2,7
81065,0,7
81066,0,7
81068,8,7
81069,3,7
81073,8,7
81074,1,7
81077,11,7
81079,5,7
81083,10,7
81085,0,7
81087,0,7
81089,2,7
81092,0,7
81094,6,7
81095,4,7
81096,0,7
81100,4,7
81102,8,7
81104,9,7
81108,3,7
81109,0,7
81115,0,7
81116,6,7
81119,3,7
81120,4,7
81124,4,7
81127,9,7
81128,10,7
81129,11,7
81130,8,7
81133,0,7
81134,2,7
81135,0,7
81137,0,7
81140,3,7
81141,8,7
81143,1,7
81145,4,7
81148,10,7
81150,8,7
81151,3,7
81154,6,7
81157,4,7
81158,10,7
81160,6,7
81162,4,7
81164,4,7
81167,5,7
81168,0,7
81169,10,7
81172,4,7
81174,0,7
81176,4,7
81177,4,7
81179,4,7
81183,6,7
81186,6,7
81189,0,7
81192,0,7
81194,0,7
81198,10,7
81200,4,7
81202,6,7
81203,0,7
81204,4,7
81205,0,7
81206,0,7
81207,5,7
81209,9,7
81210,10,7
81213,0,7
81216,0,7
81220,6,7
81221,0,7
81222,10,7
81223,0,7
81226,4,7
81228,10,7
81229,0,7
81230,6,7
81231,6,7
81233,3,7
81239,3,7
81241,6,7
81242,3,7
81247,0,7
81248,0,7
81250,3,7
81254,9,7
81255,11,7
81261,0,7
81262,0,7
81263,9,7
81265,0,7
81266,10,7
81267,6,7
81270,4,7
81272,4,7
81273,0,7
81274,4,7
81275,0,7
81276,1,7
81277,4,7
81281,9,7
81282,10,7
81283,1,7
81286,3,7
81290,0,7
81292,4,7
81294,3,7
81295,0,7
81298,6,7
81303,4,7
81305,10,7
81306,6,7
81308,11,7
81309,0,7
81312,6,7
81313,10,7
81315,10,7
81316,6,7
81318,10,7
81319,4,7
81321,2,7
81323,6,7
81325,5,7
81327,0,7
81328,6,7
81330,10,7
81336,0,7
81337,8,7
81338,3,7
81339,8,7
81340,0,7
81341,11,7
81342,4,7
81346,4,7
81347,11,7
81350,6,7
81354,3,7
81355,1,7
81357,4,7
81358,1,7
81359,8,7
81360,8,7
81361,4,7
81362,6,7
81364,1,7
81365,3,7
81366,8,7
81369,1,7
81372,3,7
81373,5,7
81374,1,7
81375,4,7
81376,11,7
81378,5,7
81379,6,7
81381,4,7
81382,5,7
81385,4,7
81386,5,7
81388,5,7
81389,5,7
81390,11,7
81392,6,7
81393,0,7
81394,0,7
81401,3,7
81408,5,7
81409,1,7
81410,4,7
81411,2,7
81413,0,7
81415,5,7
81416,10,7
81419,5,7
81421,0,7
81425,4,7
81427,0,7
81429,8,7
81430,0,7
81431,11,7
81432,3,7
81435,0,7
81436,3,7
81444,11,7
81446,3,7
81448,10,7
81451,11,7
81453,0,7
81454,11,7
81456,0,7
81457,0,7
81460,0,7
81461,2,7
81464,3,7
81465,4,7
81467,4,7
81472,11,7
81473,1,7
81475,3,7
81476,11,7
81477,10,7
81479,3,7
81480,4,7
81484,4,7
81485,3,7
81487,4,7
81491,3,7
81493,1,7
81495,4,7
81497,5,7
81498,11,7
81499,11,7
81501,3,7
81503,8,7
81507,3,7
81509,1,7
81511,3,7
81513,1,7
81514,11,7
81516,1,7
81517,3,7
81518,4,7
81519,2,7
81520,8,7
81521,10,7
81523,11,7
81524,5,7
81528,1,7
81530,8,7
81535,11,7
81538,10,7
81539,8,7
81544,3,7
81546,6,7
81547,1,7
81549,11,7
81555,0,7
81560,1,7
81561,0,7
81562,8,7
81563,8,7
81564,11,7
81567,2,7
81568,3,7
81572,1,7
81575,1,7
81576,1,7
81577,3,7
81579,6,7
81581,1,7
81582,11,7
81585,4,7
81586,3,7
81587,8,7
81589,2,7
81590,4,7
81591,1,7
81592,1,7
81593,0,7
81594,3,7
81595,3,7
81599,1,7
81601,1,7
81603,5,7
81605,4,7
81607,0,7
81608,11,7
81610,8,7
81612,0,7
81613,4,7
81616,8,7
81624,0,7
81627,11,7
81628,0,7
81629,3,7
81630,8,7
81631,6,7
81632,0,7
81634,4,7
81635,3,7
81637,6,7
81640,0,7
81642,10,7
81643,6,7
81645,3,7
81646,1,7
81647,8,7
81648,5,7
81649,8,7
81651,1,7
81652,10,7
81654,4,7
81656,8,7
81657,2,7
81659,8,7
81661,6,7
81663,6,7
81666,0,7
81667,3,7
81670,1,7
81671,1,7
81674,11,7
81676,3,7
81677,8,7
81682,2,7
81683,2,7
81687,6,7
81690,1,7
81691,0,7
81692,8,7
81695,4,7
81698,8,7
81699,8,7
81700,6,7
81705,7,7
81708,1,7
81710,6,7
81711,8,7
81716,1,7
81717,3,7
81721,3,7
81723,8,7
81724,11,7
81725,5,7
81728,0,7
81733,6,7
81735,8,7
81737,0,7
81739,7,7
81740,10,7
81742,8,7
81743,10,7
81744,3,7
81745,3,7
81746,10,7
81747,5,7
81750,0,7
81753,7,7
81755,1,7
81756,1,7
81757,0,7
81760,7,7
81761,4,7
81762,8,7
81763,11,7
81764,1,7
81766,11,7
81770,6,7
81771,8,7
81772,0,7
81774,3,7
81776,0,7
81777,1,7
81779,8,7
81784,7,7
81785,1,7
81786,1,7
81790,8,7
81792,7,7
81794,2,7
81796,1,7
81800,5,7
81801,0,7
81805,11,7
81807,3,7
81808,11,7
81809,6,7
81810,4,7
81811,5,7
81814,8,7
81815,11,7
81817,8,7
81819,8,7
81821,0,7
81822,8,7
81823,3,7
81824,7,7
81825,8,7
81827,3,7
81831,3,7
81833,1,7
81834,8,7
81838,4,7
81839,4,7
81841,1,7
81846,4,7
81847,3,7
81848,8,7
81849,3,7
81850,8,7
81854,11,7
81855,3,7
81857,8,7
81858,3,7
81860,6,7
81862,3,7
81863,3,7
81865,3,7
81869,8,7
81870,6,7
81873,11,7
81874,6,7
81879,1,7
81880,0,7
81881,5,7
81883,8,7
81884,0,7
81887,2,7
81890,10,7
81891,6,7
81892,8,7
81893,6,7
81894,3,7
81895,3,7
81896,0,7
81900,11,7
81901,3,7
81903,5,7
81910,10,7
81911,11,7
81913,6,7
81915,0,7
81917,8,7
81920,6,7
81927,1,7
81928,11,7
81934,6,7
81935,10,7
81936,0,7
81939,0,7
81940,1,7
81944,3,7
81946,4,7
81947,0,7
81949,0,7
81953,1,7
81954,1,7
81955,8,7
81960,0,7
81962,3,7
81965,4,7
81966,1,7
81967,1,7
81971,1,7
81975,11,7
81977,0,7
81983,0,7
81986,0,7
81988,0,7
81992,0,7
81995,3,7
81997,0,7
82000,0,7
82003,0,7
82004,3,7
82007,5,7
82008,11,7
82014,3,7
82017,4,7
82019,3,7
82022,10,7
82023,11,7
82024,11,7
82030,5,7
82033,0,7
82034,8,7
82036,4,7
82038,6,7
82039,1,7
82040,6,7
82042,6,7
82045,0,7
82048,7,7
82049,4,7
82051,5,7
82052,5,7
82053,10,7
82056,8,7
82057,7,7
82059,5,7
82061,6,7
82064,6,7
82065,6,7
82066,4,7
82071,7,7
82073,5,7
82075,10,7
82079,0,7
82081,8,7
82082,1,7
82083,1,7
82084,8,7
82087,3,7
82088,7,7
82089,11,7
82091,1,7
82092,4,7
82097,10,7
82098,6,7
82099,11,7
82101,8,7
82102,0,7
82105,3,7
82106,3,7
82108,10,7
82112,10,7
82114,1,7
82116,1,7
82117,4,7
82119,4,7
82120,1,7
82121,4,7
82124,11,7
82125,10,7
82127,1,7
82128,1,7
82133,3,7
82138,1,7
82139,0,7
82141,10,7
82148,1,7
82149,10,7
82150,5,7
82151,1,7
82154,11,7
82157,10,7
82160,0,7
82162,3,7
82163,8,7
82167,10,7
82171,1,7
82175,4,7
82177,11,7
82178,1,7
82179,10,7
82181,5,7
82182,11,7
82183,10,7
82185,10,7
82186,0,7
82187,10,7
82188,4,7
82192,2,7
82193,0,7
82194,3,7
82195,11,7
82199,0,7
82200,0,7
82202,0,7
82204,3,7
82206,0,7
82207,4,7
82209,2,7
82210,2,7
82211,2,7
82213,3,7
82217,0,7
82218,10,7
82219,11,7
82220,11,7
82221,3,7
82222,10,7
82223,10,7
82224,11,7
82225,11,7
82226,11,7
82228,0,7
82229,11,7
82231,4,7
82235,4,7
82236,10,7
82237,10,7
82239,11,7
82241,3,7
82242,6,7
82244,8,7
82245,0,7
82247,6,7
82248,8,7
82250,0,7
82251,8,7
82252,5,7
82253,8,7
82254,10,7
82255,6,7
82258,8,7
82261,4,7
82262,0,7
82265,0,7
82268,10,7
82271,6,7
82272,6,7
82273,0,7
82274,5,7
82278,6,7
82280,8,7
82281,6,7
82282,0,7
82288,4,7
82293,11,7
82296,6,7
82298,3,7
82299,6,7
82300,6,7
82306,3,7
82307,3,7
82308,3,7
82312,11,7
82313,6,7
82314,2,7
82316,11,7
82319,3,7
82321,1,7
82322,6,7
82326,2,7
82327,3,7
82329,8,7
82330,5,7
82331,0,7
82333,2,7
82334,3,7
82337,6,7
82339,3,7
82340,0,7
82341,4,7
82343,3,7
82344,4,7
82346,6,7
82348,5,7
82351,0,7
82352,2,7
82353,0,7
82354,3,7
82360,1,7
82363,0,7
82365,0,7
82370,0,7
82372,3,7
82373,0,7
82374,3,7
82377,3,7
82387,0,7
82389,4,7
82391,8,7
82392,3,7
82394,0,7
82396,0,7
82400,2,7
82401,3,7
82402,2,7
82403,3,7
82405,0,7
82406,1,7
82407,0,7
82414,0,7
82415,3,7
82416,0,7
82417,11,7
82419,3,7
82420,3,7
82422,3,7
82423,4,7
82424,2,7
82425,0,7
82430,0,7
82433,3,7
82435,10,7
82436,3,7
82438,10,7
82439,3,7
82441,0,7
82442,0,7
82443,11,7
82444,0,7
82445,8,7
82446,6,7
82449,0,7
82451,6,7
82454,6,7
82455,6,7
82457,6,7
82459,6,7
82461,5,7
82462,1,7
82463,1,7
82466,11,7
82469,6,7
82470,6,7
82473,6,7
82474,6,7
82477,6,7
82479,6,7
82480,6,7
82481,10,7
82482,6,7
82483,6,7
82484,6,7
82490,6,7
82491,6,7
82492,6,7
82493,6,7
82496,8,7
82499,6,7
82506,6,7
82510,6,7
82512,6,7
82513,6,7
82514,6,7
82515,6,7
82518,1,7
82519,6,7
82521,11,7
82526,3,7
82527,6,7
82529,3,7
82530,11,7
82535,3,7
82536,3,7
82537,4,7
82539,2,7
82541,5,7
82546,2,7
82549,2,7
82550,0,7
82551,2,7
82552,3,7
82553,2,7
82555,5,7
82556,6,7
82557,6,7
82559,6,7
82560,6,7
82561,6,7
82563,3,7
82564,6,7
82567,6,7
82570,6,7
82571,6,7
82572,6,7
82574,6,7
82577,11,7
82578,6,7
82580,6,7
82584,5,7
82585,6,7
82587,6,7
82592,6,7
82593,6,7
82596,6,7
82599,11,7
82601,6,7
82604,3,7
82605,4,7
82607,0,7
82608,6,7
82613,0,7
82616,5,7
82622,2,7
82623,11,7
82624,6,7
82628,6,7
82634,6,7
82635,4,7
82639,8,7
82642,5,7
82645,10,7
82648,2,7
82651,4,7
82652,6,7
82653,11,7
82654,8,7
82655,1,7
82656,4,7
82657,6,7
82660,5,7
82662,6,7
82663,10,7
82664,6,7
82668,2,7
82669,8,7
82670,6,7
82671,5,7
82672,5,7
82676,8,7
82677,11,7
82679,0,7
82682,8,7
82683,5,7
82684,0,7
82686,8,7
82688,5,7
82690,6,7
82691,6,7
82693,11,7
82696,1,7
82697,0,7
82698,2,7
82699,1,7
82700,1,7
82701,6,7
82703,9,7
82704,10,7
82705,5,7
82707,10,7
82708,8,7
82712,1,7
82713,8,7
82714,1,7
82715,8,7
82716,5,7
82717,11,7
82718,11,7
82719,6,7
82725,6,7
82727,6,7
82728,3,7
82729,11,7
82730,8,7
82731,6,7
82732,5,7
82734,11,7
82738,11,7
82739,6,7
82741,6,7
82743,6,7
82751,0,7
82754,3,7
82755,5,7
82756,1,7
82757,11,7
82763,11,7
82765,11,7
82766,6,7
82767,11,7
82769,1,7
82771,8,7
82772,6,7
82773,6,7
82776,11,7
82782,6,7
82783,8,7
82786,0,7
82788,6,7
82792,3,7
82795,3,7
82801,1,7
82802,1,7
82803,11,7
82804,8,7
82807,0,7
82808,6,7
82813,1,7
82815,8,7
82816,10,7
82819,6,7
82822,8,7
82826,8,7
82827,6,7
82828,6,7
82829,0,7
82830,3,7
82835,0,7
82836,7,7
82840,8,7
82841,5,7
82842,11,7
82849,6,7
82850,1,7
82851,6,7
82852,6,7
82853,6,7
82854,6,7
82859,4,7
82860,6,7
82863,6,7
82864,5,7
82865,6,7
82869,6,7
82871,8,7
82874,3,7
82875,5,7
82881,6,7
82883,0,7
82884,8,7
82885,3,7
82888,0,7
82889,0,7
82890,3,7
82893,1,7
82894,11,7
82897,0,7
82898,2,7
82899,11,7
82900,1,7
82903,8,7
82905,10,7
82907,2,7
82908,3,7
82914,0,7
82919,8,7
82920,8,7
82921,1,7
82922,8,7
82923,8,7
82925,0,7
82929,1,7
82930,8,7
82931,11,7
82933,1,7
82934,3,7
82939,1,7
82940,1,7
82941,6,7
82943,11,7
82944,1,7
82945,11,7
82946,5,7
82947,1,7
82950,10,7
82951,0,7
82952,0,7
82957,5,7
82958,5,7
82959,11,7
82960,0,7
82962,3,7
82964,8,7
82965,0,7
82968,1,7
82972,8,7
82973,11,7
82976,11,7
82977,6,7
82982,8,7
82988,8,7
82991,10,7
82992,10,7
82997,0,7
83001,2,7
83003,7,7
83005,5,7
83006,6,7
83009,0,7
83010,3,7
83011,1,7
83012,10,7
83013,4,7
83015,10,7
83016,1,7
83017,4,7
83020,8,7
83025,1,7
83027,0,7
83031,10,7
83034,0,7
83035,5,7
83036,10,7
83039,6,7
83040,8,7
83041,10,7
83044,6,7
83048,8,7
83050,3,7
83051,8,7
83054,6,7
83056,6,7
83058,0,7
83060,2,7
83061,11,7
83062,3,7
83066,1,7
83067,1,7
83068,8,7
83069,10,7
83070,2,7
83072,8,7
83073,1,7
83074,8,7
83076,1,7
83078,11,7
83080,8,7
83081,10,7
83084,11,7
83090,11,7
83091,10,7
83092,1,7
83093,1,7
83095,5,7
83097,11,7
83099,6,7
83107,5,7
83109,1,7
83110,6,7
83116,8,7
83120,5,7
83121,2,7
83124,1,7
83125,6,7
83126,5,7
83128,5,7
83131,8,7
83132,11,7
83133,1,7
83134,11,7
83139,10,7
83140,5,7
83141,2,7
83142,0,7
83143,2,7
83146,3,7
83149,6,7
83152,4,7
83153,2,7
83154,1,7
83155,6,7
83156,6,7
83158,1,7
83159,2,7
83162,8,7
83164,8,7
83166,0,7
83170,4,7
83171,10,7
83173,5,7
83175,10,7
83176,0,7
83179,6,7
83181,10,7
83182,1,7
83185,3,7
83187,1,7
83188,0,7
83190,8,7
83191,8,7
83193,4,7
83195,0,7
83196,1,7
83197,0,7
83198,8,7
83199,0,7
83200,4,7
83202,2,7
83204,4,7
83207,8,7
83210,10,7
83215,8,7
83217,6,7
83219,2,7
83220,10,7
83223,1,7
83225,11,7
83226,3,7
83227,1,7
83228,0,7
83229,1,7
83233,8,7
83234,11,7
83236,11,7
83238,6,7
83243,8,7
83244,1,7
83246,11,7
83247,0,7
83248,1,7
83249,11,7
83253,10,7
83256,0,7
83257,3,7
83258,5,7
83261,1,7
83263,8,7
83264,1,7
83269,6,7
83271,6,7
83277,8,7
83278,11,7
83281,11,7
83282,11,7
83283,6,7
83284,11,7
83287,6,7
83289,6,7
83292,6,7
83294,9,7
83295,2,7
83296,2,7
83298,6,7
83302,9,7
83303,6,7
83304,5,7
83305,1,7
83306,5,7
83307,8,7
83311,10,7
83313,9,7
83314,10,7
83315,6,7
83316,9,7
83325,6,7
83326,10,7
83327,6,7
83331,1,7
83334,6,7
83335,6,7
83336,6,7
83338,6,7
83339,6,7
83341,6,7
83342,6,7
83343,10,7
83345,6,7
83347,3,7
83348,10,7
83349,1,7
83350,1,7
83351,0,7
83352,1,7
83353,8,7
83355,6,7
83356,4,7
83357,3,7
83358,10,7
83359,10,7
83364,2,7
83365,4,7
83366,7,7
83367,8,7
83368,8,7
83370,6,7
83371,6,7
83373,6,7
83380,11,7
83381,5,7
83386,1,7
83388,5,7
83389,5,7
83392,5,7
83395,5,7
83398,6,7
83399,1,7
83403,6,7
83404,11,7
83406,8,7
83407,11,7
83409,11,7
83410,0,7
83413,6,7
83414,11,7
83417,6,7
83421,11,7
83422,6,7
83426,0,7
83429,8,7
83431,0,7
83432,8,7
83435,0,7
83436,6,7
83438,7,7
83439,1,7
83440,11,7
83442,1,7
83443,8,7
83444,11,7
83445,1,7
83450,1,7
83452,11,7
83453,0,7
83454,1,7
83455,8,7
83458,3,7
83459,0,7
83461,10,7
83462,7,7
83463,8,7
83464,6,7
83467,1,7
83469,4,7
83470,10,7
83471,1,7
83473,6,7
83474,0,7
83475,5,7
83476,1,7
83477,3,7
83479,5,7
83484,6,7
83485,9,7
83486,4,7
83489,4,7
83491,1,7
83493,11,7
83495,1,7
83497,9,7
83498,6,7
83501,1,7
83502,0,7
83503,5,7
83507,5,7
83508,9,7
83511,11,7
83513,6,7
83514,6,7
83515,6,7
83516,6,7
83517,6,7
83520,6,7
83522,5,7
83523,4,7
83525,4,7
83527,11,7
83528,6,7
83531,4,7
83537,6,7
83538,6,7
83539,6,7
83540,6,7
83541,6,7
83542,6,7
83543,6,7
83544,6,7
83545,6,7
83548,6,7
83552,2,7
83553,2,7
83554,6,7
83557,10,7
83558,11,7
83562,8,7
83563,4,7
83567,10,7
83570,6,7
83574,10,7
83575,4,7
83578,1,7
83579,10,7
83580,4,7
83584,1,7
83585,8,7
83586,10,7
83590,0,7
83592,6,7
83593,5,7
83594,1,7
83595,6,7
83599,6,7
83603,1,7
83605,3,7
83606,3,7
83607,11,7
83610,0,7
83611,6,7
83615,4,7
83616,11,7
83617,0,7
83618,6,7
83620,0,7
83621,3,7
83622,6,7
83623,4,7
83625,3,7
83627,0,7
83628,0,7
83630,4,7
83631,11,7
83632,10,7
83635,8,7
83638,0,7
83640,8,7
83644,10,7
83645,6,7
83646,11,7
83647,11,7
83648,8,7
83649,0,7
83650,2,7
83652,4,7
83657,3,7
83659,7,7
83660,8,7
83662,2,7
83664,1,7
83665,2,7
83668,5,7
83671,6,7
83672,11,7
83674,3,7
83676,11,7
83677,0,7
83678,4,7
83681,5,7
83684,8,7
83685,8,7
83686,5,7
83687,5,7
83690,5,7
83693,4,7
83695,11,7
83696,11,7
83699,1,7
83701,4,7
83702,8,7
83705,11,7
83708,4,7
83712,11,7
83713,4,7
83714,10,7
83716,4,7
83718,4,7
83719,5,7
83724,6,7
83725,4,7
83726,11,7
83727,5,7
83734,10,7
83735,5,7
83736,6,7
83739,1,7
83740,8,7
83742,0,7
83743,0,7
83744,2,7
83748,0,7
83750,1,7
83751,8,7
83752,10,7
83755,2,7
83764,2,7
83765,2,7
83769,1,7
83771,0,7
83773,0,7
83775,6,7
83776,4,7
83777,1,7
83780,8,7
83781,0,7
83783,0,7
83787,11,7
83796,0,7
83800,1,7
83802,4,7
83803,6,7
83809,0,7
83810,11,7
83811,3,7
83814,11,7
83815,1,7
83818,11,7
83819,11,7
83821,1,7
83825,1,7
83832,5,7
83834,8,7
83835,11,7
83836,0,7
83837,8,7
83839,11,7
83841,10,7
83842,10,7
83843,11,7
83844,1,7
83846,0,7
83850,10,7
83852,8,7
83853,0,7
83856,4,7
83857,4,7
83858,3,7
83859,6,7
83863,7,7
83864,10,7
83865,1,7
83866,10,7
83872,1,7
83873,11,7
83874,0,7
83875,4,7
83876,1,7
83877,6,7
83880,8,7
83883,4,7
83884,1,7
83887,10,7
83888,0,7
83889,8,7
83890,6,7
83891,10,7
83892,6,7
83895,1,7
83896,4,7
83897,11,7
83898,11,7
83901,2,7
83902,6,7
83909,1,7
83910,1,7
83911,8,7
83913,1,7
83914,3,7
83915,3,7
83918,4,7
83919,10,7
83921,8,7
83922,11,7
83923,6,7
83926,1,7
83927,1,7
83929,6,7
83932,8,7
83933,8,7
83934,8,7
83937,0,7
83941,3,7
83942,3,7
83943,2,7
83946,1,7
83950,6,7
83951,3,7
83953,6,7
83954,6,7
83955,4,7
83956,4,7
83959,8,7
83960,5,7
83962,1,7
83966,1,7
83970,5,7
83972,8,7
83974,4,7
83975,1,7
83982,11,7
83983,8,7
83989,1,7
83992,3,7
83998,7,7
84000,9,7
84001,3,7
84002,2,7
84004,11,7
84006,11,7
84007,1,7
84013,6,7
84014,10,7
84015,8,7
84016,0,7
84018,8,7
84019,5,7
84020,0,7
84022,5,7
84023,2,7
84024,6,7
84026,2,7
84028,4,7
84029,3,7
84030,3,7
84031,4,7
84032,7,7
84034,11,7
84035,2,7
84037,11,7
84041,8,7
84043,1,7
84044,10,7
84047,4,7
84049,0,7
84052,8,7
84057,6,7
84058,8,7
84060,1,7
84061,10,7
84062,8,7
84064,1,7
84067,3,7
84068,3,7
84069,5,7
84070,2,7
84072,11,7
84074,1,7
84075,3,7
84077,0,7
84081,0,7
84086,4,7
84087,8,7
84088,7,7
84090,2,7
84093,5,7
84094,9,7
84095,4,7
84096,1,7
84098,1,7
84100,3,7
84108,0,7
84110,6,7
84111,1,7
84112,5,7
84113,8,7
84114,10,7
84116,5,7
84123,0,7
84125,3,7
84127,5,7
84128,3,7
84132,3,7
84134,5,7
84136,6,7
84137,11,7
84141,10,7
84148,0,7
84150,4,7
84152,3,7
84154,11,7
84155,0,7
84158,0,7
84159,4,7
84160,3,7
84163,11,7
84166,6,7
84168,1,7
84170,1,7
84172,6,7
84175,1,7
84177,1,7
84180,1,7
84184,5,7
84185,4,7
84186,1,7
84188,0,7
84190,0,7
84191,4,7
84192,3,7
84194,4,7
84198,6,7
84200,0,7
84201,2,7
84202,8,7
84203,11,7
84207,4,7
84209,0,7
84210,0,7
84212,4,7
84213,8,7
84215,0,7
84217,10,7
84218,1,7
84219,1,7
84220,1,7
84225,8,7
84229,5,7
84231,0,7
84235,8,7
84236,7,7
84237,8,7
84239,8,7
84240,0,7
84241,1,7
84244,10,7
84245,11,7
84247,2,7
84248,11,7
84250,8,7
84251,11,7
84253,0,7
84254,4,7
84256,8,7
84259,8,7
84261,0,7
84264,3,7
84265,1,7
84266,0,7
84267,4,7
84271,0,7
84272,8,7
84276,8,7
84277,0,7
84278,6,7
84279,11,7
84280,4,7
84281,1,7
84286,4,7
84287,6,7
84288,1,7
84293,7,7
84295,5,7
84299,4,7
84300,11,7
84302,0,7
84305,4,7
84306,11,7
84308,5,7
84309,4,7
84316,11,7
84319,3,7
84320,10,7
84322,5,7
84323,1,7
84324,5,7
84325,6,7
84327,2,7
84330,10,7
84333,5,7
84334,8,7
84336,4,7
84337,0,7
84340,9,7
84343,2,7
84345,4,7
84348,1,7
84349,4,7
84350,3,7
84351,4,7
84354,5,7
84355,1,7
84357,10,7
84359,4,7
84362,9,7
84365,10,7
84368,4,7
84369,3,7
84372,8,7
84373,4,7
84374,0,7
84376,2,7
84377,4,7
84378,6,7
84380,0,7
84382,8,7
84384,4,7
84387,8,7
84389,4,7
84391,9,7
84392,9,7
84395,3,7
84396,2,7
84400,3,7
84406,8,7
84408,3,7
84409,4,7
84410,10,7
84412,6,7
84413,6,7
84424,3,7
84426,6,7
84427,4,7
84429,3,7
84436,8,7
84439,11,7
84440,5,7
84441,0,7
84445,4,7
84447,10,7
84449,3,7
84450,0,7
84453,5,7
84454,1,7
84456,2,7
84459,2,7
84460,3,7
84461,3,7
84462,7,7
84463,4,7
84464,11,7
84465,0,7
84466,8,7
84467,4,7
84470,1,7
84473,2,7
84474,0,7
84479,0,7
84480,1,7
84483,6,7
84484,0,7
84490,0,7
84491,2,7
84493,6,7
84494,2,7
84495,2,7
84497,2,7
84498,4,7
84501,5,7
84502,4,7
84505,3,7
84506,3,7
84508,8,7
84509,1,7
84512,0,7
84513,3,7
84515,0,7
84520,3,7
84521,1,7
84522,11,7
84527,8,7
84528,4,7
84529,3,7
84533,3,7
84535,10,7
84536,3,7
84537,3,7
84539,11,7
84540,11,7
84542,4,7
84545,0,7
84546,10,7
84548,11,7
84550,11,7
84552,10,7
84556,2,7
84559,3,7
84560,10,7
84562,11,7
84563,5,7
84564,3,7
84570,4,7
84572,3,7
84574,0,7
84575,10,7
84576,1,7
84580,1,7
84582,0,7
84588,3,7
84591,8,7
84592,2,7
84593,0,7
84594,1,7
84595,5,7
84597,1,7
84598,3,7
84601,10,7
84605,6,7
84610,3,7
84611,8,7
84616,10,7
84617,3,7
84620,6,7
84622,0,7
84623,0,7
84625,0,7
84626,10,7
84630,2,7
84634,0,7
84635,3,7
84638,0,7
84641,11,7
84642,0,7
84643,3,7
84644,0,7
84645,10,7
84646,10,7
84647,9,7
84649,4,7
84652,0,7
84653,0,7
84655,3,7
84656,8,7
84657,0,7
84660,4,7
84661,0,7
84666,6,7
84668,6,7
84672,8,7
84675,4,7
84677,3,7
84678,0,7
84682,8,7
84686,4,7
84687,9,7
84693,0,7
84696,0,7
84697,8,7
84699,0,7
84701,10,7
84702,6,7
84704,4,7
84705,3,7
84706,0,7
84709,5,7
84713,11,7
84714,4,7
84715,5,7
84716,5,7
84718,8,7
84721,1,7
84722,11,7
84724,1,7
84729,4,7
84732,3,7
84733,0,7
84735,2,7
84737,0,7
84738,3,7
84744,3,7
84746,0,7
84747,0,7
84749,5,7
84751,4,7
84752,3,7
84753,0,7
84756,1,7
84757,1,7
84758,0,7
84759,8,7
84760,8,7
84763,10,7
84764,6,7
84772,0,7
84775,5,7
84778,11,7
84779,6,7
84780,3,7
84781,4,7
84786,0,7
84792,3,7
84797,4,7
84798,5,7
84799,4,7
84800,0,7
84801,0,7
84802,4,7
84803,0,7
84804,11,7
84805,0,7
84807,0,7
84809,8,7
84810,0,7
84812,4,7
84814,0,7
84815,9,7
84818,6,7
84819,4,7
84820,0,7
84822,3,7
84823,0,7
84824,5,7
84825,5,7
84827,4,7
84828,11,7
84830,11,7
84833,11,7
84835,11,7
84837,9,7
84838,11,7
84839,6,7
84840,3,7
84841,3,7
84842,6,7
84843,3,7
84845,8,7
84847,11,7
84849,4,7
84852,0,7
84854,11,7
84855,1,7
84856,0,7
84858,9,7
84859,0,7
84863,5,7
84864,5,7
84865,0,7
84867,0,7
84868,8,7
84869,8,7
84870,1,7
84871,4,7
84872,5,7
84873,5,7
84875,8,7
84877,1,7
84879,3,7
84882,0,7
84883,10,7
84884,6,7
84885,6,7
84886,1,7
84888,8,7
84890,0,7
84893,6,7
84895,5,7
84898,8,7
84900,4,7
84901,4,7
84903,3,7
84905,1,7
84907,3,7
84908,0,7
84909,1,7
84913,11,7
84914,0,7
84915,6,7
84917,4,7
84919,6,7
84920,11,7
84921,11,7
84922,8,7
84923,8,7
84924,2,7
84926,0,7
84928,4,7
84929,0,7
84931,6,7
84935,3,7
84936,0,7
84939,5,7
84940,1,7
84947,6,7
84948,8,7
84950,6,7
84951,11,7
84953,5,7
84955,6,7
84957,8,7
84958,6,7
84959,1,7
84960,5,7
84961,0,7
84963,8,7
84965,8,7
84967,8,7
84969,8,7
84972,5,7
84974,8,7
84975,8,7
84979,8,7
84980,8,7
84982,0,7
84984,5,7
84986,5,7
84987,11,7
84988,3,7
84989,11,7
84992,3,7
84993,3,7
84994,5,7
84996,0,7
84997,8,7
84998,0,7
85002,10,7
85004,4,7
85005,11,7
85007,4,7
85008,5,7
85009,4,7
85011,8,7
85012,9,7
85014,8,7
85019,6,7
85020,5,7
85021,6,7
85022,8,7
85023,8,7
85025,1,7
85027,6,7
85028,1,7
85030,8,7
85031,4,7
85032,8,7
85034,8,7
85036,8,7
85039,8,7
85040,8,7
85043,8,7
85045,1,7
85046,1,7
85048,8,7
85054,8,7
85057,1,7
85059,0,7
85060,5,7
85061,6,7
85062,5,7
85064,0,7
85066,0,7
85068,8,7
85069,5,7
85070,11,7
85072,8,7
85073,8,7
85074,1,7
85077,8,7
85079,11,7
85082,3,7
85083,8,7
85084,11,7
85086,1,7
85088,1,7
85093,8,7
85094,6,7
85095,1,7
85097,8,7
85099,8,7
85100,8,7
85102,1,7
85104,5,7
85108,2,7
85109,1,7
85110,5,7
85113,5,7
85115,0,7
85118,8,7
85127,8,7
85129,1,7
85130,5,7
85131,8,7
85136,6,7
85138,5,7
85139,1,7
85142,5,7
85154,8,7
85157,8,7
85159,4,7
85164,5,7
85167,0,7
85168,8,7
85170,4,7
85173,10,7
85174,0,7
85176,9,7
85180,7,7
85181,0,7
85183,4,7
85185,6,7
85186,3,7
85187,10,7
85188,1,7
85189,10,7
85190,3,7
85191,7,7
85194,0,7
85196,1,7
85198,11,7
85199,10,7
85200,1,7
85203,4,7
85207,2,7
85208,10,7
85210,0,7
85213,7,7
85215,0,7
85217,8,7
85218,4,7
85220,3,7
85221,2,7
85222,3,7
85225,3,7
85227,3,7
85229,3,7
85231,4,7
85232,10,7
85233,2,7
85234,4,7
85235,3,7
85236,10,7
85241,1,7
85243,3,7
85246,3,7
85247,3,7
85248,3,7
85249,3,7
85250,3,7
85252,3,7
85253,3,7
85254,3,7
85255,11,7
85257,3,7
85262,3,7
85263,3,7
85264,6,7
85265,4,7
85267,3,7
85270,4,7
85274,1,7
85275,8,7
85277,10,7
85278,4,7
85281,8,7
85282,0,7
85286,10,7
85288,11,7
85289,3,7
85290,11,7
85292,1,7
85293,0,7
85295,8,7
85296,1,7
85297,11,7
85299,11,7
85300,1,7
85301,8,7
85302,1,7
85303,0,7
85306,0,7
85307,0,7
85308,0,7
85309,0,7
85310,11,7
85313,1,7
85316,1,7
85317,0,7
85320,0,7
85321,0,7
85322,0,7
85324,0,7
85327,8,7
85330,3,7
85333,0,7
85334,0,7
85337,0,7
85338,0,7
85340,0,7
85341,0,7
85343,1,7
85344,0,7
85346,3,7
85348,0,7
85349,0,7
85352,0,7
85353,3,7
85355,3,7
85356,0,7
85358,0,7
85360,0,7
85361,8,7
85367,8,7
85372,8,7
85373,8,7
85375,8,7
85378,8,7
85383,10,7
85384,4,7
85385,5,7
85386,3,7
85387,0,7
85397,4,7
85399,11,7
85400,5,7
85404,1,7
85405,1,7
85406,10,7
85409,5,7
85411,11,7
85412,0,7
85413,2,7
85416,0,7
85417,1,7
85419,10,7
85421,11,7
85424,3,7
85428,1,7
85429,10,7
85434,10,7
85437,10,7
85439,10,7
85441,10,7
85448,7,7
85450,1,7
85452,11,7
85453,2,7
85455,10,7
85456,10,7
85461,10,7
85466,4,7
85467,0,7
85470,7,7
85471,0,7
85477,10,7
85479,3,7
85480,1,7
85482,0,7
85483,3,7
85484,1,7
85485,6,7
85492,11,7
85494,0,7
85495,1,7
85496,11,7
85498,0,7
85500,8,7
85506,1,7
85507,10,7
85508,10,7
85509,8,7
85515,10,7
85516,1,7
85517,8,7
85520,1,7
85522,10,7
85523,5,7
85531,9,7
85533,0,7
85534,0,7
85535,2,7
85536,5,7
85541,1,7
85542,5,7
85544,1,7
85545,8,7
85546,0,7
85547,0,7
85551,10,7
85552,3,7
85555,5,7
85556,11,7
85558,1,7
85559,8,7
85562,0,7
85564,10,7
85566,11,7
85568,6,7
85570,0,7
85572,2,7
85574,8,7
85576,0,7
85580,5,7
85582,11,7
85583,3,7
85585,4,7
85591,10,7
85593,4,7
85594,1,7
85596,6,7
85600,0,7
85602,0,7
85605,6,7
85608,1,7
85609,11,7
85613,0,7
85614,0,7
85618,5,7
85619,1,7
85622,10,7
85624,3,7
85625,2,7
85626,4,7
85627,1,7
85629,0,7
85630,9,7
85631,0,7
85633,6,7
85635,1,7
85636,0,7
85642,1,7
85646,0,7
85648,11,7
85650,3,7
85652,1,7
85653,10,7
85658,0,7
85662,1,7
85666,6,7
85670,0,7
85671,5,7
85672,6,7
85673,1,7
85683,2,7
85685,0,7
85688,5,7
85689,0,7
85692,8,7
85695,4,7
85696,9,7
85697,4,7
85698,6,7
85700,4,7
85702,4,7
85704,8,7
85710,6,7
85714,0,7
85715,4,7
85721,4,7
85724,1,7
85727,4,7
85730,11,7
85732,3,7
85733,11,7
85736,11,7
85737,0,7
85738,10,7
85739,11,7
85741,10,7
85742,6,7
85746,0,7
85747,8,7
85749,0,7
85750,11,7
85752,4,7
85753,8,7
85754,11,7
85755,11,7
85758,5,7
85760,8,7
85762,8,7
85764,8,7
85766,4,7
85768,8,7
85769,8,7
85770,6,7
85773,11,7
85775,4,7
85776,11,7
85777,5,7
85780,1,7
85783,3,7
85790,1,7
85791,3,7
85792,5,7
85796,1,7
85800,5,7
85802,1,7
85803,1,7
85806,1,7
85807,4,7
85808,3,7
85809,4,7
85815,4,7
85816,4,7
85817,1,7
85819,6,7
85821,1,7
85823,5,7
85826,1,7
85827,1,7
85829,1,7
85832,4,7
85833,1,7
85835,4,7
85837,11,7
85839,1,7
85840,1,7
85845,11,7
85846,4,7
85847,1,7
85851,4,7
85852,3,7
85855,11,7
85856,1,7
85857,6,7
85860,1,7
85861,1,7
85864,11,7
85866,4,7
85868,1,7
85869,0,7
85870,11,7
85871,1,7
85872,6,7
85873,0,7
85877,11,7
85878,8,7
85880,3,7
85882,0,7
85884,6,7
85885,2,7
85888,3,7
85890,5,7
85893,1,7
85895,2,7
85897,11,7
85899,0,7
85900,11,7
85904,6,7
85905,1,7
85906,0,7
85907,11,7
85908,1,7
85911,4,7
85912,4,7
85917,0,7
85918,2,7
85919,4,7
85921,2,7
85923,11,7
85924,11,7
85926,1,7
85934,11,7
85935,6,7
85939,11,7
85942,4,7
85943,6,7
85944,6,7
85946,6,7
85949,3,7
85950,11,7
85952,4,7
85955,5,7
85960,10,7
85963,11,7
85964,11,7
85965,6,7
85969,4,7
85970,6,7
85974,0,7
85976,2,7
85978,10,7
85979,1,7
85980,10,7
85986,11,7
85989,0,7
85995,8,7
85997,1,7
86000,4,7
86001,2,7
86002,4,7
86003,0,7
86004,0,7
86007,1,7
86010,0,7
86011,6,7
86014,1,7
86015,8,7
86016,10,7
86017,3,7
86018,1,7
86021,3,7
86023,4,7
86030,0,7
86031,10,7
86032,11,7
86034,11,7
86035,11,7
86039,5,7
86040,8,7
86042,4,7
86043,1,7
86044,1,7
86045,4,7
86046,8,7
86048,8,7
86049,5,7
86050,8,7
86052,0,7
86057,4,7
86058,11,7
86059,6,7
86060,8,7
86065,3,7
86067,1,7
86073,6,7
86075,0,7
86076,0,7
86078,0,7
86080,2,7
86082,11,7
86083,11,7
86085,10,7
86088,8,7
86094,6,7
86096,8,7
86097,4,7
86100,6,7
86104,0,7
86106,10,7
86109,8,7
86110,3,7
86113,8,7
86114,6,7
86116,3,7
86117,2,7
86119,4,7
86127,0,7
86132,8,7
86136,3,7
86138,1,7
86140,8,7
86141,0,7
86142,0,7
86144,6,7
86146,11,7
86147,5,7
86149,1,7
86150,6,7
86152,6,7
86154,6,7
86157,1,7
86159,4,7
86160,2,7
86161,6,7
86162,3,7
86165,2,7
86167,1,7
86171,8,7
86172,6,7
86174,0,7
86175,8,7
86177,0,7
86178,5,7
86179,0,7
86180,6,7
86181,8,7
86185,8,7
86187,4,7
86189,11,7
86190,6,7
86192,2,7
86193,0,7
86195,8,7
86196,10,7
86197,3,7
86198,4,7
86200,5,7
86203,3,7
86208,6,7
86209,1,7
86211,6,7
86212,4,7
86214,3,7
86215,10,7
86219,0,7
86220,5,7
86221,3,7
86222,11,7
86223,6,7
86225,1,7
86233,1,7
86234,1,7
86236,6,7
86237,0,7
86239,4,7
86241,1,7
86245,0,7
86248,3,7
86251,0,7
86252,4,7
86253,3,7
86256,8,7
86257,4,7
86259,2,7
86262,0,7
86265,10,7
86266,11,7
86267,11,7
86273,11,7
86276,5,7
86277,2,7
86279,4,7
86280,4,7
86281,6,7
86283,4,7
86284,6,7
86286,8,7
86287,6,7
86288,4,7
86289,10,7
86290,4,7
86291,10,7
86293,8,7
86294,8,7
86298,3,7
86299,0,7
86300,9,7
86301,1,7
86303,10,7
86305,2,7
86306,2,7
86307,8,7
86309,0,7
86311,8,7
86312,1,7
86313,8,7
86316,0,7
86317,4,7
86320,11,7
86323,9,7
86326,1,7
86329,0,7
86330,11,7
86331,5,7
86333,1,7
86337,5,7
86340,11,7
86341,5,7
86342,6,7
86343,6,7
86344,0,7
86345,6,7
86349,0,7
86351,6,7
86352,6,7
86353,11,7
86355,11,7
86357,1,7
86358,8,7
86360,6,7
86362,8,7
86366,11,7
86369,8,7
86371,11,7
86372,4,7
86374,0,7
86375,8,7
86384,0,7
86385,4,7
86388,8,7
86390,6,7
86391,1,7
86392,4,7
86393,0,7
86396,5,7
86397,5,7
86399,4,7
86400,3,7
86405,4,7
86407,11,7
86408,1,7
86409,4,7
86410,5,7
86411,5,7
86412,5,7
86418,11,7
86420,1,7
86423,2,7
86424,0,7
86425,0,7
86426,3,7
86428,1,7
86429,8,7
86431,1,7
86432,6,7
86434,5,7
86440,11,7
86441,4,7
86443,4,7
86446,3,7
86448,11,7
86449,1,7
86451,1,7
86452,1,7
86453,1,7
86454,1,7
86456,1,7
86458,1,7
86460,1,7
86463,1,7
86464,1,7
86468,10,7
86471,8,7
86472,1,7
86473,1,7
86476,1,7
86479,1,7
86480,1,7
86481,1,7
86482,1,7
86485,1,7
86490,10,7
86491,11,7
86492,1,7
86493,1,7
86499,8,7
86500,10,7
86502,1,7
86505,1,7
86506,1,7
86507,8,7
86508,1,7
86510,8,7
86512,1,7
86513,1,7
86514,10,7
86515,8,7
86517,2,7
86521,1,7
86523,8,7
86524,1,7
86525,1,7
86527,1,7
86528,1,7
86531,1,7
86532,1,7
86533,1,7
86535,1,7
86536,10,7
86537,1,7
86539,1,7
86540,1,7
86541,5,7
86542,1,7
86546,1,7
86547,8,7
86550,10,7
86552,5,7
86554,6,7
86556,5,7
86558,4,7
86560,8,7
86562,6,7
86571,0,7
86572,2,7
86575,7,7
86579,1,7
86581,4,7
86582,4,7
86583,4,7
86584,8,7
86586,1,7
86587,1,7
86591,8,7
86592,4,7
86594,0,7
86595,10,7
86596,1,7
86599,8,7
86600,10,7
86604,10,7
86605,0,7
86606,8,7
86608,2,7
86609,4,7
86614,1,7
86615,3,7
86619,7,7
86621,5,7
86622,10,7
86624,4,7
86625,5,7
86627,8,7
86629,10,7
86630,6,7
86631,1,7
86632,10,7
86633,10,7
86634,4,7
86635,5,7
86637,10,7
86638,1,7
86640,2,7
86641,6,7
86642,6,7
86643,8,7
86644,8,7
86645,8,7
86648,0,7
86651,7,7
86653,3,7
86656,4,7
86657,5,7
86658,5,7
86659,3,7
86660,5,7
86665,4,7
86666,0,7
86667,8,7
86670,4,7
86675,4,7
86677,7,7
86678,0,7
86680,8,7
86681,8,7
86683,11,7
86685,4,7
86686,4,7
86687,3,7
86688,1,7
86690,4,7
86693,8,7
86696,8,7
86697,1,7
86699,8,7
86702,6,7
86705,1,7
86706,1,7
86708,5,7
86709,8,7
86712,4,7
86721,4,7
86722,6,7
86723,5,7
86725,0,7
86726,8,7
86728,5,7
86732,3,7
86735,11,7
86737,11,7
86739,10,7
86742,4,7
86746,2,7
86747,0,7
86750,7,7
86751,6,7
86752,5,7
86755,4,7
86759,6,7
86761,8,7
86762,5,7
86765,3,7
86766,11,7
86767,8,7
86770,3,7
86771,7,7
86772,6,7
86773,11,7
86780,11,7
86785,1,7
86786,8,7
86788,11,7
86797,5,7
86798,11,7
86800,6,7
86801,11,7
86802,6,7
86806,6,7
86809,5,7
86810,11,7
86811,10,7
86812,11,7
86813,11,7
86815,4,7
86816,6,7
86817,10,7
86819,6,7
86820,4,7
86822,4,7
86824,11,7
86826,8,7
86827,8,7
86828,5,7
86830,3,7
86832,11,7
86833,6,7
86841,7,7
86842,3,7
86846,1,7
86849,4,7
86850,1,7
86855,8,7
86857,1,7
86858,5,7
86860,0,7
86861,4,7
86865,4,7
86866,11,7
86867,3,7
86870,3,7
86871,1,7
86872,11,7
86873,1,7
86874,1,7
86877,8,7
86878,4,7
86879,4,7
86880,8,7
86881,1,7
86884,4,7
86886,0,7
86888,1,7
86892,1,7
86893,5,7
86894,4,7
86895,2,7
86896,6,7
86897,3,7
86898,8,7
86899,3,7
86902,6,7
86903,11,7
86905,4,7
86910,0,7
86911,2,7
86913,3,7
86915,6,7
86917,8,7
86920,1,7
86922,8,7
86924,11,7
86926,10,7
86929,3,7
86931,8,7
86932,0,7
86933,0,7
86935,6,7
86937,8,7
86939,3,7
86943,0,7
86945,3,7
86946,0,7
86948,6,7
86949,0,7
86951,4,7
86953,4,7
86954,4,7
86955,3,7
86956,3,7
86957,11,7
86959,1,7
86960,1,7
86962,6,7
86963,4,7
86964,1,7
86965,5,7
86966,10,7
86967,1,7
86969,10,7
86970,4,7
86972,8,7
86975,10,7
86977,2,7
86979,4,7
86980,6,7
86981,11,7
86983,6,7
86985,6,7
86986,1,7
86989,10,7
86990,6,7
86991,11,7
86994,10,7
86997,8,7
86999,4,7
87002,2,7
87004,3,7
87008,3,7
87009,0,7
87013,2,7
87016,10,7
87017,1,7
87019,10,7
87021,2,7
87022,6,7
87026,4,7
87027,0,7
87028,8,7
87032,8,7
87034,2,7
87035,0,7
87036,4,7
87037,10,7
87038,11,7
87039,8,7
87040,1,7
87042,11,7
87045,4,7
87047,2,7
87048,2,7
87049,2,7
87057,10,7
87060,2,7
87064,7,7
87069,6,7
87070,10,7
87071,10,7
87074,2,7
87076,10,7
87077,10,7
87078,8,7
87080,5,7
87082,10,7
87083,10,7
87084,4,7
87085,10,7
87090,8,7
87093,2,7
87094,11,7
87100,2,7
87101,2,7
87102,10,7
87105,4,7
87107,11,7
87113,1,7
87115,10,7
87116,2,7
87117,10,7
87118,8,7
87120,3,7
87125,3,7
87126,10,7
87129,8,7
87131,2,7
87135,1,7
87138,3,7
87139,1,7
87140,0,7
87144,1,7
87145,4,7
87146,4,7
87147,10,7
87150,0,7
87152,8,7
87153,3,7
87155,4,7
87158,2,7
87159,11,7
87160,11,7
87164,2,7
87165,4,7
87166,10,7
87167,3,7
87168,2,7
87169,3,7
87170,0,7
87172,10,7
87174,2,7
87179,4,7
87181,2,7
87185,0,7
87186,3,7
87190,4,7
87191,3,7
87194,8,7
87195,2,7
87196,4,7
87197,4,7
87204,3,7
87205,0,7
87206,2,7
87207,4,7
87210,6,7
87211,0,7
87213,2,7
87214,2,7
87216,3,7
87218,10,7
87220,10,7
87222,4,7
87223,8,7
87226,2,7
87230,2,7
87232,3,7
87239,0,7
87240,10,7
87241,8,7
87242,6,7
87247,4,7
87249,2,7
87250,8,7
87252,4,7
87253,5,7
87254,4,7
87255,3,7
87256,5,7
87257,10,7
87258,2,7
87260,3,7
87261,4,7
87264,2,7
87268,8,7
87270,3,7
87271,10,7
87274,5,7
87281,4,7
87282,5,7
87283,5,7
87286,2,7
87288,11,7
87290,0,7
87294,8,7
87295,0,7
87300,2,7
87301,3,7
87302,4,7
87304,11,7
87307,10,7
87308,2,7
87309,2,7
87314,1,7
87316,11,7
87319,4,7
87322,10,7
87324,6,7
87326,10,7
87327,1,7
87334,8,7
87336,4,7
87337,4,7
87338,6,7
87339,8,7
87340,10,7
87341,5,7
87349,3,7
87350,3,7
87352,3,7
87353,3,7
87354,6,7
87357,4,7
87358,3,7
87361,11,7
87365,11,7
87370,6,7
87371,11,7
87372,11,7
87373,10,7
87374,3,7
87376,4,7
87378,11,7
87379,8,7
87381,5,7
87384,3,7
87385,6,7
87387,6,7
87389,2,7
87390,3,7
87391,1,7
87394,8,7
87395,5,7
87398,0,7
87401,6,7
87402,4,7
87403,8,7
87405,3,7
87406,3,7
87409,0,7
87411,3,7
87417,3,7
87418,5,7
87420,3,7
87422,5,7
87423,5,7
87424,3,7
87425,0,7
87429,9,7
87430,5,7
87431,5,7
87432,5,7
87433,6,7
87434,11,7
87435,5,7
87436,8,7
87439,2,7
87444,11,7
87447,6,7
87448,11,7
87449,6,7
87452,5,7
87456,0,7
87457,4,7
87461,8,7
87462,8,7
87466,3,7
87467,3,7
87469,8,7
87470,3,7
87471,1,7
87473,5,7
87476,11,7
87477,11,7
87478,2,7
87479,1,7
87482,1,7
87484,6,7
87488,0,7
87490,5,7
87491,6,7
87499,3,7
87501,8,7
87504,0,7
87507,5,7
87509,3,7
87511,2,7
87522,1,7
87523,2,7
87525,0,7
87526,11,7
87528,0,7
87529,8,7
87530,1,7
87531,5,7
87532,5,7
87536,4,7
87537,4,7
87539,5,7
87540,8,7
87541,8,7
87543,6,7
87547,5,7
87548,1,7
87549,0,7
87550,1,7
87552,1,7
87554,1,7
87555,11,7
87556,2,7
87557,4,7
87559,11,7
87561,8,7
87563,10,7
87564,8,7
87568,3,7
87569,6,7
87574,1,7
87575,0,7
87576,7,7
87577,8,7
87578,8,7
87579,1,7
87581,0,7
87583,3,7
87584,7,7
87585,3,7
87587,2,7
87588,0,7
87590,8,7
87591,8,7
87594,11,7
87600,8,7
87602,3,7
87603,3,7
87607,11,7
87610,2,7
87618,2,7
87619,7,7
87622,8,7
87624,4,7
87628,2,7
87629,0,7
87631,0,7
87633,10,7
87634,11,7
87635,2,7
87637,8,7
87641,5,7
87643,1,7
87645,8,7
87648,3,7
87649,3,7
87650,11,7
87652,3,7
87655,3,7
87657,3,7
87659,0,7
87661,1,7
87662,1,7
87664,3,7
87665,3,7
87667,10,7
87669,10,7
87671,11,7
87672,8,7
87673,5,7
87674,6,7
87676,6,7
87677,3,7
87680,10,7
87682,3,7
87683,11,7
87684,0,7
87689,1,7
87690,6,7
87691,6,7
87692,3,7
87696,10,7
87698,1,7
87699,10,7
87701,4,7
87702,0,7
87705,1,7
87707,3,7
87708,10,7
87712,3,7
87715,0,7
87716,0,7
87718,7,7
87721,11,7
87722,8,7
87723,0,7
87724,0,7
87725,0,7
87727,3,7
87732,0,7
87733,10,7
87734,10,7
87738,11,7
87739,10,7
87741,1,7
87742,11,7
87747,2,7
87748,0,7
87751,3,7
87752,4,7
87754,2,7
87756,1,7
87757,4,7
87758,8,7
87760,6,7
87761,1,7
87762,1,7
87763,0,7
87766,1,7
87768,0,7
87769,6,7
87771,8,7
87773,0,7
87774,2,7
87777,2,7
87778,6,7
87779,6,7
87780,8,7
87781,6,7
87782,1,7
87785,0,7
87787,3,7
87788,3,7
87790,3,7
87791,3,7
87792,3,7
87795,3,7
87797,3,7
87798,3,7
87799,0,7
87801,8,7
87803,4,7
87805,1,7
87808,3,7
87809,3,7
87810,6,7
87811,0,7
87812,8,7
87813,6,7
87814,0,7
87815,0,7
87816,0,7
87817,0,7
87819,6,7
87824,8,7
87826,3,7
87827,8,7
87828,3,7
87829,3,7
87830,3,7
87832,8,7
87842,0,7
87843,0,7
87845,0,7
87846,6,7
87847,1,7
87848,0,7
87849,0,7
87851,11,7
87853,0,7
87855,0,7
87856,8,7
87857,6,7
87859,6,7
87860,0,7
87862,0,7
87865,6,7
87866,0,7
87867,0,7
87868,3,7
87869,8,7
87870,6,7
87871,6,7
87875,6,7
87879,0,7
87884,9,7
87885,11,7
87887,0,7
87888,1,7
87894,8,7
87899,6,7
87900,8,7
87903,0,7
87905,6,7
87906,6,7
87907,0,7
87909,8,7
87912,8,7
87913,8,7
87914,8,7
87915,6,7
87916,8,7
87918,1,7
87919,6,7
87921,8,7
87928,5,7
87929,2,7
87930,0,7
87933,3,7
87934,8,7
87938,8,7
87940,6,7
87941,3,7
87947,3,7
87950,4,7
87951,0,7
87952,8,7
87953,5,7
87956,10,7
87957,1,7
87961,3,7
87962,3,7
87963,3,7
87966,3,7
87971,8,7
87973,8,7
87974,1,7
87978,1,7
87979,8,7
87982,4,7
87987,1,7
87989,4,7
87992,5,7
87993,5,7
87997,11,7
87998,8,7
88002,1,7
88003,1,7
88004,1,7
88005,4,7
88010,11,7
88011,6,7
88012,1,7
88013,8,7
88015,6,7
88016,6,7
88017,6,7
88018,6,7
88019,6,7
88025,8,7
88026,11,7
88028,0,7
88035,2,7
88036,6,7
88037,6,7
88038,6,7
88041,8,7
88042,10,7
88043,0,7
88044,4,7
88049,0,7
88050,4,7
88053,0,7
88054,6,7
88057,2,7
88058,6,7
88060,6,7
88061,0,7
88062,2,7
88063,8,7
88064,6,7
88065,11,7
88066,1,7
88069,10,7
88071,10,7
88073,6,7
88075,6,7
88078,1,7
88079,1,7
88081,4,7
88083,10,7
88087,6,7
88093,11,7
88097,8,7
88099,4,7
88101,8,7
88102,5,7
88103,4,7
88104,11,7
88106,3,7
88107,5,7
88108,4,7
88109,4,7
88111,0,7
88112,2,7
88113,0,7
88115,3,7
88117,2,7
88118,4,7
88120,3,7
88122,8,7
88123,4,7
88124,10,7
88125,6,7
88126,1,7
88128,11,7
88131,11,7
88132,11,7
88133,10,7
88134,1,7
88135,1,7
88137,8,7
88139,6,7
88140,6,7
88141,6,7
88142,6,7
88143,5,7
88145,6,7
88146,11,7
88149,8,7
88154,1,7
88156,3,7
88159,0,7
88160,3,7
88162,6,7
88164,3,7
88165,10,7
88166,5,7
88168,5,7
88169,5,7
88173,3,7
88174,5,7
88178,6,7
88181,11,7
88183,3,7
88185,5,7
88187,11,7
88190,1,7
88191,5,7
88192,11,7
88193,5,7
88195,5,7
88196,4,7
88197,11,7
88198,6,7
88202,6,7
88203,4,7
88205,5,7
88208,5,7
88210,11,7
88211,4,7
88212,5,7
88214,0,7
88215,11,7
88216,2,7
88221,11,7
88224,4,7
88225,3,7
88227,0,7
88230,6,7
88231,0,7
88232,0,7
88233,0,7
88234,6,7
88235,11,7
88237,3,7
88238,0,7
88241,8,7
88242,3,7
88243,6,7
88244,10,7
88245,6,7
88246,11,7
88248,1,7
88250,3,7
88251,4,7
88255,1,7
88256,10,7
88257,1,7
88264,1,7
88266,5,7
88269,11,7
88270,3,7
88271,3,7
88272,6,7
88273,6,7
88274,11,7
88276,11,7
88277,8,7
88279,8,7
88280,10,7
88281,3,7
88282,3,7
88283,3,7
88285,3,7
88286,10,7
88289,10,7
88291,3,7
88292,6,7
88293,6,7
88294,1,7
88295,6,7
88297,1,7
88299,1,7
88300,10,7
88301,8,7
88303,8,7
88308,2,7
88316,3,7
88319,3,7
88322,11,7
88324,3,7
88325,3,7
88326,1,7
88331,10,7
88332,11,7
88334,8,7
88336,4,7
88337,10,7
88341,4,7
88342,10,7
88345,11,7
88346,6,7
88347,0,7
88349,5,7
88351,10,7
88352,11,7
88354,8,7
88358,1,7
88360,11,7
88361,1,7
88362,10,7
88364,1,7
88365,4,7
88367,11,7
88368,0,7
88369,11,7
88371,10,7
88372,2,7
88373,6,7
88374,10,7
88376,1,7
88377,6,7
88378,10,7
88381,10,7
88382,10,7
88383,0,7
88384,1,7
88385,2,7
88386,11,7
88387,2,7
88389,11,7
88391,8,7
88393,0,7
88398,0,7
88400,8,7
88401,10,7
88402,3,7
88405,2,7
88406,3,7
88407,7,7
88408,0,7
88412,1,7
88414,1,7
88415,11,7
88417,3,7
88419,3,7
88421,11,7
88423,3,7
88425,8,7
88426,1,7
88430,0,7
88433,10,7
88434,6,7
88437,3,7
88448,5,7
88449,6,7
88451,0,7
88452,4,7
88453,2,7
88456,0,7
88462,8,7
88463,1,7
88466,3,7
88467,11,7
88468,10,7
88470,4,7
88474,11,7
88475,11,7
88476,0,7
88477,1,7
88479,11,7
88483,11,7
88484,11,7
88485,10,7
88486,5,7
88487,11,7
88488,0,7
88490,10,7
88491,1,7
88492,1,7
88495,10,7
88498,5,7
88504,0,7
88505,11,7
88506,0,7
88507,0,7
88508,0,7
88510,3,7
88511,7,7
88513,8,7
88514,8,7
88516,2,7
88518,3,7
88519,4,7
88521,4,7
88522,6,7
88524,1,7
88525,11,7
88532,1,7
88533,3,7
88536,0,7
88538,10,7
88539,6,7
88541,3,7
88542,8,7
88543,4,7
88546,4,7
88547,6,7
88549,0,7
88550,4,7
88552,3,7
88554,0,7
88557,0,7
88558,3,7
88563,0,7
88565,0,7
88566,2,7
88567,3,7
88569,3,7
88570,2,7
88573,0,7
88574,5,7
88581,1,7
88582,8,7
88589,0,7
88590,1,7
88591,11,7
88592,1,7
88596,1,7
88597,6,7
88599,8,7
88600,4,7
88602,3,7
88604,8,7
88605,11,7
88606,3,7
88608,10,7
88611,11,7
88613,5,7
88618,1,7
88619,3,7
88620,11,7
88622,8,7
88624,6,7
88625,0,7
88626,11,7
88627,6,7
88628,8,7
88629,6,7
88631,8,7
88632,3,7
88633,3,7
88634,5,7
88636,8,7
88637,1,7
88638,0,7
88639,3,7
88640,10,7
88642,3,7
88643,0,7
88647,1,7
88650,1,7
88651,3,7
88653,1,7
88654,6,7
88656,1,7
88659,3,7
88663,1,7
88665,6,7
88667,8,7
88669,1,7
88673,1,7
88674,10,7
88676,3,7
88677,3,7
88680,1,7
88683,0,7
88684,1,7
88685,6,7
88686,2,7
88689,3,7
88692,3,7
88693,0,7
88694,4,7
88695,2,7
88698,4,7
88701,6,7
88702,3,7
88703,10,7
88704,0,7
88706,1,7
88709,0,7
88710,10,7
88715,6,7
88716,11,7
88717,11,7
88718,3,7
88729,3,7
88734,3,7
88735,5,7
88737,8,7
88740,4,7
88742,10,7
88744,11,7
88745,0,7
88748,3,7
88749,4,7
88750,4,7
88751,11,7
88753,3,7
88754,0,7
88756,3,7
88757,2,7
88758,7,7
88759,10,7
88764,4,7
88765,4,7
88768,8,7
88769,9,7
88770,3,7
88771,4,7
88773,3,7
88778,3,7
88783,5,7
88784,10,7
88785,8,7
88786,6,7
88787,5,7
88788,0,7
88790,6,7
88792,0,7
88797,3,7
88800,0,7
88804,8,7
88805,1,7
88806,3,7
88807,10,7
88809,4,7
88810,11,7
88814,8,7
88816,3,7
88818,0,7
88819,0,7
88820,10,7
88824,8,7
88825,5,7
88826,11,7
88827,1,7
88829,8,7
88831,0,7
88832,0,7
88836,5,7
88837,1,7
88838,10,7
88840,1,7
88841,8,7
88842,11,7
88846,10,7
88847,10,7
88852,2,7
88853,3,7
88854,4,7
88855,8,7
88859,1,7
88862,1,7
88868,11,7
88870,1,7
88871,5,7
88872,1,7
88873,0,7
88876,8,7
88878,8,7
88880,8,7
88882,2,7
88886,4,7
88888,1,7
88889,4,7
88890,4,7
88892,4,7
88894,8,7
88895,1,7
88897,1,7
88899,7,7
88900,5,7
88901,11,7
88902,4,7
88903,1,7
88904,4,7
88906,4,7
88907,1,7
88909,8,7
88911,5,7
88915,1,7
88923,8,7
88924,6,7
88925,6,7
88926,10,7
88927,1,7
88928,5,7
88930,4,7
88931,4,7
88932,3,7
88933,4,7
88934,5,7
88936,8,7
88937,8,7
88941,4,7
88942,4,7
88943,4,7
88945,8,7
88946,8,7
88949,10,7
88952,3,7
88953,3,7
88954,4,7
88955,3,7
88956,4,7
88957,3,7
88958,11,7
88961,10,7
88962,8,7
88965,6,7
88968,1,7
88972,4,7
88976,4,7
88978,8,7
88981,1,7
88984,6,7
88986,11,7
88988,1,7
88989,10,7
88990,0,7
88991,3,7
88993,11,7
88994,3,7
88997,3,7
88998,10,7
88999,8,7
89001,11,7
89004,8,7
89008,6,7
89009,4,7
89012,11,7
89017,3,7
89018,3,7
89019,6,7
89021,3,7
89023,11,7
89024,1,7
89025,5,7
89028,4,7
89029,1,7
89030,11,7
89033,2,7
89035,11,7
89040,3,7
89042,0,7
89048,8,7
89053,4,7
89054,3,7
89055,8,7
89056,8,7
89057,4,7
89059,4,7
89063,0,7
89064,5,7
89068,1,7
89069,3,7
89070,10,7
89071,5,7
89072,1,7
89073,4,7
89078,3,7
89079,3,7
89082,3,7
89083,6,7
89086,3,7
89088,3,7
89091,3,7
89092,3,7
89095,3,7
89096,6,7
89098,3,7
89100,6,7
89102,3,7
89103,6,7
89104,11,7
89108,5,7
89109,5,7
89114,11,7
89117,6,7
89119,4,7
89120,6,7
89122,4,7
89124,8,7
89129,6,7
89130,11,7
89133,4,7
89136,4,7
89137,3,7
89139,1,7
89141,4,7
89142,4,7
89143,6,7
89144,4,7
89145,6,7
89146,8,7
89148,8,7
89150,5,7
89151,8,7
89154,8,7
89157,6,7
89158,6,7
89159,8,7
89161,3,7
89162,1,7
89165,3,7
89167,4,7
89168,5,7
89170,1,7
89173,4,7
89176,4,7
89179,0,7
89180,7,7
89182,8,7
89184,4,7
89185,4,7
89188,1,7
89189,6,7
89190,6,7
89191,8,7
89192,3,7
89196,5,7
89197,8,7
89200,11,7
89202,2,7
89207,11,7
89213,5,7
89215,3,7
89216,0,7
89218,4,7
89219,2,7
89220,3,7
89223,3,7
89225,7,7
89227,11,7
89230,4,7
89231,0,7
89235,4,7
89239,8,7
89244,8,7
89245,5,7
89246,0,7
89247,1,7
89248,5,7
89251,4,7
89252,11,7
89255,11,7
89256,8,7
89257,5,7
89259,1,7
89260,4,7
89263,5,7
89265,4,7
89266,5,7
89268,6,7
89270,5,7
89271,11,7
89273,8,7
89274,1,7
89275,4,7
89280,3,7
89282,8,7
89284,11,7
89286,5,7
89291,0,7
89294,5,7
89295,4,7
89296,3,7
89300,0,7
89301,3,7
89302,5,7
89303,7,7
89306,0,7
89307,8,7
89309,8,7
89310,8,7
89311,3,7
89314,4,7
89315,2,7
89320,4,7
89322,0,7
89323,5,7
89324,0,7
89325,8,7
89327,0,7
89329,0,7
89331,8,7
89332,0,7
89334,8,7
89337,4,7
89338,8,7
89340,11,7
89341,8,7
89342,11,7
89343,11,7
89345,3,7
89346,3,7
89347,11,7
89348,11,7
89350,1,7
89351,4,7
89352,4,7
89354,4,7
89355,11,7
89358,6,7
89359,11,7
89362,1,7
89363,4,7
89364,4,7
89365,0,7
89368,1,7
89369,4,7
89371,3,7
89372,4,7
89374,10,7
89375,8,7
89377,3,7
89378,1,7
89380,0,7
89381,2,7
89382,11,7
89383,11,7
89386,4,7
89391,2,7
89392,3,7
89394,11,7
89395,1,7
89398,0,7
89401,10,7
89403,11,7
89404,8,7
89408,2,7
89414,2,7
89419,5,7
89420,5,7
89421,10,7
89422,8,7
89423,5,7
89425,8,7
89427,2,7
89428,8,7
89429,3,7
89433,3,7
89434,3,7
89436,0,7
89437,0,7
89440,10,7
89441,11,7
89442,2,7
89443,0,7
89445,8,7
89446,2,7
89447,3,7
89448,8,7
89454,0,7
89455,8,7
89458,3,7
89459,1,7
89461,8,7
89466,1,7
89470,3,7
89471,11,7
89472,11,7
89473,0,7
89478,1,7
89479,4,7
89482,3,7
89483,1,7
89484,0,7
89485,3,7
89486,8,7
89488,5,7
89490,1,7
89491,4,7
89492,4,7
89493,2,7
89498,8,7
89500,9,7
89501,3,7
89504,8,7
89508,10,7
89509,10,7
89510,11,7
89512,1,7
89514,8,7
89516,4,7
89519,10,7
89520,8,7
89522,8,7
89525,3,7
89526,1,7
89527,11,7
89529,11,7
89532,11,7
89537,3,7
89538,2,7
89539,10,7
89542,1,7
89546,10,7
89548,10,7
89550,11,7
89551,8,7
89552,5,7
89553,10,7
89555,0,7
89560,2,7
89564,4,7
89567,4,7
89568,10,7
89573,4,7
89574,5,7
89575,10,7
89576,6,7
89577,4,7
89579,11,7
89580,4,7
89581,1,7
89582,11,7
89584,1,7
89585,5,7
89589,4,7
89590,4,7
89592,3,7
89593,4,7
89594,0,7
89597,0,7
89598,0,7
89602,0,7
89605,3,7
89610,1,7
89612,10,7
89615,4,7
89619,10,7
89624,5,7
89625,5,7
89627,2,7
89629,3,7
89631,5,7
89632,10,7
89634,5,7
89635,11,7
89636,6,7
89637,8,7
89639,0,7
89640,5,7
89642,3,7
89644,7,7
89645,0,7
89649,1,7
89651,11,7
89658,8,7
89659,1,7
89660,11,7
89661,1,7
89663,8,7
89665,11,7
89667,8,7
89669,5,7
89670,5,7
89672,3,7
89675,10,7
89679,4,7
89680,8,7
89681,6,7
89682,3,7
89683,5,7
89685,3,7
89687,11,7
89688,4,7
89689,0,7
89690,0,7
89691,5,7
89692,6,7
89696,3,7
89697,2,7
89701,0,7
89702,0,7
89704,3,7
89708,11,7
89710,1,7
89711,0,7
89712,3,7
89714,5,7
89715,5,7
89718,5,7
89720,2,7
89723,3,7
89724,0,7
89726,9,7
89727,5,7
89733,11,7
89736,3,7
89738,10,7
89739,3,7
89740,11,7
89746,9,7
89748,1,7
89750,3,7
89753,3,7
89754,9,7
89755,8,7
89756,8,7
89761,2,7
89762,3,7
89763,3,7
89764,3,7
89768,1,7
89769,8,7
89770,2,7
89774,9,7
89776,5,7
89777,10,7
89779,9,7
89782,8,7
89784,11,7
89785,11,7
89793,1,7
89794,11,7
89797,8,7
89798,8,7
89799,11,7
89801,3,7
89803,3,7
89809,11,7
89816,4,7
89820,6,7
89821,6,7
89823,1,7
89827,1,7
89828,4,7
89829,9,7
89830,3,7
89831,4,7
89834,4,7
89835,4,7
89836,9,7
89838,4,7
89839,9,7
89840,4,7
89843,11,7
89845,4,7
89848,9,7
89851,4,7
89854,4,7
89855,9,7
89856,4,7
89858,9,7
89861,9,7
89866,11,7
89867,5,7
89869,11,7
89873,2,7
89875,4,7
89877,0,7
89879,2,7
89880,0,7
89884,4,7
89885,8,7
89886,0,7
89887,11,7
89888,4,7
89889,9,7
89896,11,7
89897,11,7
89902,11,7
89905,0,7
89909,8,7
89911,4,7
89913,4,7
89915,4,7
89916,4,7
89917,9,7
89918,5,7
89920,9,7
89923,10,7
89924,4,7
89925,5,7
89926,4,7
89927,4,7
89931,1,7
89932,9,7
89935,9,7
89936,4,7
89937,8,7
89938,11,7
89939,9,7
89942,4,7
89944,4,7
89945,4,7
89948,4,7
89949,1,7
89952,5,7
89955,4,7
89956,0,7
89961,11,7
89965,4,7
89967,4,7
89968,0,7
89969,0,7
89972,4,7
89974,4,7
89976,9,7
89977,4,7
89978,5,7
89979,4,7
89980,10,7
89981,5,7
89983,4,7
89985,4,7
89986,11,7
89987,3,7
89990,9,7
89992,8,7
89994,4,7
89998,0,7
90000,10,7
90001,4,7
90006,7,7
90007,5,7
90015,5,7
90016,11,7
90018,9,7
90019,5,7
90026,11,7
90027,4,7
90028,9,7
90029,9,7
90032,8,7
90033,1,7
90034,3,7
90035,5,7
90036,4,7
90039,10,7
90040,9,7
90041,1,7
90042,5,7
90043,1,7
90044,5,7
90046,3,7
90048,5,7
90049,5,7
90050,4,7
90055,8,7
90056,1,7
90059,1,7
90064,6,7
90065,1,7
90067,5,7
90068,4,7
90069,6,7
90072,5,7
90073,6,7
90075,11,7
90076,0,7
90077,4,7
90079,3,7
90080,3,7
90081,0,7
90082,7,7
90085,5,7
90086,8,7
90089,4,7
90090,11,7
90091,11,7
90094,9,7
90095,4,7
90097,4,7
90098,9,7
90099,4,7
90100,5,7
90103,4,7
90105,3,7
90107,5,7
90109,1,7
90113,11,7
90114,6,7
90115,6,7
90117,6,7
90118,6,7
90119,1,7
90120,6,7
90121,1,7
90122,8,7
90124,5,7
90126,11,7
90129,6,7
90130,11,7
90131,6,7
90132,11,7
90134,6,7
90137,5,7
90138,0,7
90139,4,7
90141,11,7
90142,6,7
90143,6,7
90144,6,7
90148,5,7
90150,5,7
90154,0,7
90155,5,7
90159,11,7
90160,5,7
90164,0,7
90166,6,7
90167,5,7
90170,6,7
90171,0,7
90176,3,7
90178,8,7
90181,4,7
90185,11,7
90190,5,7
90193,11,7
90196,5,7
90199,5,7
90203,3,7
90204,11,7
90205,5,7
90206,4,7
90210,5,7
90212,1,7
90213,1,7
90214,5,7
90215,1,7
90216,5,7
90219,5,7
90223,3,7
90224,4,7
90227,5,7
90228,1,7
90229,1,7
90230,11,7
90231,5,7
90232,5,7
90234,5,7
90235,5,7
90237,11,7
90241,4,7
90242,2,7
90243,3,7
90244,8,7
90245,4,7
90248,10,7
90249,5,7
90250,5,7
90254,5,7
90255,4,7
90256,5,7
90257,5,7
90259,5,7
90261,11,7
90262,5,7
90263,4,7
90266,11,7
90267,8,7
90268,11,7
90271,5,7
90274,5,7
90275,5,7
90276,5,7
90278,5,7
90280,1,7
90284,6,7
90286,5,7
90287,3,7
90288,8,7
90290,5,7
90291,3,7
90293,4,7
90295,4,7
90298,10,7
90299,10,7
90305,11,7
90307,5,7
90308,5,7
90309,8,7
90310,5,7
90312,5,7
90313,6,7
90314,5,7
90315,8,7
90316,0,7
90317,6,7
90318,0,7
90320,10,7
90322,4,7
90323,11,7
90324,5,7
90325,5,7
90326,4,7
90328,0,7
90329,3,7
90330,3,7
90333,11,7
90334,11,7
90335,5,7
90336,11,7
90337,5,7
90339,5,7
90340,4,7
90342,5,7
90343,4,7
90346,5,7
90348,5,7
90351,4,7
90354,5,7
90357,4,7
90358,4,7
90361,6,7
90362,11,7
90364,5,7
90366,4,7
90368,4,7
90371,4,7
90372,5,7
90374,5,7
90376,0,7
90377,5,7
90378,5,7
90380,8,7
90382,3,7
90383,5,7
90388,5,7
90390,8,7
90394,5,7
90395,11,7
90399,4,7
90400,6,7
90406,5,7
90409,5,7
90410,5,7
90411,1,7
90412,1,7
90414,5,7
90415,5,7
90416,11,7
90420,8,7
90424,5,7
90426,8,7
90427,8,7
90428,0,7
90429,5,7
90432,5,7
90433,5,7
90434,5,7
90437,5,7
90438,5,7
90439,5,7
90440,4,7
90441,5,7
90442,8,7
90443,1,7
90446,5,7
90447,1,7
90450,5,7
90451,5,7
90454,3,7
90457,5,7
90458,5,7
90461,5,7
90462,4,7
90463,5,7
90465,11,7
90466,11,7
90468,5,7
90472,5,7
90476,1,7
90482,5,7
90483,0,7
90487,5,7
90489,1,7
90491,1,7
90495,4,7
90499,1,7
90503,11,7
90504,4,7
90508,11,7
90511,5,7
90512,11,7
90514,10,7
90515,5,7
90516,2,7
90519,5,7
90520,5,7
90522,11,7
90523,4,7
90525,3,7
90526,11,7
90528,4,7
90529,3,7
90530,5,7
90531,8,7
90532,3,7
90534,4,7
90535,5,7
90537,1,7
90541,5,7
90542,5,7
90544,11,7
90547,11,7
90548,1,7
90549,4,7
90550,4,7
90552,4,7
90553,4,7
90554,1,7
90555,5,7
90556,5,7
90558,5,7
90561,5,7
90565,5,7
90566,4,7
90569,5,7
90570,4,7
90571,5,7
90575,11,7
90576,2,7
90577,5,7
90578,6,7
90579,5,7
90581,1,7
90583,11,7
90585,4,7
90589,5,7
90591,11,7
90593,5,7
90594,11,7
90595,11,7
90596,8,7
90597,5,7
90599,3,7
90601,5,7
90603,3,7
90604,8,7
90606,11,7
90607,4,7
90609,5,7
90611,5,7
90612,11,7
90613,1,7
90617,3,7
90618,1,7
90620,5,7
90622,11,7
90623,4,7
90624,4,7
90626,11,7
90627,4,7
90628,11,7
90632,1,7
90635,11,7
90640,3,7
90644,8,7
90645,4,7
90646,3,7
90648,4,7
90649,5,7
90650,4,7
90651,8,7
90655,5,7
90656,4,7
90657,4,7
90658,5,7
90659,4,7
90661,5,7
90662,5,7
90664,5,7
90665,11,7
90666,5,7
90667,3,7
90668,8,7
90669,10,7
90671,5,7
90673,4,7
90675,11,7
90676,5,7
90677,3,7
90679,5,7
90682,4,7
90683,11,7
90685,5,7
90686,4,7
90687,5,7
90688,5,7
90689,5,7
90691,5,7
90694,5,7
90698,5,7
90699,4,7
90700,11,7
90701,11,7
90702,5,7
90703,11,7
90704,11,7
90705,8,7
90707,4,7
90708,4,7
90709,11,7
90714,3,7
90715,4,7
90716,5,7
90717,11,7
90718,8,7
90719,11,7
90721,10,7
90722,4,7
90723,3,7
90727,5,7
90728,5,7
90729,4,7
90730,4,7
90731,11,7
90732,4,7
90739,5,7
90741,3,7
90742,3,7
90743,5,7
90747,4,7
90749,3,7
90750,5,7
90752,5,7
90754,5,7
90755,4,7
90756,10,7
90758,1,7
90760,4,7
90761,3,7
90762,3,7
90765,5,7
90767,5,7
90769,11,7
90772,5,7
90773,8,7
90776,3,7
90779,5,7
90781,3,7
90783,11,7
90785,5,7
90787,11,7
90790,3,7
90795,5,7
90798,5,7
90806,8,7
90808,8,7
90809,8,7
90812,11,7
90814,0,7
90815,10,7
90817,1,7
90818,4,7
90819,2,7
90823,11,7
90824,5,7
90831,11,7
90836,11,7
90837,0,7
90838,5,7
90839,0,7
90841,8,7
90842,11,7
90843,0,7
90845,6,7
90846,4,7
90848,0,7
90849,4,7
90850,0,7
90853,0,7
90854,0,7
90855,2,7
90856,8,7
90860,0,7
90862,0,7
90863,3,7
90864,6,7
90865,4,7
90866,0,7
90867,6,7
90869,6,7
90871,0,7
90872,2,7
90873,2,7
90875,5,7
90877,0,7
90885,0,7
90888,11,7
90889,5,7
90890,0,7
90891,11,7
90892,3,7
90893,8,7
90894,5,7
90897,0,7
90898,11,7
90899,0,7
90901,0,7
90903,5,7
90905,3,7
90907,5,7
90908,0,7
90911,5,7
90912,11,7
90913,3,7
90914,0,7
90918,0,7
90919,3,7
90920,0,7
90922,0,7
90923,0,7
90924,3,7
90926,3,7
90931,3,7
90933,11,7
90934,6,7
90935,4,7
90943,0,7
90944,0,7
90945,4,7
90947,3,7
90948,0,7
90949,6,7
90951,5,7
90952,0,7
90953,5,7
90956,10,7
90957,3,7
90958,0,7
90960,3,7
90963,11,7
90964,0,7
90970,5,7
90973,5,7
90977,3,7
90978,6,7
90980,8,7
90981,3,7
90983,8,7
90984,0,7
90985,5,7
90986,8,7
90987,0,7
90988,0,7
90989,8,7
90991,5,7
90993,0,7
90995,0,7
90998,1,7
90999,8,7
91000,0,7
91003,5,7
91011,11,7
91013,2,7
91015,1,7
91017,8,7
91018,5,7
91019,3,7
91023,8,7
91025,5,7
91030,2,7
91032,8,7
91033,8,7
91034,5,7
91035,0,7
91040,3,7
91042,11,7
91043,10,7
91044,5,7
91046,8,7
91047,8,7
91053,8,7
91058,8,7
91059,5,7
91060,4,7
91061,4,7
91065,1,7
91067,1,7
91070,8,7
91071,0,7
91073,8,7
91075,0,7
91077,2,7
91078,8,7
91080,0,7
91081,8,7
91084,8,7
91087,10,7
91089,11,7
91091,8,7
91092,11,7
91093,1,7
91094,11,7
91095,8,7
91096,0,7
91097,6,7
91098,8,7
91099,1,7
91100,3,7
91101,8,7
91103,0,7
91108,2,7
91109,5,7
91110,8,7
91111,8,7
91112,5,7
91113,8,7
91114,8,7
91116,8,7
91117,6,7
91121,1,7
91123,0,7
91124,2,7
91125,5,7
91126,4,7
91127,1,7
91130,1,7
91131,10,7
91132,8,7
91133,0,7
91134,1,7
91135,5,7
91136,8,7
91138,8,7
91143,5,7
91146,10,7
91149,5,7
91151,5,7
91153,6,7
91154,2,7
91156,8,7
91157,4,7
91159,0,7
91161,1,7
91162,3,7
91166,5,7
91167,8,7
91171,5,7
91175,10,7
91181,4,7
91182,10,7
91183,5,7
91184,11,7
91185,1,7
91189,0,7
91190,5,7
91193,6,7
91195,5,7
91201,6,7
91204,5,7
91205,5,7
91206,6,7
91207,10,7
91209,5,7
91211,0,7
91212,6,7
91214,8,7
91215,3,7
91217,6,7
91220,1,7
91225,3,7
91231,3,7
91232,1,7
91236,3,7
91237,1,7
91238,2,7
91241,2,7
91243,11,7
91244,3,7
91246,6,7
91254,3,7
91257,2,7
91259,11,7
91261,0,7
91264,11,7
91265,5,7
91270,3,7
91272,6,7
91273,1,7
91276,3,7
91278,3,7
91281,0,7
91283,10,7
91285,1,7
91286,5,7
91291,0,7
91293,3,7
91300,1,7
91303,10,7
91304,6,7
91305,4,7
91306,3,7
91307,4,7
91308,3,7
91309,7,7
91312,6,7
91315,6,7
91316,6,7
91317,4,7
91323,0,7
91326,1,7
91327,4,7
91330,1,7
91332,0,7
91333,0,7
91334,4,7
91336,1,7
91337,3,7
91338,0,7
91340,0,7
91342,0,7
91343,0,7
91345,5,7
91346,8,7
91347,0,7
91348,0,7
91350,5,7
91352,11,7
91354,5,7
91358,1,7
91360,0,7
91361,0,7
91365,11,7
91367,11,7
91370,11,7
91371,1,7
91372,8,7
91374,8,7
91376,8,7
91377,0,7
91378,8,7
91380,1,7
91382,8,7
91384,8,7
91385,1,7
91386,1,7
91389,1,7
91398,4,7
91401,5,7
91402,3,7
91403,11,7
91405,6,7
91407,8,7
91410,0,7
91411,4,7
91413,10,7
91414,8,7
91416,4,7
91417,4,7
91418,8,7
91421,8,7
91422,0,7
91423,3,7
91425,0,7
91426,10,7
91430,0,7
91431,0,7
91432,1,7
91433,3,7
91434,4,7
91435,0,7
91436,0,7
91437,11,7
91438,8,7
91439,1,7
91440,1,7
91441,3,7
91442,11,7
91443,8,7
91445,11,7
91446,3,7
91447,0,7
91448,1,7
91449,11,7
91450,1,7
91453,5,7
91454,0,7
91455,3,7
91457,11,7
91458,0,7
91459,0,7
91460,6,7
91466,3,7
91468,11,7
91471,3,7
91474,10,7
91476,1,7
91477,2,7
91478,3,7
91479,3,7
91480,1,7
91481,8,7
91482,11,7
91483,11,7
91484,10,7
91485,0,7
91486,0,7
91487,0,7
91491,3,7
91494,3,7
91499,10,7
91500,3,7
91501,4,7
91503,0,7
91504,1,7
91506,11,7
91508,3,7
91511,10,7
91512,3,7
91513,4,7
91515,6,7
91516,3,7
91519,2,7
91520,8,7
91521,11,7
91523,11,7
91524,6,7
91525,1,7
91526,5,7
91527,0,7
91528,11,7
91529,1,7
91531,0,7
91533,1,7
91539,3,7
91540,4,7
91545,1,7
91546,11,7
91547,3,7
91548,3,7
91549,5,7
91550,3,7
91552,6,7
91557,8,7
91560,6,7
91564,6,7
91565,6,7
91568,6,7
91570,6,7
91571,2,7
91572,10,7
91573,5,7
91583,11,7
91585,8,7
91586,4,7
91587,2,7
91588,6,7
91589,10,7
91591,0,7
91594,10,7
91595,5,7
91597,6,7
91604,6,7
91606,6,7
91607,2,7
91608,8,7
91610,8,7
91611,2,7
91613,11,7
91615,4,7
91616,11,7
91618,10,7
91622,1,7
91624,11,7
91625,1,7
91630,4,7
91631,8,7
91637,3,7
91640,10,7
91644,1,7
91645,4,7
91646,11,7
91648,6,7
91650,2,7
91656,6,7
91657,6,7
91661,6,7
91665,6,7
91666,3,7
91669,0,7
91670,6,7
91671,2,7
91673,6,7
91675,8,7
91676,6,7
91681,8,7
91687,8,7
91688,6,7
91690,6,7
91694,6,7
91698,1,7
91699,1,7
91700,10,7
91704,11,7
91705,10,7
91706,8,7
91710,8,7
91711,11,7
91713,10,7
91714,6,7
91715,2,7
91716,1,7
91718,0,7
91720,1,7
91721,1,7
91722,1,7
91723,11,7
91724,2,7
91725,8,7
91726,8,7
91728,8,7
91730,6,7
91731,3,7
91733,4,7
91734,8,7
91740,6,7
91742,6,7
91743,6,7
91746,6,7
91750,6,7
91752,8,7
91753,6,7
91755,2,7
91757,11,7
91758,6,7
91761,5,7
91762,2,7
91763,10,7
91764,2,7
91765,4,7
91766,2,7
91767,2,7
91768,2,7
91769,2,7
91776,2,7
91777,0,7
91778,2,7
91779,5,7
91781,3,7
91783,7,7
91786,8,7
91787,8,7
91789,0,7
91791,8,7
91793,11,7
91796,8,7
91797,10,7
91799,11,7
91801,10,7
91802,10,7
91804,11,7
91805,3,7
91806,6,7
91809,1,7
91810,8,7
91811,1,7
91812,4,7
91813,8,7
91819,11,7
91822,4,7
91824,8,7
91825,1,7
91826,6,7
91830,10,7
91832,6,7
91833,6,7
91834,6,7
91837,6,7
91838,1,7
91839,5,7
91840,1,7
91843,0,7
91845,9,7
91846,1,7
91847,6,7
91850,6,7
91851,1,7
91852,2,7
91853,9,7
91854,11,7
91855,4,7
91863,0,7
91869,6,7
91870,2,7
91871,4,7
91872,3,7
91877,1,7
91880,11,7
91882,5,7
91883,4,7
91885,2,7
91889,5,7
91891,0,7
91894,3,7
91896,11,7
91897,10,7
91899,5,7
91901,10,7
91902,10,7
91907,5,7
91908,10,7
91909,5,7
91912,1,7
91913,11,7
91915,10,7
91916,1,7
91917,8,7
91918,8,7
91921,1,7
91923,6,7
91924,11,7
91926,1,7
91930,6,7
91931,5,7
91932,11,7
91933,10,7
91935,4,7
91936,8,7
91937,6,7
91938,8,7
91939,10,7
91942,4,7
91943,3,7
91944,5,7
91945,6,7
91947,8,7
91948,11,7
91950,8,7
91952,8,7
91957,4,7
91964,4,7
91969,0,7
91970,5,7
91972,3,7
91973,7,7
91976,8,7
91977,4,7
91978,0,7
91979,8,7
91982,3,7
91984,11,7
91987,5,7
91988,6,7
91989,11,7
91992,6,7
91993,4,7
91995,2,7
91997,6,7
91998,4,7
92000,6,7
92003,0,7
92009,1,7
92012,2,7
92013,8,7
92014,0,7
92015,1,7
92016,11,7
92019,10,7
92020,1,7
92022,11,7
92025,8,7
92027,4,7
92028,4,7
92032,0,7
92033,8,7
92035,2,7
92038,8,7
92039,8,7
92040,3,7
92041,8,7
92043,11,7
92044,1,7
92045,11,7
92046,10,7
92047,2,7
92048,0,7
92052,2,7
92053,10,7
92054,8,7
92055,1,7
92057,1,7
92058,10,7
92060,6,7
92061,1,7
92063,0,7
92065,11,7
92069,8,7
92070,8,7
92073,1,7
92075,3,7
92078,2,7
92081,3,7
92083,3,7
92084,3,7
92085,0,7
92087,11,7
92088,1,7
92089,0,7
92091,1,7
92095,8,7
92096,11,7
92097,11,7
92098,11,7
92101,1,7
92102,4,7
92105,11,7
92109,1,7
92111,8,7
92113,3,7
92115,11,7
92117,8,7
92119,11,7
92120,10,7
92123,8,7
92127,8,7
92129,1,7
92130,4,7
92135,3,7
92139,8,7
92141,8,7
92142,5,7
92143,1,7
92144,8,7
92145,1,7
92147,2,7
92148,0,7
92150,8,7
92151,3,7
92153,6,7
92157,2,7
92159,8,7
92162,2,7
92163,0,7
92164,2,7
92166,2,7
92168,3,7
92171,8,7
92173,2,7
92176,6,7
92177,0,7
92178,1,7
92180,11,7
92181,1,7
92182,8,7
92188,11,7
92191,11,7
92194,10,7
92195,4,7
92198,10,7
92199,8,7
92200,4,7
92202,0,7
92203,1,7
92206,6,7
92208,3,7
92209,10,7
92212,8,7
92214,6,7
92215,8,7
92219,3,7
92220,3,7
92222,4,7
92223,3,7
92224,1,7
92225,6,7
92227,10,7
92229,3,7
92230,1,7
92239,8,7
92240,4,7
92246,11,7
92248,2,7
92251,4,7
92252,10,7
92253,1,7
92254,10,7
92255,2,7
92256,2,7
92257,0,7
92264,7,7
92265,6,7
92269,3,7
92270,4,7
92271,8,7
92272,11,7
92273,4,7
92275,3,7
92276,6,7
92280,9,7
92283,1,7
92285,8,7
92286,11,7
92287,4,7
92290,8,7
92294,10,7
92297,11,7
92299,3,7
92300,5,7
92302,6,7
92303,6,7
92304,3,7
92306,8,7
92307,6,7
92313,6,7
92316,1,7
92321,8,7
92327,6,7
92329,11,7
92331,1,7
92332,11,7
92335,8,7
92336,0,7
92339,2,7
92341,2,7
92342,4,7
92346,2,7
92348,1,7
92349,10,7
92350,0,7
92352,2,7
92353,3,7
92354,3,7
92356,8,7
92357,8,7
92362,0,7
92364,4,7
92366,6,7
92369,5,7
92370,1,7
92371,4,7
92372,1,7
92373,0,7
92375,8,7
92379,3,7
92381,6,7
92382,5,7
92383,8,7
92387,4,7
92388,2,7
92390,2,7
92391,8,7
92393,0,7
92394,8,7
92395,1,7
92400,8,7
92402,0,7
92405,5,7
92406,10,7
92407,8,7
92409,10,7
92411,2,7
92412,4,7
92413,3,7
92414,7,7
92416,3,7
92417,0,7
92421,6,7
92422,11,7
92423,8,7
92426,4,7
92428,11,7
92429,5,7
92430,8,7
92431,3,7
92432,0,7
92433,1,7
92434,10,7
92440,0,7
92444,11,7
92445,10,7
92449,8,7
92451,0,7
92452,11,7
92453,0,7
92458,4,7
92459,2,7
92461,10,7
92462,2,7
92466,2,7
92467,0,7
92468,2,7
92470,11,7
92473,10,7
92475,2,7
92477,4,7
92478,9,7
92479,10,7
92481,6,7
92484,8,7
92485,4,7
92486,11,7
92487,6,7
92489,1,7
92490,1,7
92494,4,7
92499,4,7
92500,10,7
92501,3,7
92503,4,7
92504,8,7
92506,5,7
92510,10,7
92513,6,7
92514,3,7
92516,11,7
92518,4,7
92519,2,7
92520,2,7
92521,2,7
92523,4,7
92524,8,7
92527,4,7
92529,2,7
92531,6,7
92533,3,7
92534,6,7
92537,5,7
92538,6,7
92540,3,7
92546,6,7
92548,0,7
92549,4,7
92550,10,7
92551,11,7
92552,11,7
92553,8,7
92554,6,7
92555,5,7
92556,10,7
92558,3,7
92559,4,7
92560,10,7
92562,4,7
92566,0,7
92567,6,7
92569,8,7
92570,11,7
92574,10,7
92577,11,7
92580,11,7
92581,6,7
92582,5,7
92584,11,7
92585,4,7
92589,11,7
92590,6,7
92591,11,7
92592,11,7
92593,5,7
92596,4,7
92597,8,7
92598,11,7
92599,10,7
92600,11,7
92603,5,7
92605,5,7
92606,0,7
92607,4,7
92609,6,7
92611,6,7
92614,4,7
92616,4,7
92618,5,7
92623,3,7
92624,11,7
92626,0,7
92629,4,7
92630,4,7
92631,6,7
92632,11,7
92635,1,7
92637,0,7
92644,3,7
92647,0,7
92648,1,7
92650,4,7
92651,3,7
92652,6,7
92654,5,7
92655,4,7
92657,11,7
92660,4,7
92662,1,7
92663,5,7
92664,3,7
92665,1,7
92667,1,7
92670,8,7
92671,8,7
92672,9,7
92673,4,7
92676,11,7
92678,5,7
92680,11,7
92682,11,7
92683,11,7
92684,8,7
92685,5,7
92686,8,7
92689,10,7
92690,0,7
92692,5,7
92695,8,7
92698,5,7
92700,5,7
92701,4,7
92702,4,7
92704,8,7
92707,1,7
92710,8,7
92711,2,7
92712,3,7
92715,11,7
92716,11,7
92718,8,7
92721,11,7
92723,5,7
92724,4,7
92727,4,7
92729,8,7
92731,5,7
92734,3,7
92736,5,7
92737,1,7
92740,4,7
92743,0,7
92744,0,7
92745,4,7
92746,8,7
92747,2,7
92749,6,7
92751,4,7
92753,11,7
92754,5,7
92757,1,7
92758,6,7
92765,1,7
92766,1,7
92767,4,7
92771,2,7
92773,4,7
92776,2,7
92778,4,7
92779,6,7
92780,1,7
92781,3,7
92782,4,7
92784,1,7
92786,0,7
92790,4,7
92792,0,7
92794,0,7
92795,11,7
92796,5,7
92797,6,7
92800,11,7
92802,5,7
92803,4,7
92804,1,7
92805,4,7
92807,5,7
92809,0,7
92810,3,7
92811,5,7
92812,8,7
92813,10,7
92814,11,7
92817,6,7
92818,8,7
92819,5,7
92820,10,7
92821,5,7
92823,11,7
92824,4,7
92825,5,7
92827,1,7
92829,5,7
92832,4,7
92833,8,7
92837,4,7
92838,8,7
92839,9,7
92843,5,7
92844,1,7
92845,11,7
92846,8,7
92848,1,7
92849,11,7
92852,11,7
92854,8,7
92855,11,7
92856,8,7
92858,8,7
92859,4,7
92862,8,7
92863,8,7
92864,10,7
92867,6,7
92871,0,7
92872,0,7
92875,1,7
92877,5,7
92878,8,7
92881,10,7
92882,0,7
92883,1,7
92884,1,7
92886,8,7
92887,8,7
92888,3,7
92891,6,7
92893,8,7
92894,4,7
92895,3,7
92896,9,7
92897,0,7
92899,4,7
92900,1,7
92901,4,7
92903,11,7
92904,0,7
92905,5,7
92906,1,7
92908,4,7
92909,3,7
92912,3,7
92913,3,7
92914,8,7
92917,5,7
92918,4,7
92919,8,7
92921,11,7
92924,3,7
92927,8,7
92930,8,7
92932,11,7
92933,5,7
92934,6,7
92935,3,7
92936,4,7
92937,4,7
92943,4,7
92945,4,7
92946,11,7
92947,4,7
92948,11,7
92950,4,7
92951,4,7
92952,1,7
92953,1,7
92955,1,7
92957,10,7
92964,2,7
92965,3,7
92966,0,7
92967,0,7
92971,1,7
92974,1,7
92975,4,7
92976,5,7
92978,11,7
92979,5,7
92980,5,7
92982,5,7
92986,6,7
92987,5,7
92988,2,7
92989,11,7
92991,8,7
92993,3,7
92995,10,7
92996,5,7
92997,8,7
93001,4,7
93003,0,7
93005,5,7
93007,0,7
93012,1,7
93013,2,7
93017,2,7
93018,3,7
93020,7,7
93023,2,7
93025,0,7
93028,1,7
93029,6,7
93031,0,7
93032,4,7
93033,6,7
93037,3,7
93039,11,7
93040,6,7
93042,8,7
93044,5,7
93046,5,7
93047,5,7
93048,6,7
93050,4,7
93051,0,7
93052,8,7
93053,0,7
93054,6,7
93058,6,7
93060,10,7
93064,2,7
93066,3,7
93072,11,7
93075,1,7
93077,5,7
93080,11,7
93081,5,7
93082,4,7
93083,10,7
93085,1,7
93088,4,7
93090,6,7
93092,5,7
93096,3,7
93097,8,7
93101,0,7
93103,4,7
93104,11,7
93107,11,7
93108,8,7
93109,8,7
93111,3,7
93113,4,7
93116,11,7
93119,8,7
93120,8,7
93125,8,7
93127,5,7
93128,3,7
93129,5,7
93131,3,7
93132,3,7
93135,3,7
93136,10,7
93141,6,7
93144,1,7
93146,8,7
93155,4,7
93157,4,7
93158,5,7
93160,1,7
93161,6,7
93162,6,7
93163,11,7
93165,5,7
93166,1,7
93167,1,7
93168,0,7
93170,10,7
93173,0,7
93174,5,7
93176,6,7
93177,11,7
93178,3,7
93180,3,7
93181,1,7
93182,11,7
93183,10,7
93184,10,7
93186,2,7
93188,4,7
93190,1,7
93191,11,7
93192,11,7
93193,11,7
93194,4,7
93195,3,7
93203,3,7
93204,11,7
93206,10,7
93209,10,7
93211,2,7
93213,2,7
93214,5,7
93216,4,7
93218,2,7
93219,2,7
93220,2,7
93221,2,7
93223,0,7
93227,1,7
93232,1,7
93234,10,7
93235,6,7
93237,10,7
93238,8,7
93240,11,7
93241,10,7
93242,5,7
93243,10,7
93244,0,7
93248,11,7
93250,4,7
93252,0,7
93253,1,7
93254,1,7
93257,8,7
93261,10,7
93263,11,7
93265,6,7
93268,1,7
93270,11,7
93271,5,7
93272,3,7
93273,11,7
93274,3,7
93275,0,7
93277,2,7
93278,5,7
93281,1,7
93282,10,7
93284,6,7
93286,6,7
93288,1,7
93289,11,7
93290,4,7
93291,2,7
93292,1,7
93296,3,7
93298,6,7
93299,5,7
93302,4,7
93303,4,7
93304,1,7
93311,2,7
93312,5,7
93314,8,7
93317,11,7
93318,4,7
93322,2,7
93323,10,7
93328,10,7
93331,5,7
93334,11,7
93336,11,7
93337,10,7
93338,11,7
93342,0,7
93348,3,7
93350,2,7
93351,8,7
93352,10,7
93353,4,7
93354,3,7
93356,10,7
93360,8,7
93361,8,7
93364,0,7
93365,10,7
93369,5,7
93371,4,7
93372,8,7
93375,6,7
93377,1,7
93379,4,7
93380,4,7
93381,1,7
93385,11,7
93387,5,7
93389,0,7
93390,11,7
93392,0,7
93394,0,7
93397,4,7
93398,1,7
93399,5,7
93402,11,7
93403,0,7
93404,8,7
93406,6,7
93408,8,7
93411,3,7
93412,2,7
93420,3,7
93421,3,7
93424,3,7
93425,11,7
93430,6,7
93436,2,7
93437,4,7
93439,6,7
93446,3,7
93447,3,7
93448,3,7
93451,3,7
93453,5,7
93454,4,7
93456,11,7
93458,6,7
93460,1,7
93463,6,7
93465,0,7
93466,6,7
93467,5,7
93473,5,7
93476,4,7
93477,4,7
93478,5,7
93479,11,7
93480,4,7
93481,11,7
93482,10,7
93483,0,7
93485,0,7
93486,0,7
93487,0,7
93488,0,7
93490,6,7
93491,0,7
93493,5,7
93494,4,7
93495,5,7
93499,11,7
93504,5,7
93505,5,7
93506,0,7
93508,11,7
93510,5,7
93514,11,7
93515,0,7
93516,1,7
93517,5,7
93518,5,7
93519,5,7
93520,4,7
93522,4,7
93525,5,7
93527,0,7
93528,0,7
93529,5,7
93530,0,7
93532,4,7
93536,4,7
93540,11,7
93541,0,7
93543,0,7
93544,0,7
93545,0,7
93549,4,7
93550,6,7
93551,0,7
93553,0,7
93554,0,7
93558,11,7
93560,6,7
93561,6,7
93564,0,7
93566,6,7
93567,11,7
93568,6,7
93572,0,7
93575,4,7
93580,6,7
93581,5,7
93582,0,7
93584,1,7
93586,0,7
93587,0,7
93588,3,7
93589,7,7
93591,1,7
93594,5,7
93596,10,7
93597,10,7
93601,8,7
93602,0,7
93603,0,7
93604,3,7
93605,7,7
93606,4,7
93614,0,7
93615,8,7
93619,10,7
93620,1,7
93621,11,7
93628,3,7
93630,3,7
93632,3,7
93637,11,7
93642,0,7
93643,3,7
93646,8,7
93647,7,7
93649,0,7
93651,5,7
93652,3,7
93654,6,7
93655,10,7
93657,1,7
93660,3,7
93662,1,7
93663,1,7
93666,3,7
93668,0,7
93669,3,7
93670,3,7
93671,6,7
93672,3,7
93681,3,7
93684,1,7
93685,11,7
93687,3,7
93690,3,7
93697,3,7
93701,11,7
93702,11,7
93703,8,7
93704,10,7
93706,11,7
93707,8,7
93708,5,7
93711,5,7
93712,3,7
93713,0,7
93716,8,7
93717,1,7
93720,11,7
93721,11,7
93723,5,7
93726,8,7
93727,3,7
93730,11,7
93732,3,7
93733,3,7
93734,11,7
93736,3,7
93737,10,7
93744,11,7
93746,8,7
93751,1,7
93752,3,7
93753,11,7
93754,3,7
93755,5,7
93756,8,7
93758,8,7
93759,5,7
93769,0,7
93773,0,7
93774,0,7
93776,0,7
93780,0,7
93781,11,7
93784,10,7
93788,1,7
93790,1,7
93792,1,7
93796,6,7
93798,6,7
93800,1,7
93801,8,7
93802,1,7
93804,8,7
93805,0,7
93807,0,7
93811,5,7
93813,3,7
93817,0,7
93818,2,7
93819,3,7
93824,1,7
93825,4,7
93826,2,7
93827,1,7
93828,2,7
93829,1,7
93830,0,7
93831,7,7
93832,8,7
93833,1,7
93834,1,7
93835,2,7
93840,3,7
93841,3,7
93842,0,7
93844,2,7
93845,0,7
93847,3,7
93849,8,7
93851,3,7
93852,8,7
93853,5,7
93855,3,7
93857,1,7
93858,5,7
93859,11,7
93860,1,7
93865,1,7
93867,10,7
93868,1,7
93870,1,7
93871,1,7
93872,1,7
93873,1,7
93874,6,7
93875,5,7
93876,1,7
93877,10,7
93878,6,7
93879,6,7
93880,11,7
93881,6,7
93882,6,7
93883,6,7
93886,1,7
93887,6,7
93888,5,7
93892,1,7
93896,5,7
93897,10,7
93899,6,7
93901,8,7
93903,1,7
93904,3,7
93907,8,7
93921,0,7
93925,6,7
93928,6,7
93931,5,7
93933,8,7
93941,8,7
93945,8,7
93948,5,7
93950,5,7
93951,5,7
93952,6,7
93953,5,7
93954,5,7
93956,5,7
93957,5,7
93958,8,7
93959,5,7
93960,8,7
93963,0,7
93964,8,7
93965,8,7
93967,1,7
93969,11,7
93970,5,7
93971,0,7
93972,5,7
93975,5,7
93976,5,7
93979,0,7
93981,5,7
93983,0,7
93985,5,7
93989,8,7
93990,6,7
93991,5,7
93992,6,7
93993,6,7
93999,5,7
94001,3,7
94008,4,7
94013,0,7
94014,11,7
94017,8,7
94020,8,7
94021,0,7
94024,6,7
94025,3,7
94027,1,7
94028,8,7
94030,8,7
94034,6,7
94035,6,7
94036,6,7
94037,6,7
94038,6,7
94039,6,7
94040,6,7
94041,6,7
94042,6,7
94043,6,7
94044,6,7
94045,5,7
94048,11,7
94050,10,7
94051,1,7
94052,5,7
94053,11,7
94055,4,7
94056,10,7
94057,0,7
94058,5,7
94059,6,7
94061,5,7
94063,5,7
94064,0,7
94065,2,7
94069,1,7
94072,8,7
94073,3,7
94078,8,7
94081,8,7
94082,5,7
94085,0,7
94091,6,7
94093,0,7
94094,0,7
94096,0,7
94097,0,7
94098,4,7
94099,6,7
94100,0,7
94106,4,7
94109,0,7
94110,0,7
94111,0,7
94112,0,7
94114,0,7
94115,0,7
94116,10,7
94124,0,7
94128,0,7
94129,3,7
94130,0,7
94131,0,7
94133,0,7
94134,6,7
94144,0,7
94145,0,7
94150,6,7
94152,0,7
94156,0,7
94158,0,7
94162,8,7
94163,4,7
94164,10,7
94167,8,7
94169,0,7
94172,3,7
94175,5,7
94176,3,7
94177,3,7
94178,0,7
94181,5,7
94184,8,7
94185,0,7
94186,3,7
94188,11,7
94189,3,7
94190,6,7
94193,8,7
94194,4,7
94195,3,7
94197,0,7
94198,11,7
94201,6,7
94203,1,7
94204,6,7
94205,5,7
94206,11,7
94207,6,7
94208,5,7
94211,5,7
94212,6,7
94215,10,7
94216,11,7
94217,5,7
94222,11,7
94224,10,7
94225,11,7
94226,11,7
94228,11,7
94233,8,7
94235,5,7
94238,11,7
94243,8,7
94245,8,7
94247,6,7
94249,11,7
94250,1,7
94251,5,7
94252,6,7
94254,10,7
94256,11,7
94259,6,7
94260,6,7
94262,1,7
94263,6,7
94264,3,7
94265,5,7
94268,4,7
94269,6,7
94271,1,7
94273,5,7
94274,8,7
94275,6,7
94276,10,7
94277,1,7
94280,1,7
94282,5,7
94283,6,7
94285,1,7
94292,8,7
94293,6,7
94295,5,7
94296,8,7
94300,8,7
94301,6,7
94303,6,7
94305,8,7
94306,8,7
94307,1,7
94308,1,7
94309,5,7
94310,6,7
94311,1,7
94312,8,7
94313,6,7
94314,5,7
94315,1,7
94316,0,7
94317,3,7
94320,6,7
94321,4,7
94324,8,7
94328,3,7
94330,10,7
94331,1,7
94332,10,7
94335,4,7
94337,0,7
94342,8,7
94343,3,7
94345,2,7
94346,11,7
94347,0,7
94348,3,7
94349,10,7
94352,8,7
94354,1,7
94355,10,7
94358,8,7
94360,1,7
94361,0,7
94363,4,7
94364,8,7
94366,0,7
94368,2,7
94369,11,7
94372,3,7
94376,0,7
94378,0,7
94379,11,7
94382,8,7
94383,2,7
94384,5,7
94385,0,7
94387,6,7
94388,4,7
94390,0,7
94392,2,7
94396,3,7
94398,4,7
94399,11,7
94401,0,7
94403,4,7
94404,4,7
94406,0,7
94408,4,7
94409,4,7
94414,5,7
94417,11,7
94419,3,7
94420,5,7
94421,0,7
94422,1,7
94423,3,7
94425,0,7
94430,4,7
94434,4,7
94437,4,7
94440,8,7
94441,5,7
94446,3,7
94448,3,7
94449,6,7
94450,5,7
94451,1,7
94453,3,7
94458,8,7
94460,2,7
94461,0,7
94462,1,7
94465,2,7
94466,6,7
94468,1,7
94469,11,7
94470,6,7
94471,5,7
94472,8,7
94474,4,7
94478,11,7
94480,5,7
94481,11,7
94484,8,7
94486,8,7
94487,0,7
94488,6,7
94490,4,7
94494,1,7
94495,11,7
94496,8,7
94497,1,7
94498,8,7
94499,8,7
94500,11,7
94501,8,7
94502,1,7
94503,8,7
94504,4,7
94505,8,7
94507,4,7
94508,8,7
94509,8,7
94511,4,7
94512,1,7
94513,1,7
94514,1,7
94516,2,7
94519,11,7
94520,1,7
94522,1,7
94526,5,7
94527,11,7
94528,8,7
94529,4,7
94530,10,7
94535,11,7
94537,2,7
94539,2,7
94541,2,7
94542,6,7
94544,1,7
94545,5,7
94546,0,7
94547,3,7
94555,0,7
94556,8,7
94557,1,7
94558,10,7
94561,0,7
94562,4,7
94564,3,7
94565,1,7
94567,0,7
94569,8,7
94570,5,7
94577,1,7
94581,8,7
94583,3,7
94584,3,7
94585,4,7
94587,11,7
94589,11,7
94590,5,7
94591,0,7
94592,8,7
94593,3,7
94595,4,7
94596,4,7
94597,3,7
94598,10,7
94601,11,7
94603,11,7
94605,1,7
94607,4,7
94608,11,7
94614,0,7
94615,8,7
94616,6,7
94618,11,7
94621,4,7
94622,8,7
94623,8,7
94626,6,7
94627,6,7
94632,4,7
94633,8,7
94634,5,7
94637,11,7
94638,8,7
94639,4,7
94640,11,7
94641,4,7
94642,3,7
94643,3,7
94645,5,7
94647,2,7
94653,3,7
94654,3,7
94655,2,7
94656,3,7
94657,1,7
94662,6,7
94664,6,7
94665,3,7
94668,1,7
94671,4,7
94675,10,7
94676,10,7
94682,8,7
94683,8,7
94684,0,7
94685,8,7
94686,5,7
94688,1,7
94689,8,7
94690,0,7
94691,0,7
94692,6,7
94694,10,7
94696,1,7
94697,6,7
94698,11,7
94699,1,7
94700,1,7
94701,4,7
94705,5,7
94707,5,7
94709,6,7
94711,8,7
94713,6,7
94717,10,7
94719,11,7
94720,3,7
94722,11,7
94723,2,7
94724,3,7
94728,8,7
94731,8,7
94735,8,7
94739,11,7
94740,4,7
94742,4,7
94743,5,7
94745,5,7
94746,5,7
94747,10,7
94753,6,7
94757,3,7
94759,1,7
94760,1,7
94761,0,7
94762,1,7
94764,10,7
94765,5,7
94766,3,7
94768,5,7
94770,3,7
94772,0,7
94774,0,7
94775,1,7
94777,8,7
94780,4,7
94782,3,7
94783,3,7
94785,6,7
94786,3,7
94791,5,7
94792,10,7
94793,5,7
94796,1,7
94802,4,7
94804,5,7
94807,6,7
94810,8,7
94811,3,7
94814,5,7
94815,4,7
94816,5,7
94817,3,7
94820,1,7
94825,11,7
94827,1,7
94830,1,7
94831,1,7
94834,2,7
94837,6,7
94839,8,7
94842,11,7
94843,8,7
94845,8,7
94850,4,7
94852,1,7
94853,6,7
94855,8,7
94857,11,7
94858,1,7
94859,0,7
94860,4,7
94862,3,7
94863,1,7
94865,6,7
94866,4,7
94868,4,7
94869,6,7
94871,5,7
94872,11,7
94877,8,7
94878,6,7
94879,6,7
94882,4,7
94884,5,7
94885,5,7
94886,3,7
94887,4,7
94888,3,7
94891,8,7
94892,4,7
94893,4,7
94899,8,7
94902,3,7
94905,4,7
94906,11,7
94907,4,7
94909,0,7
94912,5,7
94920,1,7
94921,5,7
94924,1,7
94925,11,7
94926,11,7
94927,5,7
94928,8,7
94931,4,7
94935,4,7
94942,1,7
94945,5,7
94946,4,7
94949,0,7
94952,6,7
94953,5,7
94956,8,7
94958,6,7
94959,8,7
94961,6,7
94963,11,7
94965,5,7
94966,4,7
94967,5,7
94968,1,7
94969,6,7
94970,1,7
94977,4,7
94979,5,7
94980,8,7
94981,11,7
94982,11,7
94983,1,7
94987,5,7
94988,1,7
94989,11,7
94992,5,7
94994,8,7
94995,8,7
94997,0,7
95000,11,7
95001,11,7
95006,8,7
95008,5,7
95009,11,7
95011,8,7
95013,8,7
95014,1,7
95016,4,7
95020,11,7
95022,11,7
95023,10,7
95024,8,7
95026,8,7
95027,0,7
95029,11,7
95033,8,7
95034,6,7
95041,4,7
95045,4,7
95046,5,7
95048,6,7
95049,5,7
95050,1,7
95052,4,7
95053,6,7
95054,5,7
95057,5,7
95058,6,7
95061,6,7
95062,6,7
95063,6,7
95064,6,7
95065,6,7
95067,1,7
95069,1,7
95072,6,7
95075,1,7
95076,1,7
95080,6,7
95082,6,7
95085,6,7
95093,6,7
95098,0,7
95099,10,7
95100,5,7
95101,11,7
95103,1,7
95107,11,7
95108,8,7
95109,6,7
95110,6,7
95111,1,7
95115,4,7
95116,2,7
95119,6,7
95120,8,7
95122,0,7
95123,6,7
95124,10,7
95125,10,7
95128,11,7
95130,8,7
95131,8,7
95132,9,7
95133,6,7
95134,1,7
95138,10,7
95140,6,7
95141,10,7
95142,9,7
95144,6,7
95147,4,7
95149,6,7
95151,4,7
95153,11,7
95156,10,7
95157,6,7
95159,6,7
95160,3,7
95163,8,7
95164,1,7
95165,1,7
95169,6,7
95170,1,7
95175,8,7
95176,0,7
95177,4,7
95179,6,7
95181,6,7
95183,10,7
95184,5,7
95186,6,7
95188,1,7
95191,11,7
95194,6,7
95196,6,7
95201,6,7
95203,0,7
95204,10,7
95206,0,7
95207,6,7
95208,0,7
95209,2,7
95210,2,7
95211,2,7
95212,0,7
95214,7,7
95215,0,7
95216,6,7
95219,8,7
95220,10,7
95221,0,7
95223,0,7
95226,8,7
95227,8,7
95231,8,7
95233,2,7
95234,6,7
95236,8,7
95239,4,7
95240,2,7
95245,1,7
95246,8,7
95247,6,7
95248,8,7
95249,11,7
95252,6,7
95255,11,7
95256,8,7
95258,5,7
95260,4,7
95262,6,7
95265,2,7
95267,3,7
95268,7,7
95269,0,7
95271,5,7
95274,0,7
95275,4,7
95278,0,7
95282,8,7
95283,3,7
95284,9,7
95287,4,7
95288,3,7
95289,3,7
95291,11,7
95295,0,7
95296,8,7
95299,2,7
95300,8,7
95301,1,7
95303,0,7
95305,2,7
95308,3,7
95309,0,7
95312,8,7
95313,0,7
95316,2,7
95320,10,7
95323,1,7
95324,9,7
95327,5,7
95330,8,7
95331,1,7
95332,11,7
95333,8,7
95334,0,7
95335,6,7
95336,0,7
95337,9,7
95338,0,7
95339,2,7
95340,0,7
95341,11,7
95342,3,7
95347,8,7
95348,6,7
95352,8,7
95354,9,7
95356,6,7
95358,0,7
95359,0,7
95362,11,7
95363,2,7
95366,2,7
95367,2,7
95375,3,7
95376,11,7
95377,5,7
95378,5,7
95379,11,7
95380,8,7
95382,6,7
95383,6,7
95384,0,7
95386,0,7
95388,3,7
95389,7,7
95395,6,7
95397,0,7
95400,10,7
95401,0,7
95404,11,7
95406,8,7
95408,8,7
95409,4,7
95412,1,7
95413,0,7
95414,0,7
95415,2,7
95418,0,7
95419,8,7
95420,0,7
95421,3,7
95426,0,7
95427,0,7
95428,10,7
95429,0,7
95430,9,7
95434,8,7
95437,10,7
95440,10,7
95441,9,7
95442,1,7
95443,8,7
95444,10,7
95445,3,7
95446,1,7
95447,10,7
95448,8,7
95449,6,7
95451,9,7
95452,3,7
95453,2,7
95454,0,7
95455,8,7
95456,0,7
95458,8,7
95460,10,7
95461,3,7
95468,10,7
95471,3,7
95472,0,7
95473,8,7
95476,8,7
95480,2,7
95481,11,7
95482,3,7
95485,11,7
95487,10,7
95489,0,7
95490,10,7
95491,4,7
95496,8,7
95497,0,7
95498,1,7
95499,8,7
95500,11,7
95501,0,7
95502,0,7
95503,3,7
95507,8,7
95513,4,7
95515,0,7
95516,11,7
95517,4,7
95520,8,7
95521,8,7
95524,0,7
95525,8,7
95527,10,7
95529,8,7
95532,0,7
95534,8,7
95535,6,7
95536,6,7
95537,8,7
95539,8,7
95542,8,7
95544,3,7
95545,7,7
95546,8,7
95549,6,7
95550,8,7
95551,8,7
95552,8,7
95553,8,7
95555,5,7
95556,5,7
95557,5,7
95559,8,7
95563,8,7
95565,0,7
95568,7,7
95572,6,7
95573,8,7
95577,0,7
95578,2,7
95580,3,7
95585,2,7
95586,11,7
95587,10,7
95589,5,7
95590,0,7
95591,6,7
95593,1,7
95595,11,7
95597,6,7
95599,11,7
95600,6,7
95601,8,7
95602,4,7
95603,8,7
95604,8,7
95606,3,7
95607,8,7
95609,0,7
95610,2,7
95612,3,7
95614,11,7
95615,0,7
95618,0,7
95621,10,7
95623,4,7
95624,0,7
95628,1,7
95629,10,7
95631,1,7
95632,6,7
95633,3,7
95635,11,7
95636,10,7
95641,0,7
95644,0,7
95645,11,7
95646,8,7
95649,6,7
95650,8,7
95651,8,7
95652,10,7
95653,10,7
95654,0,7
95656,0,7
95657,2,7
95659,4,7
95663,10,7
95664,11,7
95666,8,7
95670,0,7
95675,6,7
95677,3,7
95678,3,7
95681,6,7
95683,6,7
95687,0,7
95692,11,7
95695,2,7
95697,3,7
95698,8,7
95700,8,7
95701,2,7
95704,5,7
95705,0,7
95706,0,7
95707,10,7
95710,0,7
95711,1,7
95713,8,7
95714,0,7
95715,8,7
95716,0,7
95717,0,7
95718,8,7
95720,11,7
95721,5,7
95724,8,7
95725,0,7
95728,10,7
95733,8,7
95734,11,7
95735,0,7
95736,0,7
95738,0,7
95739,8,7
95743,3,7
95744,3,7
95745,8,7
95749,4,7
95750,3,7
95751,8,7
95752,6,7
95753,4,7
95754,5,7
95759,3,7
95762,11,7
95764,6,7
95766,11,7
95767,2,7
95768,1,7
95769,1,7
95770,3,7
95772,8,7
95774,1,7
95775,6,7
95779,8,7
95780,5,7
95781,6,7
95783,11,7
95784,8,7
95786,1,7
95787,8,7
95789,3,7
95790,11,7
95791,5,7
95793,5,7
95799,5,7
95800,6,7
95801,8,7
95802,6,7
95803,0,7
95806,6,7
95808,8,7
95809,0,7
95810,8,7
95811,8,7
95812,4,7
95813,5,7
95814,4,7
95815,4,7
95817,8,7
95819,4,7
95820,8,7
95823,3,7
95825,6,7
95826,1,7
95828,6,7
95830,2,7
95835,0,7
95836,11,7
95837,11,7
95841,11,7
95845,8,7
95846,1,7
95849,0,7
95851,0,7
95852,8,7
95853,8,7
95856,8,7
95857,5,7
95858,4,7
95859,8,7
95861,8,7
95862,1,7
95864,8,7
95865,5,7
95867,11,7
95869,8,7
95870,0,7
95875,8,7
95880,8,7
95881,11,7
95884,8,7
95885,1,7
95886,5,7
95888,3,7
95891,11,7
95892,8,7
95896,6,7
95897,6,7
95899,11,7
95900,6,7
95901,6,7
95903,6,7
95906,6,7
95907,6,7
95908,1,7
95910,10,7
95911,5,7
95915,5,7
95916,5,7
95918,11,7
95921,10,7
95922,5,7
95926,6,7
95929,6,7
95930,11,7
95931,5,7
95935,5,7
95938,6,7
95943,11,7
95944,8,7
95945,11,7
95947,5,7
95949,6,7
95950,6,7
95951,4,7
95953,0,7
95955,4,7
95956,1,7
95959,8,7
95962,1,7
95963,1,7
95964,10,7
95965,3,7
95967,3,7
95968,4,7
95970,6,7
95972,1,7
95973,11,7
95976,2,7
95978,6,7
95979,0,7
95983,11,7
95985,4,7
95986,1,7
95987,11,7
95989,8,7
95992,8,7
95993,6,7
95995,4,7
95997,11,7
95999,5,7
96002,8,7
96007,4,7
96009,7,7
96010,0,7
96012,8,7
96014,8,7
96015,10,7
96017,6,7
96021,1,7
96022,5,7
96023,8,7
96024,8,7
96026,6,7
96027,6,7
96030,4,7
96031,8,7
96032,8,7
96035,1,7
96036,5,7
96037,8,7
96039,8,7
96043,4,7
96046,11,7
96048,1,7
96051,1,7
96054,0,7
96057,8,7
96058,8,7
96061,5,7
96062,5,7
96064,8,7
96065,5,7
96066,6,7
96067,1,7
96068,5,7
96070,0,7
96071,2,7
96072,1,7
96075,5,7
96078,6,7
96079,6,7
96080,11,7
96081,5,7
96083,11,7
96086,5,7
96088,6,7
96089,11,7
96091,5,7
96092,5,7
96093,6,7
96094,11,7
96095,5,7
96096,11,7
96097,11,7
96098,4,7
96100,5,7
96103,5,7
96105,11,7
96106,1,7
96108,6,7
96109,5,7
96112,6,7
96114,6,7
96115,0,7
96117,5,7
96118,4,7
96120,5,7
96124,5,7
96125,6,7
96128,11,7
96129,1,7
96132,11,7
96133,5,7
96137,11,7
96138,6,7
96139,1,7
96142,6,7
96144,6,7
96147,6,7
96148,6,7
96149,0,7
96150,5,7
96151,0,7
96152,6,7
96153,6,7
96154,11,7
96155,4,7
96156,6,7
96158,0,7
96161,11,7
96162,6,7
96163,11,7
96168,1,7
96169,9,7
96173,6,7
96177,1,7
96180,3,7
96181,11,7
96182,0,7
96184,5,7
96186,1,7
96187,8,7
96188,0,7
96189,11,7
96192,11,7
96193,10,7
96196,8,7
96199,4,7
96200,11,7
96201,11,7
96202,11,7
96204,0,7
96206,8,7
96207,0,7
96210,0,7
96213,3,7
96217,1,7
96219,2,7
96221,4,7
96222,4,7
96224,8,7
96226,5,7
96232,4,7
96234,5,7
96239,0,7
96243,1,7
96245,2,7
96246,10,7
96249,2,7
96251,8,7
96253,5,7
96254,11,7
96259,8,7
96260,11,7
96265,8,7
96267,11,7
96269,0,7
96270,6,7
96274,5,7
96275,0,7
96277,1,7
96279,4,7
96281,11,7
96284,11,7
96285,10,7
96286,0,7
96287,6,7
96288,2,7
96289,0,7
96291,2,7
96293,0,7
96295,7,7
96302,6,7
96307,1,7
96308,0,7
96310,2,7
96312,11,7
96313,1,7
96314,5,7
96316,5,7
96317,5,7
96318,10,7
96322,4,7
96323,3,7
96329,2,7
96330,11,7
96331,0,7
96332,0,7
96337,2,7
96338,4,7
96340,8,7
96344,1,7
96346,6,7
96351,6,7
96352,0,7
96357,0,7
96360,10,7
96361,10,7
96364,2,7
96367,5,7
96369,0,7
96370,8,7
96371,0,7
96372,0,7
96374,2,7
96377,1,7
96378,0,7
96381,11,7
96382,6,7
96383,0,7
96385,8,7
96387,5,7
96390,8,7
96391,8,7
96395,10,7
96397,2,7
96401,0,7
96403,10,7
96405,10,7
96407,10,7
96417,0,7
96418,0,7
96419,10,7
96420,2,7
96421,8,7
96422,3,7
96429,11,7
96436,0,7
96438,7,7
96439,0,7
96442,10,7
96444,0,7
96446,6,7
96449,8,7
96450,2,7
96451,11,7
96452,0,7
96453,1,7
96454,11,7
96455,8,7
96457,0,7
96460,7,7
96461,6,7
96462,5,7
96464,11,7
96466,4,7
96470,10,7
96471,10,7
96472,0,7
96474,3,7
96476,5,7
96477,6,7
96480,1,7
96482,3,7
96483,5,7
96484,3,7
96485,0,7
96486,10,7
96488,1,7
96489,4,7
96490,5,7
96491,6,7
96492,10,7
96493,0,7
96494,11,7
96498,11,7
96499,0,7
96503,7,7
96505,1,7
96508,4,7
96511,5,7
96513,4,7
96515,0,7
96516,3,7
96517,8,7
96518,8,7
96521,3,7
96522,10,7
96524,5,7
96525,1,7
96527,4,7
96529,6,7
96530,6,7
96533,6,7
96536,1,7
96537,1,7
96539,10,7
96540,8,7
96541,8,7
96542,1,7
96547,4,7
96548,4,7
96550,3,7
96554,1,7
96555,4,7
96557,0,7
96559,10,7
96560,6,7
96562,5,7
96563,10,7
96564,10,7
96565,1,7
96566,1,7
96567,6,7
96568,11,7
96571,2,7
96572,2,7
96575,0,7
96578,4,7
96579,0,7
96582,0,7
96583,10,7
96587,2,7
96588,10,7
96590,7,7
96591,2,7
96594,11,7
96600,10,7
96605,3,7
96608,1,7
96610,5,7
96611,5,7
96615,2,7
96617,1,7
96621,3,7
96624,10,7
96626,10,7
96627,1,7
96629,4,7
96630,4,7
96631,1,7
96634,3,7
96639,0,7
96640,4,7
96642,6,7
96643,1,7
96648,10,7
96649,3,7
96657,4,7
96660,4,7
96661,2,7
96662,2,7
96665,4,7
96667,1,7
96668,2,7
96670,8,7
96673,5,7
96675,2,7
96677,2,7
96678,0,7
96680,8,7
96683,7,7
96684,0,7
96685,2,7
96687,4,7
96688,2,7
96690,2,7
96692,0,7
96695,2,7
96697,0,7
96700,5,7
96702,11,7
96706,11,7
96711,10,7
96713,1,7
96716,1,7
96720,1,7
96723,6,7
96724,1,7
96727,6,7
96728,1,7
96729,10,7
96730,10,7
96733,10,7
96735,0,7
96738,4,7
96740,1,7
96741,2,7
96742,8,7
96746,4,7
96748,1,7
96750,3,7
96754,4,7
96757,2,7
96758,3,7
96761,4,7
96762,2,7
96768,10,7
96769,10,7
96775,0,7
96777,0,7
96778,2,7
96780,1,7
96781,0,7
96785,3,7
96789,8,7
96791,1,7
96792,6,7
96793,7,7
96794,0,7
96795,1,7
96797,8,7
96799,10,7
96803,8,7
96806,1,7
96810,6,7
96813,10,7
96814,6,7
96820,10,7
96829,2,7
96833,1,7
96838,0,7
96839,2,7
96840,0,7
96841,0,7
96844,2,7
96846,2,7
96847,2,7
96849,0,7
96850,2,7
96852,10,7
96853,4,7
96854,3,7
96860,4,7
96862,1,7
96864,3,7
96865,1,7
96868,11,7
96870,1,7
96871,8,7
96872,8,7
96873,10,7
96874,6,7
96875,11,7
96878,10,7
96881,3,7
96883,2,7
96884,6,7
96887,2,7
96888,0,7
96889,4,7
96890,0,7
96891,4,7
96896,3,7
96897,11,7
96900,2,7
96901,6,7
96902,2,7
96903,11,7
96904,5,7
96905,11,7
96908,3,7
96909,4,7
96912,11,7
96913,10,7
96915,4,7
96916,3,7
96919,11,7
96920,2,7
96922,11,7
96923,4,7
96926,2,7
96927,0,7
96928,6,7
96929,11,7
96932,11,7
96933,2,7
96935,4,7
96936,0,7
96939,11,7
96940,5,7
96943,2,7
96944,2,7
96945,3,7
96947,6,7
96948,0,7
96949,6,7
96952,2,7
96953,6,7
96954,11,7
96959,6,7
96961,0,7
96962,6,7
96963,6,7
96964,3,7
96970,0,7
96971,0,7
96975,2,7
96978,8,7
96981,8,7
96983,3,7
96984,1,7
96985,8,7
96986,8,7
96990,1,7
96991,6,7
96993,1,7
96994,6,7
96997,5,7
97003,0,7
97004,2,7
97006,0,7
97009,2,7
97011,10,7
97015,3,7
97020,3,7
97023,2,7
97024,0,7
97025,11,7
97026,10,7
97031,6,7
97032,6,7
97034,11,7
97035,5,7
97038,8,7
97040,0,7
97041,6,7
97042,0,7
97043,6,7
97044,6,7
97045,6,7
97046,0,7
97047,8,7
97052,0,7
97054,3,7
97055,6,7
97056,6,7
97057,1,7
97058,5,7
97061,6,7
97062,11,7
97071,3,7
97074,6,7
97075,6,7
97076,6,7
97078,1,7
97080,6,7
97081,6,7
97082,10,7
97085,0,7
97086,0,7
97087,11,7
97088,6,7
97089,11,7
97091,6,7
97096,2,7
97099,1,7
97104,5,7
97105,2,7
97106,4,7
97109,5,7
97110,8,7
97113,5,7
97115,6,7
97118,4,7
97119,5,7
97120,5,7
97123,5,7
97124,6,7
97126,11,7
97127,10,7
97128,4,7
97133,3,7
97137,10,7
97139,11,7
97140,3,7
97143,4,7
97144,6,7
97145,1,7
97146,0,7
97147,0,7
97148,11,7
97150,2,7
97152,4,7
97153,8,7
97157,4,7
97159,4,7
97169,0,7
97173,0,7
97174,3,7
97176,6,7
97179,0,7
97181,3,7
97184,6,7
97185,0,7
97191,1,7
97194,1,7
97195,6,7
97199,8,7
97200,0,7
97202,1,7
97204,3,7
97206,11,7
97207,1,7
97216,0,7
97218,6,7
97221,8,7
97222,4,7
97226,5,7
97228,0,7
97229,8,7
97230,2,7
97231,10,7
97235,3,7
97237,0,7
97238,0,7
97240,2,7
97242,11,7
97245,4,7
97246,4,7
97247,1,7
97248,1,7
97249,3,7
97251,3,7
97252,11,7
97253,1,7
97255,10,7
97257,1,7
97259,1,7
97261,1,7
97265,2,7
97266,4,7
97268,0,7
97270,0,7
97271,0,7
97274,2,7
97275,4,7
97278,0,7
97280,2,7
97281,8,7
97284,6,7
97285,1,7
97286,8,7
97287,10,7
97289,0,7
97292,11,7
97295,3,7
97296,11,7
97297,0,7
97298,11,7
97302,5,7
97303,0,7
97304,2,7
97305,11,7
97306,0,7
97308,0,7
97310,0,7
97311,8,7
97312,5,7
97313,1,7
97314,0,7
97316,4,7
97317,6,7
97318,8,7
97319,0,7
97325,3,7
97329,0,7
97331,8,7
97333,8,7
97336,0,7
97337,6,7
97342,0,7
97345,0,7
97346,1,7
97348,8,7
97350,0,7
97354,0,7
97357,0,7
97360,4,7
97362,5,7
97367,8,7
97369,5,7
97371,5,7
97372,5,7
97373,5,7
97377,5,7
97378,6,7
97380,11,7
97381,8,7
97383,5,7
97387,5,7
97392,5,7
97396,6,7
97397,5,7
97398,5,7
97403,6,7
97405,8,7
97407,8,7
97408,3,7
97409,8,7
97410,8,7
97411,6,7
97412,0,7
97413,0,7
97414,8,7
97415,4,7
97417,6,7
97420,6,7
97421,1,7
97424,6,7
97426,8,7
97427,1,7
97431,8,7
97433,11,7
97436,1,7
97437,1,7
97438,5,7
97440,10,7
97446,4,7
97447,11,7
97448,1,7
97449,6,7
97451,11,7
97457,10,7
97459,11,7
97463,3,7
97464,8,7
97465,11,7
97466,8,7
97467,0,7
97469,6,7
97471,7,7
97472,8,7
97475,3,7
97476,10,7
97477,10,7
97478,9,7
97479,1,7
97480,8,7
97481,4,7
97485,1,7
97486,1,7
97487,11,7
97488,6,7
97489,11,7
97491,1,7
97493,8,7
97494,11,7
97497,11,7
97498,6,7
97499,8,7
97500,10,7
97505,6,7
97506,8,7
97508,7,7
97509,10,7
97511,10,7
97512,8,7
97513,2,7
97514,0,7
97515,10,7
97519,10,7
97521,0,7
97525,10,7
97526,10,7
97527,11,7
97529,0,7
97533,8,7
97534,6,7
97535,4,7
97537,11,7
97539,0,7
97540,8,7
97541,6,7
97545,1,7
97546,0,7
97548,1,7
97549,0,7
97554,10,7
97555,8,7
97559,1,7
97561,8,7
97562,8,7
97564,3,7
97565,5,7
97566,0,7
97569,5,7
97570,0,7
97571,3,7
97572,0,7
97576,4,7
97578,3,7
97580,3,7
97587,3,7
97590,3,7
97593,11,7
97597,10,7
97598,8,7
97599,0,7
97600,8,7
97602,7,7
97603,6,7
97605,4,7
97607,0,7
97608,0,7
97609,8,7
97610,1,7
97611,0,7
97613,0,7
97614,3,7
97618,3,7
97619,0,7
97620,8,7
97622,11,7
97625,0,7
97626,0,7
97629,9,7
97630,0,7
97631,8,7
97632,0,7
97633,0,7
97634,4,7
97637,0,7
97638,6,7
97641,0,7
97642,0,7
97644,4,7
97645,0,7
97649,1,7
97652,5,7
97653,1,7
97656,6,7
97661,0,7
97665,9,7
97666,10,7
97667,9,7
97669,8,7
97671,6,7
97672,10,7
97676,2,7
97677,6,7
97678,11,7
97679,3,7
97681,1,7
97682,11,7
97683,11,7
97688,8,7
97689,5,7
97690,1,7
97693,3,7
97694,0,7
97697,7,7
97698,6,7
97699,5,7
97700,6,7
97704,11,7
97705,0,7
97706,0,7
97709,6,7
97710,5,7
97711,0,7
97712,0,7
97713,1,7
97715,4,7
97716,0,7
97718,5,7
97721,8,7
97722,2,7
97723,4,7
97725,4,7
97726,0,7
97729,3,7
97730,0,7
97732,0,7
97733,8,7
97734,6,7
97736,4,7
97739,3,7
97740,5,7
97743,3,7
97745,8,7
97748,3,7
97749,3,7
97752,8,7
97753,11,7
97754,3,7
97755,3,7
97756,0,7
97757,6,7
97760,0,7
97763,4,7
97766,4,7
97767,3,7
97769,3,7
97770,3,7
97773,4,7
97777,3,7
97779,11,7
97781,1,7
97783,1,7
97784,6,7
97790,1,7
97791,3,7
97792,0,7
97795,6,7
97797,5,7
97798,10,7
97799,3,7
97801,11,7
97808,0,7
97809,11,7
97810,1,7
97811,8,7
97817,2,7
97818,10,7
97824,3,7
97826,3,7
97830,6,7
97832,3,7
97837,8,7
97838,0,7
97840,1,7
97841,6,7
97845,0,7
97847,1,7
97848,5,7
97849,0,7
97850,0,7
97852,8,7
97863,6,7
97865,4,7
97866,4,7
97869,4,7
97870,8,7
97871,5,7
97873,4,7
97874,11,7
97875,1,7
97877,4,7
97878,5,7
97879,4,7
97880,10,7
97881,1,7
97884,1,7
97890,8,7
97894,8,7
97897,6,7
97901,6,7
97902,6,7
97903,0,7
97904,11,7
97905,6,7
97906,6,7
97907,6,7
97908,6,7
97909,6,7
97910,8,7
97913,6,7
97914,6,7
97916,10,7
97917,3,7
97926,8,7
97927,6,7
97929,5,7
97930,6,7
97932,6,7
97933,6,7
97940,1,7
97942,3,7
97946,6,7
97948,6,7
97952,2,7
97960,0,7
97961,4,7
97963,5,7
97964,11,7
97965,3,7
97967,1,7
97968,4,7
97969,11,7
97971,1,7
97972,2,7
97974,11,7
97976,6,7
97977,6,7
97979,4,7
97980,6,7
97982,3,7
97987,8,7
97989,8,7
97993,11,7
97994,5,7
97997,8,7
97998,0,7
97999,8,7
98002,4,7
98003,6,7
98005,6,7
98007,8,7
98011,3,7
98012,1,7
98014,10,7
98017,10,7
98020,5,7
98021,0,7
98022,1,7
98023,11,7
98027,11,7
98029,6,7
98030,11,7
98033,8,7
98035,6,7
98038,6,7
98040,6,7
98041,1,7
98042,1,7
98043,11,7
98045,11,7
98046,10,7
98047,5,7
98051,5,7
98055,11,7
98056,6,7
98059,6,7
98060,4,7
98063,4,7
98066,11,7
98067,1,7
98069,6,7
98070,10,7
98072,1,7
98076,3,7
98077,8,7
98080,0,7
98083,4,7
98084,11,7
98087,6,7
98088,11,7
98090,1,7
98091,1,7
98092,5,7
98093,4,7
98097,1,7
98100,1,7
98101,11,7
98105,6,7
98106,10,7
98109,0,7
98110,11,7
98111,5,7
98112,11,7
98113,5,7
98114,1,7
98117,5,7
98125,6,7
98126,4,7
98128,1,7
98133,2,7
98135,4,7
98137,1,7
98138,0,7
98139,5,7
98140,5,7
98143,2,7
98148,11,7
98149,5,7
98150,2,7
98157,1,7
98159,6,7
98160,6,7
98161,4,7
98163,1,7
98164,1,7
98166,10,7
98167,8,7
98170,8,7
98172,4,7
98174,2,7
98175,2,7
98176,11,7
98177,1,7
98179,5,7
98181,6,7
98182,4,7
98183,3,7
98185,2,7
98186,1,7
98188,5,7
98189,1,7
98190,1,7
98192,11,7
98193,11,7
98195,5,7
98196,11,7
98198,4,7
98200,5,7
98202,8,7
98203,3,7
98204,6,7
98205,6,7
98208,2,7
98212,4,7
98213,5,7
98219,3,7
98223,0,7
98224,3,7
98225,0,7
98227,1,7
98228,5,7
98229,11,7
98231,6,7
98233,1,7
98234,3,7
98235,6,7
98236,3,7
98237,11,7
98241,6,7
98244,8,7
98245,5,7
98248,5,7
98249,11,7
98252,5,7
98254,5,7
98255,10,7
98256,10,7
98257,11,7
98259,8,7
98260,6,7
98261,10,7
98263,11,7
98264,1,7
98266,0,7
98267,4,7
98271,8,7
98272,5,7
98275,11,7
98277,11,7
98279,8,7
98280,10,7
98281,0,7
98282,11,7
98284,8,7
98285,8,7
98286,4,7
98287,11,7
98290,8,7
98292,5,7
98295,3,7
98298,11,7
98301,1,7
98302,2,7
98305,11,7
98306,5,7
98307,6,7
98308,3,7
98309,3,7
98310,3,7
98312,5,7
98321,4,7
98325,3,7
98326,3,7
98329,4,7
98334,1,7
98335,3,7
98337,5,7
98340,11,7
98342,5,7
98346,4,7
98350,3,7
98351,4,7
98352,5,7
98353,6,7
98356,11,7
98357,2,7
98360,2,7
98361,1,7
98363,1,7
98364,11,7
98365,1,7
98367,1,7
98368,4,7
98369,11,7
98370,0,7
98371,0,7
98372,5,7
98376,3,7
98377,11,7
98379,3,7
98380,3,7
98381,0,7
98383,11,7
98385,8,7
98386,8,7
98388,8,7
98389,8,7
98391,8,7
98393,3,7
98394,3,7
98395,4,7
98397,6,7
98399,5,7
98403,4,7
98405,5,7
98406,4,7
98408,4,7
98410,4,7
98411,4,7
98415,0,7
98418,10,7
98422,4,7
98423,6,7
98424,4,7
98427,4,7
98429,5,7
98432,8,7
98433,8,7
98434,8,7
98436,2,7
98441,11,7
98442,2,7
98443,3,7
98444,11,7
98445,3,7
98447,4,7
98449,0,7
98451,2,7
98452,6,7
98453,5,7
98454,2,7
98457,11,7
98462,3,7
98463,2,7
98465,3,7
98466,7,7
98467,2,7
98468,4,7
98469,2,7
98471,1,7
98474,8,7
98475,11,7
98478,3,7
98480,0,7
98481,11,7
98482,6,7
98486,10,7
98489,1,7
98494,11,7
98497,11,7
98499,0,7
98500,5,7
98503,4,7
98504,9,7
98505,8,7
98507,10,7
98511,6,7
98513,10,7
98517,10,7
98518,4,7
98519,10,7
98520,4,7
98522,3,7
98527,4,7
98529,5,7
98530,6,7
98531,9,7
98534,3,7
98535,1,7
98538,5,7
98540,6,7
98541,1,7
98542,4,7
98544,6,7
98545,5,7
98546,4,7
98547,6,7
98548,11,7
98550,10,7
98551,0,7
98554,4,7
98555,2,7
98557,7,7
98558,8,7
98559,10,7
98562,5,7
98563,1,7
98564,11,7
98565,8,7
98566,8,7
98567,3,7
98568,5,7
98569,8,7
98572,3,7
98573,8,7
98574,0,7
98577,0,7
98580,11,7
98583,4,7
98584,11,7
98585,6,7
98587,3,7
98588,1,7
98590,1,7
98593,1,7
98597,11,7
98598,4,7
98600,11,7
98602,3,7
98604,1,7
98605,3,7
98606,3,7
98607,3,7
98608,3,7
98611,0,7
98613,11,7
98614,1,7
98616,5,7
98617,4,7
98623,10,7
98626,1,7
98628,0,7
98629,4,7
98631,10,7
98632,3,7
98634,5,7
98637,5,7
98638,5,7
98639,6,7
98640,11,7
98646,1,7
98647,3,7
98648,4,7
98650,1,7
98653,4,7
98654,3,7
98655,1,7
98658,1,7
98659,1,7
98665,4,7
98667,5,7
98670,5,7
98674,6,7
98675,4,7
98680,0,7
98682,0,7
98684,2,7
98687,7,7
98688,5,7
98690,1,7
98691,6,7
98692,11,7
98694,10,7
98695,0,7
98696,8,7
98700,3,7
98703,0,7
98707,5,7
98708,11,7
98710,8,7
98712,0,7
98715,6,7
98716,8,7
98718,5,7
98722,2,7
98727,8,7
98733,1,7
98734,5,7
98735,6,7
98739,0,7
98741,3,7
98742,9,7
98743,3,7
98745,3,7
98746,6,7
98747,3,7
98748,7,7
98750,0,7
98751,6,7
98754,4,7
98755,4,7
98762,5,7
98763,10,7
98765,11,7
98769,0,7
98772,3,7
98776,10,7
98780,3,7
98783,3,7
98784,0,7
98787,11,7
98788,10,7
98789,1,7
98792,3,7
98795,8,7
98798,10,7
98802,1,7
98803,4,7
98804,8,7
98807,4,7
98809,4,7
98812,10,7
98813,8,7
98814,6,7
98817,4,7
98819,4,7
98822,1,7
98824,6,7
98827,4,7
98828,3,7
98831,3,7
98835,1,7
98838,6,7
98840,1,7
98842,6,7
98845,6,7
98846,10,7
98847,2,7
98849,2,7
98851,6,7
98855,11,7
98858,4,7
98860,11,7
98861,11,7
98866,6,7
98868,6,7
98869,0,7
98870,4,7
98871,5,7
98873,4,7
98876,5,7
98880,5,7
98881,4,7
98882,10,7
98883,6,7
98885,4,7
98886,9,7
98888,9,7
98893,4,7
98898,4,7
98899,10,7
98902,8,7
98904,0,7
98907,11,7
98909,0,7
98913,10,7
98914,2,7
98915,0,7
98923,4,7
98926,2,7
98931,4,7
98932,2,7
98934,10,7
98939,7,7
98940,6,7
98942,8,7
98943,0,7
98944,6,7
98946,0,7
98947,8,7
98948,3,7
98949,0,7
98952,6,7
98953,6,7
98955,6,7
98958,6,7
98959,6,7
98960,6,7
98962,6,7
98963,8,7
98968,1,7
98970,6,7
98972,11,7
98973,3,7
98974,2,7
98975,10,7
98976,6,7
98978,6,7
98980,1,7
98981,11,7
98985,11,7
98987,6,7
98989,6,7
98991,6,7
98995,10,7
98999,11,7
99000,0,7
99002,2,7
99004,3,7
99008,6,7
99009,8,7
99010,4,7
99011,9,7
99012,8,7
99013,5,7
99014,8,7
99018,4,7
99021,8,7
99022,8,7
99023,0,7
99024,11,7
99025,2,7
99026,0,7
99028,0,7
99031,10,7
99033,8,7
99035,3,7
99038,1,7
99040,4,7
99041,1,7
99042,6,7
99043,4,7
99045,11,7
99047,6,7
99049,1,7
99051,4,7
99053,3,7
99054,7,7
99057,0,7
99058,8,7
99059,11,7
99061,11,7
99062,11,7
99063,11,7
99064,0,7
99066,10,7
99067,5,7
99068,11,7
99069,11,7
99070,5,7
99071,10,7
99072,10,7
99073,10,7
99075,8,7
99076,11,7
99077,11,7
99078,8,7
99080,3,7
99083,1,7
99084,4,7
99088,6,7
99089,8,7
99090,5,7
99091,1,7
99096,5,7
99098,2,7
99103,7,7
99106,1,7
99109,11,7
99110,5,7
99111,11,7
99113,3,7
99114,9,7
99116,4,7
99118,10,7
99120,0,7
99121,10,7
99125,10,7
99126,11,7
99127,3,7
99129,8,7
99131,11,7
99134,10,7
99135,1,7
99136,5,7
99137,1,7
99138,8,7
99139,6,7
99146,0,7
99148,3,7
99150,1,7
99151,4,7
99154,1,7
99155,0,7
99156,8,7
99160,5,7
99161,1,7
99163,2,7
99164,8,7
99167,3,7
99169,11,7
99170,11,7
99172,11,7
99173,3,7
99175,10,7
99176,4,7
99177,0,7
99178,3,7
99180,6,7
99181,6,7
99182,2,7
99184,0,7
99185,10,7
99187,5,7
99190,8,7
99191,10,7
99192,3,7
99193,3,7
99194,0,7
99195,5,7
99197,9,7
99200,8,7
99201,3,7
99202,10,7
99209,3,7
99210,4,7
99211,11,7
99215,3,7
99217,0,7
99218,0,7
99221,7,7
99222,8,7
99223,10,7
99224,5,7
99226,11,7
99228,0,7
99229,3,7
99230,11,7
99232,6,7
99234,11,7
99236,3,7
99238,3,7
99242,0,7
99243,3,7
99244,11,7
99249,4,7
99251,6,7
99254,3,7
99255,7,7
99263,7,7
99268,0,7
99270,3,7
99271,0,7
99272,0,7
99273,2,7
99274,8,7
99275,10,7
99276,8,7
99277,7,7
99279,11,7
99281,0,7
99284,8,7
99285,8,7
99286,10,7
99288,0,7
99289,8,7
99291,0,7
99297,11,7
99298,10,7
99302,1,7
99304,6,7
99305,0,7
99307,8,7
99308,2,7
99309,2,7
99310,3,7
99311,7,7
99315,11,7
99316,1,7
99317,11,7
99319,11,7
99321,11,7
99322,3,7
99323,5,7
99324,11,7
99327,0,7
99329,0,7
99335,0,7
99336,1,7
99342,3,7
99346,10,7
99348,3,7
99349,6,7
99351,11,7
99352,10,7
99353,0,7
99355,2,7
99356,2,7
99358,3,7
99359,1,7
99365,6,7
99366,3,7
99369,11,7
99371,3,7
99373,1,7
99384,3,7
99387,3,7
99390,4,7
99391,6,7
99392,6,7
99393,3,7
99394,3,7
99397,8,7
99400,0,7
99401,11,7
99403,11,7
99405,10,7
99412,5,7
99413,1,7
99415,3,7
99417,4,7
99420,3,7
99422,11,7
99428,8,7
99429,1,7
99430,8,7
99431,8,7
99432,3,7
99433,5,7
99434,3,7
99435,11,7
99438,3,7
99440,6,7
99446,1,7
99447,3,7
99449,3,7
99450,3,7
99451,0,7
99454,3,7
99455,3,7
99456,0,7
99459,2,7
99461,8,7
99462,6,7
99464,0,7
99465,0,7
99467,3,7
99469,3,7
99470,3,7
99471,3,7
99474,5,7
99475,8,7
99476,8,7
99477,8,7
99478,11,7
99480,5,7
99481,6,7
99488,5,7
99489,11,7
99496,6,7
99505,0,7
99513,1,7
99514,11,7
99516,3,7
99517,1,7
99518,8,7
99521,3,7
99524,4,7
99525,2,7
99526,1,7
99527,6,7
99528,6,7
99530,2,7
99531,2,7
99532,0,7
99536,3,7
99537,0,7
99538,3,7
99540,11,7
99543,4,7
99549,11,7
99550,8,7
99554,10,7
99563,9,7
99565,0,7
99566,10,7
99569,0,7
99574,6,7
99576,3,7
99577,6,7
99580,11,7
99582,3,7
99585,5,7
99586,0,7
99587,3,7
99590,3,7
99591,3,7
99593,0,7
99595,8,7
99596,0,7
99599,1,7
99601,11,7
99603,1,7
99605,8,7
99616,0,7
99620,5,7
99621,5,7
99623,11,7
99624,6,7
99625,6,7
99627,5,7
99630,4,7
99632,6,7
99635,6,7
99637,6,7
99638,6,7
99644,1,7
99646,6,7
99647,9,7
99650,6,7
99651,10,7
99652,10,7
99656,5,7
99658,10,7
99662,6,7
99664,6,7
99666,0,7
99667,8,7
99669,6,7
99673,6,7
99676,6,7
99677,4,7
99679,5,7
99681,6,7
99682,6,7
99688,6,7
99689,6,7
99690,6,7
99691,0,7
99693,1,7
99695,11,7
99696,0,7
99697,6,7
99698,11,7
99704,3,7
99706,6,7
99707,8,7
99708,10,7
99714,6,7
99715,5,7
99716,0,7
99718,8,7
99719,1,7
99720,1,7
99722,9,7
99724,6,7
99725,4,7
99727,0,7
99728,6,7
99729,8,7
99730,6,7
99734,5,7
99736,6,7
99737,6,7
99738,1,7
99739,6,7
99742,1,7
99743,1,7
99744,1,7
99745,6,7
99749,0,7
99750,6,7
99752,6,7
99753,1,7
99756,10,7
99758,6,7
99759,8,7
99760,6,7
99763,1,7
99764,2,7
99766,6,7
99767,6,7
99769,3,7
99770,11,7
99773,1,7
99776,5,7
99777,8,7
99778,8,7
99779,0,7
99782,3,7
99787,1,7
99791,11,7
99793,5,7
99794,6,7
99796,11,7
99797,1,7
99798,6,7
99801,3,7
99803,6,7
99805,8,7
99807,6,7
99809,8,7
99813,0,7
99814,11,7
99815,0,7
99816,6,7
99818,0,7
99820,3,7
99824,6,7
99825,3,7
99831,6,7
99835,8,7
99836,5,7
99837,6,7
99842,6,7
99843,0,7
99845,1,7
99846,6,7
99848,8,7
99852,3,7
99853,4,7
99854,11,7
99857,8,7
99858,8,7
99861,1,7
99863,6,7
99864,6,7
99866,1,7
99871,8,7
99872,11,7
99873,5,7
99874,6,7
99879,0,7
99881,3,7
99882,2,7
99883,1,7
99884,6,7
99885,8,7
99886,1,7
99892,8,7
99895,6,7
99897,11,7
99898,1,7
99899,6,7
99900,11,7
99903,11,7
99904,6,7
99906,6,7
99907,1,7
99911,1,7
99912,4,7
99913,6,7
99915,6,7
99916,0,7
99919,3,7
99920,8,7
99923,1,7
99924,0,7
99925,11,7
99927,5,7
99929,6,7
99930,3,7
99931,8,7
99932,10,7
99933,6,7
99935,10,7
99936,11,7
99937,11,7
99938,10,7
99940,8,7
99941,0,7
99943,1,7
99945,0,7
99947,6,7
99948,11,7
99950,11,7
99953,0,7
99954,0,7
99955,6,7
99956,2,7
99958,4,7
99960,7,7
99963,8,7
99965,0,7
99966,4,7
99967,8,7
99968,11,7
99970,4,7
99971,6,7
99974,0,7
99975,2,7
99978,8,7
99983,6,7
99984,3,7
99987,0,7
99991,9,7
99992,0,7
99993,8,7
99996,6,7
99999,5,7
