row_index,label,algorithm,feature_space
23,5,clara_k16,text_pca64_lexical_calendar_publisher_stock
39,2,clara_k16,text_pca64_lexical_calendar_publisher_stock
53,13,clara_k16,text_pca64_lexical_calendar_publisher_stock
70,4,clara_k16,text_pca64_lexical_calendar_publisher_stock
87,12,clara_k16,text_pca64_lexical_calendar_publisher_stock
88,2,clara_k16,text_pca64_lexical_calendar_publisher_stock
97,14,clara_k16,text_pca64_lexical_calendar_publisher_stock
101,0,clara_k16,text_pca64_lexical_calendar_publisher_stock
102,14,clara_k16,text_pca64_lexical_calendar_publisher_stock
103,0,clara_k16,text_pca64_lexical_calendar_publisher_stock
106,0,clara_k16,text_pca64_lexical_calendar_publisher_stock
114,0,clara_k16,text_pca64_lexical_calendar_publisher_stock
115,2,clara_k16,text_pca64_lexical_calendar_publisher_stock
124,0,clara_k16,text_pca64_lexical_calendar_publisher_stock
127,0,clara_k16,text_pca64_lexical_calendar_publisher_stock
134,12,clara_k16,text_pca64_lexical_calendar_publisher_stock
135,2,clara_k16,text_pca64_lexical_calendar_publisher_stock
142,2,clara_k16,text_pca64_lexical_calendar_publisher_stock
147,1,clara_k16,text_pca64_lexical_calendar_publisher_stock
149,2,clara_k16,text_pca64_lexical_calendar_publisher_stock
151,7,clara_k16,text_pca64_lexical_calendar_publisher_stock
158,13,clara_k16,text_pca64_lexical_calendar_publisher_stock
161,0,clara_k16,text_pca64_lexical_calendar_publisher_stock
182,0,clara_k16,text_pca64_lexical_calendar_publisher_stock
186,6,clara_k16,text_pca64_lexical_calendar_publisher_stock
195,4,clara_k16,text_pca64_lexical_calendar_publisher_stock
219,6,clara_k16,text_pca64_lexical_calendar_publisher_stock
226,1,clara_k16,text_pca64_lexical_calendar_publisher_stock
239,14,clara_k16,text_pca64_lexical_calendar_publisher_stock
250,11,clara_k16,text_pca64_lexical_calendar_publisher_stock
253,4,clara_k16,text_pca64_lexical_calendar_publisher_stock
265,0,clara_k16,text_pca64_lexical_calendar_publisher_stock
267,4,clara_k16,text_pca64_lexical_calendar_publisher_stock
270,4,clara_k16,text_pca64_lexical_calendar_publisher_stock
274,0,clara_k16,text_pca64_lexical_calendar_publisher_stock
278,2,clara_k16,text_pca64_lexical_calendar_publisher_stock
295,2,clara_k16,text_pca64_lexical_calendar_publisher_stock
300,14,clara_k16,text_pca64_lexical_calendar_publisher_stock
312,1,clara_k16,text_pca64_lexical_calendar_publisher_stock
313,5,clara_k16,text_pca64_lexical_calendar_publisher_stock
342,1,clara_k16,text_pca64_lexical_calendar_publisher_stock
347,4,clara_k16,text_pca64_lexical_calendar_publisher_stock
351,12,clara_k16,text_pca64_lexical_calendar_publisher_stock
362,2,clara_k16,text_pca64_lexical_calendar_publisher_stock
365,1,clara_k16,text_pca64_lexical_calendar_publisher_stock
369,1,clara_k16,text_pca64_lexical_calendar_publisher_stock
373,4,clara_k16,text_pca64_lexical_calendar_publisher_stock
378,12,clara_k16,text_pca64_lexical_calendar_publisher_stock
379,0,clara_k16,text_pca64_lexical_calendar_publisher_stock
380,7,clara_k16,text_pca64_lexical_calendar_publisher_stock
398,0,clara_k16,text_pca64_lexical_calendar_publisher_stock
406,0,clara_k16,text_pca64_lexical_calendar_publisher_stock
419,4,clara_k16,text_pca64_lexical_calendar_publisher_stock
422,6,clara_k16,text_pca64_lexical_calendar_publisher_stock
423,9,clara_k16,text_pca64_lexical_calendar_publisher_stock
436,4,clara_k16,text_pca64_lexical_calendar_publisher_stock
437,1,clara_k16,text_pca64_lexical_calendar_publisher_stock
441,14,clara_k16,text_pca64_lexical_calendar_publisher_stock
444,0,clara_k16,text_pca64_lexical_calendar_publisher_stock
454,6,clara_k16,text_pca64_lexical_calendar_publisher_stock
457,9,clara_k16,text_pca64_lexical_calendar_publisher_stock
466,0,clara_k16,text_pca64_lexical_calendar_publisher_stock
473,4,clara_k16,text_pca64_lexical_calendar_publisher_stock
474,0,clara_k16,text_pca64_lexical_calendar_publisher_stock
476,0,clara_k16,text_pca64_lexical_calendar_publisher_stock
484,0,clara_k16,text_pca64_lexical_calendar_publisher_stock
487,4,clara_k16,text_pca64_lexical_calendar_publisher_stock
491,2,clara_k16,text_pca64_lexical_calendar_publisher_stock
494,2,clara_k16,text_pca64_lexical_calendar_publisher_stock
502,4,clara_k16,text_pca64_lexical_calendar_publisher_stock
504,0,clara_k16,text_pca64_lexical_calendar_publisher_stock
505,4,clara_k16,text_pca64_lexical_calendar_publisher_stock
512,0,clara_k16,text_pca64_lexical_calendar_publisher_stock
516,0,clara_k16,text_pca64_lexical_calendar_publisher_stock
519,0,clara_k16,text_pca64_lexical_calendar_publisher_stock
524,0,clara_k16,text_pca64_lexical_calendar_publisher_stock
525,0,clara_k16,text_pca64_lexical_calendar_publisher_stock
536,9,clara_k16,text_pca64_lexical_calendar_publisher_stock
549,13,clara_k16,text_pca64_lexical_calendar_publisher_stock
563,6,clara_k16,text_pca64_lexical_calendar_publisher_stock
564,0,clara_k16,text_pca64_lexical_calendar_publisher_stock
572,0,clara_k16,text_pca64_lexical_calendar_publisher_stock
573,1,clara_k16,text_pca64_lexical_calendar_publisher_stock
575,12,clara_k16,text_pca64_lexical_calendar_publisher_stock
578,4,clara_k16,text_pca64_lexical_calendar_publisher_stock
581,1,clara_k16,text_pca64_lexical_calendar_publisher_stock
585,0,clara_k16,text_pca64_lexical_calendar_publisher_stock
590,10,clara_k16,text_pca64_lexical_calendar_publisher_stock
614,1,clara_k16,text_pca64_lexical_calendar_publisher_stock
616,14,clara_k16,text_pca64_lexical_calendar_publisher_stock
618,0,clara_k16,text_pca64_lexical_calendar_publisher_stock
624,0,clara_k16,text_pca64_lexical_calendar_publisher_stock
628,10,clara_k16,text_pca64_lexical_calendar_publisher_stock
632,10,clara_k16,text_pca64_lexical_calendar_publisher_stock
647,0,clara_k16,text_pca64_lexical_calendar_publisher_stock
651,0,clara_k16,text_pca64_lexical_calendar_publisher_stock
655,0,clara_k16,text_pca64_lexical_calendar_publisher_stock
669,10,clara_k16,text_pca64_lexical_calendar_publisher_stock
672,1,clara_k16,text_pca64_lexical_calendar_publisher_stock
673,4,clara_k16,text_pca64_lexical_calendar_publisher_stock
674,13,clara_k16,text_pca64_lexical_calendar_publisher_stock
689,4,clara_k16,text_pca64_lexical_calendar_publisher_stock
690,5,clara_k16,text_pca64_lexical_calendar_publisher_stock
695,4,clara_k16,text_pca64_lexical_calendar_publisher_stock
698,0,clara_k16,text_pca64_lexical_calendar_publisher_stock
701,0,clara_k16,text_pca64_lexical_calendar_publisher_stock
708,4,clara_k16,text_pca64_lexical_calendar_publisher_stock
712,4,clara_k16,text_pca64_lexical_calendar_publisher_stock
716,1,clara_k16,text_pca64_lexical_calendar_publisher_stock
752,0,clara_k16,text_pca64_lexical_calendar_publisher_stock
756,1,clara_k16,text_pca64_lexical_calendar_publisher_stock
758,0,clara_k16,text_pca64_lexical_calendar_publisher_stock
773,13,clara_k16,text_pca64_lexical_calendar_publisher_stock
775,0,clara_k16,text_pca64_lexical_calendar_publisher_stock
777,0,clara_k16,text_pca64_lexical_calendar_publisher_stock
782,1,clara_k16,text_pca64_lexical_calendar_publisher_stock
784,12,clara_k16,text_pca64_lexical_calendar_publisher_stock
788,0,clara_k16,text_pca64_lexical_calendar_publisher_stock
790,4,clara_k16,text_pca64_lexical_calendar_publisher_stock
793,0,clara_k16,text_pca64_lexical_calendar_publisher_stock
802,1,clara_k16,text_pca64_lexical_calendar_publisher_stock
803,1,clara_k16,text_pca64_lexical_calendar_publisher_stock
804,0,clara_k16,text_pca64_lexical_calendar_publisher_stock
812,1,clara_k16,text_pca64_lexical_calendar_publisher_stock
820,1,clara_k16,text_pca64_lexical_calendar_publisher_stock
821,0,clara_k16,text_pca64_lexical_calendar_publisher_stock
831,1,clara_k16,text_pca64_lexical_calendar_publisher_stock
833,0,clara_k16,text_pca64_lexical_calendar_publisher_stock
838,4,clara_k16,text_pca64_lexical_calendar_publisher_stock
842,1,clara_k16,text_pca64_lexical_calendar_publisher_stock
852,12,clara_k16,text_pca64_lexical_calendar_publisher_stock
856,12,clara_k16,text_pca64_lexical_calendar_publisher_stock
866,1,clara_k16,text_pca64_lexical_calendar_publisher_stock
873,13,clara_k16,text_pca64_lexical_calendar_publisher_stock
876,6,clara_k16,text_pca64_lexical_calendar_publisher_stock
880,6,clara_k16,text_pca64_lexical_calendar_publisher_stock
883,1,clara_k16,text_pca64_lexical_calendar_publisher_stock
886,15,clara_k16,text_pca64_lexical_calendar_publisher_stock
896,12,clara_k16,text_pca64_lexical_calendar_publisher_stock
902,12,clara_k16,text_pca64_lexical_calendar_publisher_stock
920,0,clara_k16,text_pca64_lexical_calendar_publisher_stock
923,2,clara_k16,text_pca64_lexical_calendar_publisher_stock
928,1,clara_k16,text_pca64_lexical_calendar_publisher_stock
933,0,clara_k16,text_pca64_lexical_calendar_publisher_stock
948,0,clara_k16,text_pca64_lexical_calendar_publisher_stock
949,14,clara_k16,text_pca64_lexical_calendar_publisher_stock
953,12,clara_k16,text_pca64_lexical_calendar_publisher_stock
955,2,clara_k16,text_pca64_lexical_calendar_publisher_stock
957,2,clara_k16,text_pca64_lexical_calendar_publisher_stock
960,0,clara_k16,text_pca64_lexical_calendar_publisher_stock
965,0,clara_k16,text_pca64_lexical_calendar_publisher_stock
966,4,clara_k16,text_pca64_lexical_calendar_publisher_stock
979,4,clara_k16,text_pca64_lexical_calendar_publisher_stock
980,0,clara_k16,text_pca64_lexical_calendar_publisher_stock
985,4,clara_k16,text_pca64_lexical_calendar_publisher_stock
1003,7,clara_k16,text_pca64_lexical_calendar_publisher_stock
1022,0,clara_k16,text_pca64_lexical_calendar_publisher_stock
1025,0,clara_k16,text_pca64_lexical_calendar_publisher_stock
1032,0,clara_k16,text_pca64_lexical_calendar_publisher_stock
1040,1,clara_k16,text_pca64_lexical_calendar_publisher_stock
1043,1,clara_k16,text_pca64_lexical_calendar_publisher_stock
1045,1,clara_k16,text_pca64_lexical_calendar_publisher_stock
1053,6,clara_k16,text_pca64_lexical_calendar_publisher_stock
1054,11,clara_k16,text_pca64_lexical_calendar_publisher_stock
1057,2,clara_k16,text_pca64_lexical_calendar_publisher_stock
1059,0,clara_k16,text_pca64_lexical_calendar_publisher_stock
1060,2,clara_k16,text_pca64_lexical_calendar_publisher_stock
1070,0,clara_k16,text_pca64_lexical_calendar_publisher_stock
1077,0,clara_k16,text_pca64_lexical_calendar_publisher_stock
1091,1,clara_k16,text_pca64_lexical_calendar_publisher_stock
1099,14,clara_k16,text_pca64_lexical_calendar_publisher_stock
1116,6,clara_k16,text_pca64_lexical_calendar_publisher_stock
1121,1,clara_k16,text_pca64_lexical_calendar_publisher_stock
1122,1,clara_k16,text_pca64_lexical_calendar_publisher_stock
1126,2,clara_k16,text_pca64_lexical_calendar_publisher_stock
1137,14,clara_k16,text_pca64_lexical_calendar_publisher_stock
1139,14,clara_k16,text_pca64_lexical_calendar_publisher_stock
1146,2,clara_k16,text_pca64_lexical_calendar_publisher_stock
1152,1,clara_k16,text_pca64_lexical_calendar_publisher_stock
1155,0,clara_k16,text_pca64_lexical_calendar_publisher_stock
1162,9,clara_k16,text_pca64_lexical_calendar_publisher_stock
1165,13,clara_k16,text_pca64_lexical_calendar_publisher_stock
1169,2,clara_k16,text_pca64_lexical_calendar_publisher_stock
1173,14,clara_k16,text_pca64_lexical_calendar_publisher_stock
1175,2,clara_k16,text_pca64_lexical_calendar_publisher_stock
1176,12,clara_k16,text_pca64_lexical_calendar_publisher_stock
1182,14,clara_k16,text_pca64_lexical_calendar_publisher_stock
1193,14,clara_k16,text_pca64_lexical_calendar_publisher_stock
1196,2,clara_k16,text_pca64_lexical_calendar_publisher_stock
1199,2,clara_k16,text_pca64_lexical_calendar_publisher_stock
1217,1,clara_k16,text_pca64_lexical_calendar_publisher_stock
1221,6,clara_k16,text_pca64_lexical_calendar_publisher_stock
1224,11,clara_k16,text_pca64_lexical_calendar_publisher_stock
1230,4,clara_k16,text_pca64_lexical_calendar_publisher_stock
1246,4,clara_k16,text_pca64_lexical_calendar_publisher_stock
1248,6,clara_k16,text_pca64_lexical_calendar_publisher_stock
1255,8,clara_k16,text_pca64_lexical_calendar_publisher_stock
1256,8,clara_k16,text_pca64_lexical_calendar_publisher_stock
1260,0,clara_k16,text_pca64_lexical_calendar_publisher_stock
1278,14,clara_k16,text_pca64_lexical_calendar_publisher_stock
1285,0,clara_k16,text_pca64_lexical_calendar_publisher_stock
1309,0,clara_k16,text_pca64_lexical_calendar_publisher_stock
1318,13,clara_k16,text_pca64_lexical_calendar_publisher_stock
1322,14,clara_k16,text_pca64_lexical_calendar_publisher_stock
1325,6,clara_k16,text_pca64_lexical_calendar_publisher_stock
1330,0,clara_k16,text_pca64_lexical_calendar_publisher_stock
1332,0,clara_k16,text_pca64_lexical_calendar_publisher_stock
1343,12,clara_k16,text_pca64_lexical_calendar_publisher_stock
1348,0,clara_k16,text_pca64_lexical_calendar_publisher_stock
1349,4,clara_k16,text_pca64_lexical_calendar_publisher_stock
1356,0,clara_k16,text_pca64_lexical_calendar_publisher_stock
1364,4,clara_k16,text_pca64_lexical_calendar_publisher_stock
1368,2,clara_k16,text_pca64_lexical_calendar_publisher_stock
1370,6,clara_k16,text_pca64_lexical_calendar_publisher_stock
1372,0,clara_k16,text_pca64_lexical_calendar_publisher_stock
1380,0,clara_k16,text_pca64_lexical_calendar_publisher_stock
1384,0,clara_k16,text_pca64_lexical_calendar_publisher_stock
1387,0,clara_k16,text_pca64_lexical_calendar_publisher_stock
1390,4,clara_k16,text_pca64_lexical_calendar_publisher_stock
1402,2,clara_k16,text_pca64_lexical_calendar_publisher_stock
1406,2,clara_k16,text_pca64_lexical_calendar_publisher_stock
1413,0,clara_k16,text_pca64_lexical_calendar_publisher_stock
1414,6,clara_k16,text_pca64_lexical_calendar_publisher_stock
1419,2,clara_k16,text_pca64_lexical_calendar_publisher_stock
1424,4,clara_k16,text_pca64_lexical_calendar_publisher_stock
1430,13,clara_k16,text_pca64_lexical_calendar_publisher_stock
1441,0,clara_k16,text_pca64_lexical_calendar_publisher_stock
1445,0,clara_k16,text_pca64_lexical_calendar_publisher_stock
1452,0,clara_k16,text_pca64_lexical_calendar_publisher_stock
1458,8,clara_k16,text_pca64_lexical_calendar_publisher_stock
1463,0,clara_k16,text_pca64_lexical_calendar_publisher_stock
1469,8,clara_k16,text_pca64_lexical_calendar_publisher_stock
1470,8,clara_k16,text_pca64_lexical_calendar_publisher_stock
1472,8,clara_k16,text_pca64_lexical_calendar_publisher_stock
1477,14,clara_k16,text_pca64_lexical_calendar_publisher_stock
1478,6,clara_k16,text_pca64_lexical_calendar_publisher_stock
1480,8,clara_k16,text_pca64_lexical_calendar_publisher_stock
1483,6,clara_k16,text_pca64_lexical_calendar_publisher_stock
1520,8,clara_k16,text_pca64_lexical_calendar_publisher_stock
1543,5,clara_k16,text_pca64_lexical_calendar_publisher_stock
1549,0,clara_k16,text_pca64_lexical_calendar_publisher_stock
1550,0,clara_k16,text_pca64_lexical_calendar_publisher_stock
1566,1,clara_k16,text_pca64_lexical_calendar_publisher_stock
1570,0,clara_k16,text_pca64_lexical_calendar_publisher_stock
1572,2,clara_k16,text_pca64_lexical_calendar_publisher_stock
1574,14,clara_k16,text_pca64_lexical_calendar_publisher_stock
1575,0,clara_k16,text_pca64_lexical_calendar_publisher_stock
1576,14,clara_k16,text_pca64_lexical_calendar_publisher_stock
1581,0,clara_k16,text_pca64_lexical_calendar_publisher_stock
1583,1,clara_k16,text_pca64_lexical_calendar_publisher_stock
1586,0,clara_k16,text_pca64_lexical_calendar_publisher_stock
1592,0,clara_k16,text_pca64_lexical_calendar_publisher_stock
1598,0,clara_k16,text_pca64_lexical_calendar_publisher_stock
1599,0,clara_k16,text_pca64_lexical_calendar_publisher_stock
1602,2,clara_k16,text_pca64_lexical_calendar_publisher_stock
1632,2,clara_k16,text_pca64_lexical_calendar_publisher_stock
1640,0,clara_k16,text_pca64_lexical_calendar_publisher_stock
1653,4,clara_k16,text_pca64_lexical_calendar_publisher_stock
1655,5,clara_k16,text_pca64_lexical_calendar_publisher_stock
1670,5,clara_k16,text_pca64_lexical_calendar_publisher_stock
1684,9,clara_k16,text_pca64_lexical_calendar_publisher_stock
1692,2,clara_k16,text_pca64_lexical_calendar_publisher_stock
1697,2,clara_k16,text_pca64_lexical_calendar_publisher_stock
1714,12,clara_k16,text_pca64_lexical_calendar_publisher_stock
1718,14,clara_k16,text_pca64_lexical_calendar_publisher_stock
1721,4,clara_k16,text_pca64_lexical_calendar_publisher_stock
1728,15,clara_k16,text_pca64_lexical_calendar_publisher_stock
1736,2,clara_k16,text_pca64_lexical_calendar_publisher_stock
1738,0,clara_k16,text_pca64_lexical_calendar_publisher_stock
1742,9,clara_k16,text_pca64_lexical_calendar_publisher_stock
1747,1,clara_k16,text_pca64_lexical_calendar_publisher_stock
1751,4,clara_k16,text_pca64_lexical_calendar_publisher_stock
1761,11,clara_k16,text_pca64_lexical_calendar_publisher_stock
1801,6,clara_k16,text_pca64_lexical_calendar_publisher_stock
1807,7,clara_k16,text_pca64_lexical_calendar_publisher_stock
1815,13,clara_k16,text_pca64_lexical_calendar_publisher_stock
1824,0,clara_k16,text_pca64_lexical_calendar_publisher_stock
1830,0,clara_k16,text_pca64_lexical_calendar_publisher_stock
1841,12,clara_k16,text_pca64_lexical_calendar_publisher_stock
1842,4,clara_k16,text_pca64_lexical_calendar_publisher_stock
1846,5,clara_k16,text_pca64_lexical_calendar_publisher_stock
1853,11,clara_k16,text_pca64_lexical_calendar_publisher_stock
1858,0,clara_k16,text_pca64_lexical_calendar_publisher_stock
1860,6,clara_k16,text_pca64_lexical_calendar_publisher_stock
1862,6,clara_k16,text_pca64_lexical_calendar_publisher_stock
1866,0,clara_k16,text_pca64_lexical_calendar_publisher_stock
1870,9,clara_k16,text_pca64_lexical_calendar_publisher_stock
1879,0,clara_k16,text_pca64_lexical_calendar_publisher_stock
1880,1,clara_k16,text_pca64_lexical_calendar_publisher_stock
1910,1,clara_k16,text_pca64_lexical_calendar_publisher_stock
1938,0,clara_k16,text_pca64_lexical_calendar_publisher_stock
1956,12,clara_k16,text_pca64_lexical_calendar_publisher_stock
1965,0,clara_k16,text_pca64_lexical_calendar_publisher_stock
1966,2,clara_k16,text_pca64_lexical_calendar_publisher_stock
1978,14,clara_k16,text_pca64_lexical_calendar_publisher_stock
1983,11,clara_k16,text_pca64_lexical_calendar_publisher_stock
1994,6,clara_k16,text_pca64_lexical_calendar_publisher_stock
2009,14,clara_k16,text_pca64_lexical_calendar_publisher_stock
2029,7,clara_k16,text_pca64_lexical_calendar_publisher_stock
2037,2,clara_k16,text_pca64_lexical_calendar_publisher_stock
2040,5,clara_k16,text_pca64_lexical_calendar_publisher_stock
2046,3,clara_k16,text_pca64_lexical_calendar_publisher_stock
2054,1,clara_k16,text_pca64_lexical_calendar_publisher_stock
2059,4,clara_k16,text_pca64_lexical_calendar_publisher_stock
2060,0,clara_k16,text_pca64_lexical_calendar_publisher_stock
2062,4,clara_k16,text_pca64_lexical_calendar_publisher_stock
2072,2,clara_k16,text_pca64_lexical_calendar_publisher_stock
2086,4,clara_k16,text_pca64_lexical_calendar_publisher_stock
2087,6,clara_k16,text_pca64_lexical_calendar_publisher_stock
2097,13,clara_k16,text_pca64_lexical_calendar_publisher_stock
2098,0,clara_k16,text_pca64_lexical_calendar_publisher_stock
2099,12,clara_k16,text_pca64_lexical_calendar_publisher_stock
2104,5,clara_k16,text_pca64_lexical_calendar_publisher_stock
2107,6,clara_k16,text_pca64_lexical_calendar_publisher_stock
2110,13,clara_k16,text_pca64_lexical_calendar_publisher_stock
2114,11,clara_k16,text_pca64_lexical_calendar_publisher_stock
2125,0,clara_k16,text_pca64_lexical_calendar_publisher_stock
2129,1,clara_k16,text_pca64_lexical_calendar_publisher_stock
2132,4,clara_k16,text_pca64_lexical_calendar_publisher_stock
2168,1,clara_k16,text_pca64_lexical_calendar_publisher_stock
2173,0,clara_k16,text_pca64_lexical_calendar_publisher_stock
2174,0,clara_k16,text_pca64_lexical_calendar_publisher_stock
2180,9,clara_k16,text_pca64_lexical_calendar_publisher_stock
2182,7,clara_k16,text_pca64_lexical_calendar_publisher_stock
2188,0,clara_k16,text_pca64_lexical_calendar_publisher_stock
2211,1,clara_k16,text_pca64_lexical_calendar_publisher_stock
2212,1,clara_k16,text_pca64_lexical_calendar_publisher_stock
2220,0,clara_k16,text_pca64_lexical_calendar_publisher_stock
2225,1,clara_k16,text_pca64_lexical_calendar_publisher_stock
2226,13,clara_k16,text_pca64_lexical_calendar_publisher_stock
2235,1,clara_k16,text_pca64_lexical_calendar_publisher_stock
2245,1,clara_k16,text_pca64_lexical_calendar_publisher_stock
2259,3,clara_k16,text_pca64_lexical_calendar_publisher_stock
2267,1,clara_k16,text_pca64_lexical_calendar_publisher_stock
2268,3,clara_k16,text_pca64_lexical_calendar_publisher_stock
2271,13,clara_k16,text_pca64_lexical_calendar_publisher_stock
2280,13,clara_k16,text_pca64_lexical_calendar_publisher_stock
2286,4,clara_k16,text_pca64_lexical_calendar_publisher_stock
2287,2,clara_k16,text_pca64_lexical_calendar_publisher_stock
2290,10,clara_k16,text_pca64_lexical_calendar_publisher_stock
2298,15,clara_k16,text_pca64_lexical_calendar_publisher_stock
2299,15,clara_k16,text_pca64_lexical_calendar_publisher_stock
2300,0,clara_k16,text_pca64_lexical_calendar_publisher_stock
2309,15,clara_k16,text_pca64_lexical_calendar_publisher_stock
2316,0,clara_k16,text_pca64_lexical_calendar_publisher_stock
2318,1,clara_k16,text_pca64_lexical_calendar_publisher_stock
2320,1,clara_k16,text_pca64_lexical_calendar_publisher_stock
2322,4,clara_k16,text_pca64_lexical_calendar_publisher_stock
2323,1,clara_k16,text_pca64_lexical_calendar_publisher_stock
2327,4,clara_k16,text_pca64_lexical_calendar_publisher_stock
2333,1,clara_k16,text_pca64_lexical_calendar_publisher_stock
2338,10,clara_k16,text_pca64_lexical_calendar_publisher_stock
2339,6,clara_k16,text_pca64_lexical_calendar_publisher_stock
2349,14,clara_k16,text_pca64_lexical_calendar_publisher_stock
2351,1,clara_k16,text_pca64_lexical_calendar_publisher_stock
2357,0,clara_k16,text_pca64_lexical_calendar_publisher_stock
2360,1,clara_k16,text_pca64_lexical_calendar_publisher_stock
2362,1,clara_k16,text_pca64_lexical_calendar_publisher_stock
2371,12,clara_k16,text_pca64_lexical_calendar_publisher_stock
2372,2,clara_k16,text_pca64_lexical_calendar_publisher_stock
2375,0,clara_k16,text_pca64_lexical_calendar_publisher_stock
2376,0,clara_k16,text_pca64_lexical_calendar_publisher_stock
2388,1,clara_k16,text_pca64_lexical_calendar_publisher_stock
2390,1,clara_k16,text_pca64_lexical_calendar_publisher_stock
2391,0,clara_k16,text_pca64_lexical_calendar_publisher_stock
2398,1,clara_k16,text_pca64_lexical_calendar_publisher_stock
2403,1,clara_k16,text_pca64_lexical_calendar_publisher_stock
2409,4,clara_k16,text_pca64_lexical_calendar_publisher_stock
2417,1,clara_k16,text_pca64_lexical_calendar_publisher_stock
2428,6,clara_k16,text_pca64_lexical_calendar_publisher_stock
2430,14,clara_k16,text_pca64_lexical_calendar_publisher_stock
2436,1,clara_k16,text_pca64_lexical_calendar_publisher_stock
2437,4,clara_k16,text_pca64_lexical_calendar_publisher_stock
2439,6,clara_k16,text_pca64_lexical_calendar_publisher_stock
2441,0,clara_k16,text_pca64_lexical_calendar_publisher_stock
2442,12,clara_k16,text_pca64_lexical_calendar_publisher_stock
2447,0,clara_k16,text_pca64_lexical_calendar_publisher_stock
2449,12,clara_k16,text_pca64_lexical_calendar_publisher_stock
2450,1,clara_k16,text_pca64_lexical_calendar_publisher_stock
2465,1,clara_k16,text_pca64_lexical_calendar_publisher_stock
2468,1,clara_k16,text_pca64_lexical_calendar_publisher_stock
2474,1,clara_k16,text_pca64_lexical_calendar_publisher_stock
2483,1,clara_k16,text_pca64_lexical_calendar_publisher_stock
2493,12,clara_k16,text_pca64_lexical_calendar_publisher_stock
2495,2,clara_k16,text_pca64_lexical_calendar_publisher_stock
2502,0,clara_k16,text_pca64_lexical_calendar_publisher_stock
2513,0,clara_k16,text_pca64_lexical_calendar_publisher_stock
2514,5,clara_k16,text_pca64_lexical_calendar_publisher_stock
2516,0,clara_k16,text_pca64_lexical_calendar_publisher_stock
2522,13,clara_k16,text_pca64_lexical_calendar_publisher_stock
2527,2,clara_k16,text_pca64_lexical_calendar_publisher_stock
2530,9,clara_k16,text_pca64_lexical_calendar_publisher_stock
2540,13,clara_k16,text_pca64_lexical_calendar_publisher_stock
2542,0,clara_k16,text_pca64_lexical_calendar_publisher_stock
2544,0,clara_k16,text_pca64_lexical_calendar_publisher_stock
2546,11,clara_k16,text_pca64_lexical_calendar_publisher_stock
2547,2,clara_k16,text_pca64_lexical_calendar_publisher_stock
2588,2,clara_k16,text_pca64_lexical_calendar_publisher_stock
2592,6,clara_k16,text_pca64_lexical_calendar_publisher_stock
2605,4,clara_k16,text_pca64_lexical_calendar_publisher_stock
2608,5,clara_k16,text_pca64_lexical_calendar_publisher_stock
2623,6,clara_k16,text_pca64_lexical_calendar_publisher_stock
2625,7,clara_k16,text_pca64_lexical_calendar_publisher_stock
2630,7,clara_k16,text_pca64_lexical_calendar_publisher_stock
2633,11,clara_k16,text_pca64_lexical_calendar_publisher_stock
2638,6,clara_k16,text_pca64_lexical_calendar_publisher_stock
2644,4,clara_k16,text_pca64_lexical_calendar_publisher_stock
2648,6,clara_k16,text_pca64_lexical_calendar_publisher_stock
2660,12,clara_k16,text_pca64_lexical_calendar_publisher_stock
2662,0,clara_k16,text_pca64_lexical_calendar_publisher_stock
2667,15,clara_k16,text_pca64_lexical_calendar_publisher_stock
2683,0,clara_k16,text_pca64_lexical_calendar_publisher_stock
2687,14,clara_k16,text_pca64_lexical_calendar_publisher_stock
2694,0,clara_k16,text_pca64_lexical_calendar_publisher_stock
2709,0,clara_k16,text_pca64_lexical_calendar_publisher_stock
2713,0,clara_k16,text_pca64_lexical_calendar_publisher_stock
2721,2,clara_k16,text_pca64_lexical_calendar_publisher_stock
2727,2,clara_k16,text_pca64_lexical_calendar_publisher_stock
2730,0,clara_k16,text_pca64_lexical_calendar_publisher_stock
2731,1,clara_k16,text_pca64_lexical_calendar_publisher_stock
2740,7,clara_k16,text_pca64_lexical_calendar_publisher_stock
2741,0,clara_k16,text_pca64_lexical_calendar_publisher_stock
2742,0,clara_k16,text_pca64_lexical_calendar_publisher_stock
2744,2,clara_k16,text_pca64_lexical_calendar_publisher_stock
2753,0,clara_k16,text_pca64_lexical_calendar_publisher_stock
2758,0,clara_k16,text_pca64_lexical_calendar_publisher_stock
2764,12,clara_k16,text_pca64_lexical_calendar_publisher_stock
2771,6,clara_k16,text_pca64_lexical_calendar_publisher_stock
2778,7,clara_k16,text_pca64_lexical_calendar_publisher_stock
2783,0,clara_k16,text_pca64_lexical_calendar_publisher_stock
2785,0,clara_k16,text_pca64_lexical_calendar_publisher_stock
2787,0,clara_k16,text_pca64_lexical_calendar_publisher_stock
2788,0,clara_k16,text_pca64_lexical_calendar_publisher_stock
2789,12,clara_k16,text_pca64_lexical_calendar_publisher_stock
2791,4,clara_k16,text_pca64_lexical_calendar_publisher_stock
2797,0,clara_k16,text_pca64_lexical_calendar_publisher_stock
2805,2,clara_k16,text_pca64_lexical_calendar_publisher_stock
2819,2,clara_k16,text_pca64_lexical_calendar_publisher_stock
2820,0,clara_k16,text_pca64_lexical_calendar_publisher_stock
2826,0,clara_k16,text_pca64_lexical_calendar_publisher_stock
2833,0,clara_k16,text_pca64_lexical_calendar_publisher_stock
2844,0,clara_k16,text_pca64_lexical_calendar_publisher_stock
2854,4,clara_k16,text_pca64_lexical_calendar_publisher_stock
2868,5,clara_k16,text_pca64_lexical_calendar_publisher_stock
2873,4,clara_k16,text_pca64_lexical_calendar_publisher_stock
2875,12,clara_k16,text_pca64_lexical_calendar_publisher_stock
2885,2,clara_k16,text_pca64_lexical_calendar_publisher_stock
2891,0,clara_k16,text_pca64_lexical_calendar_publisher_stock
2901,0,clara_k16,text_pca64_lexical_calendar_publisher_stock
2913,0,clara_k16,text_pca64_lexical_calendar_publisher_stock
2937,0,clara_k16,text_pca64_lexical_calendar_publisher_stock
2945,0,clara_k16,text_pca64_lexical_calendar_publisher_stock
2946,1,clara_k16,text_pca64_lexical_calendar_publisher_stock
2950,4,clara_k16,text_pca64_lexical_calendar_publisher_stock
2952,6,clara_k16,text_pca64_lexical_calendar_publisher_stock
2954,2,clara_k16,text_pca64_lexical_calendar_publisher_stock
2958,6,clara_k16,text_pca64_lexical_calendar_publisher_stock
2968,0,clara_k16,text_pca64_lexical_calendar_publisher_stock
2971,13,clara_k16,text_pca64_lexical_calendar_publisher_stock
2990,11,clara_k16,text_pca64_lexical_calendar_publisher_stock
2996,2,clara_k16,text_pca64_lexical_calendar_publisher_stock
2997,0,clara_k16,text_pca64_lexical_calendar_publisher_stock
2999,0,clara_k16,text_pca64_lexical_calendar_publisher_stock
3001,4,clara_k16,text_pca64_lexical_calendar_publisher_stock
3016,2,clara_k16,text_pca64_lexical_calendar_publisher_stock
3022,5,clara_k16,text_pca64_lexical_calendar_publisher_stock
3025,9,clara_k16,text_pca64_lexical_calendar_publisher_stock
3027,6,clara_k16,text_pca64_lexical_calendar_publisher_stock
3029,0,clara_k16,text_pca64_lexical_calendar_publisher_stock
3030,1,clara_k16,text_pca64_lexical_calendar_publisher_stock
3031,14,clara_k16,text_pca64_lexical_calendar_publisher_stock
3040,1,clara_k16,text_pca64_lexical_calendar_publisher_stock
3047,2,clara_k16,text_pca64_lexical_calendar_publisher_stock
3050,0,clara_k16,text_pca64_lexical_calendar_publisher_stock
3056,0,clara_k16,text_pca64_lexical_calendar_publisher_stock
3071,2,clara_k16,text_pca64_lexical_calendar_publisher_stock
3076,0,clara_k16,text_pca64_lexical_calendar_publisher_stock
3085,2,clara_k16,text_pca64_lexical_calendar_publisher_stock
3091,0,clara_k16,text_pca64_lexical_calendar_publisher_stock
3094,4,clara_k16,text_pca64_lexical_calendar_publisher_stock
3095,0,clara_k16,text_pca64_lexical_calendar_publisher_stock
3102,0,clara_k16,text_pca64_lexical_calendar_publisher_stock
3112,5,clara_k16,text_pca64_lexical_calendar_publisher_stock
3116,0,clara_k16,text_pca64_lexical_calendar_publisher_stock
3117,12,clara_k16,text_pca64_lexical_calendar_publisher_stock
3118,4,clara_k16,text_pca64_lexical_calendar_publisher_stock
3125,13,clara_k16,text_pca64_lexical_calendar_publisher_stock
3136,1,clara_k16,text_pca64_lexical_calendar_publisher_stock
3137,0,clara_k16,text_pca64_lexical_calendar_publisher_stock
3153,0,clara_k16,text_pca64_lexical_calendar_publisher_stock
3166,2,clara_k16,text_pca64_lexical_calendar_publisher_stock
3169,2,clara_k16,text_pca64_lexical_calendar_publisher_stock
3172,13,clara_k16,text_pca64_lexical_calendar_publisher_stock
3175,0,clara_k16,text_pca64_lexical_calendar_publisher_stock
3182,1,clara_k16,text_pca64_lexical_calendar_publisher_stock
3189,1,clara_k16,text_pca64_lexical_calendar_publisher_stock
3198,13,clara_k16,text_pca64_lexical_calendar_publisher_stock
3200,2,clara_k16,text_pca64_lexical_calendar_publisher_stock
3208,0,clara_k16,text_pca64_lexical_calendar_publisher_stock
3221,1,clara_k16,text_pca64_lexical_calendar_publisher_stock
3222,0,clara_k16,text_pca64_lexical_calendar_publisher_stock
3229,13,clara_k16,text_pca64_lexical_calendar_publisher_stock
3231,12,clara_k16,text_pca64_lexical_calendar_publisher_stock
3233,0,clara_k16,text_pca64_lexical_calendar_publisher_stock
3235,12,clara_k16,text_pca64_lexical_calendar_publisher_stock
3237,0,clara_k16,text_pca64_lexical_calendar_publisher_stock
3241,0,clara_k16,text_pca64_lexical_calendar_publisher_stock
3242,0,clara_k16,text_pca64_lexical_calendar_publisher_stock
3251,0,clara_k16,text_pca64_lexical_calendar_publisher_stock
3253,2,clara_k16,text_pca64_lexical_calendar_publisher_stock
3254,6,clara_k16,text_pca64_lexical_calendar_publisher_stock
3270,4,clara_k16,text_pca64_lexical_calendar_publisher_stock
3278,2,clara_k16,text_pca64_lexical_calendar_publisher_stock
3282,14,clara_k16,text_pca64_lexical_calendar_publisher_stock
3289,10,clara_k16,text_pca64_lexical_calendar_publisher_stock
3300,5,clara_k16,text_pca64_lexical_calendar_publisher_stock
3301,7,clara_k16,text_pca64_lexical_calendar_publisher_stock
3304,10,clara_k16,text_pca64_lexical_calendar_publisher_stock
3306,2,clara_k16,text_pca64_lexical_calendar_publisher_stock
3309,1,clara_k16,text_pca64_lexical_calendar_publisher_stock
3313,10,clara_k16,text_pca64_lexical_calendar_publisher_stock
3319,10,clara_k16,text_pca64_lexical_calendar_publisher_stock
3337,4,clara_k16,text_pca64_lexical_calendar_publisher_stock
3342,7,clara_k16,text_pca64_lexical_calendar_publisher_stock
3357,0,clara_k16,text_pca64_lexical_calendar_publisher_stock
3363,0,clara_k16,text_pca64_lexical_calendar_publisher_stock
3368,0,clara_k16,text_pca64_lexical_calendar_publisher_stock
3377,2,clara_k16,text_pca64_lexical_calendar_publisher_stock
3393,1,clara_k16,text_pca64_lexical_calendar_publisher_stock
3394,2,clara_k16,text_pca64_lexical_calendar_publisher_stock
3395,2,clara_k16,text_pca64_lexical_calendar_publisher_stock
3396,4,clara_k16,text_pca64_lexical_calendar_publisher_stock
3403,0,clara_k16,text_pca64_lexical_calendar_publisher_stock
3416,6,clara_k16,text_pca64_lexical_calendar_publisher_stock
3422,12,clara_k16,text_pca64_lexical_calendar_publisher_stock
3431,11,clara_k16,text_pca64_lexical_calendar_publisher_stock
3434,2,clara_k16,text_pca64_lexical_calendar_publisher_stock
3493,4,clara_k16,text_pca64_lexical_calendar_publisher_stock
3502,0,clara_k16,text_pca64_lexical_calendar_publisher_stock
3521,0,clara_k16,text_pca64_lexical_calendar_publisher_stock
3537,0,clara_k16,text_pca64_lexical_calendar_publisher_stock
3570,12,clara_k16,text_pca64_lexical_calendar_publisher_stock
3580,4,clara_k16,text_pca64_lexical_calendar_publisher_stock
3586,0,clara_k16,text_pca64_lexical_calendar_publisher_stock
3593,1,clara_k16,text_pca64_lexical_calendar_publisher_stock
3607,13,clara_k16,text_pca64_lexical_calendar_publisher_stock
3611,4,clara_k16,text_pca64_lexical_calendar_publisher_stock
3614,12,clara_k16,text_pca64_lexical_calendar_publisher_stock
3619,0,clara_k16,text_pca64_lexical_calendar_publisher_stock
3620,4,clara_k16,text_pca64_lexical_calendar_publisher_stock
3627,6,clara_k16,text_pca64_lexical_calendar_publisher_stock
3629,1,clara_k16,text_pca64_lexical_calendar_publisher_stock
3635,8,clara_k16,text_pca64_lexical_calendar_publisher_stock
3638,13,clara_k16,text_pca64_lexical_calendar_publisher_stock
3653,0,clara_k16,text_pca64_lexical_calendar_publisher_stock
3656,4,clara_k16,text_pca64_lexical_calendar_publisher_stock
3660,13,clara_k16,text_pca64_lexical_calendar_publisher_stock
3699,1,clara_k16,text_pca64_lexical_calendar_publisher_stock
3700,0,clara_k16,text_pca64_lexical_calendar_publisher_stock
3707,13,clara_k16,text_pca64_lexical_calendar_publisher_stock
3711,0,clara_k16,text_pca64_lexical_calendar_publisher_stock
3714,13,clara_k16,text_pca64_lexical_calendar_publisher_stock
3716,1,clara_k16,text_pca64_lexical_calendar_publisher_stock
3725,1,clara_k16,text_pca64_lexical_calendar_publisher_stock
3727,0,clara_k16,text_pca64_lexical_calendar_publisher_stock
3733,4,clara_k16,text_pca64_lexical_calendar_publisher_stock
3737,1,clara_k16,text_pca64_lexical_calendar_publisher_stock
3738,13,clara_k16,text_pca64_lexical_calendar_publisher_stock
3761,4,clara_k16,text_pca64_lexical_calendar_publisher_stock
3767,1,clara_k16,text_pca64_lexical_calendar_publisher_stock
3780,1,clara_k16,text_pca64_lexical_calendar_publisher_stock
3785,4,clara_k16,text_pca64_lexical_calendar_publisher_stock
3786,0,clara_k16,text_pca64_lexical_calendar_publisher_stock
3789,0,clara_k16,text_pca64_lexical_calendar_publisher_stock
3791,4,clara_k16,text_pca64_lexical_calendar_publisher_stock
3799,1,clara_k16,text_pca64_lexical_calendar_publisher_stock
3802,0,clara_k16,text_pca64_lexical_calendar_publisher_stock
3803,13,clara_k16,text_pca64_lexical_calendar_publisher_stock
3804,13,clara_k16,text_pca64_lexical_calendar_publisher_stock
3821,15,clara_k16,text_pca64_lexical_calendar_publisher_stock
3833,1,clara_k16,text_pca64_lexical_calendar_publisher_stock
3835,0,clara_k16,text_pca64_lexical_calendar_publisher_stock
3842,1,clara_k16,text_pca64_lexical_calendar_publisher_stock
3848,0,clara_k16,text_pca64_lexical_calendar_publisher_stock
3861,0,clara_k16,text_pca64_lexical_calendar_publisher_stock
3882,0,clara_k16,text_pca64_lexical_calendar_publisher_stock
3891,4,clara_k16,text_pca64_lexical_calendar_publisher_stock
3896,1,clara_k16,text_pca64_lexical_calendar_publisher_stock
3897,2,clara_k16,text_pca64_lexical_calendar_publisher_stock
3904,13,clara_k16,text_pca64_lexical_calendar_publisher_stock
3912,0,clara_k16,text_pca64_lexical_calendar_publisher_stock
3915,2,clara_k16,text_pca64_lexical_calendar_publisher_stock
3929,0,clara_k16,text_pca64_lexical_calendar_publisher_stock
3935,4,clara_k16,text_pca64_lexical_calendar_publisher_stock
3944,12,clara_k16,text_pca64_lexical_calendar_publisher_stock
3946,1,clara_k16,text_pca64_lexical_calendar_publisher_stock
3951,0,clara_k16,text_pca64_lexical_calendar_publisher_stock
3955,4,clara_k16,text_pca64_lexical_calendar_publisher_stock
3999,14,clara_k16,text_pca64_lexical_calendar_publisher_stock
4004,0,clara_k16,text_pca64_lexical_calendar_publisher_stock
4007,0,clara_k16,text_pca64_lexical_calendar_publisher_stock
4009,0,clara_k16,text_pca64_lexical_calendar_publisher_stock
4022,4,clara_k16,text_pca64_lexical_calendar_publisher_stock
4024,0,clara_k16,text_pca64_lexical_calendar_publisher_stock
4050,0,clara_k16,text_pca64_lexical_calendar_publisher_stock
4051,12,clara_k16,text_pca64_lexical_calendar_publisher_stock
4063,13,clara_k16,text_pca64_lexical_calendar_publisher_stock
4072,0,clara_k16,text_pca64_lexical_calendar_publisher_stock
4079,4,clara_k16,text_pca64_lexical_calendar_publisher_stock
4080,12,clara_k16,text_pca64_lexical_calendar_publisher_stock
4081,13,clara_k16,text_pca64_lexical_calendar_publisher_stock
4087,0,clara_k16,text_pca64_lexical_calendar_publisher_stock
4088,13,clara_k16,text_pca64_lexical_calendar_publisher_stock
4097,11,clara_k16,text_pca64_lexical_calendar_publisher_stock
4103,4,clara_k16,text_pca64_lexical_calendar_publisher_stock
4107,2,clara_k16,text_pca64_lexical_calendar_publisher_stock
4116,12,clara_k16,text_pca64_lexical_calendar_publisher_stock
4118,12,clara_k16,text_pca64_lexical_calendar_publisher_stock
4124,1,clara_k16,text_pca64_lexical_calendar_publisher_stock
4128,12,clara_k16,text_pca64_lexical_calendar_publisher_stock
4145,6,clara_k16,text_pca64_lexical_calendar_publisher_stock
4148,1,clara_k16,text_pca64_lexical_calendar_publisher_stock
4151,2,clara_k16,text_pca64_lexical_calendar_publisher_stock
4154,12,clara_k16,text_pca64_lexical_calendar_publisher_stock
4155,2,clara_k16,text_pca64_lexical_calendar_publisher_stock
4162,12,clara_k16,text_pca64_lexical_calendar_publisher_stock
4175,0,clara_k16,text_pca64_lexical_calendar_publisher_stock
4184,4,clara_k16,text_pca64_lexical_calendar_publisher_stock
4185,6,clara_k16,text_pca64_lexical_calendar_publisher_stock
4189,1,clara_k16,text_pca64_lexical_calendar_publisher_stock
4193,6,clara_k16,text_pca64_lexical_calendar_publisher_stock
4195,7,clara_k16,text_pca64_lexical_calendar_publisher_stock
4196,2,clara_k16,text_pca64_lexical_calendar_publisher_stock
4199,7,clara_k16,text_pca64_lexical_calendar_publisher_stock
4221,6,clara_k16,text_pca64_lexical_calendar_publisher_stock
4228,12,clara_k16,text_pca64_lexical_calendar_publisher_stock
4230,12,clara_k16,text_pca64_lexical_calendar_publisher_stock
4232,1,clara_k16,text_pca64_lexical_calendar_publisher_stock
4243,2,clara_k16,text_pca64_lexical_calendar_publisher_stock
4244,15,clara_k16,text_pca64_lexical_calendar_publisher_stock
4246,0,clara_k16,text_pca64_lexical_calendar_publisher_stock
4249,4,clara_k16,text_pca64_lexical_calendar_publisher_stock
4253,11,clara_k16,text_pca64_lexical_calendar_publisher_stock
4256,8,clara_k16,text_pca64_lexical_calendar_publisher_stock
4272,0,clara_k16,text_pca64_lexical_calendar_publisher_stock
4276,0,clara_k16,text_pca64_lexical_calendar_publisher_stock
4280,0,clara_k16,text_pca64_lexical_calendar_publisher_stock
4282,8,clara_k16,text_pca64_lexical_calendar_publisher_stock
4285,13,clara_k16,text_pca64_lexical_calendar_publisher_stock
4287,2,clara_k16,text_pca64_lexical_calendar_publisher_stock
4293,8,clara_k16,text_pca64_lexical_calendar_publisher_stock
4296,10,clara_k16,text_pca64_lexical_calendar_publisher_stock
4328,12,clara_k16,text_pca64_lexical_calendar_publisher_stock
4337,12,clara_k16,text_pca64_lexical_calendar_publisher_stock
4343,12,clara_k16,text_pca64_lexical_calendar_publisher_stock
4361,13,clara_k16,text_pca64_lexical_calendar_publisher_stock
4363,13,clara_k16,text_pca64_lexical_calendar_publisher_stock
4367,2,clara_k16,text_pca64_lexical_calendar_publisher_stock
4382,14,clara_k16,text_pca64_lexical_calendar_publisher_stock
4385,13,clara_k16,text_pca64_lexical_calendar_publisher_stock
4387,13,clara_k16,text_pca64_lexical_calendar_publisher_stock
4402,13,clara_k16,text_pca64_lexical_calendar_publisher_stock
4413,13,clara_k16,text_pca64_lexical_calendar_publisher_stock
4419,13,clara_k16,text_pca64_lexical_calendar_publisher_stock
4420,13,clara_k16,text_pca64_lexical_calendar_publisher_stock
4421,13,clara_k16,text_pca64_lexical_calendar_publisher_stock
4422,13,clara_k16,text_pca64_lexical_calendar_publisher_stock
4446,14,clara_k16,text_pca64_lexical_calendar_publisher_stock
4449,1,clara_k16,text_pca64_lexical_calendar_publisher_stock
4451,6,clara_k16,text_pca64_lexical_calendar_publisher_stock
4472,0,clara_k16,text_pca64_lexical_calendar_publisher_stock
4492,2,clara_k16,text_pca64_lexical_calendar_publisher_stock
4498,2,clara_k16,text_pca64_lexical_calendar_publisher_stock
4505,14,clara_k16,text_pca64_lexical_calendar_publisher_stock
4506,12,clara_k16,text_pca64_lexical_calendar_publisher_stock
4508,2,clara_k16,text_pca64_lexical_calendar_publisher_stock
4510,14,clara_k16,text_pca64_lexical_calendar_publisher_stock
4513,12,clara_k16,text_pca64_lexical_calendar_publisher_stock
4519,14,clara_k16,text_pca64_lexical_calendar_publisher_stock
4543,14,clara_k16,text_pca64_lexical_calendar_publisher_stock
4545,14,clara_k16,text_pca64_lexical_calendar_publisher_stock
4549,14,clara_k16,text_pca64_lexical_calendar_publisher_stock
4559,2,clara_k16,text_pca64_lexical_calendar_publisher_stock
4562,4,clara_k16,text_pca64_lexical_calendar_publisher_stock
4568,12,clara_k16,text_pca64_lexical_calendar_publisher_stock
4578,0,clara_k16,text_pca64_lexical_calendar_publisher_stock
4580,12,clara_k16,text_pca64_lexical_calendar_publisher_stock
4586,6,clara_k16,text_pca64_lexical_calendar_publisher_stock
4593,0,clara_k16,text_pca64_lexical_calendar_publisher_stock
4604,0,clara_k16,text_pca64_lexical_calendar_publisher_stock
4608,6,clara_k16,text_pca64_lexical_calendar_publisher_stock
4613,14,clara_k16,text_pca64_lexical_calendar_publisher_stock
4615,0,clara_k16,text_pca64_lexical_calendar_publisher_stock
4618,2,clara_k16,text_pca64_lexical_calendar_publisher_stock
4624,12,clara_k16,text_pca64_lexical_calendar_publisher_stock
4634,4,clara_k16,text_pca64_lexical_calendar_publisher_stock
4635,13,clara_k16,text_pca64_lexical_calendar_publisher_stock
4639,14,clara_k16,text_pca64_lexical_calendar_publisher_stock
4643,2,clara_k16,text_pca64_lexical_calendar_publisher_stock
4645,12,clara_k16,text_pca64_lexical_calendar_publisher_stock
4653,14,clara_k16,text_pca64_lexical_calendar_publisher_stock
4654,12,clara_k16,text_pca64_lexical_calendar_publisher_stock
4656,12,clara_k16,text_pca64_lexical_calendar_publisher_stock
4657,2,clara_k16,text_pca64_lexical_calendar_publisher_stock
4658,0,clara_k16,text_pca64_lexical_calendar_publisher_stock
4660,0,clara_k16,text_pca64_lexical_calendar_publisher_stock
4664,2,clara_k16,text_pca64_lexical_calendar_publisher_stock
4669,4,clara_k16,text_pca64_lexical_calendar_publisher_stock
4670,2,clara_k16,text_pca64_lexical_calendar_publisher_stock
4673,14,clara_k16,text_pca64_lexical_calendar_publisher_stock
4684,0,clara_k16,text_pca64_lexical_calendar_publisher_stock
4688,12,clara_k16,text_pca64_lexical_calendar_publisher_stock
4699,12,clara_k16,text_pca64_lexical_calendar_publisher_stock
4704,0,clara_k16,text_pca64_lexical_calendar_publisher_stock
4724,1,clara_k16,text_pca64_lexical_calendar_publisher_stock
4727,0,clara_k16,text_pca64_lexical_calendar_publisher_stock
4731,9,clara_k16,text_pca64_lexical_calendar_publisher_stock
4735,11,clara_k16,text_pca64_lexical_calendar_publisher_stock
4745,12,clara_k16,text_pca64_lexical_calendar_publisher_stock
4779,0,clara_k16,text_pca64_lexical_calendar_publisher_stock
4788,2,clara_k16,text_pca64_lexical_calendar_publisher_stock
4790,2,clara_k16,text_pca64_lexical_calendar_publisher_stock
4811,14,clara_k16,text_pca64_lexical_calendar_publisher_stock
4812,0,clara_k16,text_pca64_lexical_calendar_publisher_stock
4815,4,clara_k16,text_pca64_lexical_calendar_publisher_stock
4831,0,clara_k16,text_pca64_lexical_calendar_publisher_stock
4859,0,clara_k16,text_pca64_lexical_calendar_publisher_stock
4863,2,clara_k16,text_pca64_lexical_calendar_publisher_stock
4878,14,clara_k16,text_pca64_lexical_calendar_publisher_stock
4881,0,clara_k16,text_pca64_lexical_calendar_publisher_stock
4891,4,clara_k16,text_pca64_lexical_calendar_publisher_stock
4900,0,clara_k16,text_pca64_lexical_calendar_publisher_stock
4906,4,clara_k16,text_pca64_lexical_calendar_publisher_stock
4911,2,clara_k16,text_pca64_lexical_calendar_publisher_stock
4916,6,clara_k16,text_pca64_lexical_calendar_publisher_stock
4931,13,clara_k16,text_pca64_lexical_calendar_publisher_stock
4939,4,clara_k16,text_pca64_lexical_calendar_publisher_stock
4940,13,clara_k16,text_pca64_lexical_calendar_publisher_stock
4941,0,clara_k16,text_pca64_lexical_calendar_publisher_stock
4975,0,clara_k16,text_pca64_lexical_calendar_publisher_stock
4990,6,clara_k16,text_pca64_lexical_calendar_publisher_stock
5002,6,clara_k16,text_pca64_lexical_calendar_publisher_stock
5005,6,clara_k16,text_pca64_lexical_calendar_publisher_stock
5012,1,clara_k16,text_pca64_lexical_calendar_publisher_stock
5019,3,clara_k16,text_pca64_lexical_calendar_publisher_stock
5026,3,clara_k16,text_pca64_lexical_calendar_publisher_stock
5034,1,clara_k16,text_pca64_lexical_calendar_publisher_stock
5038,4,clara_k16,text_pca64_lexical_calendar_publisher_stock
5040,1,clara_k16,text_pca64_lexical_calendar_publisher_stock
5046,4,clara_k16,text_pca64_lexical_calendar_publisher_stock
5047,0,clara_k16,text_pca64_lexical_calendar_publisher_stock
5052,1,clara_k16,text_pca64_lexical_calendar_publisher_stock
5058,0,clara_k16,text_pca64_lexical_calendar_publisher_stock
5069,0,clara_k16,text_pca64_lexical_calendar_publisher_stock
5070,4,clara_k16,text_pca64_lexical_calendar_publisher_stock
5073,13,clara_k16,text_pca64_lexical_calendar_publisher_stock
5089,0,clara_k16,text_pca64_lexical_calendar_publisher_stock
5098,1,clara_k16,text_pca64_lexical_calendar_publisher_stock
5102,0,clara_k16,text_pca64_lexical_calendar_publisher_stock
5104,0,clara_k16,text_pca64_lexical_calendar_publisher_stock
5111,1,clara_k16,text_pca64_lexical_calendar_publisher_stock
5112,4,clara_k16,text_pca64_lexical_calendar_publisher_stock
5120,4,clara_k16,text_pca64_lexical_calendar_publisher_stock
5130,1,clara_k16,text_pca64_lexical_calendar_publisher_stock
5134,1,clara_k16,text_pca64_lexical_calendar_publisher_stock
5146,0,clara_k16,text_pca64_lexical_calendar_publisher_stock
5154,15,clara_k16,text_pca64_lexical_calendar_publisher_stock
5157,0,clara_k16,text_pca64_lexical_calendar_publisher_stock
5158,0,clara_k16,text_pca64_lexical_calendar_publisher_stock
5169,15,clara_k16,text_pca64_lexical_calendar_publisher_stock
5173,0,clara_k16,text_pca64_lexical_calendar_publisher_stock
5178,13,clara_k16,text_pca64_lexical_calendar_publisher_stock
5210,2,clara_k16,text_pca64_lexical_calendar_publisher_stock
5211,0,clara_k16,text_pca64_lexical_calendar_publisher_stock
5215,1,clara_k16,text_pca64_lexical_calendar_publisher_stock
5219,12,clara_k16,text_pca64_lexical_calendar_publisher_stock
5222,14,clara_k16,text_pca64_lexical_calendar_publisher_stock
5223,14,clara_k16,text_pca64_lexical_calendar_publisher_stock
5268,12,clara_k16,text_pca64_lexical_calendar_publisher_stock
5270,13,clara_k16,text_pca64_lexical_calendar_publisher_stock
5276,1,clara_k16,text_pca64_lexical_calendar_publisher_stock
5288,12,clara_k16,text_pca64_lexical_calendar_publisher_stock
5308,2,clara_k16,text_pca64_lexical_calendar_publisher_stock
5309,2,clara_k16,text_pca64_lexical_calendar_publisher_stock
5317,12,clara_k16,text_pca64_lexical_calendar_publisher_stock
5324,12,clara_k16,text_pca64_lexical_calendar_publisher_stock
5330,2,clara_k16,text_pca64_lexical_calendar_publisher_stock
5343,14,clara_k16,text_pca64_lexical_calendar_publisher_stock
5346,1,clara_k16,text_pca64_lexical_calendar_publisher_stock
5348,12,clara_k16,text_pca64_lexical_calendar_publisher_stock
5353,1,clara_k16,text_pca64_lexical_calendar_publisher_stock
5354,12,clara_k16,text_pca64_lexical_calendar_publisher_stock
5374,1,clara_k16,text_pca64_lexical_calendar_publisher_stock
5376,1,clara_k16,text_pca64_lexical_calendar_publisher_stock
5389,12,clara_k16,text_pca64_lexical_calendar_publisher_stock
5393,2,clara_k16,text_pca64_lexical_calendar_publisher_stock
5395,0,clara_k16,text_pca64_lexical_calendar_publisher_stock
5422,0,clara_k16,text_pca64_lexical_calendar_publisher_stock
5426,0,clara_k16,text_pca64_lexical_calendar_publisher_stock
5428,13,clara_k16,text_pca64_lexical_calendar_publisher_stock
5431,14,clara_k16,text_pca64_lexical_calendar_publisher_stock
5438,6,clara_k16,text_pca64_lexical_calendar_publisher_stock
5442,1,clara_k16,text_pca64_lexical_calendar_publisher_stock
5447,14,clara_k16,text_pca64_lexical_calendar_publisher_stock
5448,12,clara_k16,text_pca64_lexical_calendar_publisher_stock
5464,0,clara_k16,text_pca64_lexical_calendar_publisher_stock
5466,0,clara_k16,text_pca64_lexical_calendar_publisher_stock
5473,0,clara_k16,text_pca64_lexical_calendar_publisher_stock
5476,1,clara_k16,text_pca64_lexical_calendar_publisher_stock
5480,14,clara_k16,text_pca64_lexical_calendar_publisher_stock
5488,4,clara_k16,text_pca64_lexical_calendar_publisher_stock
5510,0,clara_k16,text_pca64_lexical_calendar_publisher_stock
5526,12,clara_k16,text_pca64_lexical_calendar_publisher_stock
5533,6,clara_k16,text_pca64_lexical_calendar_publisher_stock
5540,0,clara_k16,text_pca64_lexical_calendar_publisher_stock
5545,6,clara_k16,text_pca64_lexical_calendar_publisher_stock
5548,2,clara_k16,text_pca64_lexical_calendar_publisher_stock
5551,5,clara_k16,text_pca64_lexical_calendar_publisher_stock
5558,2,clara_k16,text_pca64_lexical_calendar_publisher_stock
5562,0,clara_k16,text_pca64_lexical_calendar_publisher_stock
5564,1,clara_k16,text_pca64_lexical_calendar_publisher_stock
5567,13,clara_k16,text_pca64_lexical_calendar_publisher_stock
5579,12,clara_k16,text_pca64_lexical_calendar_publisher_stock
5601,0,clara_k16,text_pca64_lexical_calendar_publisher_stock
5603,4,clara_k16,text_pca64_lexical_calendar_publisher_stock
5604,12,clara_k16,text_pca64_lexical_calendar_publisher_stock
5619,0,clara_k16,text_pca64_lexical_calendar_publisher_stock
5638,2,clara_k16,text_pca64_lexical_calendar_publisher_stock
5641,1,clara_k16,text_pca64_lexical_calendar_publisher_stock
5660,0,clara_k16,text_pca64_lexical_calendar_publisher_stock
5669,0,clara_k16,text_pca64_lexical_calendar_publisher_stock
5671,1,clara_k16,text_pca64_lexical_calendar_publisher_stock
5679,4,clara_k16,text_pca64_lexical_calendar_publisher_stock
5705,4,clara_k16,text_pca64_lexical_calendar_publisher_stock
5707,0,clara_k16,text_pca64_lexical_calendar_publisher_stock
5709,6,clara_k16,text_pca64_lexical_calendar_publisher_stock
5711,6,clara_k16,text_pca64_lexical_calendar_publisher_stock
5716,13,clara_k16,text_pca64_lexical_calendar_publisher_stock
5718,0,clara_k16,text_pca64_lexical_calendar_publisher_stock
5719,4,clara_k16,text_pca64_lexical_calendar_publisher_stock
5743,2,clara_k16,text_pca64_lexical_calendar_publisher_stock
5757,12,clara_k16,text_pca64_lexical_calendar_publisher_stock
5762,12,clara_k16,text_pca64_lexical_calendar_publisher_stock
5766,4,clara_k16,text_pca64_lexical_calendar_publisher_stock
5775,14,clara_k16,text_pca64_lexical_calendar_publisher_stock
5779,1,clara_k16,text_pca64_lexical_calendar_publisher_stock
5781,2,clara_k16,text_pca64_lexical_calendar_publisher_stock
5784,13,clara_k16,text_pca64_lexical_calendar_publisher_stock
5799,6,clara_k16,text_pca64_lexical_calendar_publisher_stock
5805,0,clara_k16,text_pca64_lexical_calendar_publisher_stock
5809,7,clara_k16,text_pca64_lexical_calendar_publisher_stock
5828,0,clara_k16,text_pca64_lexical_calendar_publisher_stock
5832,0,clara_k16,text_pca64_lexical_calendar_publisher_stock
5843,0,clara_k16,text_pca64_lexical_calendar_publisher_stock
5847,0,clara_k16,text_pca64_lexical_calendar_publisher_stock
5854,4,clara_k16,text_pca64_lexical_calendar_publisher_stock
5860,13,clara_k16,text_pca64_lexical_calendar_publisher_stock
5864,0,clara_k16,text_pca64_lexical_calendar_publisher_stock
5866,7,clara_k16,text_pca64_lexical_calendar_publisher_stock
5879,0,clara_k16,text_pca64_lexical_calendar_publisher_stock
5890,0,clara_k16,text_pca64_lexical_calendar_publisher_stock
5903,4,clara_k16,text_pca64_lexical_calendar_publisher_stock
5904,9,clara_k16,text_pca64_lexical_calendar_publisher_stock
5923,0,clara_k16,text_pca64_lexical_calendar_publisher_stock
5928,1,clara_k16,text_pca64_lexical_calendar_publisher_stock
5930,0,clara_k16,text_pca64_lexical_calendar_publisher_stock
5937,13,clara_k16,text_pca64_lexical_calendar_publisher_stock
5938,14,clara_k16,text_pca64_lexical_calendar_publisher_stock
5953,0,clara_k16,text_pca64_lexical_calendar_publisher_stock
5957,14,clara_k16,text_pca64_lexical_calendar_publisher_stock
5960,0,clara_k16,text_pca64_lexical_calendar_publisher_stock
5968,12,clara_k16,text_pca64_lexical_calendar_publisher_stock
5970,12,clara_k16,text_pca64_lexical_calendar_publisher_stock
5977,4,clara_k16,text_pca64_lexical_calendar_publisher_stock
5979,7,clara_k16,text_pca64_lexical_calendar_publisher_stock
5981,1,clara_k16,text_pca64_lexical_calendar_publisher_stock
5982,1,clara_k16,text_pca64_lexical_calendar_publisher_stock
5985,1,clara_k16,text_pca64_lexical_calendar_publisher_stock
5986,1,clara_k16,text_pca64_lexical_calendar_publisher_stock
5998,0,clara_k16,text_pca64_lexical_calendar_publisher_stock
6000,1,clara_k16,text_pca64_lexical_calendar_publisher_stock
6009,8,clara_k16,text_pca64_lexical_calendar_publisher_stock
6016,11,clara_k16,text_pca64_lexical_calendar_publisher_stock
6062,12,clara_k16,text_pca64_lexical_calendar_publisher_stock
6071,9,clara_k16,text_pca64_lexical_calendar_publisher_stock
6075,4,clara_k16,text_pca64_lexical_calendar_publisher_stock
6091,1,clara_k16,text_pca64_lexical_calendar_publisher_stock
6095,1,clara_k16,text_pca64_lexical_calendar_publisher_stock
6096,1,clara_k16,text_pca64_lexical_calendar_publisher_stock
6100,14,clara_k16,text_pca64_lexical_calendar_publisher_stock
6104,0,clara_k16,text_pca64_lexical_calendar_publisher_stock
6105,1,clara_k16,text_pca64_lexical_calendar_publisher_stock
6108,1,clara_k16,text_pca64_lexical_calendar_publisher_stock
6117,15,clara_k16,text_pca64_lexical_calendar_publisher_stock
6134,1,clara_k16,text_pca64_lexical_calendar_publisher_stock
6136,13,clara_k16,text_pca64_lexical_calendar_publisher_stock
6138,0,clara_k16,text_pca64_lexical_calendar_publisher_stock
6144,1,clara_k16,text_pca64_lexical_calendar_publisher_stock
6148,1,clara_k16,text_pca64_lexical_calendar_publisher_stock
6151,2,clara_k16,text_pca64_lexical_calendar_publisher_stock
6152,1,clara_k16,text_pca64_lexical_calendar_publisher_stock
6153,0,clara_k16,text_pca64_lexical_calendar_publisher_stock
6166,4,clara_k16,text_pca64_lexical_calendar_publisher_stock
6175,14,clara_k16,text_pca64_lexical_calendar_publisher_stock
6177,1,clara_k16,text_pca64_lexical_calendar_publisher_stock
6184,1,clara_k16,text_pca64_lexical_calendar_publisher_stock
6187,0,clara_k16,text_pca64_lexical_calendar_publisher_stock
6188,0,clara_k16,text_pca64_lexical_calendar_publisher_stock
6192,1,clara_k16,text_pca64_lexical_calendar_publisher_stock
6194,4,clara_k16,text_pca64_lexical_calendar_publisher_stock
6201,1,clara_k16,text_pca64_lexical_calendar_publisher_stock
6204,6,clara_k16,text_pca64_lexical_calendar_publisher_stock
6208,0,clara_k16,text_pca64_lexical_calendar_publisher_stock
6211,4,clara_k16,text_pca64_lexical_calendar_publisher_stock
6213,4,clara_k16,text_pca64_lexical_calendar_publisher_stock
6219,0,clara_k16,text_pca64_lexical_calendar_publisher_stock
6231,0,clara_k16,text_pca64_lexical_calendar_publisher_stock
6232,0,clara_k16,text_pca64_lexical_calendar_publisher_stock
6234,0,clara_k16,text_pca64_lexical_calendar_publisher_stock
6235,4,clara_k16,text_pca64_lexical_calendar_publisher_stock
6241,1,clara_k16,text_pca64_lexical_calendar_publisher_stock
6248,0,clara_k16,text_pca64_lexical_calendar_publisher_stock
6253,4,clara_k16,text_pca64_lexical_calendar_publisher_stock
6264,0,clara_k16,text_pca64_lexical_calendar_publisher_stock
6266,2,clara_k16,text_pca64_lexical_calendar_publisher_stock
6267,2,clara_k16,text_pca64_lexical_calendar_publisher_stock
6270,14,clara_k16,text_pca64_lexical_calendar_publisher_stock
6271,0,clara_k16,text_pca64_lexical_calendar_publisher_stock
6272,11,clara_k16,text_pca64_lexical_calendar_publisher_stock
6290,2,clara_k16,text_pca64_lexical_calendar_publisher_stock
6293,2,clara_k16,text_pca64_lexical_calendar_publisher_stock
6297,14,clara_k16,text_pca64_lexical_calendar_publisher_stock
6298,2,clara_k16,text_pca64_lexical_calendar_publisher_stock
6299,2,clara_k16,text_pca64_lexical_calendar_publisher_stock
6301,0,clara_k16,text_pca64_lexical_calendar_publisher_stock
6313,0,clara_k16,text_pca64_lexical_calendar_publisher_stock
6316,14,clara_k16,text_pca64_lexical_calendar_publisher_stock
6318,0,clara_k16,text_pca64_lexical_calendar_publisher_stock
6321,14,clara_k16,text_pca64_lexical_calendar_publisher_stock
6322,0,clara_k16,text_pca64_lexical_calendar_publisher_stock
6323,2,clara_k16,text_pca64_lexical_calendar_publisher_stock
6324,14,clara_k16,text_pca64_lexical_calendar_publisher_stock
6329,2,clara_k16,text_pca64_lexical_calendar_publisher_stock
6330,14,clara_k16,text_pca64_lexical_calendar_publisher_stock
6334,2,clara_k16,text_pca64_lexical_calendar_publisher_stock
6340,0,clara_k16,text_pca64_lexical_calendar_publisher_stock
6347,0,clara_k16,text_pca64_lexical_calendar_publisher_stock
6348,0,clara_k16,text_pca64_lexical_calendar_publisher_stock
6355,6,clara_k16,text_pca64_lexical_calendar_publisher_stock
6361,0,clara_k16,text_pca64_lexical_calendar_publisher_stock
6370,14,clara_k16,text_pca64_lexical_calendar_publisher_stock
6392,14,clara_k16,text_pca64_lexical_calendar_publisher_stock
6396,2,clara_k16,text_pca64_lexical_calendar_publisher_stock
6398,2,clara_k16,text_pca64_lexical_calendar_publisher_stock
6399,2,clara_k16,text_pca64_lexical_calendar_publisher_stock
6404,2,clara_k16,text_pca64_lexical_calendar_publisher_stock
6411,0,clara_k16,text_pca64_lexical_calendar_publisher_stock
6418,4,clara_k16,text_pca64_lexical_calendar_publisher_stock
6423,0,clara_k16,text_pca64_lexical_calendar_publisher_stock
6426,2,clara_k16,text_pca64_lexical_calendar_publisher_stock
6432,0,clara_k16,text_pca64_lexical_calendar_publisher_stock
6436,0,clara_k16,text_pca64_lexical_calendar_publisher_stock
6439,4,clara_k16,text_pca64_lexical_calendar_publisher_stock
6443,1,clara_k16,text_pca64_lexical_calendar_publisher_stock
6455,0,clara_k16,text_pca64_lexical_calendar_publisher_stock
6456,4,clara_k16,text_pca64_lexical_calendar_publisher_stock
6459,1,clara_k16,text_pca64_lexical_calendar_publisher_stock
6468,2,clara_k16,text_pca64_lexical_calendar_publisher_stock
6478,2,clara_k16,text_pca64_lexical_calendar_publisher_stock
6479,4,clara_k16,text_pca64_lexical_calendar_publisher_stock
6483,13,clara_k16,text_pca64_lexical_calendar_publisher_stock
6491,2,clara_k16,text_pca64_lexical_calendar_publisher_stock
6501,6,clara_k16,text_pca64_lexical_calendar_publisher_stock
6509,14,clara_k16,text_pca64_lexical_calendar_publisher_stock
6519,13,clara_k16,text_pca64_lexical_calendar_publisher_stock
6529,12,clara_k16,text_pca64_lexical_calendar_publisher_stock
6537,14,clara_k16,text_pca64_lexical_calendar_publisher_stock
6541,14,clara_k16,text_pca64_lexical_calendar_publisher_stock
6547,0,clara_k16,text_pca64_lexical_calendar_publisher_stock
6559,6,clara_k16,text_pca64_lexical_calendar_publisher_stock
6561,0,clara_k16,text_pca64_lexical_calendar_publisher_stock
6569,0,clara_k16,text_pca64_lexical_calendar_publisher_stock
6578,2,clara_k16,text_pca64_lexical_calendar_publisher_stock
6592,13,clara_k16,text_pca64_lexical_calendar_publisher_stock
6598,0,clara_k16,text_pca64_lexical_calendar_publisher_stock
6606,2,clara_k16,text_pca64_lexical_calendar_publisher_stock
6649,14,clara_k16,text_pca64_lexical_calendar_publisher_stock
6650,11,clara_k16,text_pca64_lexical_calendar_publisher_stock
6652,4,clara_k16,text_pca64_lexical_calendar_publisher_stock
6658,12,clara_k16,text_pca64_lexical_calendar_publisher_stock
6660,0,clara_k16,text_pca64_lexical_calendar_publisher_stock
6662,6,clara_k16,text_pca64_lexical_calendar_publisher_stock
6664,11,clara_k16,text_pca64_lexical_calendar_publisher_stock
6667,9,clara_k16,text_pca64_lexical_calendar_publisher_stock
6676,0,clara_k16,text_pca64_lexical_calendar_publisher_stock
6691,3,clara_k16,text_pca64_lexical_calendar_publisher_stock
6700,0,clara_k16,text_pca64_lexical_calendar_publisher_stock
6717,14,clara_k16,text_pca64_lexical_calendar_publisher_stock
6724,0,clara_k16,text_pca64_lexical_calendar_publisher_stock
6725,0,clara_k16,text_pca64_lexical_calendar_publisher_stock
6728,15,clara_k16,text_pca64_lexical_calendar_publisher_stock
6729,2,clara_k16,text_pca64_lexical_calendar_publisher_stock
6738,11,clara_k16,text_pca64_lexical_calendar_publisher_stock
6741,6,clara_k16,text_pca64_lexical_calendar_publisher_stock
6748,0,clara_k16,text_pca64_lexical_calendar_publisher_stock
6759,1,clara_k16,text_pca64_lexical_calendar_publisher_stock
6763,0,clara_k16,text_pca64_lexical_calendar_publisher_stock
6767,3,clara_k16,text_pca64_lexical_calendar_publisher_stock
6779,0,clara_k16,text_pca64_lexical_calendar_publisher_stock
6781,0,clara_k16,text_pca64_lexical_calendar_publisher_stock
6802,13,clara_k16,text_pca64_lexical_calendar_publisher_stock
6804,6,clara_k16,text_pca64_lexical_calendar_publisher_stock
6807,0,clara_k16,text_pca64_lexical_calendar_publisher_stock
6809,1,clara_k16,text_pca64_lexical_calendar_publisher_stock
6812,6,clara_k16,text_pca64_lexical_calendar_publisher_stock
6818,1,clara_k16,text_pca64_lexical_calendar_publisher_stock
6821,13,clara_k16,text_pca64_lexical_calendar_publisher_stock
6832,9,clara_k16,text_pca64_lexical_calendar_publisher_stock
6835,0,clara_k16,text_pca64_lexical_calendar_publisher_stock
6836,6,clara_k16,text_pca64_lexical_calendar_publisher_stock
6843,2,clara_k16,text_pca64_lexical_calendar_publisher_stock
6848,2,clara_k16,text_pca64_lexical_calendar_publisher_stock
6851,2,clara_k16,text_pca64_lexical_calendar_publisher_stock
6872,0,clara_k16,text_pca64_lexical_calendar_publisher_stock
6877,0,clara_k16,text_pca64_lexical_calendar_publisher_stock
6881,12,clara_k16,text_pca64_lexical_calendar_publisher_stock
6904,0,clara_k16,text_pca64_lexical_calendar_publisher_stock
6921,6,clara_k16,text_pca64_lexical_calendar_publisher_stock
6925,0,clara_k16,text_pca64_lexical_calendar_publisher_stock
6927,1,clara_k16,text_pca64_lexical_calendar_publisher_stock
6931,0,clara_k16,text_pca64_lexical_calendar_publisher_stock
6933,14,clara_k16,text_pca64_lexical_calendar_publisher_stock
6936,0,clara_k16,text_pca64_lexical_calendar_publisher_stock
6939,4,clara_k16,text_pca64_lexical_calendar_publisher_stock
6945,4,clara_k16,text_pca64_lexical_calendar_publisher_stock
6948,6,clara_k16,text_pca64_lexical_calendar_publisher_stock
6956,12,clara_k16,text_pca64_lexical_calendar_publisher_stock
6969,2,clara_k16,text_pca64_lexical_calendar_publisher_stock
6972,12,clara_k16,text_pca64_lexical_calendar_publisher_stock
6974,0,clara_k16,text_pca64_lexical_calendar_publisher_stock
6981,6,clara_k16,text_pca64_lexical_calendar_publisher_stock
6995,0,clara_k16,text_pca64_lexical_calendar_publisher_stock
7007,13,clara_k16,text_pca64_lexical_calendar_publisher_stock
7026,0,clara_k16,text_pca64_lexical_calendar_publisher_stock
7031,1,clara_k16,text_pca64_lexical_calendar_publisher_stock
7037,0,clara_k16,text_pca64_lexical_calendar_publisher_stock
7055,13,clara_k16,text_pca64_lexical_calendar_publisher_stock
7056,13,clara_k16,text_pca64_lexical_calendar_publisher_stock
7057,2,clara_k16,text_pca64_lexical_calendar_publisher_stock
7064,0,clara_k16,text_pca64_lexical_calendar_publisher_stock
7067,2,clara_k16,text_pca64_lexical_calendar_publisher_stock
7068,4,clara_k16,text_pca64_lexical_calendar_publisher_stock
7077,6,clara_k16,text_pca64_lexical_calendar_publisher_stock
7095,0,clara_k16,text_pca64_lexical_calendar_publisher_stock
7096,1,clara_k16,text_pca64_lexical_calendar_publisher_stock
7108,14,clara_k16,text_pca64_lexical_calendar_publisher_stock
7110,2,clara_k16,text_pca64_lexical_calendar_publisher_stock
7112,4,clara_k16,text_pca64_lexical_calendar_publisher_stock
7115,0,clara_k16,text_pca64_lexical_calendar_publisher_stock
7116,2,clara_k16,text_pca64_lexical_calendar_publisher_stock
7117,0,clara_k16,text_pca64_lexical_calendar_publisher_stock
7123,14,clara_k16,text_pca64_lexical_calendar_publisher_stock
7126,0,clara_k16,text_pca64_lexical_calendar_publisher_stock
7128,0,clara_k16,text_pca64_lexical_calendar_publisher_stock
7129,14,clara_k16,text_pca64_lexical_calendar_publisher_stock
7132,4,clara_k16,text_pca64_lexical_calendar_publisher_stock
7134,6,clara_k16,text_pca64_lexical_calendar_publisher_stock
7142,6,clara_k16,text_pca64_lexical_calendar_publisher_stock
7144,0,clara_k16,text_pca64_lexical_calendar_publisher_stock
7162,11,clara_k16,text_pca64_lexical_calendar_publisher_stock
7167,11,clara_k16,text_pca64_lexical_calendar_publisher_stock
7168,11,clara_k16,text_pca64_lexical_calendar_publisher_stock
7178,0,clara_k16,text_pca64_lexical_calendar_publisher_stock
7180,0,clara_k16,text_pca64_lexical_calendar_publisher_stock
7200,0,clara_k16,text_pca64_lexical_calendar_publisher_stock
7201,1,clara_k16,text_pca64_lexical_calendar_publisher_stock
7208,0,clara_k16,text_pca64_lexical_calendar_publisher_stock
7209,0,clara_k16,text_pca64_lexical_calendar_publisher_stock
7215,12,clara_k16,text_pca64_lexical_calendar_publisher_stock
7217,0,clara_k16,text_pca64_lexical_calendar_publisher_stock
7220,4,clara_k16,text_pca64_lexical_calendar_publisher_stock
7226,1,clara_k16,text_pca64_lexical_calendar_publisher_stock
7230,4,clara_k16,text_pca64_lexical_calendar_publisher_stock
7251,11,clara_k16,text_pca64_lexical_calendar_publisher_stock
7255,0,clara_k16,text_pca64_lexical_calendar_publisher_stock
7281,3,clara_k16,text_pca64_lexical_calendar_publisher_stock
7291,6,clara_k16,text_pca64_lexical_calendar_publisher_stock
7294,9,clara_k16,text_pca64_lexical_calendar_publisher_stock
7298,2,clara_k16,text_pca64_lexical_calendar_publisher_stock
7301,0,clara_k16,text_pca64_lexical_calendar_publisher_stock
7302,13,clara_k16,text_pca64_lexical_calendar_publisher_stock
7315,0,clara_k16,text_pca64_lexical_calendar_publisher_stock
7316,0,clara_k16,text_pca64_lexical_calendar_publisher_stock
7319,14,clara_k16,text_pca64_lexical_calendar_publisher_stock
7320,1,clara_k16,text_pca64_lexical_calendar_publisher_stock
7323,12,clara_k16,text_pca64_lexical_calendar_publisher_stock
7326,13,clara_k16,text_pca64_lexical_calendar_publisher_stock
7331,14,clara_k16,text_pca64_lexical_calendar_publisher_stock
7332,12,clara_k16,text_pca64_lexical_calendar_publisher_stock
7333,0,clara_k16,text_pca64_lexical_calendar_publisher_stock
7335,2,clara_k16,text_pca64_lexical_calendar_publisher_stock
7336,6,clara_k16,text_pca64_lexical_calendar_publisher_stock
7339,2,clara_k16,text_pca64_lexical_calendar_publisher_stock
7340,13,clara_k16,text_pca64_lexical_calendar_publisher_stock
7355,0,clara_k16,text_pca64_lexical_calendar_publisher_stock
7362,2,clara_k16,text_pca64_lexical_calendar_publisher_stock
7363,4,clara_k16,text_pca64_lexical_calendar_publisher_stock
7383,13,clara_k16,text_pca64_lexical_calendar_publisher_stock
7389,0,clara_k16,text_pca64_lexical_calendar_publisher_stock
7395,6,clara_k16,text_pca64_lexical_calendar_publisher_stock
7409,12,clara_k16,text_pca64_lexical_calendar_publisher_stock
7411,12,clara_k16,text_pca64_lexical_calendar_publisher_stock
7418,12,clara_k16,text_pca64_lexical_calendar_publisher_stock
7423,6,clara_k16,text_pca64_lexical_calendar_publisher_stock
7427,2,clara_k16,text_pca64_lexical_calendar_publisher_stock
7431,14,clara_k16,text_pca64_lexical_calendar_publisher_stock
7433,6,clara_k16,text_pca64_lexical_calendar_publisher_stock
7448,0,clara_k16,text_pca64_lexical_calendar_publisher_stock
7478,13,clara_k16,text_pca64_lexical_calendar_publisher_stock
7480,2,clara_k16,text_pca64_lexical_calendar_publisher_stock
7515,0,clara_k16,text_pca64_lexical_calendar_publisher_stock
7519,14,clara_k16,text_pca64_lexical_calendar_publisher_stock
7538,4,clara_k16,text_pca64_lexical_calendar_publisher_stock
7545,14,clara_k16,text_pca64_lexical_calendar_publisher_stock
7572,14,clara_k16,text_pca64_lexical_calendar_publisher_stock
7580,6,clara_k16,text_pca64_lexical_calendar_publisher_stock
7588,12,clara_k16,text_pca64_lexical_calendar_publisher_stock
7617,11,clara_k16,text_pca64_lexical_calendar_publisher_stock
7620,4,clara_k16,text_pca64_lexical_calendar_publisher_stock
7623,14,clara_k16,text_pca64_lexical_calendar_publisher_stock
7633,1,clara_k16,text_pca64_lexical_calendar_publisher_stock
7646,2,clara_k16,text_pca64_lexical_calendar_publisher_stock
7662,2,clara_k16,text_pca64_lexical_calendar_publisher_stock
7663,11,clara_k16,text_pca64_lexical_calendar_publisher_stock
7673,12,clara_k16,text_pca64_lexical_calendar_publisher_stock
7677,11,clara_k16,text_pca64_lexical_calendar_publisher_stock
7686,0,clara_k16,text_pca64_lexical_calendar_publisher_stock
7687,12,clara_k16,text_pca64_lexical_calendar_publisher_stock
7696,4,clara_k16,text_pca64_lexical_calendar_publisher_stock
7701,12,clara_k16,text_pca64_lexical_calendar_publisher_stock
7705,6,clara_k16,text_pca64_lexical_calendar_publisher_stock
7713,1,clara_k16,text_pca64_lexical_calendar_publisher_stock
7714,4,clara_k16,text_pca64_lexical_calendar_publisher_stock
7718,4,clara_k16,text_pca64_lexical_calendar_publisher_stock
7720,4,clara_k16,text_pca64_lexical_calendar_publisher_stock
7722,5,clara_k16,text_pca64_lexical_calendar_publisher_stock
7725,4,clara_k16,text_pca64_lexical_calendar_publisher_stock
7726,0,clara_k16,text_pca64_lexical_calendar_publisher_stock
7730,0,clara_k16,text_pca64_lexical_calendar_publisher_stock
7732,1,clara_k16,text_pca64_lexical_calendar_publisher_stock
7737,11,clara_k16,text_pca64_lexical_calendar_publisher_stock
7743,11,clara_k16,text_pca64_lexical_calendar_publisher_stock
7748,5,clara_k16,text_pca64_lexical_calendar_publisher_stock
7751,12,clara_k16,text_pca64_lexical_calendar_publisher_stock
7756,4,clara_k16,text_pca64_lexical_calendar_publisher_stock
7757,14,clara_k16,text_pca64_lexical_calendar_publisher_stock
7763,4,clara_k16,text_pca64_lexical_calendar_publisher_stock
7770,0,clara_k16,text_pca64_lexical_calendar_publisher_stock
7777,2,clara_k16,text_pca64_lexical_calendar_publisher_stock
7781,12,clara_k16,text_pca64_lexical_calendar_publisher_stock
7783,2,clara_k16,text_pca64_lexical_calendar_publisher_stock
7794,0,clara_k16,text_pca64_lexical_calendar_publisher_stock
7796,5,clara_k16,text_pca64_lexical_calendar_publisher_stock
7808,2,clara_k16,text_pca64_lexical_calendar_publisher_stock
7828,0,clara_k16,text_pca64_lexical_calendar_publisher_stock
7836,1,clara_k16,text_pca64_lexical_calendar_publisher_stock
7841,14,clara_k16,text_pca64_lexical_calendar_publisher_stock
7842,11,clara_k16,text_pca64_lexical_calendar_publisher_stock
7858,0,clara_k16,text_pca64_lexical_calendar_publisher_stock
7860,5,clara_k16,text_pca64_lexical_calendar_publisher_stock
7862,7,clara_k16,text_pca64_lexical_calendar_publisher_stock
7863,0,clara_k16,text_pca64_lexical_calendar_publisher_stock
7864,0,clara_k16,text_pca64_lexical_calendar_publisher_stock
7875,1,clara_k16,text_pca64_lexical_calendar_publisher_stock
7876,2,clara_k16,text_pca64_lexical_calendar_publisher_stock
7881,4,clara_k16,text_pca64_lexical_calendar_publisher_stock
7884,4,clara_k16,text_pca64_lexical_calendar_publisher_stock
7889,13,clara_k16,text_pca64_lexical_calendar_publisher_stock
7890,13,clara_k16,text_pca64_lexical_calendar_publisher_stock
7891,0,clara_k16,text_pca64_lexical_calendar_publisher_stock
7895,0,clara_k16,text_pca64_lexical_calendar_publisher_stock
7911,2,clara_k16,text_pca64_lexical_calendar_publisher_stock
7924,0,clara_k16,text_pca64_lexical_calendar_publisher_stock
7926,1,clara_k16,text_pca64_lexical_calendar_publisher_stock
7932,0,clara_k16,text_pca64_lexical_calendar_publisher_stock
7950,2,clara_k16,text_pca64_lexical_calendar_publisher_stock
7953,5,clara_k16,text_pca64_lexical_calendar_publisher_stock
7968,2,clara_k16,text_pca64_lexical_calendar_publisher_stock
7969,2,clara_k16,text_pca64_lexical_calendar_publisher_stock
7984,5,clara_k16,text_pca64_lexical_calendar_publisher_stock
7991,2,clara_k16,text_pca64_lexical_calendar_publisher_stock
7995,12,clara_k16,text_pca64_lexical_calendar_publisher_stock
8005,9,clara_k16,text_pca64_lexical_calendar_publisher_stock
8008,1,clara_k16,text_pca64_lexical_calendar_publisher_stock
8018,1,clara_k16,text_pca64_lexical_calendar_publisher_stock
8020,1,clara_k16,text_pca64_lexical_calendar_publisher_stock
8022,1,clara_k16,text_pca64_lexical_calendar_publisher_stock
8023,13,clara_k16,text_pca64_lexical_calendar_publisher_stock
8027,2,clara_k16,text_pca64_lexical_calendar_publisher_stock
8028,14,clara_k16,text_pca64_lexical_calendar_publisher_stock
8033,0,clara_k16,text_pca64_lexical_calendar_publisher_stock
8034,1,clara_k16,text_pca64_lexical_calendar_publisher_stock
8035,1,clara_k16,text_pca64_lexical_calendar_publisher_stock
8037,1,clara_k16,text_pca64_lexical_calendar_publisher_stock
8053,9,clara_k16,text_pca64_lexical_calendar_publisher_stock
8063,3,clara_k16,text_pca64_lexical_calendar_publisher_stock
8069,9,clara_k16,text_pca64_lexical_calendar_publisher_stock
8074,1,clara_k16,text_pca64_lexical_calendar_publisher_stock
8075,13,clara_k16,text_pca64_lexical_calendar_publisher_stock
8085,0,clara_k16,text_pca64_lexical_calendar_publisher_stock
8092,0,clara_k16,text_pca64_lexical_calendar_publisher_stock
8093,12,clara_k16,text_pca64_lexical_calendar_publisher_stock
8107,0,clara_k16,text_pca64_lexical_calendar_publisher_stock
8114,2,clara_k16,text_pca64_lexical_calendar_publisher_stock
8115,0,clara_k16,text_pca64_lexical_calendar_publisher_stock
8126,2,clara_k16,text_pca64_lexical_calendar_publisher_stock
8130,4,clara_k16,text_pca64_lexical_calendar_publisher_stock
8150,6,clara_k16,text_pca64_lexical_calendar_publisher_stock
8169,13,clara_k16,text_pca64_lexical_calendar_publisher_stock
8180,12,clara_k16,text_pca64_lexical_calendar_publisher_stock
8181,13,clara_k16,text_pca64_lexical_calendar_publisher_stock
8189,0,clara_k16,text_pca64_lexical_calendar_publisher_stock
8191,2,clara_k16,text_pca64_lexical_calendar_publisher_stock
8213,12,clara_k16,text_pca64_lexical_calendar_publisher_stock
8224,2,clara_k16,text_pca64_lexical_calendar_publisher_stock
8225,1,clara_k16,text_pca64_lexical_calendar_publisher_stock
8229,2,clara_k16,text_pca64_lexical_calendar_publisher_stock
8231,1,clara_k16,text_pca64_lexical_calendar_publisher_stock
8235,4,clara_k16,text_pca64_lexical_calendar_publisher_stock
8236,4,clara_k16,text_pca64_lexical_calendar_publisher_stock
8246,0,clara_k16,text_pca64_lexical_calendar_publisher_stock
8247,6,clara_k16,text_pca64_lexical_calendar_publisher_stock
8256,14,clara_k16,text_pca64_lexical_calendar_publisher_stock
8257,1,clara_k16,text_pca64_lexical_calendar_publisher_stock
8260,4,clara_k16,text_pca64_lexical_calendar_publisher_stock
8264,6,clara_k16,text_pca64_lexical_calendar_publisher_stock
8266,1,clara_k16,text_pca64_lexical_calendar_publisher_stock
8269,1,clara_k16,text_pca64_lexical_calendar_publisher_stock
8270,3,clara_k16,text_pca64_lexical_calendar_publisher_stock
8285,4,clara_k16,text_pca64_lexical_calendar_publisher_stock
8289,4,clara_k16,text_pca64_lexical_calendar_publisher_stock
8296,1,clara_k16,text_pca64_lexical_calendar_publisher_stock
8306,1,clara_k16,text_pca64_lexical_calendar_publisher_stock
8309,4,clara_k16,text_pca64_lexical_calendar_publisher_stock
8311,1,clara_k16,text_pca64_lexical_calendar_publisher_stock
8317,1,clara_k16,text_pca64_lexical_calendar_publisher_stock
8325,13,clara_k16,text_pca64_lexical_calendar_publisher_stock
8341,13,clara_k16,text_pca64_lexical_calendar_publisher_stock
8378,15,clara_k16,text_pca64_lexical_calendar_publisher_stock
8384,15,clara_k16,text_pca64_lexical_calendar_publisher_stock
8405,6,clara_k16,text_pca64_lexical_calendar_publisher_stock
8409,2,clara_k16,text_pca64_lexical_calendar_publisher_stock
8440,0,clara_k16,text_pca64_lexical_calendar_publisher_stock
8441,0,clara_k16,text_pca64_lexical_calendar_publisher_stock
8443,1,clara_k16,text_pca64_lexical_calendar_publisher_stock
8447,1,clara_k16,text_pca64_lexical_calendar_publisher_stock
8449,13,clara_k16,text_pca64_lexical_calendar_publisher_stock
8452,2,clara_k16,text_pca64_lexical_calendar_publisher_stock
8473,1,clara_k16,text_pca64_lexical_calendar_publisher_stock
8492,4,clara_k16,text_pca64_lexical_calendar_publisher_stock
8497,4,clara_k16,text_pca64_lexical_calendar_publisher_stock
8506,6,clara_k16,text_pca64_lexical_calendar_publisher_stock
8514,1,clara_k16,text_pca64_lexical_calendar_publisher_stock
8517,12,clara_k16,text_pca64_lexical_calendar_publisher_stock
8518,1,clara_k16,text_pca64_lexical_calendar_publisher_stock
8525,1,clara_k16,text_pca64_lexical_calendar_publisher_stock
8529,0,clara_k16,text_pca64_lexical_calendar_publisher_stock
8542,6,clara_k16,text_pca64_lexical_calendar_publisher_stock
8543,6,clara_k16,text_pca64_lexical_calendar_publisher_stock
8546,1,clara_k16,text_pca64_lexical_calendar_publisher_stock
8558,1,clara_k16,text_pca64_lexical_calendar_publisher_stock
8561,0,clara_k16,text_pca64_lexical_calendar_publisher_stock
8563,0,clara_k16,text_pca64_lexical_calendar_publisher_stock
8569,1,clara_k16,text_pca64_lexical_calendar_publisher_stock
8579,2,clara_k16,text_pca64_lexical_calendar_publisher_stock
8580,14,clara_k16,text_pca64_lexical_calendar_publisher_stock
8586,6,clara_k16,text_pca64_lexical_calendar_publisher_stock
8588,2,clara_k16,text_pca64_lexical_calendar_publisher_stock
8589,0,clara_k16,text_pca64_lexical_calendar_publisher_stock
8600,11,clara_k16,text_pca64_lexical_calendar_publisher_stock
8601,6,clara_k16,text_pca64_lexical_calendar_publisher_stock
8613,14,clara_k16,text_pca64_lexical_calendar_publisher_stock
8615,4,clara_k16,text_pca64_lexical_calendar_publisher_stock
8617,6,clara_k16,text_pca64_lexical_calendar_publisher_stock
8619,6,clara_k16,text_pca64_lexical_calendar_publisher_stock
8620,5,clara_k16,text_pca64_lexical_calendar_publisher_stock
8638,4,clara_k16,text_pca64_lexical_calendar_publisher_stock
8641,6,clara_k16,text_pca64_lexical_calendar_publisher_stock
8648,1,clara_k16,text_pca64_lexical_calendar_publisher_stock
8663,12,clara_k16,text_pca64_lexical_calendar_publisher_stock
8665,6,clara_k16,text_pca64_lexical_calendar_publisher_stock
8667,1,clara_k16,text_pca64_lexical_calendar_publisher_stock
8676,0,clara_k16,text_pca64_lexical_calendar_publisher_stock
8690,13,clara_k16,text_pca64_lexical_calendar_publisher_stock
8700,1,clara_k16,text_pca64_lexical_calendar_publisher_stock
8710,2,clara_k16,text_pca64_lexical_calendar_publisher_stock
8719,1,clara_k16,text_pca64_lexical_calendar_publisher_stock
8731,6,clara_k16,text_pca64_lexical_calendar_publisher_stock
8743,0,clara_k16,text_pca64_lexical_calendar_publisher_stock
8745,14,clara_k16,text_pca64_lexical_calendar_publisher_stock
8751,13,clara_k16,text_pca64_lexical_calendar_publisher_stock
8760,6,clara_k16,text_pca64_lexical_calendar_publisher_stock
8764,2,clara_k16,text_pca64_lexical_calendar_publisher_stock
8768,2,clara_k16,text_pca64_lexical_calendar_publisher_stock
8776,6,clara_k16,text_pca64_lexical_calendar_publisher_stock
8777,1,clara_k16,text_pca64_lexical_calendar_publisher_stock
8781,14,clara_k16,text_pca64_lexical_calendar_publisher_stock
8784,2,clara_k16,text_pca64_lexical_calendar_publisher_stock
8786,0,clara_k16,text_pca64_lexical_calendar_publisher_stock
8797,1,clara_k16,text_pca64_lexical_calendar_publisher_stock
8805,0,clara_k16,text_pca64_lexical_calendar_publisher_stock
8813,4,clara_k16,text_pca64_lexical_calendar_publisher_stock
8815,1,clara_k16,text_pca64_lexical_calendar_publisher_stock
8821,6,clara_k16,text_pca64_lexical_calendar_publisher_stock
8822,2,clara_k16,text_pca64_lexical_calendar_publisher_stock
8827,2,clara_k16,text_pca64_lexical_calendar_publisher_stock
8832,14,clara_k16,text_pca64_lexical_calendar_publisher_stock
8835,12,clara_k16,text_pca64_lexical_calendar_publisher_stock
8841,10,clara_k16,text_pca64_lexical_calendar_publisher_stock
8842,6,clara_k16,text_pca64_lexical_calendar_publisher_stock
8849,6,clara_k16,text_pca64_lexical_calendar_publisher_stock
8854,1,clara_k16,text_pca64_lexical_calendar_publisher_stock
8856,1,clara_k16,text_pca64_lexical_calendar_publisher_stock
8865,1,clara_k16,text_pca64_lexical_calendar_publisher_stock
8866,1,clara_k16,text_pca64_lexical_calendar_publisher_stock
8880,1,clara_k16,text_pca64_lexical_calendar_publisher_stock
8883,5,clara_k16,text_pca64_lexical_calendar_publisher_stock
8887,1,clara_k16,text_pca64_lexical_calendar_publisher_stock
8909,0,clara_k16,text_pca64_lexical_calendar_publisher_stock
8913,6,clara_k16,text_pca64_lexical_calendar_publisher_stock
8914,4,clara_k16,text_pca64_lexical_calendar_publisher_stock
8917,4,clara_k16,text_pca64_lexical_calendar_publisher_stock
8925,4,clara_k16,text_pca64_lexical_calendar_publisher_stock
8928,1,clara_k16,text_pca64_lexical_calendar_publisher_stock
8932,11,clara_k16,text_pca64_lexical_calendar_publisher_stock
8934,10,clara_k16,text_pca64_lexical_calendar_publisher_stock
8936,2,clara_k16,text_pca64_lexical_calendar_publisher_stock
8938,2,clara_k16,text_pca64_lexical_calendar_publisher_stock
8941,1,clara_k16,text_pca64_lexical_calendar_publisher_stock
8943,1,clara_k16,text_pca64_lexical_calendar_publisher_stock
8950,11,clara_k16,text_pca64_lexical_calendar_publisher_stock
8953,6,clara_k16,text_pca64_lexical_calendar_publisher_stock
8959,1,clara_k16,text_pca64_lexical_calendar_publisher_stock
8965,4,clara_k16,text_pca64_lexical_calendar_publisher_stock
8970,2,clara_k16,text_pca64_lexical_calendar_publisher_stock
8991,1,clara_k16,text_pca64_lexical_calendar_publisher_stock
8999,11,clara_k16,text_pca64_lexical_calendar_publisher_stock
9002,11,clara_k16,text_pca64_lexical_calendar_publisher_stock
9022,6,clara_k16,text_pca64_lexical_calendar_publisher_stock
9023,0,clara_k16,text_pca64_lexical_calendar_publisher_stock
9025,4,clara_k16,text_pca64_lexical_calendar_publisher_stock
9026,6,clara_k16,text_pca64_lexical_calendar_publisher_stock
9030,13,clara_k16,text_pca64_lexical_calendar_publisher_stock
9035,1,clara_k16,text_pca64_lexical_calendar_publisher_stock
9051,1,clara_k16,text_pca64_lexical_calendar_publisher_stock
9057,14,clara_k16,text_pca64_lexical_calendar_publisher_stock
9084,6,clara_k16,text_pca64_lexical_calendar_publisher_stock
9091,2,clara_k16,text_pca64_lexical_calendar_publisher_stock
9093,0,clara_k16,text_pca64_lexical_calendar_publisher_stock
9101,1,clara_k16,text_pca64_lexical_calendar_publisher_stock
9105,6,clara_k16,text_pca64_lexical_calendar_publisher_stock
9122,0,clara_k16,text_pca64_lexical_calendar_publisher_stock
9129,13,clara_k16,text_pca64_lexical_calendar_publisher_stock
9138,6,clara_k16,text_pca64_lexical_calendar_publisher_stock
9149,1,clara_k16,text_pca64_lexical_calendar_publisher_stock
9158,1,clara_k16,text_pca64_lexical_calendar_publisher_stock
9161,14,clara_k16,text_pca64_lexical_calendar_publisher_stock
9162,12,clara_k16,text_pca64_lexical_calendar_publisher_stock
9163,13,clara_k16,text_pca64_lexical_calendar_publisher_stock
9169,6,clara_k16,text_pca64_lexical_calendar_publisher_stock
9181,4,clara_k16,text_pca64_lexical_calendar_publisher_stock
9187,0,clara_k16,text_pca64_lexical_calendar_publisher_stock
9188,0,clara_k16,text_pca64_lexical_calendar_publisher_stock
9193,12,clara_k16,text_pca64_lexical_calendar_publisher_stock
9194,4,clara_k16,text_pca64_lexical_calendar_publisher_stock
9197,1,clara_k16,text_pca64_lexical_calendar_publisher_stock
9202,0,clara_k16,text_pca64_lexical_calendar_publisher_stock
9209,0,clara_k16,text_pca64_lexical_calendar_publisher_stock
9234,1,clara_k16,text_pca64_lexical_calendar_publisher_stock
9237,14,clara_k16,text_pca64_lexical_calendar_publisher_stock
9239,6,clara_k16,text_pca64_lexical_calendar_publisher_stock
9263,0,clara_k16,text_pca64_lexical_calendar_publisher_stock
9273,1,clara_k16,text_pca64_lexical_calendar_publisher_stock
9274,1,clara_k16,text_pca64_lexical_calendar_publisher_stock
9281,4,clara_k16,text_pca64_lexical_calendar_publisher_stock
9287,1,clara_k16,text_pca64_lexical_calendar_publisher_stock
9293,1,clara_k16,text_pca64_lexical_calendar_publisher_stock
9296,2,clara_k16,text_pca64_lexical_calendar_publisher_stock
9298,6,clara_k16,text_pca64_lexical_calendar_publisher_stock
9314,0,clara_k16,text_pca64_lexical_calendar_publisher_stock
9315,6,clara_k16,text_pca64_lexical_calendar_publisher_stock
9342,10,clara_k16,text_pca64_lexical_calendar_publisher_stock
9351,6,clara_k16,text_pca64_lexical_calendar_publisher_stock
9354,1,clara_k16,text_pca64_lexical_calendar_publisher_stock
9368,1,clara_k16,text_pca64_lexical_calendar_publisher_stock
9375,13,clara_k16,text_pca64_lexical_calendar_publisher_stock
9377,0,clara_k16,text_pca64_lexical_calendar_publisher_stock
9393,12,clara_k16,text_pca64_lexical_calendar_publisher_stock
9406,5,clara_k16,text_pca64_lexical_calendar_publisher_stock
9408,6,clara_k16,text_pca64_lexical_calendar_publisher_stock
9410,9,clara_k16,text_pca64_lexical_calendar_publisher_stock
9420,10,clara_k16,text_pca64_lexical_calendar_publisher_stock
9423,1,clara_k16,text_pca64_lexical_calendar_publisher_stock
9430,10,clara_k16,text_pca64_lexical_calendar_publisher_stock
9434,1,clara_k16,text_pca64_lexical_calendar_publisher_stock
9451,0,clara_k16,text_pca64_lexical_calendar_publisher_stock
9454,13,clara_k16,text_pca64_lexical_calendar_publisher_stock
9456,1,clara_k16,text_pca64_lexical_calendar_publisher_stock
9462,1,clara_k16,text_pca64_lexical_calendar_publisher_stock
9481,11,clara_k16,text_pca64_lexical_calendar_publisher_stock
9489,1,clara_k16,text_pca64_lexical_calendar_publisher_stock
9494,2,clara_k16,text_pca64_lexical_calendar_publisher_stock
9506,2,clara_k16,text_pca64_lexical_calendar_publisher_stock
9508,1,clara_k16,text_pca64_lexical_calendar_publisher_stock
9509,1,clara_k16,text_pca64_lexical_calendar_publisher_stock
9510,0,clara_k16,text_pca64_lexical_calendar_publisher_stock
9526,10,clara_k16,text_pca64_lexical_calendar_publisher_stock
9541,6,clara_k16,text_pca64_lexical_calendar_publisher_stock
9543,4,clara_k16,text_pca64_lexical_calendar_publisher_stock
9548,10,clara_k16,text_pca64_lexical_calendar_publisher_stock
9555,10,clara_k16,text_pca64_lexical_calendar_publisher_stock
9558,1,clara_k16,text_pca64_lexical_calendar_publisher_stock
9562,2,clara_k16,text_pca64_lexical_calendar_publisher_stock
9573,12,clara_k16,text_pca64_lexical_calendar_publisher_stock
9579,1,clara_k16,text_pca64_lexical_calendar_publisher_stock
9591,6,clara_k16,text_pca64_lexical_calendar_publisher_stock
9600,1,clara_k16,text_pca64_lexical_calendar_publisher_stock
9608,12,clara_k16,text_pca64_lexical_calendar_publisher_stock
9620,12,clara_k16,text_pca64_lexical_calendar_publisher_stock
9624,6,clara_k16,text_pca64_lexical_calendar_publisher_stock
9659,1,clara_k16,text_pca64_lexical_calendar_publisher_stock
9660,6,clara_k16,text_pca64_lexical_calendar_publisher_stock
9666,1,clara_k16,text_pca64_lexical_calendar_publisher_stock
9672,1,clara_k16,text_pca64_lexical_calendar_publisher_stock
9679,2,clara_k16,text_pca64_lexical_calendar_publisher_stock
9683,1,clara_k16,text_pca64_lexical_calendar_publisher_stock
9689,1,clara_k16,text_pca64_lexical_calendar_publisher_stock
9694,6,clara_k16,text_pca64_lexical_calendar_publisher_stock
9700,0,clara_k16,text_pca64_lexical_calendar_publisher_stock
9709,4,clara_k16,text_pca64_lexical_calendar_publisher_stock
9722,13,clara_k16,text_pca64_lexical_calendar_publisher_stock
9724,1,clara_k16,text_pca64_lexical_calendar_publisher_stock
9731,0,clara_k16,text_pca64_lexical_calendar_publisher_stock
9732,0,clara_k16,text_pca64_lexical_calendar_publisher_stock
9735,4,clara_k16,text_pca64_lexical_calendar_publisher_stock
9749,1,clara_k16,text_pca64_lexical_calendar_publisher_stock
9753,0,clara_k16,text_pca64_lexical_calendar_publisher_stock
9755,6,clara_k16,text_pca64_lexical_calendar_publisher_stock
9763,1,clara_k16,text_pca64_lexical_calendar_publisher_stock
9783,1,clara_k16,text_pca64_lexical_calendar_publisher_stock
9789,1,clara_k16,text_pca64_lexical_calendar_publisher_stock
9790,6,clara_k16,text_pca64_lexical_calendar_publisher_stock
9801,1,clara_k16,text_pca64_lexical_calendar_publisher_stock
9804,6,clara_k16,text_pca64_lexical_calendar_publisher_stock
9807,4,clara_k16,text_pca64_lexical_calendar_publisher_stock
9814,6,clara_k16,text_pca64_lexical_calendar_publisher_stock
9816,5,clara_k16,text_pca64_lexical_calendar_publisher_stock
9819,0,clara_k16,text_pca64_lexical_calendar_publisher_stock
9826,7,clara_k16,text_pca64_lexical_calendar_publisher_stock
9830,1,clara_k16,text_pca64_lexical_calendar_publisher_stock
9836,1,clara_k16,text_pca64_lexical_calendar_publisher_stock
9842,0,clara_k16,text_pca64_lexical_calendar_publisher_stock
9845,1,clara_k16,text_pca64_lexical_calendar_publisher_stock
9853,6,clara_k16,text_pca64_lexical_calendar_publisher_stock
9858,1,clara_k16,text_pca64_lexical_calendar_publisher_stock
9870,4,clara_k16,text_pca64_lexical_calendar_publisher_stock
9887,2,clara_k16,text_pca64_lexical_calendar_publisher_stock
9889,0,clara_k16,text_pca64_lexical_calendar_publisher_stock
9904,4,clara_k16,text_pca64_lexical_calendar_publisher_stock
9908,6,clara_k16,text_pca64_lexical_calendar_publisher_stock
9922,1,clara_k16,text_pca64_lexical_calendar_publisher_stock
9924,6,clara_k16,text_pca64_lexical_calendar_publisher_stock
9925,1,clara_k16,text_pca64_lexical_calendar_publisher_stock
9932,1,clara_k16,text_pca64_lexical_calendar_publisher_stock
9937,2,clara_k16,text_pca64_lexical_calendar_publisher_stock
9945,13,clara_k16,text_pca64_lexical_calendar_publisher_stock
9962,13,clara_k16,text_pca64_lexical_calendar_publisher_stock
9965,1,clara_k16,text_pca64_lexical_calendar_publisher_stock
9975,1,clara_k16,text_pca64_lexical_calendar_publisher_stock
9977,0,clara_k16,text_pca64_lexical_calendar_publisher_stock
9979,0,clara_k16,text_pca64_lexical_calendar_publisher_stock
9981,1,clara_k16,text_pca64_lexical_calendar_publisher_stock
9983,1,clara_k16,text_pca64_lexical_calendar_publisher_stock
9985,1,clara_k16,text_pca64_lexical_calendar_publisher_stock
9991,14,clara_k16,text_pca64_lexical_calendar_publisher_stock
9994,6,clara_k16,text_pca64_lexical_calendar_publisher_stock
9996,0,clara_k16,text_pca64_lexical_calendar_publisher_stock
9998,13,clara_k16,text_pca64_lexical_calendar_publisher_stock
9999,1,clara_k16,text_pca64_lexical_calendar_publisher_stock
10010,1,clara_k16,text_pca64_lexical_calendar_publisher_stock
10012,1,clara_k16,text_pca64_lexical_calendar_publisher_stock
10020,1,clara_k16,text_pca64_lexical_calendar_publisher_stock
10021,0,clara_k16,text_pca64_lexical_calendar_publisher_stock
10032,1,clara_k16,text_pca64_lexical_calendar_publisher_stock
10034,12,clara_k16,text_pca64_lexical_calendar_publisher_stock
10045,1,clara_k16,text_pca64_lexical_calendar_publisher_stock
10049,0,clara_k16,text_pca64_lexical_calendar_publisher_stock
10054,1,clara_k16,text_pca64_lexical_calendar_publisher_stock
10062,6,clara_k16,text_pca64_lexical_calendar_publisher_stock
10064,1,clara_k16,text_pca64_lexical_calendar_publisher_stock
10075,1,clara_k16,text_pca64_lexical_calendar_publisher_stock
10078,12,clara_k16,text_pca64_lexical_calendar_publisher_stock
10085,2,clara_k16,text_pca64_lexical_calendar_publisher_stock
10092,1,clara_k16,text_pca64_lexical_calendar_publisher_stock
10093,1,clara_k16,text_pca64_lexical_calendar_publisher_stock
10098,1,clara_k16,text_pca64_lexical_calendar_publisher_stock
10099,1,clara_k16,text_pca64_lexical_calendar_publisher_stock
10102,1,clara_k16,text_pca64_lexical_calendar_publisher_stock
10105,1,clara_k16,text_pca64_lexical_calendar_publisher_stock
10120,1,clara_k16,text_pca64_lexical_calendar_publisher_stock
10138,0,clara_k16,text_pca64_lexical_calendar_publisher_stock
10154,1,clara_k16,text_pca64_lexical_calendar_publisher_stock
10163,1,clara_k16,text_pca64_lexical_calendar_publisher_stock
10182,4,clara_k16,text_pca64_lexical_calendar_publisher_stock
10187,13,clara_k16,text_pca64_lexical_calendar_publisher_stock
10205,4,clara_k16,text_pca64_lexical_calendar_publisher_stock
10214,1,clara_k16,text_pca64_lexical_calendar_publisher_stock
10216,4,clara_k16,text_pca64_lexical_calendar_publisher_stock
10218,1,clara_k16,text_pca64_lexical_calendar_publisher_stock
10221,0,clara_k16,text_pca64_lexical_calendar_publisher_stock
10238,3,clara_k16,text_pca64_lexical_calendar_publisher_stock
10239,1,clara_k16,text_pca64_lexical_calendar_publisher_stock
10240,1,clara_k16,text_pca64_lexical_calendar_publisher_stock
10254,1,clara_k16,text_pca64_lexical_calendar_publisher_stock
10259,12,clara_k16,text_pca64_lexical_calendar_publisher_stock
10271,4,clara_k16,text_pca64_lexical_calendar_publisher_stock
10279,4,clara_k16,text_pca64_lexical_calendar_publisher_stock
10289,2,clara_k16,text_pca64_lexical_calendar_publisher_stock
10290,5,clara_k16,text_pca64_lexical_calendar_publisher_stock
10291,6,clara_k16,text_pca64_lexical_calendar_publisher_stock
10299,0,clara_k16,text_pca64_lexical_calendar_publisher_stock
10303,0,clara_k16,text_pca64_lexical_calendar_publisher_stock
10308,1,clara_k16,text_pca64_lexical_calendar_publisher_stock
10312,4,clara_k16,text_pca64_lexical_calendar_publisher_stock
10324,6,clara_k16,text_pca64_lexical_calendar_publisher_stock
10329,12,clara_k16,text_pca64_lexical_calendar_publisher_stock
10331,6,clara_k16,text_pca64_lexical_calendar_publisher_stock
10340,1,clara_k16,text_pca64_lexical_calendar_publisher_stock
10361,13,clara_k16,text_pca64_lexical_calendar_publisher_stock
10365,5,clara_k16,text_pca64_lexical_calendar_publisher_stock
10366,0,clara_k16,text_pca64_lexical_calendar_publisher_stock
10374,11,clara_k16,text_pca64_lexical_calendar_publisher_stock
10380,6,clara_k16,text_pca64_lexical_calendar_publisher_stock
10399,1,clara_k16,text_pca64_lexical_calendar_publisher_stock
10403,3,clara_k16,text_pca64_lexical_calendar_publisher_stock
10405,0,clara_k16,text_pca64_lexical_calendar_publisher_stock
10406,3,clara_k16,text_pca64_lexical_calendar_publisher_stock
10407,4,clara_k16,text_pca64_lexical_calendar_publisher_stock
10408,1,clara_k16,text_pca64_lexical_calendar_publisher_stock
10424,0,clara_k16,text_pca64_lexical_calendar_publisher_stock
10429,6,clara_k16,text_pca64_lexical_calendar_publisher_stock
10443,0,clara_k16,text_pca64_lexical_calendar_publisher_stock
10463,2,clara_k16,text_pca64_lexical_calendar_publisher_stock
10484,0,clara_k16,text_pca64_lexical_calendar_publisher_stock
10501,13,clara_k16,text_pca64_lexical_calendar_publisher_stock
10513,6,clara_k16,text_pca64_lexical_calendar_publisher_stock
10530,13,clara_k16,text_pca64_lexical_calendar_publisher_stock
10536,1,clara_k16,text_pca64_lexical_calendar_publisher_stock
10538,14,clara_k16,text_pca64_lexical_calendar_publisher_stock
10540,13,clara_k16,text_pca64_lexical_calendar_publisher_stock
10548,11,clara_k16,text_pca64_lexical_calendar_publisher_stock
10550,6,clara_k16,text_pca64_lexical_calendar_publisher_stock
10563,4,clara_k16,text_pca64_lexical_calendar_publisher_stock
10565,6,clara_k16,text_pca64_lexical_calendar_publisher_stock
10571,0,clara_k16,text_pca64_lexical_calendar_publisher_stock
10572,13,clara_k16,text_pca64_lexical_calendar_publisher_stock
10577,11,clara_k16,text_pca64_lexical_calendar_publisher_stock
10579,0,clara_k16,text_pca64_lexical_calendar_publisher_stock
10590,9,clara_k16,text_pca64_lexical_calendar_publisher_stock
10591,6,clara_k16,text_pca64_lexical_calendar_publisher_stock
10592,4,clara_k16,text_pca64_lexical_calendar_publisher_stock
10597,13,clara_k16,text_pca64_lexical_calendar_publisher_stock
10618,11,clara_k16,text_pca64_lexical_calendar_publisher_stock
10630,1,clara_k16,text_pca64_lexical_calendar_publisher_stock
10639,0,clara_k16,text_pca64_lexical_calendar_publisher_stock
10641,13,clara_k16,text_pca64_lexical_calendar_publisher_stock
10645,2,clara_k16,text_pca64_lexical_calendar_publisher_stock
10649,0,clara_k16,text_pca64_lexical_calendar_publisher_stock
10654,8,clara_k16,text_pca64_lexical_calendar_publisher_stock
10656,13,clara_k16,text_pca64_lexical_calendar_publisher_stock
10666,0,clara_k16,text_pca64_lexical_calendar_publisher_stock
10667,6,clara_k16,text_pca64_lexical_calendar_publisher_stock
10676,13,clara_k16,text_pca64_lexical_calendar_publisher_stock
10684,6,clara_k16,text_pca64_lexical_calendar_publisher_stock
10696,12,clara_k16,text_pca64_lexical_calendar_publisher_stock
10706,12,clara_k16,text_pca64_lexical_calendar_publisher_stock
10713,0,clara_k16,text_pca64_lexical_calendar_publisher_stock
10720,0,clara_k16,text_pca64_lexical_calendar_publisher_stock
10723,0,clara_k16,text_pca64_lexical_calendar_publisher_stock
10741,1,clara_k16,text_pca64_lexical_calendar_publisher_stock
10742,6,clara_k16,text_pca64_lexical_calendar_publisher_stock
10744,0,clara_k16,text_pca64_lexical_calendar_publisher_stock
10757,0,clara_k16,text_pca64_lexical_calendar_publisher_stock
10762,13,clara_k16,text_pca64_lexical_calendar_publisher_stock
10765,0,clara_k16,text_pca64_lexical_calendar_publisher_stock
10766,13,clara_k16,text_pca64_lexical_calendar_publisher_stock
10772,6,clara_k16,text_pca64_lexical_calendar_publisher_stock
10776,8,clara_k16,text_pca64_lexical_calendar_publisher_stock
10783,2,clara_k16,text_pca64_lexical_calendar_publisher_stock
10809,4,clara_k16,text_pca64_lexical_calendar_publisher_stock
10813,0,clara_k16,text_pca64_lexical_calendar_publisher_stock
10815,0,clara_k16,text_pca64_lexical_calendar_publisher_stock
10817,0,clara_k16,text_pca64_lexical_calendar_publisher_stock
10823,4,clara_k16,text_pca64_lexical_calendar_publisher_stock
10825,12,clara_k16,text_pca64_lexical_calendar_publisher_stock
10829,12,clara_k16,text_pca64_lexical_calendar_publisher_stock
10835,2,clara_k16,text_pca64_lexical_calendar_publisher_stock
10843,1,clara_k16,text_pca64_lexical_calendar_publisher_stock
10849,0,clara_k16,text_pca64_lexical_calendar_publisher_stock
10850,12,clara_k16,text_pca64_lexical_calendar_publisher_stock
10852,9,clara_k16,text_pca64_lexical_calendar_publisher_stock
10855,6,clara_k16,text_pca64_lexical_calendar_publisher_stock
10867,9,clara_k16,text_pca64_lexical_calendar_publisher_stock
10874,0,clara_k16,text_pca64_lexical_calendar_publisher_stock
10876,0,clara_k16,text_pca64_lexical_calendar_publisher_stock
10888,0,clara_k16,text_pca64_lexical_calendar_publisher_stock
10889,13,clara_k16,text_pca64_lexical_calendar_publisher_stock
10898,1,clara_k16,text_pca64_lexical_calendar_publisher_stock
10899,13,clara_k16,text_pca64_lexical_calendar_publisher_stock
10901,0,clara_k16,text_pca64_lexical_calendar_publisher_stock
10902,6,clara_k16,text_pca64_lexical_calendar_publisher_stock
10907,1,clara_k16,text_pca64_lexical_calendar_publisher_stock
10912,0,clara_k16,text_pca64_lexical_calendar_publisher_stock
10917,1,clara_k16,text_pca64_lexical_calendar_publisher_stock
10926,0,clara_k16,text_pca64_lexical_calendar_publisher_stock
10942,13,clara_k16,text_pca64_lexical_calendar_publisher_stock
10947,1,clara_k16,text_pca64_lexical_calendar_publisher_stock
10949,12,clara_k16,text_pca64_lexical_calendar_publisher_stock
10950,4,clara_k16,text_pca64_lexical_calendar_publisher_stock
10955,2,clara_k16,text_pca64_lexical_calendar_publisher_stock
10963,1,clara_k16,text_pca64_lexical_calendar_publisher_stock
10970,4,clara_k16,text_pca64_lexical_calendar_publisher_stock
10980,12,clara_k16,text_pca64_lexical_calendar_publisher_stock
10981,0,clara_k16,text_pca64_lexical_calendar_publisher_stock
10990,4,clara_k16,text_pca64_lexical_calendar_publisher_stock
11000,1,clara_k16,text_pca64_lexical_calendar_publisher_stock
11006,6,clara_k16,text_pca64_lexical_calendar_publisher_stock
11014,4,clara_k16,text_pca64_lexical_calendar_publisher_stock
11019,14,clara_k16,text_pca64_lexical_calendar_publisher_stock
11030,14,clara_k16,text_pca64_lexical_calendar_publisher_stock
11038,9,clara_k16,text_pca64_lexical_calendar_publisher_stock
11040,7,clara_k16,text_pca64_lexical_calendar_publisher_stock
11043,4,clara_k16,text_pca64_lexical_calendar_publisher_stock
11047,0,clara_k16,text_pca64_lexical_calendar_publisher_stock
11051,14,clara_k16,text_pca64_lexical_calendar_publisher_stock
11056,1,clara_k16,text_pca64_lexical_calendar_publisher_stock
11060,4,clara_k16,text_pca64_lexical_calendar_publisher_stock
11069,3,clara_k16,text_pca64_lexical_calendar_publisher_stock
11081,14,clara_k16,text_pca64_lexical_calendar_publisher_stock
11089,13,clara_k16,text_pca64_lexical_calendar_publisher_stock
11096,3,clara_k16,text_pca64_lexical_calendar_publisher_stock
11098,4,clara_k16,text_pca64_lexical_calendar_publisher_stock
11114,0,clara_k16,text_pca64_lexical_calendar_publisher_stock
11118,0,clara_k16,text_pca64_lexical_calendar_publisher_stock
11126,3,clara_k16,text_pca64_lexical_calendar_publisher_stock
11133,4,clara_k16,text_pca64_lexical_calendar_publisher_stock
11134,4,clara_k16,text_pca64_lexical_calendar_publisher_stock
11141,4,clara_k16,text_pca64_lexical_calendar_publisher_stock
11147,1,clara_k16,text_pca64_lexical_calendar_publisher_stock
11150,15,clara_k16,text_pca64_lexical_calendar_publisher_stock
11175,7,clara_k16,text_pca64_lexical_calendar_publisher_stock
11177,2,clara_k16,text_pca64_lexical_calendar_publisher_stock
11181,13,clara_k16,text_pca64_lexical_calendar_publisher_stock
11188,13,clara_k16,text_pca64_lexical_calendar_publisher_stock
11189,4,clara_k16,text_pca64_lexical_calendar_publisher_stock
11192,1,clara_k16,text_pca64_lexical_calendar_publisher_stock
11193,8,clara_k16,text_pca64_lexical_calendar_publisher_stock
11199,2,clara_k16,text_pca64_lexical_calendar_publisher_stock
11248,4,clara_k16,text_pca64_lexical_calendar_publisher_stock
11250,1,clara_k16,text_pca64_lexical_calendar_publisher_stock
11256,1,clara_k16,text_pca64_lexical_calendar_publisher_stock
11265,3,clara_k16,text_pca64_lexical_calendar_publisher_stock
11269,5,clara_k16,text_pca64_lexical_calendar_publisher_stock
11276,2,clara_k16,text_pca64_lexical_calendar_publisher_stock
11280,3,clara_k16,text_pca64_lexical_calendar_publisher_stock
11287,3,clara_k16,text_pca64_lexical_calendar_publisher_stock
11293,0,clara_k16,text_pca64_lexical_calendar_publisher_stock
11295,9,clara_k16,text_pca64_lexical_calendar_publisher_stock
11307,2,clara_k16,text_pca64_lexical_calendar_publisher_stock
11313,3,clara_k16,text_pca64_lexical_calendar_publisher_stock
11317,15,clara_k16,text_pca64_lexical_calendar_publisher_stock
11321,2,clara_k16,text_pca64_lexical_calendar_publisher_stock
11331,1,clara_k16,text_pca64_lexical_calendar_publisher_stock
11362,15,clara_k16,text_pca64_lexical_calendar_publisher_stock
11371,1,clara_k16,text_pca64_lexical_calendar_publisher_stock
11372,0,clara_k16,text_pca64_lexical_calendar_publisher_stock
11373,12,clara_k16,text_pca64_lexical_calendar_publisher_stock
11386,15,clara_k16,text_pca64_lexical_calendar_publisher_stock
11402,1,clara_k16,text_pca64_lexical_calendar_publisher_stock
11404,2,clara_k16,text_pca64_lexical_calendar_publisher_stock
11405,2,clara_k16,text_pca64_lexical_calendar_publisher_stock
11407,4,clara_k16,text_pca64_lexical_calendar_publisher_stock
11409,0,clara_k16,text_pca64_lexical_calendar_publisher_stock
11417,10,clara_k16,text_pca64_lexical_calendar_publisher_stock
11420,4,clara_k16,text_pca64_lexical_calendar_publisher_stock
11425,1,clara_k16,text_pca64_lexical_calendar_publisher_stock
11446,12,clara_k16,text_pca64_lexical_calendar_publisher_stock
11449,2,clara_k16,text_pca64_lexical_calendar_publisher_stock
11461,12,clara_k16,text_pca64_lexical_calendar_publisher_stock
11466,0,clara_k16,text_pca64_lexical_calendar_publisher_stock
11468,5,clara_k16,text_pca64_lexical_calendar_publisher_stock
11491,13,clara_k16,text_pca64_lexical_calendar_publisher_stock
11497,1,clara_k16,text_pca64_lexical_calendar_publisher_stock
11499,1,clara_k16,text_pca64_lexical_calendar_publisher_stock
11504,0,clara_k16,text_pca64_lexical_calendar_publisher_stock
11525,6,clara_k16,text_pca64_lexical_calendar_publisher_stock
11529,5,clara_k16,text_pca64_lexical_calendar_publisher_stock
11530,12,clara_k16,text_pca64_lexical_calendar_publisher_stock
11535,1,clara_k16,text_pca64_lexical_calendar_publisher_stock
11541,12,clara_k16,text_pca64_lexical_calendar_publisher_stock
11554,6,clara_k16,text_pca64_lexical_calendar_publisher_stock
11562,13,clara_k16,text_pca64_lexical_calendar_publisher_stock
11567,6,clara_k16,text_pca64_lexical_calendar_publisher_stock
11570,4,clara_k16,text_pca64_lexical_calendar_publisher_stock
11572,5,clara_k16,text_pca64_lexical_calendar_publisher_stock
11583,2,clara_k16,text_pca64_lexical_calendar_publisher_stock
11587,0,clara_k16,text_pca64_lexical_calendar_publisher_stock
11589,0,clara_k16,text_pca64_lexical_calendar_publisher_stock
11597,2,clara_k16,text_pca64_lexical_calendar_publisher_stock
11604,12,clara_k16,text_pca64_lexical_calendar_publisher_stock
11605,2,clara_k16,text_pca64_lexical_calendar_publisher_stock
11607,0,clara_k16,text_pca64_lexical_calendar_publisher_stock
11608,0,clara_k16,text_pca64_lexical_calendar_publisher_stock
11614,1,clara_k16,text_pca64_lexical_calendar_publisher_stock
11616,11,clara_k16,text_pca64_lexical_calendar_publisher_stock
11619,2,clara_k16,text_pca64_lexical_calendar_publisher_stock
11622,2,clara_k16,text_pca64_lexical_calendar_publisher_stock
11636,4,clara_k16,text_pca64_lexical_calendar_publisher_stock
11643,4,clara_k16,text_pca64_lexical_calendar_publisher_stock
11644,4,clara_k16,text_pca64_lexical_calendar_publisher_stock
11645,0,clara_k16,text_pca64_lexical_calendar_publisher_stock
11650,0,clara_k16,text_pca64_lexical_calendar_publisher_stock
11652,0,clara_k16,text_pca64_lexical_calendar_publisher_stock
11657,14,clara_k16,text_pca64_lexical_calendar_publisher_stock
11666,5,clara_k16,text_pca64_lexical_calendar_publisher_stock
11668,12,clara_k16,text_pca64_lexical_calendar_publisher_stock
11680,4,clara_k16,text_pca64_lexical_calendar_publisher_stock
11685,12,clara_k16,text_pca64_lexical_calendar_publisher_stock
11686,9,clara_k16,text_pca64_lexical_calendar_publisher_stock
11687,7,clara_k16,text_pca64_lexical_calendar_publisher_stock
11689,0,clara_k16,text_pca64_lexical_calendar_publisher_stock
11712,2,clara_k16,text_pca64_lexical_calendar_publisher_stock
11713,14,clara_k16,text_pca64_lexical_calendar_publisher_stock
11714,12,clara_k16,text_pca64_lexical_calendar_publisher_stock
11719,14,clara_k16,text_pca64_lexical_calendar_publisher_stock
11720,7,clara_k16,text_pca64_lexical_calendar_publisher_stock
11725,0,clara_k16,text_pca64_lexical_calendar_publisher_stock
11727,5,clara_k16,text_pca64_lexical_calendar_publisher_stock
11728,1,clara_k16,text_pca64_lexical_calendar_publisher_stock
11732,9,clara_k16,text_pca64_lexical_calendar_publisher_stock
11735,1,clara_k16,text_pca64_lexical_calendar_publisher_stock
11746,6,clara_k16,text_pca64_lexical_calendar_publisher_stock
11750,3,clara_k16,text_pca64_lexical_calendar_publisher_stock
11751,0,clara_k16,text_pca64_lexical_calendar_publisher_stock
11753,4,clara_k16,text_pca64_lexical_calendar_publisher_stock
11758,6,clara_k16,text_pca64_lexical_calendar_publisher_stock
11759,1,clara_k16,text_pca64_lexical_calendar_publisher_stock
11761,1,clara_k16,text_pca64_lexical_calendar_publisher_stock
11762,1,clara_k16,text_pca64_lexical_calendar_publisher_stock
11776,15,clara_k16,text_pca64_lexical_calendar_publisher_stock
11777,15,clara_k16,text_pca64_lexical_calendar_publisher_stock
11790,1,clara_k16,text_pca64_lexical_calendar_publisher_stock
11791,1,clara_k16,text_pca64_lexical_calendar_publisher_stock
11794,6,clara_k16,text_pca64_lexical_calendar_publisher_stock
11803,0,clara_k16,text_pca64_lexical_calendar_publisher_stock
11806,1,clara_k16,text_pca64_lexical_calendar_publisher_stock
11820,1,clara_k16,text_pca64_lexical_calendar_publisher_stock
11823,1,clara_k16,text_pca64_lexical_calendar_publisher_stock
11832,2,clara_k16,text_pca64_lexical_calendar_publisher_stock
11833,2,clara_k16,text_pca64_lexical_calendar_publisher_stock
11834,14,clara_k16,text_pca64_lexical_calendar_publisher_stock
11838,6,clara_k16,text_pca64_lexical_calendar_publisher_stock
11846,0,clara_k16,text_pca64_lexical_calendar_publisher_stock
11854,2,clara_k16,text_pca64_lexical_calendar_publisher_stock
11855,12,clara_k16,text_pca64_lexical_calendar_publisher_stock
11856,2,clara_k16,text_pca64_lexical_calendar_publisher_stock
11861,0,clara_k16,text_pca64_lexical_calendar_publisher_stock
11863,6,clara_k16,text_pca64_lexical_calendar_publisher_stock
11887,5,clara_k16,text_pca64_lexical_calendar_publisher_stock
11888,6,clara_k16,text_pca64_lexical_calendar_publisher_stock
11894,4,clara_k16,text_pca64_lexical_calendar_publisher_stock
11895,6,clara_k16,text_pca64_lexical_calendar_publisher_stock
11897,0,clara_k16,text_pca64_lexical_calendar_publisher_stock
11906,4,clara_k16,text_pca64_lexical_calendar_publisher_stock
11922,6,clara_k16,text_pca64_lexical_calendar_publisher_stock
11930,0,clara_k16,text_pca64_lexical_calendar_publisher_stock
11931,6,clara_k16,text_pca64_lexical_calendar_publisher_stock
11941,9,clara_k16,text_pca64_lexical_calendar_publisher_stock
11942,7,clara_k16,text_pca64_lexical_calendar_publisher_stock
11943,12,clara_k16,text_pca64_lexical_calendar_publisher_stock
11946,13,clara_k16,text_pca64_lexical_calendar_publisher_stock
11947,2,clara_k16,text_pca64_lexical_calendar_publisher_stock
11951,1,clara_k16,text_pca64_lexical_calendar_publisher_stock
11965,5,clara_k16,text_pca64_lexical_calendar_publisher_stock
11968,7,clara_k16,text_pca64_lexical_calendar_publisher_stock
11972,4,clara_k16,text_pca64_lexical_calendar_publisher_stock
11985,7,clara_k16,text_pca64_lexical_calendar_publisher_stock
12000,4,clara_k16,text_pca64_lexical_calendar_publisher_stock
12009,0,clara_k16,text_pca64_lexical_calendar_publisher_stock
12035,7,clara_k16,text_pca64_lexical_calendar_publisher_stock
12036,2,clara_k16,text_pca64_lexical_calendar_publisher_stock
12042,12,clara_k16,text_pca64_lexical_calendar_publisher_stock
12051,4,clara_k16,text_pca64_lexical_calendar_publisher_stock
12053,7,clara_k16,text_pca64_lexical_calendar_publisher_stock
12060,6,clara_k16,text_pca64_lexical_calendar_publisher_stock
12066,0,clara_k16,text_pca64_lexical_calendar_publisher_stock
12067,1,clara_k16,text_pca64_lexical_calendar_publisher_stock
12071,6,clara_k16,text_pca64_lexical_calendar_publisher_stock
12074,1,clara_k16,text_pca64_lexical_calendar_publisher_stock
12077,1,clara_k16,text_pca64_lexical_calendar_publisher_stock
12082,11,clara_k16,text_pca64_lexical_calendar_publisher_stock
12085,4,clara_k16,text_pca64_lexical_calendar_publisher_stock
12091,0,clara_k16,text_pca64_lexical_calendar_publisher_stock
12106,4,clara_k16,text_pca64_lexical_calendar_publisher_stock
12110,1,clara_k16,text_pca64_lexical_calendar_publisher_stock
12111,0,clara_k16,text_pca64_lexical_calendar_publisher_stock
12125,7,clara_k16,text_pca64_lexical_calendar_publisher_stock
12136,9,clara_k16,text_pca64_lexical_calendar_publisher_stock
12141,9,clara_k16,text_pca64_lexical_calendar_publisher_stock
12143,13,clara_k16,text_pca64_lexical_calendar_publisher_stock
12153,13,clara_k16,text_pca64_lexical_calendar_publisher_stock
12162,3,clara_k16,text_pca64_lexical_calendar_publisher_stock
12165,3,clara_k16,text_pca64_lexical_calendar_publisher_stock
12172,4,clara_k16,text_pca64_lexical_calendar_publisher_stock
12173,13,clara_k16,text_pca64_lexical_calendar_publisher_stock
12179,4,clara_k16,text_pca64_lexical_calendar_publisher_stock
12186,13,clara_k16,text_pca64_lexical_calendar_publisher_stock
12200,4,clara_k16,text_pca64_lexical_calendar_publisher_stock
12212,4,clara_k16,text_pca64_lexical_calendar_publisher_stock
12222,12,clara_k16,text_pca64_lexical_calendar_publisher_stock
12229,13,clara_k16,text_pca64_lexical_calendar_publisher_stock
12238,2,clara_k16,text_pca64_lexical_calendar_publisher_stock
12250,1,clara_k16,text_pca64_lexical_calendar_publisher_stock
12256,14,clara_k16,text_pca64_lexical_calendar_publisher_stock
12258,12,clara_k16,text_pca64_lexical_calendar_publisher_stock
12266,0,clara_k16,text_pca64_lexical_calendar_publisher_stock
12269,12,clara_k16,text_pca64_lexical_calendar_publisher_stock
12276,12,clara_k16,text_pca64_lexical_calendar_publisher_stock
12282,6,clara_k16,text_pca64_lexical_calendar_publisher_stock
12293,11,clara_k16,text_pca64_lexical_calendar_publisher_stock
12298,6,clara_k16,text_pca64_lexical_calendar_publisher_stock
12309,4,clara_k16,text_pca64_lexical_calendar_publisher_stock
12314,4,clara_k16,text_pca64_lexical_calendar_publisher_stock
12321,1,clara_k16,text_pca64_lexical_calendar_publisher_stock
12325,6,clara_k16,text_pca64_lexical_calendar_publisher_stock
12330,0,clara_k16,text_pca64_lexical_calendar_publisher_stock
12331,4,clara_k16,text_pca64_lexical_calendar_publisher_stock
12346,14,clara_k16,text_pca64_lexical_calendar_publisher_stock
12347,6,clara_k16,text_pca64_lexical_calendar_publisher_stock
12351,13,clara_k16,text_pca64_lexical_calendar_publisher_stock
12355,1,clara_k16,text_pca64_lexical_calendar_publisher_stock
12357,4,clara_k16,text_pca64_lexical_calendar_publisher_stock
12358,4,clara_k16,text_pca64_lexical_calendar_publisher_stock
12368,0,clara_k16,text_pca64_lexical_calendar_publisher_stock
12373,1,clara_k16,text_pca64_lexical_calendar_publisher_stock
12382,1,clara_k16,text_pca64_lexical_calendar_publisher_stock
12385,6,clara_k16,text_pca64_lexical_calendar_publisher_stock
12387,12,clara_k16,text_pca64_lexical_calendar_publisher_stock
12396,4,clara_k16,text_pca64_lexical_calendar_publisher_stock
12400,13,clara_k16,text_pca64_lexical_calendar_publisher_stock
12401,14,clara_k16,text_pca64_lexical_calendar_publisher_stock
12407,4,clara_k16,text_pca64_lexical_calendar_publisher_stock
12423,4,clara_k16,text_pca64_lexical_calendar_publisher_stock
12424,4,clara_k16,text_pca64_lexical_calendar_publisher_stock
12432,0,clara_k16,text_pca64_lexical_calendar_publisher_stock
12435,6,clara_k16,text_pca64_lexical_calendar_publisher_stock
12445,13,clara_k16,text_pca64_lexical_calendar_publisher_stock
12450,4,clara_k16,text_pca64_lexical_calendar_publisher_stock
12469,4,clara_k16,text_pca64_lexical_calendar_publisher_stock
12476,1,clara_k16,text_pca64_lexical_calendar_publisher_stock
12478,12,clara_k16,text_pca64_lexical_calendar_publisher_stock
12479,1,clara_k16,text_pca64_lexical_calendar_publisher_stock
12481,4,clara_k16,text_pca64_lexical_calendar_publisher_stock
12484,4,clara_k16,text_pca64_lexical_calendar_publisher_stock
12490,0,clara_k16,text_pca64_lexical_calendar_publisher_stock
12492,4,clara_k16,text_pca64_lexical_calendar_publisher_stock
12503,4,clara_k16,text_pca64_lexical_calendar_publisher_stock
12514,1,clara_k16,text_pca64_lexical_calendar_publisher_stock
12524,0,clara_k16,text_pca64_lexical_calendar_publisher_stock
12526,0,clara_k16,text_pca64_lexical_calendar_publisher_stock
12528,1,clara_k16,text_pca64_lexical_calendar_publisher_stock
12533,6,clara_k16,text_pca64_lexical_calendar_publisher_stock
12539,1,clara_k16,text_pca64_lexical_calendar_publisher_stock
12547,1,clara_k16,text_pca64_lexical_calendar_publisher_stock
12548,0,clara_k16,text_pca64_lexical_calendar_publisher_stock
12557,1,clara_k16,text_pca64_lexical_calendar_publisher_stock
12560,0,clara_k16,text_pca64_lexical_calendar_publisher_stock
12577,1,clara_k16,text_pca64_lexical_calendar_publisher_stock
12579,3,clara_k16,text_pca64_lexical_calendar_publisher_stock
12580,4,clara_k16,text_pca64_lexical_calendar_publisher_stock
12584,1,clara_k16,text_pca64_lexical_calendar_publisher_stock
12585,1,clara_k16,text_pca64_lexical_calendar_publisher_stock
12600,1,clara_k16,text_pca64_lexical_calendar_publisher_stock
12610,13,clara_k16,text_pca64_lexical_calendar_publisher_stock
12621,4,clara_k16,text_pca64_lexical_calendar_publisher_stock
12622,4,clara_k16,text_pca64_lexical_calendar_publisher_stock
12633,4,clara_k16,text_pca64_lexical_calendar_publisher_stock
12642,4,clara_k16,text_pca64_lexical_calendar_publisher_stock
12649,4,clara_k16,text_pca64_lexical_calendar_publisher_stock
12650,1,clara_k16,text_pca64_lexical_calendar_publisher_stock
12658,6,clara_k16,text_pca64_lexical_calendar_publisher_stock
12670,1,clara_k16,text_pca64_lexical_calendar_publisher_stock
12678,2,clara_k16,text_pca64_lexical_calendar_publisher_stock
12681,4,clara_k16,text_pca64_lexical_calendar_publisher_stock
12682,12,clara_k16,text_pca64_lexical_calendar_publisher_stock
12691,1,clara_k16,text_pca64_lexical_calendar_publisher_stock
12702,1,clara_k16,text_pca64_lexical_calendar_publisher_stock
12714,0,clara_k16,text_pca64_lexical_calendar_publisher_stock
12717,4,clara_k16,text_pca64_lexical_calendar_publisher_stock
12723,1,clara_k16,text_pca64_lexical_calendar_publisher_stock
12724,12,clara_k16,text_pca64_lexical_calendar_publisher_stock
12728,4,clara_k16,text_pca64_lexical_calendar_publisher_stock
12732,0,clara_k16,text_pca64_lexical_calendar_publisher_stock
12734,1,clara_k16,text_pca64_lexical_calendar_publisher_stock
12750,2,clara_k16,text_pca64_lexical_calendar_publisher_stock
12752,1,clara_k16,text_pca64_lexical_calendar_publisher_stock
12757,1,clara_k16,text_pca64_lexical_calendar_publisher_stock
12760,2,clara_k16,text_pca64_lexical_calendar_publisher_stock
12769,1,clara_k16,text_pca64_lexical_calendar_publisher_stock
12772,6,clara_k16,text_pca64_lexical_calendar_publisher_stock
12786,1,clara_k16,text_pca64_lexical_calendar_publisher_stock
12789,1,clara_k16,text_pca64_lexical_calendar_publisher_stock
12791,1,clara_k16,text_pca64_lexical_calendar_publisher_stock
12794,0,clara_k16,text_pca64_lexical_calendar_publisher_stock
12800,0,clara_k16,text_pca64_lexical_calendar_publisher_stock
12804,1,clara_k16,text_pca64_lexical_calendar_publisher_stock
12820,14,clara_k16,text_pca64_lexical_calendar_publisher_stock
12825,1,clara_k16,text_pca64_lexical_calendar_publisher_stock
12826,0,clara_k16,text_pca64_lexical_calendar_publisher_stock
12827,6,clara_k16,text_pca64_lexical_calendar_publisher_stock
12853,1,clara_k16,text_pca64_lexical_calendar_publisher_stock
12878,1,clara_k16,text_pca64_lexical_calendar_publisher_stock
12883,1,clara_k16,text_pca64_lexical_calendar_publisher_stock
12885,4,clara_k16,text_pca64_lexical_calendar_publisher_stock
12889,1,clara_k16,text_pca64_lexical_calendar_publisher_stock
12896,1,clara_k16,text_pca64_lexical_calendar_publisher_stock
12898,4,clara_k16,text_pca64_lexical_calendar_publisher_stock
12902,1,clara_k16,text_pca64_lexical_calendar_publisher_stock
12908,12,clara_k16,text_pca64_lexical_calendar_publisher_stock
12925,2,clara_k16,text_pca64_lexical_calendar_publisher_stock
12928,12,clara_k16,text_pca64_lexical_calendar_publisher_stock
12931,4,clara_k16,text_pca64_lexical_calendar_publisher_stock
12942,6,clara_k16,text_pca64_lexical_calendar_publisher_stock
12951,12,clara_k16,text_pca64_lexical_calendar_publisher_stock
12956,0,clara_k16,text_pca64_lexical_calendar_publisher_stock
12959,8,clara_k16,text_pca64_lexical_calendar_publisher_stock
12962,14,clara_k16,text_pca64_lexical_calendar_publisher_stock
12966,8,clara_k16,text_pca64_lexical_calendar_publisher_stock
12977,14,clara_k16,text_pca64_lexical_calendar_publisher_stock
12986,11,clara_k16,text_pca64_lexical_calendar_publisher_stock
12995,8,clara_k16,text_pca64_lexical_calendar_publisher_stock
13002,5,clara_k16,text_pca64_lexical_calendar_publisher_stock
13005,14,clara_k16,text_pca64_lexical_calendar_publisher_stock
13009,0,clara_k16,text_pca64_lexical_calendar_publisher_stock
13022,6,clara_k16,text_pca64_lexical_calendar_publisher_stock
13027,6,clara_k16,text_pca64_lexical_calendar_publisher_stock
13033,7,clara_k16,text_pca64_lexical_calendar_publisher_stock
13039,5,clara_k16,text_pca64_lexical_calendar_publisher_stock
13041,6,clara_k16,text_pca64_lexical_calendar_publisher_stock
13043,5,clara_k16,text_pca64_lexical_calendar_publisher_stock
13048,0,clara_k16,text_pca64_lexical_calendar_publisher_stock
13053,6,clara_k16,text_pca64_lexical_calendar_publisher_stock
13069,5,clara_k16,text_pca64_lexical_calendar_publisher_stock
13073,2,clara_k16,text_pca64_lexical_calendar_publisher_stock
13075,0,clara_k16,text_pca64_lexical_calendar_publisher_stock
13076,0,clara_k16,text_pca64_lexical_calendar_publisher_stock
13080,1,clara_k16,text_pca64_lexical_calendar_publisher_stock
13082,2,clara_k16,text_pca64_lexical_calendar_publisher_stock
13089,2,clara_k16,text_pca64_lexical_calendar_publisher_stock
13093,9,clara_k16,text_pca64_lexical_calendar_publisher_stock
13098,0,clara_k16,text_pca64_lexical_calendar_publisher_stock
13099,9,clara_k16,text_pca64_lexical_calendar_publisher_stock
13108,13,clara_k16,text_pca64_lexical_calendar_publisher_stock
13109,2,clara_k16,text_pca64_lexical_calendar_publisher_stock
13121,6,clara_k16,text_pca64_lexical_calendar_publisher_stock
13125,0,clara_k16,text_pca64_lexical_calendar_publisher_stock
13130,0,clara_k16,text_pca64_lexical_calendar_publisher_stock
13132,12,clara_k16,text_pca64_lexical_calendar_publisher_stock
13134,0,clara_k16,text_pca64_lexical_calendar_publisher_stock
13152,14,clara_k16,text_pca64_lexical_calendar_publisher_stock
13154,6,clara_k16,text_pca64_lexical_calendar_publisher_stock
13166,0,clara_k16,text_pca64_lexical_calendar_publisher_stock
13179,2,clara_k16,text_pca64_lexical_calendar_publisher_stock
13190,4,clara_k16,text_pca64_lexical_calendar_publisher_stock
13195,14,clara_k16,text_pca64_lexical_calendar_publisher_stock
13198,14,clara_k16,text_pca64_lexical_calendar_publisher_stock
13203,14,clara_k16,text_pca64_lexical_calendar_publisher_stock
13208,1,clara_k16,text_pca64_lexical_calendar_publisher_stock
13228,0,clara_k16,text_pca64_lexical_calendar_publisher_stock
13235,1,clara_k16,text_pca64_lexical_calendar_publisher_stock
13244,13,clara_k16,text_pca64_lexical_calendar_publisher_stock
13247,4,clara_k16,text_pca64_lexical_calendar_publisher_stock
13254,12,clara_k16,text_pca64_lexical_calendar_publisher_stock
13260,13,clara_k16,text_pca64_lexical_calendar_publisher_stock
13274,1,clara_k16,text_pca64_lexical_calendar_publisher_stock
13278,0,clara_k16,text_pca64_lexical_calendar_publisher_stock
13282,7,clara_k16,text_pca64_lexical_calendar_publisher_stock
13287,0,clara_k16,text_pca64_lexical_calendar_publisher_stock
13290,0,clara_k16,text_pca64_lexical_calendar_publisher_stock
13309,6,clara_k16,text_pca64_lexical_calendar_publisher_stock
13320,12,clara_k16,text_pca64_lexical_calendar_publisher_stock
13325,1,clara_k16,text_pca64_lexical_calendar_publisher_stock
13327,14,clara_k16,text_pca64_lexical_calendar_publisher_stock
13337,1,clara_k16,text_pca64_lexical_calendar_publisher_stock
13343,11,clara_k16,text_pca64_lexical_calendar_publisher_stock
13361,4,clara_k16,text_pca64_lexical_calendar_publisher_stock
13364,6,clara_k16,text_pca64_lexical_calendar_publisher_stock
13367,4,clara_k16,text_pca64_lexical_calendar_publisher_stock
13370,13,clara_k16,text_pca64_lexical_calendar_publisher_stock
13373,6,clara_k16,text_pca64_lexical_calendar_publisher_stock
13380,4,clara_k16,text_pca64_lexical_calendar_publisher_stock
13391,13,clara_k16,text_pca64_lexical_calendar_publisher_stock
13393,1,clara_k16,text_pca64_lexical_calendar_publisher_stock
13396,6,clara_k16,text_pca64_lexical_calendar_publisher_stock
13401,0,clara_k16,text_pca64_lexical_calendar_publisher_stock
13413,6,clara_k16,text_pca64_lexical_calendar_publisher_stock
13422,12,clara_k16,text_pca64_lexical_calendar_publisher_stock
13433,0,clara_k16,text_pca64_lexical_calendar_publisher_stock
13439,6,clara_k16,text_pca64_lexical_calendar_publisher_stock
13451,2,clara_k16,text_pca64_lexical_calendar_publisher_stock
13458,9,clara_k16,text_pca64_lexical_calendar_publisher_stock
13464,13,clara_k16,text_pca64_lexical_calendar_publisher_stock
13471,2,clara_k16,text_pca64_lexical_calendar_publisher_stock
13480,2,clara_k16,text_pca64_lexical_calendar_publisher_stock
13482,0,clara_k16,text_pca64_lexical_calendar_publisher_stock
13486,14,clara_k16,text_pca64_lexical_calendar_publisher_stock
13506,1,clara_k16,text_pca64_lexical_calendar_publisher_stock
13519,12,clara_k16,text_pca64_lexical_calendar_publisher_stock
13523,0,clara_k16,text_pca64_lexical_calendar_publisher_stock
13529,0,clara_k16,text_pca64_lexical_calendar_publisher_stock
13535,1,clara_k16,text_pca64_lexical_calendar_publisher_stock
13547,2,clara_k16,text_pca64_lexical_calendar_publisher_stock
13548,12,clara_k16,text_pca64_lexical_calendar_publisher_stock
13551,11,clara_k16,text_pca64_lexical_calendar_publisher_stock
13557,1,clara_k16,text_pca64_lexical_calendar_publisher_stock
13563,4,clara_k16,text_pca64_lexical_calendar_publisher_stock
13564,0,clara_k16,text_pca64_lexical_calendar_publisher_stock
13567,11,clara_k16,text_pca64_lexical_calendar_publisher_stock
13577,0,clara_k16,text_pca64_lexical_calendar_publisher_stock
13579,13,clara_k16,text_pca64_lexical_calendar_publisher_stock
13600,1,clara_k16,text_pca64_lexical_calendar_publisher_stock
13614,13,clara_k16,text_pca64_lexical_calendar_publisher_stock
13619,0,clara_k16,text_pca64_lexical_calendar_publisher_stock
13631,2,clara_k16,text_pca64_lexical_calendar_publisher_stock
13644,0,clara_k16,text_pca64_lexical_calendar_publisher_stock
13645,0,clara_k16,text_pca64_lexical_calendar_publisher_stock
13655,0,clara_k16,text_pca64_lexical_calendar_publisher_stock
13659,14,clara_k16,text_pca64_lexical_calendar_publisher_stock
13670,0,clara_k16,text_pca64_lexical_calendar_publisher_stock
13674,1,clara_k16,text_pca64_lexical_calendar_publisher_stock
13688,1,clara_k16,text_pca64_lexical_calendar_publisher_stock
13694,0,clara_k16,text_pca64_lexical_calendar_publisher_stock
13695,4,clara_k16,text_pca64_lexical_calendar_publisher_stock
13705,12,clara_k16,text_pca64_lexical_calendar_publisher_stock
13711,2,clara_k16,text_pca64_lexical_calendar_publisher_stock
13716,0,clara_k16,text_pca64_lexical_calendar_publisher_stock
13721,12,clara_k16,text_pca64_lexical_calendar_publisher_stock
13722,12,clara_k16,text_pca64_lexical_calendar_publisher_stock
13726,2,clara_k16,text_pca64_lexical_calendar_publisher_stock
13735,1,clara_k16,text_pca64_lexical_calendar_publisher_stock
13738,1,clara_k16,text_pca64_lexical_calendar_publisher_stock
13741,6,clara_k16,text_pca64_lexical_calendar_publisher_stock
13756,1,clara_k16,text_pca64_lexical_calendar_publisher_stock
13765,1,clara_k16,text_pca64_lexical_calendar_publisher_stock
13768,1,clara_k16,text_pca64_lexical_calendar_publisher_stock
13773,1,clara_k16,text_pca64_lexical_calendar_publisher_stock
13797,11,clara_k16,text_pca64_lexical_calendar_publisher_stock
13799,14,clara_k16,text_pca64_lexical_calendar_publisher_stock
13800,1,clara_k16,text_pca64_lexical_calendar_publisher_stock
13810,6,clara_k16,text_pca64_lexical_calendar_publisher_stock
13812,2,clara_k16,text_pca64_lexical_calendar_publisher_stock
13813,2,clara_k16,text_pca64_lexical_calendar_publisher_stock
13814,2,clara_k16,text_pca64_lexical_calendar_publisher_stock
13821,2,clara_k16,text_pca64_lexical_calendar_publisher_stock
13824,0,clara_k16,text_pca64_lexical_calendar_publisher_stock
13826,9,clara_k16,text_pca64_lexical_calendar_publisher_stock
13828,0,clara_k16,text_pca64_lexical_calendar_publisher_stock
13839,0,clara_k16,text_pca64_lexical_calendar_publisher_stock
13848,1,clara_k16,text_pca64_lexical_calendar_publisher_stock
13852,13,clara_k16,text_pca64_lexical_calendar_publisher_stock
13858,12,clara_k16,text_pca64_lexical_calendar_publisher_stock
13864,9,clara_k16,text_pca64_lexical_calendar_publisher_stock
13868,13,clara_k16,text_pca64_lexical_calendar_publisher_stock
13881,13,clara_k16,text_pca64_lexical_calendar_publisher_stock
13884,2,clara_k16,text_pca64_lexical_calendar_publisher_stock
13896,0,clara_k16,text_pca64_lexical_calendar_publisher_stock
13904,11,clara_k16,text_pca64_lexical_calendar_publisher_stock
13914,0,clara_k16,text_pca64_lexical_calendar_publisher_stock
13915,14,clara_k16,text_pca64_lexical_calendar_publisher_stock
13924,6,clara_k16,text_pca64_lexical_calendar_publisher_stock
13928,14,clara_k16,text_pca64_lexical_calendar_publisher_stock
13931,0,clara_k16,text_pca64_lexical_calendar_publisher_stock
13935,6,clara_k16,text_pca64_lexical_calendar_publisher_stock
13940,6,clara_k16,text_pca64_lexical_calendar_publisher_stock
13943,0,clara_k16,text_pca64_lexical_calendar_publisher_stock
13946,0,clara_k16,text_pca64_lexical_calendar_publisher_stock
13948,13,clara_k16,text_pca64_lexical_calendar_publisher_stock
13951,2,clara_k16,text_pca64_lexical_calendar_publisher_stock
13953,0,clara_k16,text_pca64_lexical_calendar_publisher_stock
13954,14,clara_k16,text_pca64_lexical_calendar_publisher_stock
13955,8,clara_k16,text_pca64_lexical_calendar_publisher_stock
13957,0,clara_k16,text_pca64_lexical_calendar_publisher_stock
13970,8,clara_k16,text_pca64_lexical_calendar_publisher_stock
13973,1,clara_k16,text_pca64_lexical_calendar_publisher_stock
13974,13,clara_k16,text_pca64_lexical_calendar_publisher_stock
14001,2,clara_k16,text_pca64_lexical_calendar_publisher_stock
14004,0,clara_k16,text_pca64_lexical_calendar_publisher_stock
14005,2,clara_k16,text_pca64_lexical_calendar_publisher_stock
14007,2,clara_k16,text_pca64_lexical_calendar_publisher_stock
14009,11,clara_k16,text_pca64_lexical_calendar_publisher_stock
14019,1,clara_k16,text_pca64_lexical_calendar_publisher_stock
14038,6,clara_k16,text_pca64_lexical_calendar_publisher_stock
14041,4,clara_k16,text_pca64_lexical_calendar_publisher_stock
14042,2,clara_k16,text_pca64_lexical_calendar_publisher_stock
14043,2,clara_k16,text_pca64_lexical_calendar_publisher_stock
14044,2,clara_k16,text_pca64_lexical_calendar_publisher_stock
14049,2,clara_k16,text_pca64_lexical_calendar_publisher_stock
14051,0,clara_k16,text_pca64_lexical_calendar_publisher_stock
14070,1,clara_k16,text_pca64_lexical_calendar_publisher_stock
14087,13,clara_k16,text_pca64_lexical_calendar_publisher_stock
14106,0,clara_k16,text_pca64_lexical_calendar_publisher_stock
14107,13,clara_k16,text_pca64_lexical_calendar_publisher_stock
14109,13,clara_k16,text_pca64_lexical_calendar_publisher_stock
14117,4,clara_k16,text_pca64_lexical_calendar_publisher_stock
14121,12,clara_k16,text_pca64_lexical_calendar_publisher_stock
14131,12,clara_k16,text_pca64_lexical_calendar_publisher_stock
14137,1,clara_k16,text_pca64_lexical_calendar_publisher_stock
14149,3,clara_k16,text_pca64_lexical_calendar_publisher_stock
14151,4,clara_k16,text_pca64_lexical_calendar_publisher_stock
14154,12,clara_k16,text_pca64_lexical_calendar_publisher_stock
14165,13,clara_k16,text_pca64_lexical_calendar_publisher_stock
14168,0,clara_k16,text_pca64_lexical_calendar_publisher_stock
14170,4,clara_k16,text_pca64_lexical_calendar_publisher_stock
14180,3,clara_k16,text_pca64_lexical_calendar_publisher_stock
14181,4,clara_k16,text_pca64_lexical_calendar_publisher_stock
14185,3,clara_k16,text_pca64_lexical_calendar_publisher_stock
14195,13,clara_k16,text_pca64_lexical_calendar_publisher_stock
14215,13,clara_k16,text_pca64_lexical_calendar_publisher_stock
14224,0,clara_k16,text_pca64_lexical_calendar_publisher_stock
14228,10,clara_k16,text_pca64_lexical_calendar_publisher_stock
14236,1,clara_k16,text_pca64_lexical_calendar_publisher_stock
14237,1,clara_k16,text_pca64_lexical_calendar_publisher_stock
14238,1,clara_k16,text_pca64_lexical_calendar_publisher_stock
14247,12,clara_k16,text_pca64_lexical_calendar_publisher_stock
14254,1,clara_k16,text_pca64_lexical_calendar_publisher_stock
14268,0,clara_k16,text_pca64_lexical_calendar_publisher_stock
14273,2,clara_k16,text_pca64_lexical_calendar_publisher_stock
14277,2,clara_k16,text_pca64_lexical_calendar_publisher_stock
14283,0,clara_k16,text_pca64_lexical_calendar_publisher_stock
14296,1,clara_k16,text_pca64_lexical_calendar_publisher_stock
14298,4,clara_k16,text_pca64_lexical_calendar_publisher_stock
14304,2,clara_k16,text_pca64_lexical_calendar_publisher_stock
14305,0,clara_k16,text_pca64_lexical_calendar_publisher_stock
14311,12,clara_k16,text_pca64_lexical_calendar_publisher_stock
14317,2,clara_k16,text_pca64_lexical_calendar_publisher_stock
14320,0,clara_k16,text_pca64_lexical_calendar_publisher_stock
14336,6,clara_k16,text_pca64_lexical_calendar_publisher_stock
14340,0,clara_k16,text_pca64_lexical_calendar_publisher_stock
14346,2,clara_k16,text_pca64_lexical_calendar_publisher_stock
14361,6,clara_k16,text_pca64_lexical_calendar_publisher_stock
14370,0,clara_k16,text_pca64_lexical_calendar_publisher_stock
14377,1,clara_k16,text_pca64_lexical_calendar_publisher_stock
14392,13,clara_k16,text_pca64_lexical_calendar_publisher_stock
14401,6,clara_k16,text_pca64_lexical_calendar_publisher_stock
14406,2,clara_k16,text_pca64_lexical_calendar_publisher_stock
14409,9,clara_k16,text_pca64_lexical_calendar_publisher_stock
14411,8,clara_k16,text_pca64_lexical_calendar_publisher_stock
14423,0,clara_k16,text_pca64_lexical_calendar_publisher_stock
14424,12,clara_k16,text_pca64_lexical_calendar_publisher_stock
14430,2,clara_k16,text_pca64_lexical_calendar_publisher_stock
14438,8,clara_k16,text_pca64_lexical_calendar_publisher_stock
14441,6,clara_k16,text_pca64_lexical_calendar_publisher_stock
14442,6,clara_k16,text_pca64_lexical_calendar_publisher_stock
14447,0,clara_k16,text_pca64_lexical_calendar_publisher_stock
14448,13,clara_k16,text_pca64_lexical_calendar_publisher_stock
14461,14,clara_k16,text_pca64_lexical_calendar_publisher_stock
14463,0,clara_k16,text_pca64_lexical_calendar_publisher_stock
14468,0,clara_k16,text_pca64_lexical_calendar_publisher_stock
14479,0,clara_k16,text_pca64_lexical_calendar_publisher_stock
14483,2,clara_k16,text_pca64_lexical_calendar_publisher_stock
14485,0,clara_k16,text_pca64_lexical_calendar_publisher_stock
14486,6,clara_k16,text_pca64_lexical_calendar_publisher_stock
14487,6,clara_k16,text_pca64_lexical_calendar_publisher_stock
14499,1,clara_k16,text_pca64_lexical_calendar_publisher_stock
14502,0,clara_k16,text_pca64_lexical_calendar_publisher_stock
14503,0,clara_k16,text_pca64_lexical_calendar_publisher_stock
14519,13,clara_k16,text_pca64_lexical_calendar_publisher_stock
14521,0,clara_k16,text_pca64_lexical_calendar_publisher_stock
14522,0,clara_k16,text_pca64_lexical_calendar_publisher_stock
14524,0,clara_k16,text_pca64_lexical_calendar_publisher_stock
14529,6,clara_k16,text_pca64_lexical_calendar_publisher_stock
14531,6,clara_k16,text_pca64_lexical_calendar_publisher_stock
14535,9,clara_k16,text_pca64_lexical_calendar_publisher_stock
14536,7,clara_k16,text_pca64_lexical_calendar_publisher_stock
14544,8,clara_k16,text_pca64_lexical_calendar_publisher_stock
14545,14,clara_k16,text_pca64_lexical_calendar_publisher_stock
14552,1,clara_k16,text_pca64_lexical_calendar_publisher_stock
14555,1,clara_k16,text_pca64_lexical_calendar_publisher_stock
14556,1,clara_k16,text_pca64_lexical_calendar_publisher_stock
14600,6,clara_k16,text_pca64_lexical_calendar_publisher_stock
14603,8,clara_k16,text_pca64_lexical_calendar_publisher_stock
14607,0,clara_k16,text_pca64_lexical_calendar_publisher_stock
14613,1,clara_k16,text_pca64_lexical_calendar_publisher_stock
14625,4,clara_k16,text_pca64_lexical_calendar_publisher_stock
14644,1,clara_k16,text_pca64_lexical_calendar_publisher_stock
14657,4,clara_k16,text_pca64_lexical_calendar_publisher_stock
14660,8,clara_k16,text_pca64_lexical_calendar_publisher_stock
14664,13,clara_k16,text_pca64_lexical_calendar_publisher_stock
14667,8,clara_k16,text_pca64_lexical_calendar_publisher_stock
14668,13,clara_k16,text_pca64_lexical_calendar_publisher_stock
14670,8,clara_k16,text_pca64_lexical_calendar_publisher_stock
14682,13,clara_k16,text_pca64_lexical_calendar_publisher_stock
14697,13,clara_k16,text_pca64_lexical_calendar_publisher_stock
14701,0,clara_k16,text_pca64_lexical_calendar_publisher_stock
14711,0,clara_k16,text_pca64_lexical_calendar_publisher_stock
14712,13,clara_k16,text_pca64_lexical_calendar_publisher_stock
14721,13,clara_k16,text_pca64_lexical_calendar_publisher_stock
14724,1,clara_k16,text_pca64_lexical_calendar_publisher_stock
14727,13,clara_k16,text_pca64_lexical_calendar_publisher_stock
14729,13,clara_k16,text_pca64_lexical_calendar_publisher_stock
14731,13,clara_k16,text_pca64_lexical_calendar_publisher_stock
14736,0,clara_k16,text_pca64_lexical_calendar_publisher_stock
14737,13,clara_k16,text_pca64_lexical_calendar_publisher_stock
14740,13,clara_k16,text_pca64_lexical_calendar_publisher_stock
14753,13,clara_k16,text_pca64_lexical_calendar_publisher_stock
14762,13,clara_k16,text_pca64_lexical_calendar_publisher_stock
14766,0,clara_k16,text_pca64_lexical_calendar_publisher_stock
14771,0,clara_k16,text_pca64_lexical_calendar_publisher_stock
14777,13,clara_k16,text_pca64_lexical_calendar_publisher_stock
14778,2,clara_k16,text_pca64_lexical_calendar_publisher_stock
14784,1,clara_k16,text_pca64_lexical_calendar_publisher_stock
14792,0,clara_k16,text_pca64_lexical_calendar_publisher_stock
14805,2,clara_k16,text_pca64_lexical_calendar_publisher_stock
14806,12,clara_k16,text_pca64_lexical_calendar_publisher_stock
14813,13,clara_k16,text_pca64_lexical_calendar_publisher_stock
14820,2,clara_k16,text_pca64_lexical_calendar_publisher_stock
14827,13,clara_k16,text_pca64_lexical_calendar_publisher_stock
14831,0,clara_k16,text_pca64_lexical_calendar_publisher_stock
14881,2,clara_k16,text_pca64_lexical_calendar_publisher_stock
14882,0,clara_k16,text_pca64_lexical_calendar_publisher_stock
14885,2,clara_k16,text_pca64_lexical_calendar_publisher_stock
14888,2,clara_k16,text_pca64_lexical_calendar_publisher_stock
14889,4,clara_k16,text_pca64_lexical_calendar_publisher_stock
14894,4,clara_k16,text_pca64_lexical_calendar_publisher_stock
14896,0,clara_k16,text_pca64_lexical_calendar_publisher_stock
14900,2,clara_k16,text_pca64_lexical_calendar_publisher_stock
14902,6,clara_k16,text_pca64_lexical_calendar_publisher_stock
14904,0,clara_k16,text_pca64_lexical_calendar_publisher_stock
14952,11,clara_k16,text_pca64_lexical_calendar_publisher_stock
14956,2,clara_k16,text_pca64_lexical_calendar_publisher_stock
14964,11,clara_k16,text_pca64_lexical_calendar_publisher_stock
14967,6,clara_k16,text_pca64_lexical_calendar_publisher_stock
14972,1,clara_k16,text_pca64_lexical_calendar_publisher_stock
14984,14,clara_k16,text_pca64_lexical_calendar_publisher_stock
15000,0,clara_k16,text_pca64_lexical_calendar_publisher_stock
15006,4,clara_k16,text_pca64_lexical_calendar_publisher_stock
15022,14,clara_k16,text_pca64_lexical_calendar_publisher_stock
15035,2,clara_k16,text_pca64_lexical_calendar_publisher_stock
15039,6,clara_k16,text_pca64_lexical_calendar_publisher_stock
15041,9,clara_k16,text_pca64_lexical_calendar_publisher_stock
15042,7,clara_k16,text_pca64_lexical_calendar_publisher_stock
15044,2,clara_k16,text_pca64_lexical_calendar_publisher_stock
15054,9,clara_k16,text_pca64_lexical_calendar_publisher_stock
15057,1,clara_k16,text_pca64_lexical_calendar_publisher_stock
15062,6,clara_k16,text_pca64_lexical_calendar_publisher_stock
15083,0,clara_k16,text_pca64_lexical_calendar_publisher_stock
15085,0,clara_k16,text_pca64_lexical_calendar_publisher_stock
15087,11,clara_k16,text_pca64_lexical_calendar_publisher_stock
15099,1,clara_k16,text_pca64_lexical_calendar_publisher_stock
15113,13,clara_k16,text_pca64_lexical_calendar_publisher_stock
15114,3,clara_k16,text_pca64_lexical_calendar_publisher_stock
15122,0,clara_k16,text_pca64_lexical_calendar_publisher_stock
15127,13,clara_k16,text_pca64_lexical_calendar_publisher_stock
15131,3,clara_k16,text_pca64_lexical_calendar_publisher_stock
15132,3,clara_k16,text_pca64_lexical_calendar_publisher_stock
15137,3,clara_k16,text_pca64_lexical_calendar_publisher_stock
15139,14,clara_k16,text_pca64_lexical_calendar_publisher_stock
15146,12,clara_k16,text_pca64_lexical_calendar_publisher_stock
15152,13,clara_k16,text_pca64_lexical_calendar_publisher_stock
15159,4,clara_k16,text_pca64_lexical_calendar_publisher_stock
15165,2,clara_k16,text_pca64_lexical_calendar_publisher_stock
15182,4,clara_k16,text_pca64_lexical_calendar_publisher_stock
15190,4,clara_k16,text_pca64_lexical_calendar_publisher_stock
15194,2,clara_k16,text_pca64_lexical_calendar_publisher_stock
15199,4,clara_k16,text_pca64_lexical_calendar_publisher_stock
15206,2,clara_k16,text_pca64_lexical_calendar_publisher_stock
15217,0,clara_k16,text_pca64_lexical_calendar_publisher_stock
15243,2,clara_k16,text_pca64_lexical_calendar_publisher_stock
15249,14,clara_k16,text_pca64_lexical_calendar_publisher_stock
15252,9,clara_k16,text_pca64_lexical_calendar_publisher_stock
15257,0,clara_k16,text_pca64_lexical_calendar_publisher_stock
15267,4,clara_k16,text_pca64_lexical_calendar_publisher_stock
15272,0,clara_k16,text_pca64_lexical_calendar_publisher_stock
15279,6,clara_k16,text_pca64_lexical_calendar_publisher_stock
15284,0,clara_k16,text_pca64_lexical_calendar_publisher_stock
15287,1,clara_k16,text_pca64_lexical_calendar_publisher_stock
15291,14,clara_k16,text_pca64_lexical_calendar_publisher_stock
15292,12,clara_k16,text_pca64_lexical_calendar_publisher_stock
15294,1,clara_k16,text_pca64_lexical_calendar_publisher_stock
15302,0,clara_k16,text_pca64_lexical_calendar_publisher_stock
15315,2,clara_k16,text_pca64_lexical_calendar_publisher_stock
15321,4,clara_k16,text_pca64_lexical_calendar_publisher_stock
15323,4,clara_k16,text_pca64_lexical_calendar_publisher_stock
15337,4,clara_k16,text_pca64_lexical_calendar_publisher_stock
15340,1,clara_k16,text_pca64_lexical_calendar_publisher_stock
15343,0,clara_k16,text_pca64_lexical_calendar_publisher_stock
15346,1,clara_k16,text_pca64_lexical_calendar_publisher_stock
15347,2,clara_k16,text_pca64_lexical_calendar_publisher_stock
15351,0,clara_k16,text_pca64_lexical_calendar_publisher_stock
15356,1,clara_k16,text_pca64_lexical_calendar_publisher_stock
15359,2,clara_k16,text_pca64_lexical_calendar_publisher_stock
15365,2,clara_k16,text_pca64_lexical_calendar_publisher_stock
15368,14,clara_k16,text_pca64_lexical_calendar_publisher_stock
15392,2,clara_k16,text_pca64_lexical_calendar_publisher_stock
15393,4,clara_k16,text_pca64_lexical_calendar_publisher_stock
15394,4,clara_k16,text_pca64_lexical_calendar_publisher_stock
15403,13,clara_k16,text_pca64_lexical_calendar_publisher_stock
15425,13,clara_k16,text_pca64_lexical_calendar_publisher_stock
15435,9,clara_k16,text_pca64_lexical_calendar_publisher_stock
15440,4,clara_k16,text_pca64_lexical_calendar_publisher_stock
15442,2,clara_k16,text_pca64_lexical_calendar_publisher_stock
15460,2,clara_k16,text_pca64_lexical_calendar_publisher_stock
15466,13,clara_k16,text_pca64_lexical_calendar_publisher_stock
15469,1,clara_k16,text_pca64_lexical_calendar_publisher_stock
15478,11,clara_k16,text_pca64_lexical_calendar_publisher_stock
15480,4,clara_k16,text_pca64_lexical_calendar_publisher_stock
15482,1,clara_k16,text_pca64_lexical_calendar_publisher_stock
15486,1,clara_k16,text_pca64_lexical_calendar_publisher_stock
15495,0,clara_k16,text_pca64_lexical_calendar_publisher_stock
15501,7,clara_k16,text_pca64_lexical_calendar_publisher_stock
15502,4,clara_k16,text_pca64_lexical_calendar_publisher_stock
15509,11,clara_k16,text_pca64_lexical_calendar_publisher_stock
15514,13,clara_k16,text_pca64_lexical_calendar_publisher_stock
15517,11,clara_k16,text_pca64_lexical_calendar_publisher_stock
15519,2,clara_k16,text_pca64_lexical_calendar_publisher_stock
15528,1,clara_k16,text_pca64_lexical_calendar_publisher_stock
15530,0,clara_k16,text_pca64_lexical_calendar_publisher_stock
15533,6,clara_k16,text_pca64_lexical_calendar_publisher_stock
15543,0,clara_k16,text_pca64_lexical_calendar_publisher_stock
15550,2,clara_k16,text_pca64_lexical_calendar_publisher_stock
15562,1,clara_k16,text_pca64_lexical_calendar_publisher_stock
15570,1,clara_k16,text_pca64_lexical_calendar_publisher_stock
15571,0,clara_k16,text_pca64_lexical_calendar_publisher_stock
15572,6,clara_k16,text_pca64_lexical_calendar_publisher_stock
15598,0,clara_k16,text_pca64_lexical_calendar_publisher_stock
15602,14,clara_k16,text_pca64_lexical_calendar_publisher_stock
15610,1,clara_k16,text_pca64_lexical_calendar_publisher_stock
15613,0,clara_k16,text_pca64_lexical_calendar_publisher_stock
15614,2,clara_k16,text_pca64_lexical_calendar_publisher_stock
15617,0,clara_k16,text_pca64_lexical_calendar_publisher_stock
15618,9,clara_k16,text_pca64_lexical_calendar_publisher_stock
15626,0,clara_k16,text_pca64_lexical_calendar_publisher_stock
15662,4,clara_k16,text_pca64_lexical_calendar_publisher_stock
15663,4,clara_k16,text_pca64_lexical_calendar_publisher_stock
15666,4,clara_k16,text_pca64_lexical_calendar_publisher_stock
15671,1,clara_k16,text_pca64_lexical_calendar_publisher_stock
15681,1,clara_k16,text_pca64_lexical_calendar_publisher_stock
15697,3,clara_k16,text_pca64_lexical_calendar_publisher_stock
15714,6,clara_k16,text_pca64_lexical_calendar_publisher_stock
15715,2,clara_k16,text_pca64_lexical_calendar_publisher_stock
15724,2,clara_k16,text_pca64_lexical_calendar_publisher_stock
15736,1,clara_k16,text_pca64_lexical_calendar_publisher_stock
15741,4,clara_k16,text_pca64_lexical_calendar_publisher_stock
15742,2,clara_k16,text_pca64_lexical_calendar_publisher_stock
15750,2,clara_k16,text_pca64_lexical_calendar_publisher_stock
15752,2,clara_k16,text_pca64_lexical_calendar_publisher_stock
15753,2,clara_k16,text_pca64_lexical_calendar_publisher_stock
15760,2,clara_k16,text_pca64_lexical_calendar_publisher_stock
15766,1,clara_k16,text_pca64_lexical_calendar_publisher_stock
15777,2,clara_k16,text_pca64_lexical_calendar_publisher_stock
15780,1,clara_k16,text_pca64_lexical_calendar_publisher_stock
15790,0,clara_k16,text_pca64_lexical_calendar_publisher_stock
15807,2,clara_k16,text_pca64_lexical_calendar_publisher_stock
15808,2,clara_k16,text_pca64_lexical_calendar_publisher_stock
15815,2,clara_k16,text_pca64_lexical_calendar_publisher_stock
15818,14,clara_k16,text_pca64_lexical_calendar_publisher_stock
15820,2,clara_k16,text_pca64_lexical_calendar_publisher_stock
15822,2,clara_k16,text_pca64_lexical_calendar_publisher_stock
15824,2,clara_k16,text_pca64_lexical_calendar_publisher_stock
15832,11,clara_k16,text_pca64_lexical_calendar_publisher_stock
15835,13,clara_k16,text_pca64_lexical_calendar_publisher_stock
15837,12,clara_k16,text_pca64_lexical_calendar_publisher_stock
15842,2,clara_k16,text_pca64_lexical_calendar_publisher_stock
15844,4,clara_k16,text_pca64_lexical_calendar_publisher_stock
15862,0,clara_k16,text_pca64_lexical_calendar_publisher_stock
15865,12,clara_k16,text_pca64_lexical_calendar_publisher_stock
15866,14,clara_k16,text_pca64_lexical_calendar_publisher_stock
15872,4,clara_k16,text_pca64_lexical_calendar_publisher_stock
15875,0,clara_k16,text_pca64_lexical_calendar_publisher_stock
15879,0,clara_k16,text_pca64_lexical_calendar_publisher_stock
15881,0,clara_k16,text_pca64_lexical_calendar_publisher_stock
15884,6,clara_k16,text_pca64_lexical_calendar_publisher_stock
15894,6,clara_k16,text_pca64_lexical_calendar_publisher_stock
15901,1,clara_k16,text_pca64_lexical_calendar_publisher_stock
15902,1,clara_k16,text_pca64_lexical_calendar_publisher_stock
15906,2,clara_k16,text_pca64_lexical_calendar_publisher_stock
15922,13,clara_k16,text_pca64_lexical_calendar_publisher_stock
15937,2,clara_k16,text_pca64_lexical_calendar_publisher_stock
15938,1,clara_k16,text_pca64_lexical_calendar_publisher_stock
15951,0,clara_k16,text_pca64_lexical_calendar_publisher_stock
15968,1,clara_k16,text_pca64_lexical_calendar_publisher_stock
15969,4,clara_k16,text_pca64_lexical_calendar_publisher_stock
15976,0,clara_k16,text_pca64_lexical_calendar_publisher_stock
15978,0,clara_k16,text_pca64_lexical_calendar_publisher_stock
15985,1,clara_k16,text_pca64_lexical_calendar_publisher_stock
16002,13,clara_k16,text_pca64_lexical_calendar_publisher_stock
16009,13,clara_k16,text_pca64_lexical_calendar_publisher_stock
16028,0,clara_k16,text_pca64_lexical_calendar_publisher_stock
16038,13,clara_k16,text_pca64_lexical_calendar_publisher_stock
16046,0,clara_k16,text_pca64_lexical_calendar_publisher_stock
16051,14,clara_k16,text_pca64_lexical_calendar_publisher_stock
16064,12,clara_k16,text_pca64_lexical_calendar_publisher_stock
16069,5,clara_k16,text_pca64_lexical_calendar_publisher_stock
16083,1,clara_k16,text_pca64_lexical_calendar_publisher_stock
16095,13,clara_k16,text_pca64_lexical_calendar_publisher_stock
16098,4,clara_k16,text_pca64_lexical_calendar_publisher_stock
16100,13,clara_k16,text_pca64_lexical_calendar_publisher_stock
16111,2,clara_k16,text_pca64_lexical_calendar_publisher_stock
16113,6,clara_k16,text_pca64_lexical_calendar_publisher_stock
16123,13,clara_k16,text_pca64_lexical_calendar_publisher_stock
16126,0,clara_k16,text_pca64_lexical_calendar_publisher_stock
16129,0,clara_k16,text_pca64_lexical_calendar_publisher_stock
16130,2,clara_k16,text_pca64_lexical_calendar_publisher_stock
16131,13,clara_k16,text_pca64_lexical_calendar_publisher_stock
16153,1,clara_k16,text_pca64_lexical_calendar_publisher_stock
16160,13,clara_k16,text_pca64_lexical_calendar_publisher_stock
16168,2,clara_k16,text_pca64_lexical_calendar_publisher_stock
16183,12,clara_k16,text_pca64_lexical_calendar_publisher_stock
16187,2,clara_k16,text_pca64_lexical_calendar_publisher_stock
16188,6,clara_k16,text_pca64_lexical_calendar_publisher_stock
16200,4,clara_k16,text_pca64_lexical_calendar_publisher_stock
16210,1,clara_k16,text_pca64_lexical_calendar_publisher_stock
16222,2,clara_k16,text_pca64_lexical_calendar_publisher_stock
16227,6,clara_k16,text_pca64_lexical_calendar_publisher_stock
16231,0,clara_k16,text_pca64_lexical_calendar_publisher_stock
16234,5,clara_k16,text_pca64_lexical_calendar_publisher_stock
16240,8,clara_k16,text_pca64_lexical_calendar_publisher_stock
16245,8,clara_k16,text_pca64_lexical_calendar_publisher_stock
16247,8,clara_k16,text_pca64_lexical_calendar_publisher_stock
16249,2,clara_k16,text_pca64_lexical_calendar_publisher_stock
16261,8,clara_k16,text_pca64_lexical_calendar_publisher_stock
16264,6,clara_k16,text_pca64_lexical_calendar_publisher_stock
16271,1,clara_k16,text_pca64_lexical_calendar_publisher_stock
16275,6,clara_k16,text_pca64_lexical_calendar_publisher_stock
16276,9,clara_k16,text_pca64_lexical_calendar_publisher_stock
16280,2,clara_k16,text_pca64_lexical_calendar_publisher_stock
16290,2,clara_k16,text_pca64_lexical_calendar_publisher_stock
16301,2,clara_k16,text_pca64_lexical_calendar_publisher_stock
16302,0,clara_k16,text_pca64_lexical_calendar_publisher_stock
16305,0,clara_k16,text_pca64_lexical_calendar_publisher_stock
16307,9,clara_k16,text_pca64_lexical_calendar_publisher_stock
16314,0,clara_k16,text_pca64_lexical_calendar_publisher_stock
16316,13,clara_k16,text_pca64_lexical_calendar_publisher_stock
16319,4,clara_k16,text_pca64_lexical_calendar_publisher_stock
16320,8,clara_k16,text_pca64_lexical_calendar_publisher_stock
16323,0,clara_k16,text_pca64_lexical_calendar_publisher_stock
16327,7,clara_k16,text_pca64_lexical_calendar_publisher_stock
16331,13,clara_k16,text_pca64_lexical_calendar_publisher_stock
16332,13,clara_k16,text_pca64_lexical_calendar_publisher_stock
16344,0,clara_k16,text_pca64_lexical_calendar_publisher_stock
16349,0,clara_k16,text_pca64_lexical_calendar_publisher_stock
16357,0,clara_k16,text_pca64_lexical_calendar_publisher_stock
16361,13,clara_k16,text_pca64_lexical_calendar_publisher_stock
16367,13,clara_k16,text_pca64_lexical_calendar_publisher_stock
16369,2,clara_k16,text_pca64_lexical_calendar_publisher_stock
16370,2,clara_k16,text_pca64_lexical_calendar_publisher_stock
16372,6,clara_k16,text_pca64_lexical_calendar_publisher_stock
16382,14,clara_k16,text_pca64_lexical_calendar_publisher_stock
16386,1,clara_k16,text_pca64_lexical_calendar_publisher_stock
16393,14,clara_k16,text_pca64_lexical_calendar_publisher_stock
16397,6,clara_k16,text_pca64_lexical_calendar_publisher_stock
16398,12,clara_k16,text_pca64_lexical_calendar_publisher_stock
16400,2,clara_k16,text_pca64_lexical_calendar_publisher_stock
16407,12,clara_k16,text_pca64_lexical_calendar_publisher_stock
16409,0,clara_k16,text_pca64_lexical_calendar_publisher_stock
16414,0,clara_k16,text_pca64_lexical_calendar_publisher_stock
16420,1,clara_k16,text_pca64_lexical_calendar_publisher_stock
16421,1,clara_k16,text_pca64_lexical_calendar_publisher_stock
16424,14,clara_k16,text_pca64_lexical_calendar_publisher_stock
16431,4,clara_k16,text_pca64_lexical_calendar_publisher_stock
16434,14,clara_k16,text_pca64_lexical_calendar_publisher_stock
16435,2,clara_k16,text_pca64_lexical_calendar_publisher_stock
16440,0,clara_k16,text_pca64_lexical_calendar_publisher_stock
16446,9,clara_k16,text_pca64_lexical_calendar_publisher_stock
16451,4,clara_k16,text_pca64_lexical_calendar_publisher_stock
16458,1,clara_k16,text_pca64_lexical_calendar_publisher_stock
16460,13,clara_k16,text_pca64_lexical_calendar_publisher_stock
16461,6,clara_k16,text_pca64_lexical_calendar_publisher_stock
16499,6,clara_k16,text_pca64_lexical_calendar_publisher_stock
16512,0,clara_k16,text_pca64_lexical_calendar_publisher_stock
16517,1,clara_k16,text_pca64_lexical_calendar_publisher_stock
16520,6,clara_k16,text_pca64_lexical_calendar_publisher_stock
16522,0,clara_k16,text_pca64_lexical_calendar_publisher_stock
16528,1,clara_k16,text_pca64_lexical_calendar_publisher_stock
16534,1,clara_k16,text_pca64_lexical_calendar_publisher_stock
16540,4,clara_k16,text_pca64_lexical_calendar_publisher_stock
16554,2,clara_k16,text_pca64_lexical_calendar_publisher_stock
16558,0,clara_k16,text_pca64_lexical_calendar_publisher_stock
16577,1,clara_k16,text_pca64_lexical_calendar_publisher_stock
16579,6,clara_k16,text_pca64_lexical_calendar_publisher_stock
16584,0,clara_k16,text_pca64_lexical_calendar_publisher_stock
16602,0,clara_k16,text_pca64_lexical_calendar_publisher_stock
16604,13,clara_k16,text_pca64_lexical_calendar_publisher_stock
16606,1,clara_k16,text_pca64_lexical_calendar_publisher_stock
16624,12,clara_k16,text_pca64_lexical_calendar_publisher_stock
16635,3,clara_k16,text_pca64_lexical_calendar_publisher_stock
16638,0,clara_k16,text_pca64_lexical_calendar_publisher_stock
16644,4,clara_k16,text_pca64_lexical_calendar_publisher_stock
16653,4,clara_k16,text_pca64_lexical_calendar_publisher_stock
16666,4,clara_k16,text_pca64_lexical_calendar_publisher_stock
16667,4,clara_k16,text_pca64_lexical_calendar_publisher_stock
16670,0,clara_k16,text_pca64_lexical_calendar_publisher_stock
16672,14,clara_k16,text_pca64_lexical_calendar_publisher_stock
16678,4,clara_k16,text_pca64_lexical_calendar_publisher_stock
16680,3,clara_k16,text_pca64_lexical_calendar_publisher_stock
16694,4,clara_k16,text_pca64_lexical_calendar_publisher_stock
16695,13,clara_k16,text_pca64_lexical_calendar_publisher_stock
16701,0,clara_k16,text_pca64_lexical_calendar_publisher_stock
16703,1,clara_k16,text_pca64_lexical_calendar_publisher_stock
16716,6,clara_k16,text_pca64_lexical_calendar_publisher_stock
16726,4,clara_k16,text_pca64_lexical_calendar_publisher_stock
16730,0,clara_k16,text_pca64_lexical_calendar_publisher_stock
16735,1,clara_k16,text_pca64_lexical_calendar_publisher_stock
16736,3,clara_k16,text_pca64_lexical_calendar_publisher_stock
16750,6,clara_k16,text_pca64_lexical_calendar_publisher_stock
16754,0,clara_k16,text_pca64_lexical_calendar_publisher_stock
16765,0,clara_k16,text_pca64_lexical_calendar_publisher_stock
16774,0,clara_k16,text_pca64_lexical_calendar_publisher_stock
16783,0,clara_k16,text_pca64_lexical_calendar_publisher_stock
16790,1,clara_k16,text_pca64_lexical_calendar_publisher_stock
16800,1,clara_k16,text_pca64_lexical_calendar_publisher_stock
16801,4,clara_k16,text_pca64_lexical_calendar_publisher_stock
16803,1,clara_k16,text_pca64_lexical_calendar_publisher_stock
16808,14,clara_k16,text_pca64_lexical_calendar_publisher_stock
16814,14,clara_k16,text_pca64_lexical_calendar_publisher_stock
16815,14,clara_k16,text_pca64_lexical_calendar_publisher_stock
16816,14,clara_k16,text_pca64_lexical_calendar_publisher_stock
16821,1,clara_k16,text_pca64_lexical_calendar_publisher_stock
16822,14,clara_k16,text_pca64_lexical_calendar_publisher_stock
16823,5,clara_k16,text_pca64_lexical_calendar_publisher_stock
16824,0,clara_k16,text_pca64_lexical_calendar_publisher_stock
16842,6,clara_k16,text_pca64_lexical_calendar_publisher_stock
16845,1,clara_k16,text_pca64_lexical_calendar_publisher_stock
16846,1,clara_k16,text_pca64_lexical_calendar_publisher_stock
16853,14,clara_k16,text_pca64_lexical_calendar_publisher_stock
16861,14,clara_k16,text_pca64_lexical_calendar_publisher_stock
16866,4,clara_k16,text_pca64_lexical_calendar_publisher_stock
16869,13,clara_k16,text_pca64_lexical_calendar_publisher_stock
16884,6,clara_k16,text_pca64_lexical_calendar_publisher_stock
16885,6,clara_k16,text_pca64_lexical_calendar_publisher_stock
16895,0,clara_k16,text_pca64_lexical_calendar_publisher_stock
16910,0,clara_k16,text_pca64_lexical_calendar_publisher_stock
16929,1,clara_k16,text_pca64_lexical_calendar_publisher_stock
16930,13,clara_k16,text_pca64_lexical_calendar_publisher_stock
16933,12,clara_k16,text_pca64_lexical_calendar_publisher_stock
16947,0,clara_k16,text_pca64_lexical_calendar_publisher_stock
16949,1,clara_k16,text_pca64_lexical_calendar_publisher_stock
16957,13,clara_k16,text_pca64_lexical_calendar_publisher_stock
16958,0,clara_k16,text_pca64_lexical_calendar_publisher_stock
16962,0,clara_k16,text_pca64_lexical_calendar_publisher_stock
16986,0,clara_k16,text_pca64_lexical_calendar_publisher_stock
16987,5,clara_k16,text_pca64_lexical_calendar_publisher_stock
16990,5,clara_k16,text_pca64_lexical_calendar_publisher_stock
17001,0,clara_k16,text_pca64_lexical_calendar_publisher_stock
17002,13,clara_k16,text_pca64_lexical_calendar_publisher_stock
17009,13,clara_k16,text_pca64_lexical_calendar_publisher_stock
17012,0,clara_k16,text_pca64_lexical_calendar_publisher_stock
17030,0,clara_k16,text_pca64_lexical_calendar_publisher_stock
17033,0,clara_k16,text_pca64_lexical_calendar_publisher_stock
17037,6,clara_k16,text_pca64_lexical_calendar_publisher_stock
17049,0,clara_k16,text_pca64_lexical_calendar_publisher_stock
17052,4,clara_k16,text_pca64_lexical_calendar_publisher_stock
17062,0,clara_k16,text_pca64_lexical_calendar_publisher_stock
17063,0,clara_k16,text_pca64_lexical_calendar_publisher_stock
17070,14,clara_k16,text_pca64_lexical_calendar_publisher_stock
17078,0,clara_k16,text_pca64_lexical_calendar_publisher_stock
17082,4,clara_k16,text_pca64_lexical_calendar_publisher_stock
17088,13,clara_k16,text_pca64_lexical_calendar_publisher_stock
17090,13,clara_k16,text_pca64_lexical_calendar_publisher_stock
17091,1,clara_k16,text_pca64_lexical_calendar_publisher_stock
17092,12,clara_k16,text_pca64_lexical_calendar_publisher_stock
17093,1,clara_k16,text_pca64_lexical_calendar_publisher_stock
17095,0,clara_k16,text_pca64_lexical_calendar_publisher_stock
17096,0,clara_k16,text_pca64_lexical_calendar_publisher_stock
17097,11,clara_k16,text_pca64_lexical_calendar_publisher_stock
17109,12,clara_k16,text_pca64_lexical_calendar_publisher_stock
17115,0,clara_k16,text_pca64_lexical_calendar_publisher_stock
17134,13,clara_k16,text_pca64_lexical_calendar_publisher_stock
17136,13,clara_k16,text_pca64_lexical_calendar_publisher_stock
17149,0,clara_k16,text_pca64_lexical_calendar_publisher_stock
17150,0,clara_k16,text_pca64_lexical_calendar_publisher_stock
17155,0,clara_k16,text_pca64_lexical_calendar_publisher_stock
17163,12,clara_k16,text_pca64_lexical_calendar_publisher_stock
17164,5,clara_k16,text_pca64_lexical_calendar_publisher_stock
17169,4,clara_k16,text_pca64_lexical_calendar_publisher_stock
17172,0,clara_k16,text_pca64_lexical_calendar_publisher_stock
17190,2,clara_k16,text_pca64_lexical_calendar_publisher_stock
17195,12,clara_k16,text_pca64_lexical_calendar_publisher_stock
17200,6,clara_k16,text_pca64_lexical_calendar_publisher_stock
17201,1,clara_k16,text_pca64_lexical_calendar_publisher_stock
17233,0,clara_k16,text_pca64_lexical_calendar_publisher_stock
17240,1,clara_k16,text_pca64_lexical_calendar_publisher_stock
17246,1,clara_k16,text_pca64_lexical_calendar_publisher_stock
17247,4,clara_k16,text_pca64_lexical_calendar_publisher_stock
17252,4,clara_k16,text_pca64_lexical_calendar_publisher_stock
17254,6,clara_k16,text_pca64_lexical_calendar_publisher_stock
17277,1,clara_k16,text_pca64_lexical_calendar_publisher_stock
17284,4,clara_k16,text_pca64_lexical_calendar_publisher_stock
17289,13,clara_k16,text_pca64_lexical_calendar_publisher_stock
17298,13,clara_k16,text_pca64_lexical_calendar_publisher_stock
17308,13,clara_k16,text_pca64_lexical_calendar_publisher_stock
17313,0,clara_k16,text_pca64_lexical_calendar_publisher_stock
17314,4,clara_k16,text_pca64_lexical_calendar_publisher_stock
17317,0,clara_k16,text_pca64_lexical_calendar_publisher_stock
17318,14,clara_k16,text_pca64_lexical_calendar_publisher_stock
17329,6,clara_k16,text_pca64_lexical_calendar_publisher_stock
17337,13,clara_k16,text_pca64_lexical_calendar_publisher_stock
17339,6,clara_k16,text_pca64_lexical_calendar_publisher_stock
17342,0,clara_k16,text_pca64_lexical_calendar_publisher_stock
17346,2,clara_k16,text_pca64_lexical_calendar_publisher_stock
17359,0,clara_k16,text_pca64_lexical_calendar_publisher_stock
17364,6,clara_k16,text_pca64_lexical_calendar_publisher_stock
17370,0,clara_k16,text_pca64_lexical_calendar_publisher_stock
17372,0,clara_k16,text_pca64_lexical_calendar_publisher_stock
17376,0,clara_k16,text_pca64_lexical_calendar_publisher_stock
17382,0,clara_k16,text_pca64_lexical_calendar_publisher_stock
17403,0,clara_k16,text_pca64_lexical_calendar_publisher_stock
17411,0,clara_k16,text_pca64_lexical_calendar_publisher_stock
17415,6,clara_k16,text_pca64_lexical_calendar_publisher_stock
17419,1,clara_k16,text_pca64_lexical_calendar_publisher_stock
17425,11,clara_k16,text_pca64_lexical_calendar_publisher_stock
17434,1,clara_k16,text_pca64_lexical_calendar_publisher_stock
17436,6,clara_k16,text_pca64_lexical_calendar_publisher_stock
17437,0,clara_k16,text_pca64_lexical_calendar_publisher_stock
17444,0,clara_k16,text_pca64_lexical_calendar_publisher_stock
17454,0,clara_k16,text_pca64_lexical_calendar_publisher_stock
17471,0,clara_k16,text_pca64_lexical_calendar_publisher_stock
17486,4,clara_k16,text_pca64_lexical_calendar_publisher_stock
17494,6,clara_k16,text_pca64_lexical_calendar_publisher_stock
17497,12,clara_k16,text_pca64_lexical_calendar_publisher_stock
17501,1,clara_k16,text_pca64_lexical_calendar_publisher_stock
17502,0,clara_k16,text_pca64_lexical_calendar_publisher_stock
17520,1,clara_k16,text_pca64_lexical_calendar_publisher_stock
17526,13,clara_k16,text_pca64_lexical_calendar_publisher_stock
17542,1,clara_k16,text_pca64_lexical_calendar_publisher_stock
17549,0,clara_k16,text_pca64_lexical_calendar_publisher_stock
17551,1,clara_k16,text_pca64_lexical_calendar_publisher_stock
17555,0,clara_k16,text_pca64_lexical_calendar_publisher_stock
17567,11,clara_k16,text_pca64_lexical_calendar_publisher_stock
17570,11,clara_k16,text_pca64_lexical_calendar_publisher_stock
17579,9,clara_k16,text_pca64_lexical_calendar_publisher_stock
17583,1,clara_k16,text_pca64_lexical_calendar_publisher_stock
17584,11,clara_k16,text_pca64_lexical_calendar_publisher_stock
17588,1,clara_k16,text_pca64_lexical_calendar_publisher_stock
17590,3,clara_k16,text_pca64_lexical_calendar_publisher_stock
17599,6,clara_k16,text_pca64_lexical_calendar_publisher_stock
17606,1,clara_k16,text_pca64_lexical_calendar_publisher_stock
17609,3,clara_k16,text_pca64_lexical_calendar_publisher_stock
17613,13,clara_k16,text_pca64_lexical_calendar_publisher_stock
17617,0,clara_k16,text_pca64_lexical_calendar_publisher_stock
17620,1,clara_k16,text_pca64_lexical_calendar_publisher_stock
17627,15,clara_k16,text_pca64_lexical_calendar_publisher_stock
17642,1,clara_k16,text_pca64_lexical_calendar_publisher_stock
17654,1,clara_k16,text_pca64_lexical_calendar_publisher_stock
17672,0,clara_k16,text_pca64_lexical_calendar_publisher_stock
17689,14,clara_k16,text_pca64_lexical_calendar_publisher_stock
17691,0,clara_k16,text_pca64_lexical_calendar_publisher_stock
17708,6,clara_k16,text_pca64_lexical_calendar_publisher_stock
17711,2,clara_k16,text_pca64_lexical_calendar_publisher_stock
17713,0,clara_k16,text_pca64_lexical_calendar_publisher_stock
17715,0,clara_k16,text_pca64_lexical_calendar_publisher_stock
17719,12,clara_k16,text_pca64_lexical_calendar_publisher_stock
17720,6,clara_k16,text_pca64_lexical_calendar_publisher_stock
17741,6,clara_k16,text_pca64_lexical_calendar_publisher_stock
17746,13,clara_k16,text_pca64_lexical_calendar_publisher_stock
17760,12,clara_k16,text_pca64_lexical_calendar_publisher_stock
17773,14,clara_k16,text_pca64_lexical_calendar_publisher_stock
17775,12,clara_k16,text_pca64_lexical_calendar_publisher_stock
17788,13,clara_k16,text_pca64_lexical_calendar_publisher_stock
17799,2,clara_k16,text_pca64_lexical_calendar_publisher_stock
17805,7,clara_k16,text_pca64_lexical_calendar_publisher_stock
17819,3,clara_k16,text_pca64_lexical_calendar_publisher_stock
17820,3,clara_k16,text_pca64_lexical_calendar_publisher_stock
17831,1,clara_k16,text_pca64_lexical_calendar_publisher_stock
17836,2,clara_k16,text_pca64_lexical_calendar_publisher_stock
17840,0,clara_k16,text_pca64_lexical_calendar_publisher_stock
17848,13,clara_k16,text_pca64_lexical_calendar_publisher_stock
17873,0,clara_k16,text_pca64_lexical_calendar_publisher_stock
17876,2,clara_k16,text_pca64_lexical_calendar_publisher_stock
17877,6,clara_k16,text_pca64_lexical_calendar_publisher_stock
17892,6,clara_k16,text_pca64_lexical_calendar_publisher_stock
17895,4,clara_k16,text_pca64_lexical_calendar_publisher_stock
17904,0,clara_k16,text_pca64_lexical_calendar_publisher_stock
17906,9,clara_k16,text_pca64_lexical_calendar_publisher_stock
17911,12,clara_k16,text_pca64_lexical_calendar_publisher_stock
17913,0,clara_k16,text_pca64_lexical_calendar_publisher_stock
17919,0,clara_k16,text_pca64_lexical_calendar_publisher_stock
17927,13,clara_k16,text_pca64_lexical_calendar_publisher_stock
17933,2,clara_k16,text_pca64_lexical_calendar_publisher_stock
17947,0,clara_k16,text_pca64_lexical_calendar_publisher_stock
17953,8,clara_k16,text_pca64_lexical_calendar_publisher_stock
17954,0,clara_k16,text_pca64_lexical_calendar_publisher_stock
17961,12,clara_k16,text_pca64_lexical_calendar_publisher_stock
17969,0,clara_k16,text_pca64_lexical_calendar_publisher_stock
17971,1,clara_k16,text_pca64_lexical_calendar_publisher_stock
17972,2,clara_k16,text_pca64_lexical_calendar_publisher_stock
17976,0,clara_k16,text_pca64_lexical_calendar_publisher_stock
18005,1,clara_k16,text_pca64_lexical_calendar_publisher_stock
18012,0,clara_k16,text_pca64_lexical_calendar_publisher_stock
18022,4,clara_k16,text_pca64_lexical_calendar_publisher_stock
18023,4,clara_k16,text_pca64_lexical_calendar_publisher_stock
18024,0,clara_k16,text_pca64_lexical_calendar_publisher_stock
18025,8,clara_k16,text_pca64_lexical_calendar_publisher_stock
18031,0,clara_k16,text_pca64_lexical_calendar_publisher_stock
18035,13,clara_k16,text_pca64_lexical_calendar_publisher_stock
18045,1,clara_k16,text_pca64_lexical_calendar_publisher_stock
18048,4,clara_k16,text_pca64_lexical_calendar_publisher_stock
18052,0,clara_k16,text_pca64_lexical_calendar_publisher_stock
18053,12,clara_k16,text_pca64_lexical_calendar_publisher_stock
18060,13,clara_k16,text_pca64_lexical_calendar_publisher_stock
18063,13,clara_k16,text_pca64_lexical_calendar_publisher_stock
18086,0,clara_k16,text_pca64_lexical_calendar_publisher_stock
18092,2,clara_k16,text_pca64_lexical_calendar_publisher_stock
18093,0,clara_k16,text_pca64_lexical_calendar_publisher_stock
18102,13,clara_k16,text_pca64_lexical_calendar_publisher_stock
18106,14,clara_k16,text_pca64_lexical_calendar_publisher_stock
18107,0,clara_k16,text_pca64_lexical_calendar_publisher_stock
18116,0,clara_k16,text_pca64_lexical_calendar_publisher_stock
18122,0,clara_k16,text_pca64_lexical_calendar_publisher_stock
18139,0,clara_k16,text_pca64_lexical_calendar_publisher_stock
18142,0,clara_k16,text_pca64_lexical_calendar_publisher_stock
18144,13,clara_k16,text_pca64_lexical_calendar_publisher_stock
18145,6,clara_k16,text_pca64_lexical_calendar_publisher_stock
18166,3,clara_k16,text_pca64_lexical_calendar_publisher_stock
18168,3,clara_k16,text_pca64_lexical_calendar_publisher_stock
18176,3,clara_k16,text_pca64_lexical_calendar_publisher_stock
18185,13,clara_k16,text_pca64_lexical_calendar_publisher_stock
18189,12,clara_k16,text_pca64_lexical_calendar_publisher_stock
18200,0,clara_k16,text_pca64_lexical_calendar_publisher_stock
18215,8,clara_k16,text_pca64_lexical_calendar_publisher_stock
18241,13,clara_k16,text_pca64_lexical_calendar_publisher_stock
18248,13,clara_k16,text_pca64_lexical_calendar_publisher_stock
18250,0,clara_k16,text_pca64_lexical_calendar_publisher_stock
18271,14,clara_k16,text_pca64_lexical_calendar_publisher_stock
18275,0,clara_k16,text_pca64_lexical_calendar_publisher_stock
18292,0,clara_k16,text_pca64_lexical_calendar_publisher_stock
18308,8,clara_k16,text_pca64_lexical_calendar_publisher_stock
18329,6,clara_k16,text_pca64_lexical_calendar_publisher_stock
18331,13,clara_k16,text_pca64_lexical_calendar_publisher_stock
18337,0,clara_k16,text_pca64_lexical_calendar_publisher_stock
18342,8,clara_k16,text_pca64_lexical_calendar_publisher_stock
18346,0,clara_k16,text_pca64_lexical_calendar_publisher_stock
18352,0,clara_k16,text_pca64_lexical_calendar_publisher_stock
18353,14,clara_k16,text_pca64_lexical_calendar_publisher_stock
18359,13,clara_k16,text_pca64_lexical_calendar_publisher_stock
18360,13,clara_k16,text_pca64_lexical_calendar_publisher_stock
18367,13,clara_k16,text_pca64_lexical_calendar_publisher_stock
18370,13,clara_k16,text_pca64_lexical_calendar_publisher_stock
18373,13,clara_k16,text_pca64_lexical_calendar_publisher_stock
18386,6,clara_k16,text_pca64_lexical_calendar_publisher_stock
18387,6,clara_k16,text_pca64_lexical_calendar_publisher_stock
18400,1,clara_k16,text_pca64_lexical_calendar_publisher_stock
18412,6,clara_k16,text_pca64_lexical_calendar_publisher_stock
18418,4,clara_k16,text_pca64_lexical_calendar_publisher_stock
18420,6,clara_k16,text_pca64_lexical_calendar_publisher_stock
18437,0,clara_k16,text_pca64_lexical_calendar_publisher_stock
18438,6,clara_k16,text_pca64_lexical_calendar_publisher_stock
18454,6,clara_k16,text_pca64_lexical_calendar_publisher_stock
18465,14,clara_k16,text_pca64_lexical_calendar_publisher_stock
18473,14,clara_k16,text_pca64_lexical_calendar_publisher_stock
18475,6,clara_k16,text_pca64_lexical_calendar_publisher_stock
18485,1,clara_k16,text_pca64_lexical_calendar_publisher_stock
18490,12,clara_k16,text_pca64_lexical_calendar_publisher_stock
18498,0,clara_k16,text_pca64_lexical_calendar_publisher_stock
18500,4,clara_k16,text_pca64_lexical_calendar_publisher_stock
18509,1,clara_k16,text_pca64_lexical_calendar_publisher_stock
18512,0,clara_k16,text_pca64_lexical_calendar_publisher_stock
18520,1,clara_k16,text_pca64_lexical_calendar_publisher_stock
18533,1,clara_k16,text_pca64_lexical_calendar_publisher_stock
18538,1,clara_k16,text_pca64_lexical_calendar_publisher_stock
18550,0,clara_k16,text_pca64_lexical_calendar_publisher_stock
18552,0,clara_k16,text_pca64_lexical_calendar_publisher_stock
18553,4,clara_k16,text_pca64_lexical_calendar_publisher_stock
18554,4,clara_k16,text_pca64_lexical_calendar_publisher_stock
18567,0,clara_k16,text_pca64_lexical_calendar_publisher_stock
18571,1,clara_k16,text_pca64_lexical_calendar_publisher_stock
18575,13,clara_k16,text_pca64_lexical_calendar_publisher_stock
18588,0,clara_k16,text_pca64_lexical_calendar_publisher_stock
18590,1,clara_k16,text_pca64_lexical_calendar_publisher_stock
18592,4,clara_k16,text_pca64_lexical_calendar_publisher_stock
18596,0,clara_k16,text_pca64_lexical_calendar_publisher_stock
18598,1,clara_k16,text_pca64_lexical_calendar_publisher_stock
18607,0,clara_k16,text_pca64_lexical_calendar_publisher_stock
18620,6,clara_k16,text_pca64_lexical_calendar_publisher_stock
18621,4,clara_k16,text_pca64_lexical_calendar_publisher_stock
18627,0,clara_k16,text_pca64_lexical_calendar_publisher_stock
18629,4,clara_k16,text_pca64_lexical_calendar_publisher_stock
18630,4,clara_k16,text_pca64_lexical_calendar_publisher_stock
18634,6,clara_k16,text_pca64_lexical_calendar_publisher_stock
18641,0,clara_k16,text_pca64_lexical_calendar_publisher_stock
18644,1,clara_k16,text_pca64_lexical_calendar_publisher_stock
18647,0,clara_k16,text_pca64_lexical_calendar_publisher_stock
18652,4,clara_k16,text_pca64_lexical_calendar_publisher_stock
18657,0,clara_k16,text_pca64_lexical_calendar_publisher_stock
18664,0,clara_k16,text_pca64_lexical_calendar_publisher_stock
18670,1,clara_k16,text_pca64_lexical_calendar_publisher_stock
18684,0,clara_k16,text_pca64_lexical_calendar_publisher_stock
18685,8,clara_k16,text_pca64_lexical_calendar_publisher_stock
18686,6,clara_k16,text_pca64_lexical_calendar_publisher_stock
18694,0,clara_k16,text_pca64_lexical_calendar_publisher_stock
18702,8,clara_k16,text_pca64_lexical_calendar_publisher_stock
18713,2,clara_k16,text_pca64_lexical_calendar_publisher_stock
18718,0,clara_k16,text_pca64_lexical_calendar_publisher_stock
18727,1,clara_k16,text_pca64_lexical_calendar_publisher_stock
18732,12,clara_k16,text_pca64_lexical_calendar_publisher_stock
18734,12,clara_k16,text_pca64_lexical_calendar_publisher_stock
18739,0,clara_k16,text_pca64_lexical_calendar_publisher_stock
18742,1,clara_k16,text_pca64_lexical_calendar_publisher_stock
18749,0,clara_k16,text_pca64_lexical_calendar_publisher_stock
18751,1,clara_k16,text_pca64_lexical_calendar_publisher_stock
18755,13,clara_k16,text_pca64_lexical_calendar_publisher_stock
18759,4,clara_k16,text_pca64_lexical_calendar_publisher_stock
18771,0,clara_k16,text_pca64_lexical_calendar_publisher_stock
18783,12,clara_k16,text_pca64_lexical_calendar_publisher_stock
18786,14,clara_k16,text_pca64_lexical_calendar_publisher_stock
18797,6,clara_k16,text_pca64_lexical_calendar_publisher_stock
18804,4,clara_k16,text_pca64_lexical_calendar_publisher_stock
18811,6,clara_k16,text_pca64_lexical_calendar_publisher_stock
18813,0,clara_k16,text_pca64_lexical_calendar_publisher_stock
18815,9,clara_k16,text_pca64_lexical_calendar_publisher_stock
18828,6,clara_k16,text_pca64_lexical_calendar_publisher_stock
18829,4,clara_k16,text_pca64_lexical_calendar_publisher_stock
18832,11,clara_k16,text_pca64_lexical_calendar_publisher_stock
18838,1,clara_k16,text_pca64_lexical_calendar_publisher_stock
18842,1,clara_k16,text_pca64_lexical_calendar_publisher_stock
18846,6,clara_k16,text_pca64_lexical_calendar_publisher_stock
18848,4,clara_k16,text_pca64_lexical_calendar_publisher_stock
18849,0,clara_k16,text_pca64_lexical_calendar_publisher_stock
18853,0,clara_k16,text_pca64_lexical_calendar_publisher_stock
18875,2,clara_k16,text_pca64_lexical_calendar_publisher_stock
18880,2,clara_k16,text_pca64_lexical_calendar_publisher_stock
18881,13,clara_k16,text_pca64_lexical_calendar_publisher_stock
18893,0,clara_k16,text_pca64_lexical_calendar_publisher_stock
18905,6,clara_k16,text_pca64_lexical_calendar_publisher_stock
18911,4,clara_k16,text_pca64_lexical_calendar_publisher_stock
18912,4,clara_k16,text_pca64_lexical_calendar_publisher_stock
18922,6,clara_k16,text_pca64_lexical_calendar_publisher_stock
18924,11,clara_k16,text_pca64_lexical_calendar_publisher_stock
18928,4,clara_k16,text_pca64_lexical_calendar_publisher_stock
18937,4,clara_k16,text_pca64_lexical_calendar_publisher_stock
18948,0,clara_k16,text_pca64_lexical_calendar_publisher_stock
18949,0,clara_k16,text_pca64_lexical_calendar_publisher_stock
18954,0,clara_k16,text_pca64_lexical_calendar_publisher_stock
18960,1,clara_k16,text_pca64_lexical_calendar_publisher_stock
18965,1,clara_k16,text_pca64_lexical_calendar_publisher_stock
18967,0,clara_k16,text_pca64_lexical_calendar_publisher_stock
18969,0,clara_k16,text_pca64_lexical_calendar_publisher_stock
18985,0,clara_k16,text_pca64_lexical_calendar_publisher_stock
18987,4,clara_k16,text_pca64_lexical_calendar_publisher_stock
18995,4,clara_k16,text_pca64_lexical_calendar_publisher_stock
19002,0,clara_k16,text_pca64_lexical_calendar_publisher_stock
19007,0,clara_k16,text_pca64_lexical_calendar_publisher_stock
19010,1,clara_k16,text_pca64_lexical_calendar_publisher_stock
19018,0,clara_k16,text_pca64_lexical_calendar_publisher_stock
19027,2,clara_k16,text_pca64_lexical_calendar_publisher_stock
19031,12,clara_k16,text_pca64_lexical_calendar_publisher_stock
19040,6,clara_k16,text_pca64_lexical_calendar_publisher_stock
19041,1,clara_k16,text_pca64_lexical_calendar_publisher_stock
19051,4,clara_k16,text_pca64_lexical_calendar_publisher_stock
19064,2,clara_k16,text_pca64_lexical_calendar_publisher_stock
19066,4,clara_k16,text_pca64_lexical_calendar_publisher_stock
19070,0,clara_k16,text_pca64_lexical_calendar_publisher_stock
19078,0,clara_k16,text_pca64_lexical_calendar_publisher_stock
19080,0,clara_k16,text_pca64_lexical_calendar_publisher_stock
19083,1,clara_k16,text_pca64_lexical_calendar_publisher_stock
19090,0,clara_k16,text_pca64_lexical_calendar_publisher_stock
19100,2,clara_k16,text_pca64_lexical_calendar_publisher_stock
19101,0,clara_k16,text_pca64_lexical_calendar_publisher_stock
19108,0,clara_k16,text_pca64_lexical_calendar_publisher_stock
19113,13,clara_k16,text_pca64_lexical_calendar_publisher_stock
19124,12,clara_k16,text_pca64_lexical_calendar_publisher_stock
19130,2,clara_k16,text_pca64_lexical_calendar_publisher_stock
19135,1,clara_k16,text_pca64_lexical_calendar_publisher_stock
19161,1,clara_k16,text_pca64_lexical_calendar_publisher_stock
19164,4,clara_k16,text_pca64_lexical_calendar_publisher_stock
19170,0,clara_k16,text_pca64_lexical_calendar_publisher_stock
19181,12,clara_k16,text_pca64_lexical_calendar_publisher_stock
19183,1,clara_k16,text_pca64_lexical_calendar_publisher_stock
19185,0,clara_k16,text_pca64_lexical_calendar_publisher_stock
19200,4,clara_k16,text_pca64_lexical_calendar_publisher_stock
19204,4,clara_k16,text_pca64_lexical_calendar_publisher_stock
19209,12,clara_k16,text_pca64_lexical_calendar_publisher_stock
19211,12,clara_k16,text_pca64_lexical_calendar_publisher_stock
19212,6,clara_k16,text_pca64_lexical_calendar_publisher_stock
19218,12,clara_k16,text_pca64_lexical_calendar_publisher_stock
19223,12,clara_k16,text_pca64_lexical_calendar_publisher_stock
19242,0,clara_k16,text_pca64_lexical_calendar_publisher_stock
19261,4,clara_k16,text_pca64_lexical_calendar_publisher_stock
19263,1,clara_k16,text_pca64_lexical_calendar_publisher_stock
19264,0,clara_k16,text_pca64_lexical_calendar_publisher_stock
19273,1,clara_k16,text_pca64_lexical_calendar_publisher_stock
19274,2,clara_k16,text_pca64_lexical_calendar_publisher_stock
19289,0,clara_k16,text_pca64_lexical_calendar_publisher_stock
19291,4,clara_k16,text_pca64_lexical_calendar_publisher_stock
19294,13,clara_k16,text_pca64_lexical_calendar_publisher_stock
19308,1,clara_k16,text_pca64_lexical_calendar_publisher_stock
19310,6,clara_k16,text_pca64_lexical_calendar_publisher_stock
19315,1,clara_k16,text_pca64_lexical_calendar_publisher_stock
19320,4,clara_k16,text_pca64_lexical_calendar_publisher_stock
19325,12,clara_k16,text_pca64_lexical_calendar_publisher_stock
19331,6,clara_k16,text_pca64_lexical_calendar_publisher_stock
19349,12,clara_k16,text_pca64_lexical_calendar_publisher_stock
19356,0,clara_k16,text_pca64_lexical_calendar_publisher_stock
19363,4,clara_k16,text_pca64_lexical_calendar_publisher_stock
19370,4,clara_k16,text_pca64_lexical_calendar_publisher_stock
19375,1,clara_k16,text_pca64_lexical_calendar_publisher_stock
19376,0,clara_k16,text_pca64_lexical_calendar_publisher_stock
19390,4,clara_k16,text_pca64_lexical_calendar_publisher_stock
19402,0,clara_k16,text_pca64_lexical_calendar_publisher_stock
19424,0,clara_k16,text_pca64_lexical_calendar_publisher_stock
19425,1,clara_k16,text_pca64_lexical_calendar_publisher_stock
19434,12,clara_k16,text_pca64_lexical_calendar_publisher_stock
19436,1,clara_k16,text_pca64_lexical_calendar_publisher_stock
19438,1,clara_k16,text_pca64_lexical_calendar_publisher_stock
19443,1,clara_k16,text_pca64_lexical_calendar_publisher_stock
19444,11,clara_k16,text_pca64_lexical_calendar_publisher_stock
19447,4,clara_k16,text_pca64_lexical_calendar_publisher_stock
19448,13,clara_k16,text_pca64_lexical_calendar_publisher_stock
19452,12,clara_k16,text_pca64_lexical_calendar_publisher_stock
19454,0,clara_k16,text_pca64_lexical_calendar_publisher_stock
19458,1,clara_k16,text_pca64_lexical_calendar_publisher_stock
19468,12,clara_k16,text_pca64_lexical_calendar_publisher_stock
19479,4,clara_k16,text_pca64_lexical_calendar_publisher_stock
19482,0,clara_k16,text_pca64_lexical_calendar_publisher_stock
19488,0,clara_k16,text_pca64_lexical_calendar_publisher_stock
19489,1,clara_k16,text_pca64_lexical_calendar_publisher_stock
19496,1,clara_k16,text_pca64_lexical_calendar_publisher_stock
19516,1,clara_k16,text_pca64_lexical_calendar_publisher_stock
19524,2,clara_k16,text_pca64_lexical_calendar_publisher_stock
19526,4,clara_k16,text_pca64_lexical_calendar_publisher_stock
19527,4,clara_k16,text_pca64_lexical_calendar_publisher_stock
19534,2,clara_k16,text_pca64_lexical_calendar_publisher_stock
19540,0,clara_k16,text_pca64_lexical_calendar_publisher_stock
19548,1,clara_k16,text_pca64_lexical_calendar_publisher_stock
19554,4,clara_k16,text_pca64_lexical_calendar_publisher_stock
19555,0,clara_k16,text_pca64_lexical_calendar_publisher_stock
19559,4,clara_k16,text_pca64_lexical_calendar_publisher_stock
19570,14,clara_k16,text_pca64_lexical_calendar_publisher_stock
19582,9,clara_k16,text_pca64_lexical_calendar_publisher_stock
19591,9,clara_k16,text_pca64_lexical_calendar_publisher_stock
19594,8,clara_k16,text_pca64_lexical_calendar_publisher_stock
19620,6,clara_k16,text_pca64_lexical_calendar_publisher_stock
19626,3,clara_k16,text_pca64_lexical_calendar_publisher_stock
19645,12,clara_k16,text_pca64_lexical_calendar_publisher_stock
19648,0,clara_k16,text_pca64_lexical_calendar_publisher_stock
19649,0,clara_k16,text_pca64_lexical_calendar_publisher_stock
19655,0,clara_k16,text_pca64_lexical_calendar_publisher_stock
19660,0,clara_k16,text_pca64_lexical_calendar_publisher_stock
19662,0,clara_k16,text_pca64_lexical_calendar_publisher_stock
19663,0,clara_k16,text_pca64_lexical_calendar_publisher_stock
19664,14,clara_k16,text_pca64_lexical_calendar_publisher_stock
19681,0,clara_k16,text_pca64_lexical_calendar_publisher_stock
19687,2,clara_k16,text_pca64_lexical_calendar_publisher_stock
19696,9,clara_k16,text_pca64_lexical_calendar_publisher_stock
19707,9,clara_k16,text_pca64_lexical_calendar_publisher_stock
19709,1,clara_k16,text_pca64_lexical_calendar_publisher_stock
19711,14,clara_k16,text_pca64_lexical_calendar_publisher_stock
19712,14,clara_k16,text_pca64_lexical_calendar_publisher_stock
19716,6,clara_k16,text_pca64_lexical_calendar_publisher_stock
19729,7,clara_k16,text_pca64_lexical_calendar_publisher_stock
19730,1,clara_k16,text_pca64_lexical_calendar_publisher_stock
19732,12,clara_k16,text_pca64_lexical_calendar_publisher_stock
19736,13,clara_k16,text_pca64_lexical_calendar_publisher_stock
19737,1,clara_k16,text_pca64_lexical_calendar_publisher_stock
19757,2,clara_k16,text_pca64_lexical_calendar_publisher_stock
19764,7,clara_k16,text_pca64_lexical_calendar_publisher_stock
19765,1,clara_k16,text_pca64_lexical_calendar_publisher_stock
19767,6,clara_k16,text_pca64_lexical_calendar_publisher_stock
19776,3,clara_k16,text_pca64_lexical_calendar_publisher_stock
19778,0,clara_k16,text_pca64_lexical_calendar_publisher_stock
19783,9,clara_k16,text_pca64_lexical_calendar_publisher_stock
19792,3,clara_k16,text_pca64_lexical_calendar_publisher_stock
19794,13,clara_k16,text_pca64_lexical_calendar_publisher_stock
19803,0,clara_k16,text_pca64_lexical_calendar_publisher_stock
19805,4,clara_k16,text_pca64_lexical_calendar_publisher_stock
19809,8,clara_k16,text_pca64_lexical_calendar_publisher_stock
19815,3,clara_k16,text_pca64_lexical_calendar_publisher_stock
19818,3,clara_k16,text_pca64_lexical_calendar_publisher_stock
19823,0,clara_k16,text_pca64_lexical_calendar_publisher_stock
19833,13,clara_k16,text_pca64_lexical_calendar_publisher_stock
19837,1,clara_k16,text_pca64_lexical_calendar_publisher_stock
19845,2,clara_k16,text_pca64_lexical_calendar_publisher_stock
19847,0,clara_k16,text_pca64_lexical_calendar_publisher_stock
19848,2,clara_k16,text_pca64_lexical_calendar_publisher_stock
19849,0,clara_k16,text_pca64_lexical_calendar_publisher_stock
19850,2,clara_k16,text_pca64_lexical_calendar_publisher_stock
19864,1,clara_k16,text_pca64_lexical_calendar_publisher_stock
19869,13,clara_k16,text_pca64_lexical_calendar_publisher_stock
19878,1,clara_k16,text_pca64_lexical_calendar_publisher_stock
19886,6,clara_k16,text_pca64_lexical_calendar_publisher_stock
19892,14,clara_k16,text_pca64_lexical_calendar_publisher_stock
19899,0,clara_k16,text_pca64_lexical_calendar_publisher_stock
19903,2,clara_k16,text_pca64_lexical_calendar_publisher_stock
19911,15,clara_k16,text_pca64_lexical_calendar_publisher_stock
19919,14,clara_k16,text_pca64_lexical_calendar_publisher_stock
19921,0,clara_k16,text_pca64_lexical_calendar_publisher_stock
19922,1,clara_k16,text_pca64_lexical_calendar_publisher_stock
19931,0,clara_k16,text_pca64_lexical_calendar_publisher_stock
19936,6,clara_k16,text_pca64_lexical_calendar_publisher_stock
19940,0,clara_k16,text_pca64_lexical_calendar_publisher_stock
19957,14,clara_k16,text_pca64_lexical_calendar_publisher_stock
19966,0,clara_k16,text_pca64_lexical_calendar_publisher_stock
19972,5,clara_k16,text_pca64_lexical_calendar_publisher_stock
19981,11,clara_k16,text_pca64_lexical_calendar_publisher_stock
19997,12,clara_k16,text_pca64_lexical_calendar_publisher_stock
20000,6,clara_k16,text_pca64_lexical_calendar_publisher_stock
20004,5,clara_k16,text_pca64_lexical_calendar_publisher_stock
20013,6,clara_k16,text_pca64_lexical_calendar_publisher_stock
20014,11,clara_k16,text_pca64_lexical_calendar_publisher_stock
20017,5,clara_k16,text_pca64_lexical_calendar_publisher_stock
20023,5,clara_k16,text_pca64_lexical_calendar_publisher_stock
20034,2,clara_k16,text_pca64_lexical_calendar_publisher_stock
20041,14,clara_k16,text_pca64_lexical_calendar_publisher_stock
20050,5,clara_k16,text_pca64_lexical_calendar_publisher_stock
20051,13,clara_k16,text_pca64_lexical_calendar_publisher_stock
20055,5,clara_k16,text_pca64_lexical_calendar_publisher_stock
20061,9,clara_k16,text_pca64_lexical_calendar_publisher_stock
20066,9,clara_k16,text_pca64_lexical_calendar_publisher_stock
20070,0,clara_k16,text_pca64_lexical_calendar_publisher_stock
20072,14,clara_k16,text_pca64_lexical_calendar_publisher_stock
20078,13,clara_k16,text_pca64_lexical_calendar_publisher_stock
20086,5,clara_k16,text_pca64_lexical_calendar_publisher_stock
20088,9,clara_k16,text_pca64_lexical_calendar_publisher_stock
20091,0,clara_k16,text_pca64_lexical_calendar_publisher_stock
20097,0,clara_k16,text_pca64_lexical_calendar_publisher_stock
20112,4,clara_k16,text_pca64_lexical_calendar_publisher_stock
20127,6,clara_k16,text_pca64_lexical_calendar_publisher_stock
20135,13,clara_k16,text_pca64_lexical_calendar_publisher_stock
20138,0,clara_k16,text_pca64_lexical_calendar_publisher_stock
20153,1,clara_k16,text_pca64_lexical_calendar_publisher_stock
20154,13,clara_k16,text_pca64_lexical_calendar_publisher_stock
20160,0,clara_k16,text_pca64_lexical_calendar_publisher_stock
20164,0,clara_k16,text_pca64_lexical_calendar_publisher_stock
20166,6,clara_k16,text_pca64_lexical_calendar_publisher_stock
20172,0,clara_k16,text_pca64_lexical_calendar_publisher_stock
20174,0,clara_k16,text_pca64_lexical_calendar_publisher_stock
20181,6,clara_k16,text_pca64_lexical_calendar_publisher_stock
20182,9,clara_k16,text_pca64_lexical_calendar_publisher_stock
20190,9,clara_k16,text_pca64_lexical_calendar_publisher_stock
20194,0,clara_k16,text_pca64_lexical_calendar_publisher_stock
20197,6,clara_k16,text_pca64_lexical_calendar_publisher_stock
20198,2,clara_k16,text_pca64_lexical_calendar_publisher_stock
20206,1,clara_k16,text_pca64_lexical_calendar_publisher_stock
20225,0,clara_k16,text_pca64_lexical_calendar_publisher_stock
20228,14,clara_k16,text_pca64_lexical_calendar_publisher_stock
20255,6,clara_k16,text_pca64_lexical_calendar_publisher_stock
20260,11,clara_k16,text_pca64_lexical_calendar_publisher_stock
20261,14,clara_k16,text_pca64_lexical_calendar_publisher_stock
20262,2,clara_k16,text_pca64_lexical_calendar_publisher_stock
20263,14,clara_k16,text_pca64_lexical_calendar_publisher_stock
20266,2,clara_k16,text_pca64_lexical_calendar_publisher_stock
20268,2,clara_k16,text_pca64_lexical_calendar_publisher_stock
20274,14,clara_k16,text_pca64_lexical_calendar_publisher_stock
20277,4,clara_k16,text_pca64_lexical_calendar_publisher_stock
20278,14,clara_k16,text_pca64_lexical_calendar_publisher_stock
20282,4,clara_k16,text_pca64_lexical_calendar_publisher_stock
20283,4,clara_k16,text_pca64_lexical_calendar_publisher_stock
20285,14,clara_k16,text_pca64_lexical_calendar_publisher_stock
20291,6,clara_k16,text_pca64_lexical_calendar_publisher_stock
20292,14,clara_k16,text_pca64_lexical_calendar_publisher_stock
20294,12,clara_k16,text_pca64_lexical_calendar_publisher_stock
20295,14,clara_k16,text_pca64_lexical_calendar_publisher_stock
20299,12,clara_k16,text_pca64_lexical_calendar_publisher_stock
20302,14,clara_k16,text_pca64_lexical_calendar_publisher_stock
20306,14,clara_k16,text_pca64_lexical_calendar_publisher_stock
20308,2,clara_k16,text_pca64_lexical_calendar_publisher_stock
20330,14,clara_k16,text_pca64_lexical_calendar_publisher_stock
20334,14,clara_k16,text_pca64_lexical_calendar_publisher_stock
20347,0,clara_k16,text_pca64_lexical_calendar_publisher_stock
20351,0,clara_k16,text_pca64_lexical_calendar_publisher_stock
20352,14,clara_k16,text_pca64_lexical_calendar_publisher_stock
20355,14,clara_k16,text_pca64_lexical_calendar_publisher_stock
20356,14,clara_k16,text_pca64_lexical_calendar_publisher_stock
20361,0,clara_k16,text_pca64_lexical_calendar_publisher_stock
20362,6,clara_k16,text_pca64_lexical_calendar_publisher_stock
20364,0,clara_k16,text_pca64_lexical_calendar_publisher_stock
20376,14,clara_k16,text_pca64_lexical_calendar_publisher_stock
20380,0,clara_k16,text_pca64_lexical_calendar_publisher_stock
20381,6,clara_k16,text_pca64_lexical_calendar_publisher_stock
20395,0,clara_k16,text_pca64_lexical_calendar_publisher_stock
20412,13,clara_k16,text_pca64_lexical_calendar_publisher_stock
20415,1,clara_k16,text_pca64_lexical_calendar_publisher_stock
20423,13,clara_k16,text_pca64_lexical_calendar_publisher_stock
20424,4,clara_k16,text_pca64_lexical_calendar_publisher_stock
20427,13,clara_k16,text_pca64_lexical_calendar_publisher_stock
20441,13,clara_k16,text_pca64_lexical_calendar_publisher_stock
20452,0,clara_k16,text_pca64_lexical_calendar_publisher_stock
20458,15,clara_k16,text_pca64_lexical_calendar_publisher_stock
20475,9,clara_k16,text_pca64_lexical_calendar_publisher_stock
20489,12,clara_k16,text_pca64_lexical_calendar_publisher_stock
20492,6,clara_k16,text_pca64_lexical_calendar_publisher_stock
20499,6,clara_k16,text_pca64_lexical_calendar_publisher_stock
20503,1,clara_k16,text_pca64_lexical_calendar_publisher_stock
20512,13,clara_k16,text_pca64_lexical_calendar_publisher_stock
20533,1,clara_k16,text_pca64_lexical_calendar_publisher_stock
20535,1,clara_k16,text_pca64_lexical_calendar_publisher_stock
20546,4,clara_k16,text_pca64_lexical_calendar_publisher_stock
20555,0,clara_k16,text_pca64_lexical_calendar_publisher_stock
20569,13,clara_k16,text_pca64_lexical_calendar_publisher_stock
20582,13,clara_k16,text_pca64_lexical_calendar_publisher_stock
20584,13,clara_k16,text_pca64_lexical_calendar_publisher_stock
20590,6,clara_k16,text_pca64_lexical_calendar_publisher_stock
20591,4,clara_k16,text_pca64_lexical_calendar_publisher_stock
20596,15,clara_k16,text_pca64_lexical_calendar_publisher_stock
20597,15,clara_k16,text_pca64_lexical_calendar_publisher_stock
20603,15,clara_k16,text_pca64_lexical_calendar_publisher_stock
20612,0,clara_k16,text_pca64_lexical_calendar_publisher_stock
20629,1,clara_k16,text_pca64_lexical_calendar_publisher_stock
20657,0,clara_k16,text_pca64_lexical_calendar_publisher_stock
20668,0,clara_k16,text_pca64_lexical_calendar_publisher_stock
20670,0,clara_k16,text_pca64_lexical_calendar_publisher_stock
20676,0,clara_k16,text_pca64_lexical_calendar_publisher_stock
20680,0,clara_k16,text_pca64_lexical_calendar_publisher_stock
20682,1,clara_k16,text_pca64_lexical_calendar_publisher_stock
20683,1,clara_k16,text_pca64_lexical_calendar_publisher_stock
20690,13,clara_k16,text_pca64_lexical_calendar_publisher_stock
20692,2,clara_k16,text_pca64_lexical_calendar_publisher_stock
20696,6,clara_k16,text_pca64_lexical_calendar_publisher_stock
20727,2,clara_k16,text_pca64_lexical_calendar_publisher_stock
20743,13,clara_k16,text_pca64_lexical_calendar_publisher_stock
20747,13,clara_k16,text_pca64_lexical_calendar_publisher_stock
20749,13,clara_k16,text_pca64_lexical_calendar_publisher_stock
20759,1,clara_k16,text_pca64_lexical_calendar_publisher_stock
20763,1,clara_k16,text_pca64_lexical_calendar_publisher_stock
20770,0,clara_k16,text_pca64_lexical_calendar_publisher_stock
20772,1,clara_k16,text_pca64_lexical_calendar_publisher_stock
20775,8,clara_k16,text_pca64_lexical_calendar_publisher_stock
20776,0,clara_k16,text_pca64_lexical_calendar_publisher_stock
20777,0,clara_k16,text_pca64_lexical_calendar_publisher_stock
20787,0,clara_k16,text_pca64_lexical_calendar_publisher_stock
20796,4,clara_k16,text_pca64_lexical_calendar_publisher_stock
20799,12,clara_k16,text_pca64_lexical_calendar_publisher_stock
20803,0,clara_k16,text_pca64_lexical_calendar_publisher_stock
20807,2,clara_k16,text_pca64_lexical_calendar_publisher_stock
20812,2,clara_k16,text_pca64_lexical_calendar_publisher_stock
20818,2,clara_k16,text_pca64_lexical_calendar_publisher_stock
20821,14,clara_k16,text_pca64_lexical_calendar_publisher_stock
20831,2,clara_k16,text_pca64_lexical_calendar_publisher_stock
20832,2,clara_k16,text_pca64_lexical_calendar_publisher_stock
20847,2,clara_k16,text_pca64_lexical_calendar_publisher_stock
20859,2,clara_k16,text_pca64_lexical_calendar_publisher_stock
20865,2,clara_k16,text_pca64_lexical_calendar_publisher_stock
20870,2,clara_k16,text_pca64_lexical_calendar_publisher_stock
20900,2,clara_k16,text_pca64_lexical_calendar_publisher_stock
20901,2,clara_k16,text_pca64_lexical_calendar_publisher_stock
20902,2,clara_k16,text_pca64_lexical_calendar_publisher_stock
20920,6,clara_k16,text_pca64_lexical_calendar_publisher_stock
20925,2,clara_k16,text_pca64_lexical_calendar_publisher_stock
20928,4,clara_k16,text_pca64_lexical_calendar_publisher_stock
20940,4,clara_k16,text_pca64_lexical_calendar_publisher_stock
20944,12,clara_k16,text_pca64_lexical_calendar_publisher_stock
20949,2,clara_k16,text_pca64_lexical_calendar_publisher_stock
20950,14,clara_k16,text_pca64_lexical_calendar_publisher_stock
20959,1,clara_k16,text_pca64_lexical_calendar_publisher_stock
20960,1,clara_k16,text_pca64_lexical_calendar_publisher_stock
20972,12,clara_k16,text_pca64_lexical_calendar_publisher_stock
20974,12,clara_k16,text_pca64_lexical_calendar_publisher_stock
20980,2,clara_k16,text_pca64_lexical_calendar_publisher_stock
20985,0,clara_k16,text_pca64_lexical_calendar_publisher_stock
20989,0,clara_k16,text_pca64_lexical_calendar_publisher_stock
20992,5,clara_k16,text_pca64_lexical_calendar_publisher_stock
21000,4,clara_k16,text_pca64_lexical_calendar_publisher_stock
21004,12,clara_k16,text_pca64_lexical_calendar_publisher_stock
21010,2,clara_k16,text_pca64_lexical_calendar_publisher_stock
21041,2,clara_k16,text_pca64_lexical_calendar_publisher_stock
21047,1,clara_k16,text_pca64_lexical_calendar_publisher_stock
21051,5,clara_k16,text_pca64_lexical_calendar_publisher_stock
21062,2,clara_k16,text_pca64_lexical_calendar_publisher_stock
21066,6,clara_k16,text_pca64_lexical_calendar_publisher_stock
21069,0,clara_k16,text_pca64_lexical_calendar_publisher_stock
21077,14,clara_k16,text_pca64_lexical_calendar_publisher_stock
21079,12,clara_k16,text_pca64_lexical_calendar_publisher_stock
21084,2,clara_k16,text_pca64_lexical_calendar_publisher_stock
21105,12,clara_k16,text_pca64_lexical_calendar_publisher_stock
21107,13,clara_k16,text_pca64_lexical_calendar_publisher_stock
21115,11,clara_k16,text_pca64_lexical_calendar_publisher_stock
21124,6,clara_k16,text_pca64_lexical_calendar_publisher_stock
21138,4,clara_k16,text_pca64_lexical_calendar_publisher_stock
21142,4,clara_k16,text_pca64_lexical_calendar_publisher_stock
21146,0,clara_k16,text_pca64_lexical_calendar_publisher_stock
21156,12,clara_k16,text_pca64_lexical_calendar_publisher_stock
21163,2,clara_k16,text_pca64_lexical_calendar_publisher_stock
21165,4,clara_k16,text_pca64_lexical_calendar_publisher_stock
21177,2,clara_k16,text_pca64_lexical_calendar_publisher_stock
21184,4,clara_k16,text_pca64_lexical_calendar_publisher_stock
21189,0,clara_k16,text_pca64_lexical_calendar_publisher_stock
21192,0,clara_k16,text_pca64_lexical_calendar_publisher_stock
21194,0,clara_k16,text_pca64_lexical_calendar_publisher_stock
21196,14,clara_k16,text_pca64_lexical_calendar_publisher_stock
21210,0,clara_k16,text_pca64_lexical_calendar_publisher_stock
21211,5,clara_k16,text_pca64_lexical_calendar_publisher_stock
21212,12,clara_k16,text_pca64_lexical_calendar_publisher_stock
21217,12,clara_k16,text_pca64_lexical_calendar_publisher_stock
21228,6,clara_k16,text_pca64_lexical_calendar_publisher_stock
21255,11,clara_k16,text_pca64_lexical_calendar_publisher_stock
21260,2,clara_k16,text_pca64_lexical_calendar_publisher_stock
21262,12,clara_k16,text_pca64_lexical_calendar_publisher_stock
21267,1,clara_k16,text_pca64_lexical_calendar_publisher_stock
21269,0,clara_k16,text_pca64_lexical_calendar_publisher_stock
21272,12,clara_k16,text_pca64_lexical_calendar_publisher_stock
21276,1,clara_k16,text_pca64_lexical_calendar_publisher_stock
21282,2,clara_k16,text_pca64_lexical_calendar_publisher_stock
21286,1,clara_k16,text_pca64_lexical_calendar_publisher_stock
21287,12,clara_k16,text_pca64_lexical_calendar_publisher_stock
21289,4,clara_k16,text_pca64_lexical_calendar_publisher_stock
21290,0,clara_k16,text_pca64_lexical_calendar_publisher_stock
21297,0,clara_k16,text_pca64_lexical_calendar_publisher_stock
21321,6,clara_k16,text_pca64_lexical_calendar_publisher_stock
21325,5,clara_k16,text_pca64_lexical_calendar_publisher_stock
21332,4,clara_k16,text_pca64_lexical_calendar_publisher_stock
21333,5,clara_k16,text_pca64_lexical_calendar_publisher_stock
21336,1,clara_k16,text_pca64_lexical_calendar_publisher_stock
21338,1,clara_k16,text_pca64_lexical_calendar_publisher_stock
21350,1,clara_k16,text_pca64_lexical_calendar_publisher_stock
21351,13,clara_k16,text_pca64_lexical_calendar_publisher_stock
21353,6,clara_k16,text_pca64_lexical_calendar_publisher_stock
21354,2,clara_k16,text_pca64_lexical_calendar_publisher_stock
21361,4,clara_k16,text_pca64_lexical_calendar_publisher_stock
21362,12,clara_k16,text_pca64_lexical_calendar_publisher_stock
21372,1,clara_k16,text_pca64_lexical_calendar_publisher_stock
21373,1,clara_k16,text_pca64_lexical_calendar_publisher_stock
21374,1,clara_k16,text_pca64_lexical_calendar_publisher_stock
21377,1,clara_k16,text_pca64_lexical_calendar_publisher_stock
21389,1,clara_k16,text_pca64_lexical_calendar_publisher_stock
21396,12,clara_k16,text_pca64_lexical_calendar_publisher_stock
21397,12,clara_k16,text_pca64_lexical_calendar_publisher_stock
21413,15,clara_k16,text_pca64_lexical_calendar_publisher_stock
21417,1,clara_k16,text_pca64_lexical_calendar_publisher_stock
21421,1,clara_k16,text_pca64_lexical_calendar_publisher_stock
21428,6,clara_k16,text_pca64_lexical_calendar_publisher_stock
21436,11,clara_k16,text_pca64_lexical_calendar_publisher_stock
21437,6,clara_k16,text_pca64_lexical_calendar_publisher_stock
21452,4,clara_k16,text_pca64_lexical_calendar_publisher_stock
21456,3,clara_k16,text_pca64_lexical_calendar_publisher_stock
21461,4,clara_k16,text_pca64_lexical_calendar_publisher_stock
21489,2,clara_k16,text_pca64_lexical_calendar_publisher_stock
21495,15,clara_k16,text_pca64_lexical_calendar_publisher_stock
21502,2,clara_k16,text_pca64_lexical_calendar_publisher_stock
21503,0,clara_k16,text_pca64_lexical_calendar_publisher_stock
21504,15,clara_k16,text_pca64_lexical_calendar_publisher_stock
21513,0,clara_k16,text_pca64_lexical_calendar_publisher_stock
21517,0,clara_k16,text_pca64_lexical_calendar_publisher_stock
21527,0,clara_k16,text_pca64_lexical_calendar_publisher_stock
21538,2,clara_k16,text_pca64_lexical_calendar_publisher_stock
21549,11,clara_k16,text_pca64_lexical_calendar_publisher_stock
21550,1,clara_k16,text_pca64_lexical_calendar_publisher_stock
21562,12,clara_k16,text_pca64_lexical_calendar_publisher_stock
21564,2,clara_k16,text_pca64_lexical_calendar_publisher_stock
21567,0,clara_k16,text_pca64_lexical_calendar_publisher_stock
21582,6,clara_k16,text_pca64_lexical_calendar_publisher_stock
21583,0,clara_k16,text_pca64_lexical_calendar_publisher_stock
21587,14,clara_k16,text_pca64_lexical_calendar_publisher_stock
21588,4,clara_k16,text_pca64_lexical_calendar_publisher_stock
21589,14,clara_k16,text_pca64_lexical_calendar_publisher_stock
21592,14,clara_k16,text_pca64_lexical_calendar_publisher_stock
21598,12,clara_k16,text_pca64_lexical_calendar_publisher_stock
21599,4,clara_k16,text_pca64_lexical_calendar_publisher_stock
21609,1,clara_k16,text_pca64_lexical_calendar_publisher_stock
21612,1,clara_k16,text_pca64_lexical_calendar_publisher_stock
21614,6,clara_k16,text_pca64_lexical_calendar_publisher_stock
21615,0,clara_k16,text_pca64_lexical_calendar_publisher_stock
21616,5,clara_k16,text_pca64_lexical_calendar_publisher_stock
21619,0,clara_k16,text_pca64_lexical_calendar_publisher_stock
21624,13,clara_k16,text_pca64_lexical_calendar_publisher_stock
21641,0,clara_k16,text_pca64_lexical_calendar_publisher_stock
21659,0,clara_k16,text_pca64_lexical_calendar_publisher_stock
21666,4,clara_k16,text_pca64_lexical_calendar_publisher_stock
21679,1,clara_k16,text_pca64_lexical_calendar_publisher_stock
21680,1,clara_k16,text_pca64_lexical_calendar_publisher_stock
21688,1,clara_k16,text_pca64_lexical_calendar_publisher_stock
21693,12,clara_k16,text_pca64_lexical_calendar_publisher_stock
21700,13,clara_k16,text_pca64_lexical_calendar_publisher_stock
21701,13,clara_k16,text_pca64_lexical_calendar_publisher_stock
21729,13,clara_k16,text_pca64_lexical_calendar_publisher_stock
21731,13,clara_k16,text_pca64_lexical_calendar_publisher_stock
21733,13,clara_k16,text_pca64_lexical_calendar_publisher_stock
21737,4,clara_k16,text_pca64_lexical_calendar_publisher_stock
21738,13,clara_k16,text_pca64_lexical_calendar_publisher_stock
21743,1,clara_k16,text_pca64_lexical_calendar_publisher_stock
21744,0,clara_k16,text_pca64_lexical_calendar_publisher_stock
21756,6,clara_k16,text_pca64_lexical_calendar_publisher_stock
21758,6,clara_k16,text_pca64_lexical_calendar_publisher_stock
21779,0,clara_k16,text_pca64_lexical_calendar_publisher_stock
21782,0,clara_k16,text_pca64_lexical_calendar_publisher_stock
21789,0,clara_k16,text_pca64_lexical_calendar_publisher_stock
21793,0,clara_k16,text_pca64_lexical_calendar_publisher_stock
21794,6,clara_k16,text_pca64_lexical_calendar_publisher_stock
21795,0,clara_k16,text_pca64_lexical_calendar_publisher_stock
21808,6,clara_k16,text_pca64_lexical_calendar_publisher_stock
21815,12,clara_k16,text_pca64_lexical_calendar_publisher_stock
21822,10,clara_k16,text_pca64_lexical_calendar_publisher_stock
21830,1,clara_k16,text_pca64_lexical_calendar_publisher_stock
21835,9,clara_k16,text_pca64_lexical_calendar_publisher_stock
21838,0,clara_k16,text_pca64_lexical_calendar_publisher_stock
21842,9,clara_k16,text_pca64_lexical_calendar_publisher_stock
21853,2,clara_k16,text_pca64_lexical_calendar_publisher_stock
21855,0,clara_k16,text_pca64_lexical_calendar_publisher_stock
21862,6,clara_k16,text_pca64_lexical_calendar_publisher_stock
21872,13,clara_k16,text_pca64_lexical_calendar_publisher_stock
21884,13,clara_k16,text_pca64_lexical_calendar_publisher_stock
21885,6,clara_k16,text_pca64_lexical_calendar_publisher_stock
21890,11,clara_k16,text_pca64_lexical_calendar_publisher_stock
21898,4,clara_k16,text_pca64_lexical_calendar_publisher_stock
21904,0,clara_k16,text_pca64_lexical_calendar_publisher_stock
21906,3,clara_k16,text_pca64_lexical_calendar_publisher_stock
21920,4,clara_k16,text_pca64_lexical_calendar_publisher_stock
21921,4,clara_k16,text_pca64_lexical_calendar_publisher_stock
21926,13,clara_k16,text_pca64_lexical_calendar_publisher_stock
21929,6,clara_k16,text_pca64_lexical_calendar_publisher_stock
21934,0,clara_k16,text_pca64_lexical_calendar_publisher_stock
21935,13,clara_k16,text_pca64_lexical_calendar_publisher_stock
21941,4,clara_k16,text_pca64_lexical_calendar_publisher_stock
21945,13,clara_k16,text_pca64_lexical_calendar_publisher_stock
21956,0,clara_k16,text_pca64_lexical_calendar_publisher_stock
21957,0,clara_k16,text_pca64_lexical_calendar_publisher_stock
21967,2,clara_k16,text_pca64_lexical_calendar_publisher_stock
21968,2,clara_k16,text_pca64_lexical_calendar_publisher_stock
21973,1,clara_k16,text_pca64_lexical_calendar_publisher_stock
21977,13,clara_k16,text_pca64_lexical_calendar_publisher_stock
21981,1,clara_k16,text_pca64_lexical_calendar_publisher_stock
21982,1,clara_k16,text_pca64_lexical_calendar_publisher_stock
21995,0,clara_k16,text_pca64_lexical_calendar_publisher_stock
22001,11,clara_k16,text_pca64_lexical_calendar_publisher_stock
22002,12,clara_k16,text_pca64_lexical_calendar_publisher_stock
22006,4,clara_k16,text_pca64_lexical_calendar_publisher_stock
22021,7,clara_k16,text_pca64_lexical_calendar_publisher_stock
22023,1,clara_k16,text_pca64_lexical_calendar_publisher_stock
22034,12,clara_k16,text_pca64_lexical_calendar_publisher_stock
22039,12,clara_k16,text_pca64_lexical_calendar_publisher_stock
22048,13,clara_k16,text_pca64_lexical_calendar_publisher_stock
22056,6,clara_k16,text_pca64_lexical_calendar_publisher_stock
22078,0,clara_k16,text_pca64_lexical_calendar_publisher_stock
22085,2,clara_k16,text_pca64_lexical_calendar_publisher_stock
22088,2,clara_k16,text_pca64_lexical_calendar_publisher_stock
22089,1,clara_k16,text_pca64_lexical_calendar_publisher_stock
22094,0,clara_k16,text_pca64_lexical_calendar_publisher_stock
22096,4,clara_k16,text_pca64_lexical_calendar_publisher_stock
22100,14,clara_k16,text_pca64_lexical_calendar_publisher_stock
22107,11,clara_k16,text_pca64_lexical_calendar_publisher_stock
22122,0,clara_k16,text_pca64_lexical_calendar_publisher_stock
22127,2,clara_k16,text_pca64_lexical_calendar_publisher_stock
22128,2,clara_k16,text_pca64_lexical_calendar_publisher_stock
22153,13,clara_k16,text_pca64_lexical_calendar_publisher_stock
22155,7,clara_k16,text_pca64_lexical_calendar_publisher_stock
22174,0,clara_k16,text_pca64_lexical_calendar_publisher_stock
22175,13,clara_k16,text_pca64_lexical_calendar_publisher_stock
22176,4,clara_k16,text_pca64_lexical_calendar_publisher_stock
22186,0,clara_k16,text_pca64_lexical_calendar_publisher_stock
22189,0,clara_k16,text_pca64_lexical_calendar_publisher_stock
22192,0,clara_k16,text_pca64_lexical_calendar_publisher_stock
22196,0,clara_k16,text_pca64_lexical_calendar_publisher_stock
22197,6,clara_k16,text_pca64_lexical_calendar_publisher_stock
22199,4,clara_k16,text_pca64_lexical_calendar_publisher_stock
22210,12,clara_k16,text_pca64_lexical_calendar_publisher_stock
22221,13,clara_k16,text_pca64_lexical_calendar_publisher_stock
22223,2,clara_k16,text_pca64_lexical_calendar_publisher_stock
22227,0,clara_k16,text_pca64_lexical_calendar_publisher_stock
22230,4,clara_k16,text_pca64_lexical_calendar_publisher_stock
22239,0,clara_k16,text_pca64_lexical_calendar_publisher_stock
22256,0,clara_k16,text_pca64_lexical_calendar_publisher_stock
22261,4,clara_k16,text_pca64_lexical_calendar_publisher_stock
22262,12,clara_k16,text_pca64_lexical_calendar_publisher_stock
22270,1,clara_k16,text_pca64_lexical_calendar_publisher_stock
22271,2,clara_k16,text_pca64_lexical_calendar_publisher_stock
22276,4,clara_k16,text_pca64_lexical_calendar_publisher_stock
22279,0,clara_k16,text_pca64_lexical_calendar_publisher_stock
22285,9,clara_k16,text_pca64_lexical_calendar_publisher_stock
22302,1,clara_k16,text_pca64_lexical_calendar_publisher_stock
22309,0,clara_k16,text_pca64_lexical_calendar_publisher_stock
22311,12,clara_k16,text_pca64_lexical_calendar_publisher_stock
22321,1,clara_k16,text_pca64_lexical_calendar_publisher_stock
22330,4,clara_k16,text_pca64_lexical_calendar_publisher_stock
22332,7,clara_k16,text_pca64_lexical_calendar_publisher_stock
22349,14,clara_k16,text_pca64_lexical_calendar_publisher_stock
22353,2,clara_k16,text_pca64_lexical_calendar_publisher_stock
22356,1,clara_k16,text_pca64_lexical_calendar_publisher_stock
22363,6,clara_k16,text_pca64_lexical_calendar_publisher_stock
22364,13,clara_k16,text_pca64_lexical_calendar_publisher_stock
22367,2,clara_k16,text_pca64_lexical_calendar_publisher_stock
22373,14,clara_k16,text_pca64_lexical_calendar_publisher_stock
22374,2,clara_k16,text_pca64_lexical_calendar_publisher_stock
22379,1,clara_k16,text_pca64_lexical_calendar_publisher_stock
22383,4,clara_k16,text_pca64_lexical_calendar_publisher_stock
22384,6,clara_k16,text_pca64_lexical_calendar_publisher_stock
22387,2,clara_k16,text_pca64_lexical_calendar_publisher_stock
22389,8,clara_k16,text_pca64_lexical_calendar_publisher_stock
22441,2,clara_k16,text_pca64_lexical_calendar_publisher_stock
22450,2,clara_k16,text_pca64_lexical_calendar_publisher_stock
22461,4,clara_k16,text_pca64_lexical_calendar_publisher_stock
22467,1,clara_k16,text_pca64_lexical_calendar_publisher_stock
22476,1,clara_k16,text_pca64_lexical_calendar_publisher_stock
22493,13,clara_k16,text_pca64_lexical_calendar_publisher_stock
22494,11,clara_k16,text_pca64_lexical_calendar_publisher_stock
22496,14,clara_k16,text_pca64_lexical_calendar_publisher_stock
22506,2,clara_k16,text_pca64_lexical_calendar_publisher_stock
22511,6,clara_k16,text_pca64_lexical_calendar_publisher_stock
22514,2,clara_k16,text_pca64_lexical_calendar_publisher_stock
22520,14,clara_k16,text_pca64_lexical_calendar_publisher_stock
22527,1,clara_k16,text_pca64_lexical_calendar_publisher_stock
22541,12,clara_k16,text_pca64_lexical_calendar_publisher_stock
22543,4,clara_k16,text_pca64_lexical_calendar_publisher_stock
22565,2,clara_k16,text_pca64_lexical_calendar_publisher_stock
22583,13,clara_k16,text_pca64_lexical_calendar_publisher_stock
22602,6,clara_k16,text_pca64_lexical_calendar_publisher_stock
22609,8,clara_k16,text_pca64_lexical_calendar_publisher_stock
22610,0,clara_k16,text_pca64_lexical_calendar_publisher_stock
22613,1,clara_k16,text_pca64_lexical_calendar_publisher_stock
22621,6,clara_k16,text_pca64_lexical_calendar_publisher_stock
22637,1,clara_k16,text_pca64_lexical_calendar_publisher_stock
22638,3,clara_k16,text_pca64_lexical_calendar_publisher_stock
22640,0,clara_k16,text_pca64_lexical_calendar_publisher_stock
22641,0,clara_k16,text_pca64_lexical_calendar_publisher_stock
22643,4,clara_k16,text_pca64_lexical_calendar_publisher_stock
22644,0,clara_k16,text_pca64_lexical_calendar_publisher_stock
22652,1,clara_k16,text_pca64_lexical_calendar_publisher_stock
22654,12,clara_k16,text_pca64_lexical_calendar_publisher_stock
22655,12,clara_k16,text_pca64_lexical_calendar_publisher_stock
22661,1,clara_k16,text_pca64_lexical_calendar_publisher_stock
22668,6,clara_k16,text_pca64_lexical_calendar_publisher_stock
22672,0,clara_k16,text_pca64_lexical_calendar_publisher_stock
22682,1,clara_k16,text_pca64_lexical_calendar_publisher_stock
22693,4,clara_k16,text_pca64_lexical_calendar_publisher_stock
22714,0,clara_k16,text_pca64_lexical_calendar_publisher_stock
22724,1,clara_k16,text_pca64_lexical_calendar_publisher_stock
22729,12,clara_k16,text_pca64_lexical_calendar_publisher_stock
22731,10,clara_k16,text_pca64_lexical_calendar_publisher_stock
22739,1,clara_k16,text_pca64_lexical_calendar_publisher_stock
22750,4,clara_k16,text_pca64_lexical_calendar_publisher_stock
22751,0,clara_k16,text_pca64_lexical_calendar_publisher_stock
22764,6,clara_k16,text_pca64_lexical_calendar_publisher_stock
22767,4,clara_k16,text_pca64_lexical_calendar_publisher_stock
22768,1,clara_k16,text_pca64_lexical_calendar_publisher_stock
22770,0,clara_k16,text_pca64_lexical_calendar_publisher_stock
22773,4,clara_k16,text_pca64_lexical_calendar_publisher_stock
22775,1,clara_k16,text_pca64_lexical_calendar_publisher_stock
22782,8,clara_k16,text_pca64_lexical_calendar_publisher_stock
22793,0,clara_k16,text_pca64_lexical_calendar_publisher_stock
22799,1,clara_k16,text_pca64_lexical_calendar_publisher_stock
22803,0,clara_k16,text_pca64_lexical_calendar_publisher_stock
22809,1,clara_k16,text_pca64_lexical_calendar_publisher_stock
22810,1,clara_k16,text_pca64_lexical_calendar_publisher_stock
22819,1,clara_k16,text_pca64_lexical_calendar_publisher_stock
22824,1,clara_k16,text_pca64_lexical_calendar_publisher_stock
22833,4,clara_k16,text_pca64_lexical_calendar_publisher_stock
22835,6,clara_k16,text_pca64_lexical_calendar_publisher_stock
22848,1,clara_k16,text_pca64_lexical_calendar_publisher_stock
22877,2,clara_k16,text_pca64_lexical_calendar_publisher_stock
22881,0,clara_k16,text_pca64_lexical_calendar_publisher_stock
22882,1,clara_k16,text_pca64_lexical_calendar_publisher_stock
22892,1,clara_k16,text_pca64_lexical_calendar_publisher_stock
22910,1,clara_k16,text_pca64_lexical_calendar_publisher_stock
22914,1,clara_k16,text_pca64_lexical_calendar_publisher_stock
22915,14,clara_k16,text_pca64_lexical_calendar_publisher_stock
22918,12,clara_k16,text_pca64_lexical_calendar_publisher_stock
22919,2,clara_k16,text_pca64_lexical_calendar_publisher_stock
22926,0,clara_k16,text_pca64_lexical_calendar_publisher_stock
22929,3,clara_k16,text_pca64_lexical_calendar_publisher_stock
22932,1,clara_k16,text_pca64_lexical_calendar_publisher_stock
22933,1,clara_k16,text_pca64_lexical_calendar_publisher_stock
22935,0,clara_k16,text_pca64_lexical_calendar_publisher_stock
22950,0,clara_k16,text_pca64_lexical_calendar_publisher_stock
22957,12,clara_k16,text_pca64_lexical_calendar_publisher_stock
22962,13,clara_k16,text_pca64_lexical_calendar_publisher_stock
22965,2,clara_k16,text_pca64_lexical_calendar_publisher_stock
22977,0,clara_k16,text_pca64_lexical_calendar_publisher_stock
22984,0,clara_k16,text_pca64_lexical_calendar_publisher_stock
22986,8,clara_k16,text_pca64_lexical_calendar_publisher_stock
22988,1,clara_k16,text_pca64_lexical_calendar_publisher_stock
22992,1,clara_k16,text_pca64_lexical_calendar_publisher_stock
22999,1,clara_k16,text_pca64_lexical_calendar_publisher_stock
23008,4,clara_k16,text_pca64_lexical_calendar_publisher_stock
23032,1,clara_k16,text_pca64_lexical_calendar_publisher_stock
23034,0,clara_k16,text_pca64_lexical_calendar_publisher_stock
23035,1,clara_k16,text_pca64_lexical_calendar_publisher_stock
23048,0,clara_k16,text_pca64_lexical_calendar_publisher_stock
23062,1,clara_k16,text_pca64_lexical_calendar_publisher_stock
23072,1,clara_k16,text_pca64_lexical_calendar_publisher_stock
23076,1,clara_k16,text_pca64_lexical_calendar_publisher_stock
23080,0,clara_k16,text_pca64_lexical_calendar_publisher_stock
23090,1,clara_k16,text_pca64_lexical_calendar_publisher_stock
23101,0,clara_k16,text_pca64_lexical_calendar_publisher_stock
23110,1,clara_k16,text_pca64_lexical_calendar_publisher_stock
23120,0,clara_k16,text_pca64_lexical_calendar_publisher_stock
23121,0,clara_k16,text_pca64_lexical_calendar_publisher_stock
23124,4,clara_k16,text_pca64_lexical_calendar_publisher_stock
23126,1,clara_k16,text_pca64_lexical_calendar_publisher_stock
23131,0,clara_k16,text_pca64_lexical_calendar_publisher_stock
23137,12,clara_k16,text_pca64_lexical_calendar_publisher_stock
23145,4,clara_k16,text_pca64_lexical_calendar_publisher_stock
23152,12,clara_k16,text_pca64_lexical_calendar_publisher_stock
23155,0,clara_k16,text_pca64_lexical_calendar_publisher_stock
23156,12,clara_k16,text_pca64_lexical_calendar_publisher_stock
23158,0,clara_k16,text_pca64_lexical_calendar_publisher_stock
23168,6,clara_k16,text_pca64_lexical_calendar_publisher_stock
23170,0,clara_k16,text_pca64_lexical_calendar_publisher_stock
23186,1,clara_k16,text_pca64_lexical_calendar_publisher_stock
23190,13,clara_k16,text_pca64_lexical_calendar_publisher_stock
23192,13,clara_k16,text_pca64_lexical_calendar_publisher_stock
23193,6,clara_k16,text_pca64_lexical_calendar_publisher_stock
23195,0,clara_k16,text_pca64_lexical_calendar_publisher_stock
23198,5,clara_k16,text_pca64_lexical_calendar_publisher_stock
23200,0,clara_k16,text_pca64_lexical_calendar_publisher_stock
23204,0,clara_k16,text_pca64_lexical_calendar_publisher_stock
23209,0,clara_k16,text_pca64_lexical_calendar_publisher_stock
23211,2,clara_k16,text_pca64_lexical_calendar_publisher_stock
23220,15,clara_k16,text_pca64_lexical_calendar_publisher_stock
23224,15,clara_k16,text_pca64_lexical_calendar_publisher_stock
23228,15,clara_k16,text_pca64_lexical_calendar_publisher_stock
23240,0,clara_k16,text_pca64_lexical_calendar_publisher_stock
23256,0,clara_k16,text_pca64_lexical_calendar_publisher_stock
23269,13,clara_k16,text_pca64_lexical_calendar_publisher_stock
23272,12,clara_k16,text_pca64_lexical_calendar_publisher_stock
23273,2,clara_k16,text_pca64_lexical_calendar_publisher_stock
23277,2,clara_k16,text_pca64_lexical_calendar_publisher_stock
23285,2,clara_k16,text_pca64_lexical_calendar_publisher_stock
23288,0,clara_k16,text_pca64_lexical_calendar_publisher_stock
23292,2,clara_k16,text_pca64_lexical_calendar_publisher_stock
23293,2,clara_k16,text_pca64_lexical_calendar_publisher_stock
23295,1,clara_k16,text_pca64_lexical_calendar_publisher_stock
23303,0,clara_k16,text_pca64_lexical_calendar_publisher_stock
23320,14,clara_k16,text_pca64_lexical_calendar_publisher_stock
23323,13,clara_k16,text_pca64_lexical_calendar_publisher_stock
23334,12,clara_k16,text_pca64_lexical_calendar_publisher_stock
23335,2,clara_k16,text_pca64_lexical_calendar_publisher_stock
23338,0,clara_k16,text_pca64_lexical_calendar_publisher_stock
23342,2,clara_k16,text_pca64_lexical_calendar_publisher_stock
23352,0,clara_k16,text_pca64_lexical_calendar_publisher_stock
23355,13,clara_k16,text_pca64_lexical_calendar_publisher_stock
23356,0,clara_k16,text_pca64_lexical_calendar_publisher_stock
23370,4,clara_k16,text_pca64_lexical_calendar_publisher_stock
23374,8,clara_k16,text_pca64_lexical_calendar_publisher_stock
23378,14,clara_k16,text_pca64_lexical_calendar_publisher_stock
23381,13,clara_k16,text_pca64_lexical_calendar_publisher_stock
23388,14,clara_k16,text_pca64_lexical_calendar_publisher_stock
23394,12,clara_k16,text_pca64_lexical_calendar_publisher_stock
23414,8,clara_k16,text_pca64_lexical_calendar_publisher_stock
23422,4,clara_k16,text_pca64_lexical_calendar_publisher_stock
23444,2,clara_k16,text_pca64_lexical_calendar_publisher_stock
23445,0,clara_k16,text_pca64_lexical_calendar_publisher_stock
23465,0,clara_k16,text_pca64_lexical_calendar_publisher_stock
23468,0,clara_k16,text_pca64_lexical_calendar_publisher_stock
23476,1,clara_k16,text_pca64_lexical_calendar_publisher_stock
23491,0,clara_k16,text_pca64_lexical_calendar_publisher_stock
23503,6,clara_k16,text_pca64_lexical_calendar_publisher_stock
23514,14,clara_k16,text_pca64_lexical_calendar_publisher_stock
23515,13,clara_k16,text_pca64_lexical_calendar_publisher_stock
23517,4,clara_k16,text_pca64_lexical_calendar_publisher_stock
23537,0,clara_k16,text_pca64_lexical_calendar_publisher_stock
23561,0,clara_k16,text_pca64_lexical_calendar_publisher_stock
23591,13,clara_k16,text_pca64_lexical_calendar_publisher_stock
23598,6,clara_k16,text_pca64_lexical_calendar_publisher_stock
23602,8,clara_k16,text_pca64_lexical_calendar_publisher_stock
23603,8,clara_k16,text_pca64_lexical_calendar_publisher_stock
23604,0,clara_k16,text_pca64_lexical_calendar_publisher_stock
23607,8,clara_k16,text_pca64_lexical_calendar_publisher_stock
23608,0,clara_k16,text_pca64_lexical_calendar_publisher_stock
23611,12,clara_k16,text_pca64_lexical_calendar_publisher_stock
23619,14,clara_k16,text_pca64_lexical_calendar_publisher_stock
23627,13,clara_k16,text_pca64_lexical_calendar_publisher_stock
23628,0,clara_k16,text_pca64_lexical_calendar_publisher_stock
23629,0,clara_k16,text_pca64_lexical_calendar_publisher_stock
23633,0,clara_k16,text_pca64_lexical_calendar_publisher_stock
23635,8,clara_k16,text_pca64_lexical_calendar_publisher_stock
23637,6,clara_k16,text_pca64_lexical_calendar_publisher_stock
23646,2,clara_k16,text_pca64_lexical_calendar_publisher_stock
23651,12,clara_k16,text_pca64_lexical_calendar_publisher_stock
23654,8,clara_k16,text_pca64_lexical_calendar_publisher_stock
23660,12,clara_k16,text_pca64_lexical_calendar_publisher_stock
23661,8,clara_k16,text_pca64_lexical_calendar_publisher_stock
23686,14,clara_k16,text_pca64_lexical_calendar_publisher_stock
23690,2,clara_k16,text_pca64_lexical_calendar_publisher_stock
23692,2,clara_k16,text_pca64_lexical_calendar_publisher_stock
23708,6,clara_k16,text_pca64_lexical_calendar_publisher_stock
23717,6,clara_k16,text_pca64_lexical_calendar_publisher_stock
23724,0,clara_k16,text_pca64_lexical_calendar_publisher_stock
23726,2,clara_k16,text_pca64_lexical_calendar_publisher_stock
23727,0,clara_k16,text_pca64_lexical_calendar_publisher_stock
23734,0,clara_k16,text_pca64_lexical_calendar_publisher_stock
23739,1,clara_k16,text_pca64_lexical_calendar_publisher_stock
23749,0,clara_k16,text_pca64_lexical_calendar_publisher_stock
23754,2,clara_k16,text_pca64_lexical_calendar_publisher_stock
23766,0,clara_k16,text_pca64_lexical_calendar_publisher_stock
23771,0,clara_k16,text_pca64_lexical_calendar_publisher_stock
23779,1,clara_k16,text_pca64_lexical_calendar_publisher_stock
23785,13,clara_k16,text_pca64_lexical_calendar_publisher_stock
23787,0,clara_k16,text_pca64_lexical_calendar_publisher_stock
23796,6,clara_k16,text_pca64_lexical_calendar_publisher_stock
23805,0,clara_k16,text_pca64_lexical_calendar_publisher_stock
23809,8,clara_k16,text_pca64_lexical_calendar_publisher_stock
23813,0,clara_k16,text_pca64_lexical_calendar_publisher_stock
23837,1,clara_k16,text_pca64_lexical_calendar_publisher_stock
23841,13,clara_k16,text_pca64_lexical_calendar_publisher_stock
23843,2,clara_k16,text_pca64_lexical_calendar_publisher_stock
23846,6,clara_k16,text_pca64_lexical_calendar_publisher_stock
23850,6,clara_k16,text_pca64_lexical_calendar_publisher_stock
23861,13,clara_k16,text_pca64_lexical_calendar_publisher_stock
23865,11,clara_k16,text_pca64_lexical_calendar_publisher_stock
23868,13,clara_k16,text_pca64_lexical_calendar_publisher_stock
23879,6,clara_k16,text_pca64_lexical_calendar_publisher_stock
23883,0,clara_k16,text_pca64_lexical_calendar_publisher_stock
23894,2,clara_k16,text_pca64_lexical_calendar_publisher_stock
23895,13,clara_k16,text_pca64_lexical_calendar_publisher_stock
23910,6,clara_k16,text_pca64_lexical_calendar_publisher_stock
23917,2,clara_k16,text_pca64_lexical_calendar_publisher_stock
23921,8,clara_k16,text_pca64_lexical_calendar_publisher_stock
23939,6,clara_k16,text_pca64_lexical_calendar_publisher_stock
23944,6,clara_k16,text_pca64_lexical_calendar_publisher_stock
23948,6,clara_k16,text_pca64_lexical_calendar_publisher_stock
23957,6,clara_k16,text_pca64_lexical_calendar_publisher_stock
23962,13,clara_k16,text_pca64_lexical_calendar_publisher_stock
23963,13,clara_k16,text_pca64_lexical_calendar_publisher_stock
23971,2,clara_k16,text_pca64_lexical_calendar_publisher_stock
23973,8,clara_k16,text_pca64_lexical_calendar_publisher_stock
23976,0,clara_k16,text_pca64_lexical_calendar_publisher_stock
23984,6,clara_k16,text_pca64_lexical_calendar_publisher_stock
23987,0,clara_k16,text_pca64_lexical_calendar_publisher_stock
23994,13,clara_k16,text_pca64_lexical_calendar_publisher_stock
24006,0,clara_k16,text_pca64_lexical_calendar_publisher_stock
24010,13,clara_k16,text_pca64_lexical_calendar_publisher_stock
24012,13,clara_k16,text_pca64_lexical_calendar_publisher_stock
24013,4,clara_k16,text_pca64_lexical_calendar_publisher_stock
24033,4,clara_k16,text_pca64_lexical_calendar_publisher_stock
24034,4,clara_k16,text_pca64_lexical_calendar_publisher_stock
24035,12,clara_k16,text_pca64_lexical_calendar_publisher_stock
24036,4,clara_k16,text_pca64_lexical_calendar_publisher_stock
24038,4,clara_k16,text_pca64_lexical_calendar_publisher_stock
24040,3,clara_k16,text_pca64_lexical_calendar_publisher_stock
24049,1,clara_k16,text_pca64_lexical_calendar_publisher_stock
24052,0,clara_k16,text_pca64_lexical_calendar_publisher_stock
24056,0,clara_k16,text_pca64_lexical_calendar_publisher_stock
24059,13,clara_k16,text_pca64_lexical_calendar_publisher_stock
24072,12,clara_k16,text_pca64_lexical_calendar_publisher_stock
24075,1,clara_k16,text_pca64_lexical_calendar_publisher_stock
24080,1,clara_k16,text_pca64_lexical_calendar_publisher_stock
24088,12,clara_k16,text_pca64_lexical_calendar_publisher_stock
24095,14,clara_k16,text_pca64_lexical_calendar_publisher_stock
24096,12,clara_k16,text_pca64_lexical_calendar_publisher_stock
24113,2,clara_k16,text_pca64_lexical_calendar_publisher_stock
24114,2,clara_k16,text_pca64_lexical_calendar_publisher_stock
24115,2,clara_k16,text_pca64_lexical_calendar_publisher_stock
24135,4,clara_k16,text_pca64_lexical_calendar_publisher_stock
24138,2,clara_k16,text_pca64_lexical_calendar_publisher_stock
24141,2,clara_k16,text_pca64_lexical_calendar_publisher_stock
24145,4,clara_k16,text_pca64_lexical_calendar_publisher_stock
24147,14,clara_k16,text_pca64_lexical_calendar_publisher_stock
24150,1,clara_k16,text_pca64_lexical_calendar_publisher_stock
24157,1,clara_k16,text_pca64_lexical_calendar_publisher_stock
24183,0,clara_k16,text_pca64_lexical_calendar_publisher_stock
24184,0,clara_k16,text_pca64_lexical_calendar_publisher_stock
24186,0,clara_k16,text_pca64_lexical_calendar_publisher_stock
24187,0,clara_k16,text_pca64_lexical_calendar_publisher_stock
24233,0,clara_k16,text_pca64_lexical_calendar_publisher_stock
24237,0,clara_k16,text_pca64_lexical_calendar_publisher_stock
24250,4,clara_k16,text_pca64_lexical_calendar_publisher_stock
24251,2,clara_k16,text_pca64_lexical_calendar_publisher_stock
24263,12,clara_k16,text_pca64_lexical_calendar_publisher_stock
24277,2,clara_k16,text_pca64_lexical_calendar_publisher_stock
24310,0,clara_k16,text_pca64_lexical_calendar_publisher_stock
24314,12,clara_k16,text_pca64_lexical_calendar_publisher_stock
24323,14,clara_k16,text_pca64_lexical_calendar_publisher_stock
24338,0,clara_k16,text_pca64_lexical_calendar_publisher_stock
24344,0,clara_k16,text_pca64_lexical_calendar_publisher_stock
24345,0,clara_k16,text_pca64_lexical_calendar_publisher_stock
24355,0,clara_k16,text_pca64_lexical_calendar_publisher_stock
24369,2,clara_k16,text_pca64_lexical_calendar_publisher_stock
24370,14,clara_k16,text_pca64_lexical_calendar_publisher_stock
24375,2,clara_k16,text_pca64_lexical_calendar_publisher_stock
24378,6,clara_k16,text_pca64_lexical_calendar_publisher_stock
24386,4,clara_k16,text_pca64_lexical_calendar_publisher_stock
24388,2,clara_k16,text_pca64_lexical_calendar_publisher_stock
24393,0,clara_k16,text_pca64_lexical_calendar_publisher_stock
24397,2,clara_k16,text_pca64_lexical_calendar_publisher_stock
24402,2,clara_k16,text_pca64_lexical_calendar_publisher_stock
24410,6,clara_k16,text_pca64_lexical_calendar_publisher_stock
24413,0,clara_k16,text_pca64_lexical_calendar_publisher_stock
24420,1,clara_k16,text_pca64_lexical_calendar_publisher_stock
24429,2,clara_k16,text_pca64_lexical_calendar_publisher_stock
24441,4,clara_k16,text_pca64_lexical_calendar_publisher_stock
24445,2,clara_k16,text_pca64_lexical_calendar_publisher_stock
24451,4,clara_k16,text_pca64_lexical_calendar_publisher_stock
24455,12,clara_k16,text_pca64_lexical_calendar_publisher_stock
24460,13,clara_k16,text_pca64_lexical_calendar_publisher_stock
24462,4,clara_k16,text_pca64_lexical_calendar_publisher_stock
24468,4,clara_k16,text_pca64_lexical_calendar_publisher_stock
24481,14,clara_k16,text_pca64_lexical_calendar_publisher_stock
24483,6,clara_k16,text_pca64_lexical_calendar_publisher_stock
24494,6,clara_k16,text_pca64_lexical_calendar_publisher_stock
24505,4,clara_k16,text_pca64_lexical_calendar_publisher_stock
24506,11,clara_k16,text_pca64_lexical_calendar_publisher_stock
24511,4,clara_k16,text_pca64_lexical_calendar_publisher_stock
24534,4,clara_k16,text_pca64_lexical_calendar_publisher_stock
24537,12,clara_k16,text_pca64_lexical_calendar_publisher_stock
24540,11,clara_k16,text_pca64_lexical_calendar_publisher_stock
24542,0,clara_k16,text_pca64_lexical_calendar_publisher_stock
24545,0,clara_k16,text_pca64_lexical_calendar_publisher_stock
24546,0,clara_k16,text_pca64_lexical_calendar_publisher_stock
24547,4,clara_k16,text_pca64_lexical_calendar_publisher_stock
24554,0,clara_k16,text_pca64_lexical_calendar_publisher_stock
24573,1,clara_k16,text_pca64_lexical_calendar_publisher_stock
24577,0,clara_k16,text_pca64_lexical_calendar_publisher_stock
24605,1,clara_k16,text_pca64_lexical_calendar_publisher_stock
24606,0,clara_k16,text_pca64_lexical_calendar_publisher_stock
24607,1,clara_k16,text_pca64_lexical_calendar_publisher_stock
24619,0,clara_k16,text_pca64_lexical_calendar_publisher_stock
24626,0,clara_k16,text_pca64_lexical_calendar_publisher_stock
24628,0,clara_k16,text_pca64_lexical_calendar_publisher_stock
24638,0,clara_k16,text_pca64_lexical_calendar_publisher_stock
24655,2,clara_k16,text_pca64_lexical_calendar_publisher_stock
24665,12,clara_k16,text_pca64_lexical_calendar_publisher_stock
24672,2,clara_k16,text_pca64_lexical_calendar_publisher_stock
24699,0,clara_k16,text_pca64_lexical_calendar_publisher_stock
24705,6,clara_k16,text_pca64_lexical_calendar_publisher_stock
24710,4,clara_k16,text_pca64_lexical_calendar_publisher_stock
24735,1,clara_k16,text_pca64_lexical_calendar_publisher_stock
24752,4,clara_k16,text_pca64_lexical_calendar_publisher_stock
24764,4,clara_k16,text_pca64_lexical_calendar_publisher_stock
24775,4,clara_k16,text_pca64_lexical_calendar_publisher_stock
24784,0,clara_k16,text_pca64_lexical_calendar_publisher_stock
24799,2,clara_k16,text_pca64_lexical_calendar_publisher_stock
24804,0,clara_k16,text_pca64_lexical_calendar_publisher_stock
24808,1,clara_k16,text_pca64_lexical_calendar_publisher_stock
24812,4,clara_k16,text_pca64_lexical_calendar_publisher_stock
24824,9,clara_k16,text_pca64_lexical_calendar_publisher_stock
24830,11,clara_k16,text_pca64_lexical_calendar_publisher_stock
24840,1,clara_k16,text_pca64_lexical_calendar_publisher_stock
24847,1,clara_k16,text_pca64_lexical_calendar_publisher_stock
24850,1,clara_k16,text_pca64_lexical_calendar_publisher_stock
24856,4,clara_k16,text_pca64_lexical_calendar_publisher_stock
24864,12,clara_k16,text_pca64_lexical_calendar_publisher_stock
24865,4,clara_k16,text_pca64_lexical_calendar_publisher_stock
24867,6,clara_k16,text_pca64_lexical_calendar_publisher_stock
24868,13,clara_k16,text_pca64_lexical_calendar_publisher_stock
24880,2,clara_k16,text_pca64_lexical_calendar_publisher_stock
24882,4,clara_k16,text_pca64_lexical_calendar_publisher_stock
24890,0,clara_k16,text_pca64_lexical_calendar_publisher_stock
24891,1,clara_k16,text_pca64_lexical_calendar_publisher_stock
24896,6,clara_k16,text_pca64_lexical_calendar_publisher_stock
24903,6,clara_k16,text_pca64_lexical_calendar_publisher_stock
24912,1,clara_k16,text_pca64_lexical_calendar_publisher_stock
24929,4,clara_k16,text_pca64_lexical_calendar_publisher_stock
24933,0,clara_k16,text_pca64_lexical_calendar_publisher_stock
24934,6,clara_k16,text_pca64_lexical_calendar_publisher_stock
24948,0,clara_k16,text_pca64_lexical_calendar_publisher_stock
24950,6,clara_k16,text_pca64_lexical_calendar_publisher_stock
24957,4,clara_k16,text_pca64_lexical_calendar_publisher_stock
24999,2,clara_k16,text_pca64_lexical_calendar_publisher_stock
25011,6,clara_k16,text_pca64_lexical_calendar_publisher_stock
25023,0,clara_k16,text_pca64_lexical_calendar_publisher_stock
25039,7,clara_k16,text_pca64_lexical_calendar_publisher_stock
25043,2,clara_k16,text_pca64_lexical_calendar_publisher_stock
25050,7,clara_k16,text_pca64_lexical_calendar_publisher_stock
25072,4,clara_k16,text_pca64_lexical_calendar_publisher_stock
25074,8,clara_k16,text_pca64_lexical_calendar_publisher_stock
25084,0,clara_k16,text_pca64_lexical_calendar_publisher_stock
25087,1,clara_k16,text_pca64_lexical_calendar_publisher_stock
25088,0,clara_k16,text_pca64_lexical_calendar_publisher_stock
25119,9,clara_k16,text_pca64_lexical_calendar_publisher_stock
25125,0,clara_k16,text_pca64_lexical_calendar_publisher_stock
25128,0,clara_k16,text_pca64_lexical_calendar_publisher_stock
25129,13,clara_k16,text_pca64_lexical_calendar_publisher_stock
25134,13,clara_k16,text_pca64_lexical_calendar_publisher_stock
25136,12,clara_k16,text_pca64_lexical_calendar_publisher_stock
25140,4,clara_k16,text_pca64_lexical_calendar_publisher_stock
25141,13,clara_k16,text_pca64_lexical_calendar_publisher_stock
25142,4,clara_k16,text_pca64_lexical_calendar_publisher_stock
25157,4,clara_k16,text_pca64_lexical_calendar_publisher_stock
25159,0,clara_k16,text_pca64_lexical_calendar_publisher_stock
25170,9,clara_k16,text_pca64_lexical_calendar_publisher_stock
25173,6,clara_k16,text_pca64_lexical_calendar_publisher_stock
25174,6,clara_k16,text_pca64_lexical_calendar_publisher_stock
25182,13,clara_k16,text_pca64_lexical_calendar_publisher_stock
25195,12,clara_k16,text_pca64_lexical_calendar_publisher_stock
25197,0,clara_k16,text_pca64_lexical_calendar_publisher_stock
25201,0,clara_k16,text_pca64_lexical_calendar_publisher_stock
25211,6,clara_k16,text_pca64_lexical_calendar_publisher_stock
25231,11,clara_k16,text_pca64_lexical_calendar_publisher_stock
25238,0,clara_k16,text_pca64_lexical_calendar_publisher_stock
25239,13,clara_k16,text_pca64_lexical_calendar_publisher_stock
25243,12,clara_k16,text_pca64_lexical_calendar_publisher_stock
25250,0,clara_k16,text_pca64_lexical_calendar_publisher_stock
25252,0,clara_k16,text_pca64_lexical_calendar_publisher_stock
25253,14,clara_k16,text_pca64_lexical_calendar_publisher_stock
25267,2,clara_k16,text_pca64_lexical_calendar_publisher_stock
25269,6,clara_k16,text_pca64_lexical_calendar_publisher_stock
25271,13,clara_k16,text_pca64_lexical_calendar_publisher_stock
25284,1,clara_k16,text_pca64_lexical_calendar_publisher_stock
25291,0,clara_k16,text_pca64_lexical_calendar_publisher_stock
25296,14,clara_k16,text_pca64_lexical_calendar_publisher_stock
25303,6,clara_k16,text_pca64_lexical_calendar_publisher_stock
25321,0,clara_k16,text_pca64_lexical_calendar_publisher_stock
25327,6,clara_k16,text_pca64_lexical_calendar_publisher_stock
25329,4,clara_k16,text_pca64_lexical_calendar_publisher_stock
25330,0,clara_k16,text_pca64_lexical_calendar_publisher_stock
25331,0,clara_k16,text_pca64_lexical_calendar_publisher_stock
25340,6,clara_k16,text_pca64_lexical_calendar_publisher_stock
25349,0,clara_k16,text_pca64_lexical_calendar_publisher_stock
25352,12,clara_k16,text_pca64_lexical_calendar_publisher_stock
25355,0,clara_k16,text_pca64_lexical_calendar_publisher_stock
25359,12,clara_k16,text_pca64_lexical_calendar_publisher_stock
25361,14,clara_k16,text_pca64_lexical_calendar_publisher_stock
25369,0,clara_k16,text_pca64_lexical_calendar_publisher_stock
25373,12,clara_k16,text_pca64_lexical_calendar_publisher_stock
25374,12,clara_k16,text_pca64_lexical_calendar_publisher_stock
25377,4,clara_k16,text_pca64_lexical_calendar_publisher_stock
25385,4,clara_k16,text_pca64_lexical_calendar_publisher_stock
25389,0,clara_k16,text_pca64_lexical_calendar_publisher_stock
25396,1,clara_k16,text_pca64_lexical_calendar_publisher_stock
25400,0,clara_k16,text_pca64_lexical_calendar_publisher_stock
25415,1,clara_k16,text_pca64_lexical_calendar_publisher_stock
25418,6,clara_k16,text_pca64_lexical_calendar_publisher_stock
25424,0,clara_k16,text_pca64_lexical_calendar_publisher_stock
25434,0,clara_k16,text_pca64_lexical_calendar_publisher_stock
25445,1,clara_k16,text_pca64_lexical_calendar_publisher_stock
25452,1,clara_k16,text_pca64_lexical_calendar_publisher_stock
25453,12,clara_k16,text_pca64_lexical_calendar_publisher_stock
25455,2,clara_k16,text_pca64_lexical_calendar_publisher_stock
25459,6,clara_k16,text_pca64_lexical_calendar_publisher_stock
25462,1,clara_k16,text_pca64_lexical_calendar_publisher_stock
25466,0,clara_k16,text_pca64_lexical_calendar_publisher_stock
25469,12,clara_k16,text_pca64_lexical_calendar_publisher_stock
25488,5,clara_k16,text_pca64_lexical_calendar_publisher_stock
25501,0,clara_k16,text_pca64_lexical_calendar_publisher_stock
25512,6,clara_k16,text_pca64_lexical_calendar_publisher_stock
25514,2,clara_k16,text_pca64_lexical_calendar_publisher_stock
25521,0,clara_k16,text_pca64_lexical_calendar_publisher_stock
25535,5,clara_k16,text_pca64_lexical_calendar_publisher_stock
25541,0,clara_k16,text_pca64_lexical_calendar_publisher_stock
25554,0,clara_k16,text_pca64_lexical_calendar_publisher_stock
25584,2,clara_k16,text_pca64_lexical_calendar_publisher_stock
25588,2,clara_k16,text_pca64_lexical_calendar_publisher_stock
25620,4,clara_k16,text_pca64_lexical_calendar_publisher_stock
25631,2,clara_k16,text_pca64_lexical_calendar_publisher_stock
25636,14,clara_k16,text_pca64_lexical_calendar_publisher_stock
25655,0,clara_k16,text_pca64_lexical_calendar_publisher_stock
25662,12,clara_k16,text_pca64_lexical_calendar_publisher_stock
25665,4,clara_k16,text_pca64_lexical_calendar_publisher_stock
25668,0,clara_k16,text_pca64_lexical_calendar_publisher_stock
25670,12,clara_k16,text_pca64_lexical_calendar_publisher_stock
25684,14,clara_k16,text_pca64_lexical_calendar_publisher_stock
25690,0,clara_k16,text_pca64_lexical_calendar_publisher_stock
25716,0,clara_k16,text_pca64_lexical_calendar_publisher_stock
25717,7,clara_k16,text_pca64_lexical_calendar_publisher_stock
25721,2,clara_k16,text_pca64_lexical_calendar_publisher_stock
25730,4,clara_k16,text_pca64_lexical_calendar_publisher_stock
25743,6,clara_k16,text_pca64_lexical_calendar_publisher_stock
25749,2,clara_k16,text_pca64_lexical_calendar_publisher_stock
25763,1,clara_k16,text_pca64_lexical_calendar_publisher_stock
25767,14,clara_k16,text_pca64_lexical_calendar_publisher_stock
25776,7,clara_k16,text_pca64_lexical_calendar_publisher_stock
25787,2,clara_k16,text_pca64_lexical_calendar_publisher_stock
25810,0,clara_k16,text_pca64_lexical_calendar_publisher_stock
25833,13,clara_k16,text_pca64_lexical_calendar_publisher_stock
25834,0,clara_k16,text_pca64_lexical_calendar_publisher_stock
25837,0,clara_k16,text_pca64_lexical_calendar_publisher_stock
25840,4,clara_k16,text_pca64_lexical_calendar_publisher_stock
25841,4,clara_k16,text_pca64_lexical_calendar_publisher_stock
25844,0,clara_k16,text_pca64_lexical_calendar_publisher_stock
25845,2,clara_k16,text_pca64_lexical_calendar_publisher_stock
25856,0,clara_k16,text_pca64_lexical_calendar_publisher_stock
25857,1,clara_k16,text_pca64_lexical_calendar_publisher_stock
25863,2,clara_k16,text_pca64_lexical_calendar_publisher_stock
25865,0,clara_k16,text_pca64_lexical_calendar_publisher_stock
25868,2,clara_k16,text_pca64_lexical_calendar_publisher_stock
25870,14,clara_k16,text_pca64_lexical_calendar_publisher_stock
25871,0,clara_k16,text_pca64_lexical_calendar_publisher_stock
25873,14,clara_k16,text_pca64_lexical_calendar_publisher_stock
25876,13,clara_k16,text_pca64_lexical_calendar_publisher_stock
25882,0,clara_k16,text_pca64_lexical_calendar_publisher_stock
25884,9,clara_k16,text_pca64_lexical_calendar_publisher_stock
25889,0,clara_k16,text_pca64_lexical_calendar_publisher_stock
25892,0,clara_k16,text_pca64_lexical_calendar_publisher_stock
25896,1,clara_k16,text_pca64_lexical_calendar_publisher_stock
25908,11,clara_k16,text_pca64_lexical_calendar_publisher_stock
25913,6,clara_k16,text_pca64_lexical_calendar_publisher_stock
25925,2,clara_k16,text_pca64_lexical_calendar_publisher_stock
25941,4,clara_k16,text_pca64_lexical_calendar_publisher_stock
25955,9,clara_k16,text_pca64_lexical_calendar_publisher_stock
25967,11,clara_k16,text_pca64_lexical_calendar_publisher_stock
25971,5,clara_k16,text_pca64_lexical_calendar_publisher_stock
25974,0,clara_k16,text_pca64_lexical_calendar_publisher_stock
25980,7,clara_k16,text_pca64_lexical_calendar_publisher_stock
25987,2,clara_k16,text_pca64_lexical_calendar_publisher_stock
25997,0,clara_k16,text_pca64_lexical_calendar_publisher_stock
26023,0,clara_k16,text_pca64_lexical_calendar_publisher_stock
26027,9,clara_k16,text_pca64_lexical_calendar_publisher_stock
26031,12,clara_k16,text_pca64_lexical_calendar_publisher_stock
26041,8,clara_k16,text_pca64_lexical_calendar_publisher_stock
26050,12,clara_k16,text_pca64_lexical_calendar_publisher_stock
26053,12,clara_k16,text_pca64_lexical_calendar_publisher_stock
26059,4,clara_k16,text_pca64_lexical_calendar_publisher_stock
26064,0,clara_k16,text_pca64_lexical_calendar_publisher_stock
26077,1,clara_k16,text_pca64_lexical_calendar_publisher_stock
26079,3,clara_k16,text_pca64_lexical_calendar_publisher_stock
26080,1,clara_k16,text_pca64_lexical_calendar_publisher_stock
26083,4,clara_k16,text_pca64_lexical_calendar_publisher_stock
26087,0,clara_k16,text_pca64_lexical_calendar_publisher_stock
26090,0,clara_k16,text_pca64_lexical_calendar_publisher_stock
26091,1,clara_k16,text_pca64_lexical_calendar_publisher_stock
26095,14,clara_k16,text_pca64_lexical_calendar_publisher_stock
26100,13,clara_k16,text_pca64_lexical_calendar_publisher_stock
26101,0,clara_k16,text_pca64_lexical_calendar_publisher_stock
26103,2,clara_k16,text_pca64_lexical_calendar_publisher_stock
26106,8,clara_k16,text_pca64_lexical_calendar_publisher_stock
26112,0,clara_k16,text_pca64_lexical_calendar_publisher_stock
26116,4,clara_k16,text_pca64_lexical_calendar_publisher_stock
26120,14,clara_k16,text_pca64_lexical_calendar_publisher_stock
26124,0,clara_k16,text_pca64_lexical_calendar_publisher_stock
26127,2,clara_k16,text_pca64_lexical_calendar_publisher_stock
26136,0,clara_k16,text_pca64_lexical_calendar_publisher_stock
26142,10,clara_k16,text_pca64_lexical_calendar_publisher_stock
26146,0,clara_k16,text_pca64_lexical_calendar_publisher_stock
26164,1,clara_k16,text_pca64_lexical_calendar_publisher_stock
26180,4,clara_k16,text_pca64_lexical_calendar_publisher_stock
26186,4,clara_k16,text_pca64_lexical_calendar_publisher_stock
26192,12,clara_k16,text_pca64_lexical_calendar_publisher_stock
26211,12,clara_k16,text_pca64_lexical_calendar_publisher_stock
26213,5,clara_k16,text_pca64_lexical_calendar_publisher_stock
26223,1,clara_k16,text_pca64_lexical_calendar_publisher_stock
26237,4,clara_k16,text_pca64_lexical_calendar_publisher_stock
26252,1,clara_k16,text_pca64_lexical_calendar_publisher_stock
26259,0,clara_k16,text_pca64_lexical_calendar_publisher_stock
26280,4,clara_k16,text_pca64_lexical_calendar_publisher_stock
26288,4,clara_k16,text_pca64_lexical_calendar_publisher_stock
26303,2,clara_k16,text_pca64_lexical_calendar_publisher_stock
26311,12,clara_k16,text_pca64_lexical_calendar_publisher_stock
26317,0,clara_k16,text_pca64_lexical_calendar_publisher_stock
26318,1,clara_k16,text_pca64_lexical_calendar_publisher_stock
26320,1,clara_k16,text_pca64_lexical_calendar_publisher_stock
26322,11,clara_k16,text_pca64_lexical_calendar_publisher_stock
26329,0,clara_k16,text_pca64_lexical_calendar_publisher_stock
26330,0,clara_k16,text_pca64_lexical_calendar_publisher_stock
26334,0,clara_k16,text_pca64_lexical_calendar_publisher_stock
26338,14,clara_k16,text_pca64_lexical_calendar_publisher_stock
26342,14,clara_k16,text_pca64_lexical_calendar_publisher_stock
26343,0,clara_k16,text_pca64_lexical_calendar_publisher_stock
26355,4,clara_k16,text_pca64_lexical_calendar_publisher_stock
26384,2,clara_k16,text_pca64_lexical_calendar_publisher_stock
26394,5,clara_k16,text_pca64_lexical_calendar_publisher_stock
26397,2,clara_k16,text_pca64_lexical_calendar_publisher_stock
26404,1,clara_k16,text_pca64_lexical_calendar_publisher_stock
26424,2,clara_k16,text_pca64_lexical_calendar_publisher_stock
26434,0,clara_k16,text_pca64_lexical_calendar_publisher_stock
26438,6,clara_k16,text_pca64_lexical_calendar_publisher_stock
26443,5,clara_k16,text_pca64_lexical_calendar_publisher_stock
26449,6,clara_k16,text_pca64_lexical_calendar_publisher_stock
26458,0,clara_k16,text_pca64_lexical_calendar_publisher_stock
26462,1,clara_k16,text_pca64_lexical_calendar_publisher_stock
26464,4,clara_k16,text_pca64_lexical_calendar_publisher_stock
26472,1,clara_k16,text_pca64_lexical_calendar_publisher_stock
26473,12,clara_k16,text_pca64_lexical_calendar_publisher_stock
26480,5,clara_k16,text_pca64_lexical_calendar_publisher_stock
26486,1,clara_k16,text_pca64_lexical_calendar_publisher_stock
26487,1,clara_k16,text_pca64_lexical_calendar_publisher_stock
26488,14,clara_k16,text_pca64_lexical_calendar_publisher_stock
26493,1,clara_k16,text_pca64_lexical_calendar_publisher_stock
26494,11,clara_k16,text_pca64_lexical_calendar_publisher_stock
26500,5,clara_k16,text_pca64_lexical_calendar_publisher_stock
26501,9,clara_k16,text_pca64_lexical_calendar_publisher_stock
26514,6,clara_k16,text_pca64_lexical_calendar_publisher_stock
26516,0,clara_k16,text_pca64_lexical_calendar_publisher_stock
26522,1,clara_k16,text_pca64_lexical_calendar_publisher_stock
26523,2,clara_k16,text_pca64_lexical_calendar_publisher_stock
26526,0,clara_k16,text_pca64_lexical_calendar_publisher_stock
26535,7,clara_k16,text_pca64_lexical_calendar_publisher_stock
26537,4,clara_k16,text_pca64_lexical_calendar_publisher_stock
26549,8,clara_k16,text_pca64_lexical_calendar_publisher_stock
26554,0,clara_k16,text_pca64_lexical_calendar_publisher_stock
26557,1,clara_k16,text_pca64_lexical_calendar_publisher_stock
26565,2,clara_k16,text_pca64_lexical_calendar_publisher_stock
26566,11,clara_k16,text_pca64_lexical_calendar_publisher_stock
26577,5,clara_k16,text_pca64_lexical_calendar_publisher_stock
26586,9,clara_k16,text_pca64_lexical_calendar_publisher_stock
26591,9,clara_k16,text_pca64_lexical_calendar_publisher_stock
26594,6,clara_k16,text_pca64_lexical_calendar_publisher_stock
26599,2,clara_k16,text_pca64_lexical_calendar_publisher_stock
26621,1,clara_k16,text_pca64_lexical_calendar_publisher_stock
26632,1,clara_k16,text_pca64_lexical_calendar_publisher_stock
26635,1,clara_k16,text_pca64_lexical_calendar_publisher_stock
26637,2,clara_k16,text_pca64_lexical_calendar_publisher_stock
26652,12,clara_k16,text_pca64_lexical_calendar_publisher_stock
26653,1,clara_k16,text_pca64_lexical_calendar_publisher_stock
26661,7,clara_k16,text_pca64_lexical_calendar_publisher_stock
26664,3,clara_k16,text_pca64_lexical_calendar_publisher_stock
26665,3,clara_k16,text_pca64_lexical_calendar_publisher_stock
26666,3,clara_k16,text_pca64_lexical_calendar_publisher_stock
26667,3,clara_k16,text_pca64_lexical_calendar_publisher_stock
26674,13,clara_k16,text_pca64_lexical_calendar_publisher_stock
26682,3,clara_k16,text_pca64_lexical_calendar_publisher_stock
26683,4,clara_k16,text_pca64_lexical_calendar_publisher_stock
26686,1,clara_k16,text_pca64_lexical_calendar_publisher_stock
26688,4,clara_k16,text_pca64_lexical_calendar_publisher_stock
26695,13,clara_k16,text_pca64_lexical_calendar_publisher_stock
26703,4,clara_k16,text_pca64_lexical_calendar_publisher_stock
26705,4,clara_k16,text_pca64_lexical_calendar_publisher_stock
26718,1,clara_k16,text_pca64_lexical_calendar_publisher_stock
26729,15,clara_k16,text_pca64_lexical_calendar_publisher_stock
26735,12,clara_k16,text_pca64_lexical_calendar_publisher_stock
26743,1,clara_k16,text_pca64_lexical_calendar_publisher_stock
26746,1,clara_k16,text_pca64_lexical_calendar_publisher_stock
26753,1,clara_k16,text_pca64_lexical_calendar_publisher_stock
26757,14,clara_k16,text_pca64_lexical_calendar_publisher_stock
26760,12,clara_k16,text_pca64_lexical_calendar_publisher_stock
26764,4,clara_k16,text_pca64_lexical_calendar_publisher_stock
26768,0,clara_k16,text_pca64_lexical_calendar_publisher_stock
26778,0,clara_k16,text_pca64_lexical_calendar_publisher_stock
26780,6,clara_k16,text_pca64_lexical_calendar_publisher_stock
26785,2,clara_k16,text_pca64_lexical_calendar_publisher_stock
26789,1,clara_k16,text_pca64_lexical_calendar_publisher_stock
26791,6,clara_k16,text_pca64_lexical_calendar_publisher_stock
26792,6,clara_k16,text_pca64_lexical_calendar_publisher_stock
26812,11,clara_k16,text_pca64_lexical_calendar_publisher_stock
26816,0,clara_k16,text_pca64_lexical_calendar_publisher_stock
26821,0,clara_k16,text_pca64_lexical_calendar_publisher_stock
26829,0,clara_k16,text_pca64_lexical_calendar_publisher_stock
26845,1,clara_k16,text_pca64_lexical_calendar_publisher_stock
26846,13,clara_k16,text_pca64_lexical_calendar_publisher_stock
26864,7,clara_k16,text_pca64_lexical_calendar_publisher_stock
26867,0,clara_k16,text_pca64_lexical_calendar_publisher_stock
26869,4,clara_k16,text_pca64_lexical_calendar_publisher_stock
26873,6,clara_k16,text_pca64_lexical_calendar_publisher_stock
26890,14,clara_k16,text_pca64_lexical_calendar_publisher_stock
26892,13,clara_k16,text_pca64_lexical_calendar_publisher_stock
26894,0,clara_k16,text_pca64_lexical_calendar_publisher_stock
26900,1,clara_k16,text_pca64_lexical_calendar_publisher_stock
26908,0,clara_k16,text_pca64_lexical_calendar_publisher_stock
26911,13,clara_k16,text_pca64_lexical_calendar_publisher_stock
26919,13,clara_k16,text_pca64_lexical_calendar_publisher_stock
26922,13,clara_k16,text_pca64_lexical_calendar_publisher_stock
26934,4,clara_k16,text_pca64_lexical_calendar_publisher_stock
26936,15,clara_k16,text_pca64_lexical_calendar_publisher_stock
26940,1,clara_k16,text_pca64_lexical_calendar_publisher_stock
26941,12,clara_k16,text_pca64_lexical_calendar_publisher_stock
26963,4,clara_k16,text_pca64_lexical_calendar_publisher_stock
26967,1,clara_k16,text_pca64_lexical_calendar_publisher_stock
26970,0,clara_k16,text_pca64_lexical_calendar_publisher_stock
26973,4,clara_k16,text_pca64_lexical_calendar_publisher_stock
26977,1,clara_k16,text_pca64_lexical_calendar_publisher_stock
26979,0,clara_k16,text_pca64_lexical_calendar_publisher_stock
26983,3,clara_k16,text_pca64_lexical_calendar_publisher_stock
27012,1,clara_k16,text_pca64_lexical_calendar_publisher_stock
27017,2,clara_k16,text_pca64_lexical_calendar_publisher_stock
27021,2,clara_k16,text_pca64_lexical_calendar_publisher_stock
27022,0,clara_k16,text_pca64_lexical_calendar_publisher_stock
27028,2,clara_k16,text_pca64_lexical_calendar_publisher_stock
27047,2,clara_k16,text_pca64_lexical_calendar_publisher_stock
27053,0,clara_k16,text_pca64_lexical_calendar_publisher_stock
27058,5,clara_k16,text_pca64_lexical_calendar_publisher_stock
27067,13,clara_k16,text_pca64_lexical_calendar_publisher_stock
27071,6,clara_k16,text_pca64_lexical_calendar_publisher_stock
27078,0,clara_k16,text_pca64_lexical_calendar_publisher_stock
27084,0,clara_k16,text_pca64_lexical_calendar_publisher_stock
27085,0,clara_k16,text_pca64_lexical_calendar_publisher_stock
27093,2,clara_k16,text_pca64_lexical_calendar_publisher_stock
27098,5,clara_k16,text_pca64_lexical_calendar_publisher_stock
27099,0,clara_k16,text_pca64_lexical_calendar_publisher_stock
27104,5,clara_k16,text_pca64_lexical_calendar_publisher_stock
27107,12,clara_k16,text_pca64_lexical_calendar_publisher_stock
27110,14,clara_k16,text_pca64_lexical_calendar_publisher_stock
27112,6,clara_k16,text_pca64_lexical_calendar_publisher_stock
27116,6,clara_k16,text_pca64_lexical_calendar_publisher_stock
27121,12,clara_k16,text_pca64_lexical_calendar_publisher_stock
27126,0,clara_k16,text_pca64_lexical_calendar_publisher_stock
27137,2,clara_k16,text_pca64_lexical_calendar_publisher_stock
27142,6,clara_k16,text_pca64_lexical_calendar_publisher_stock
27145,11,clara_k16,text_pca64_lexical_calendar_publisher_stock
27159,14,clara_k16,text_pca64_lexical_calendar_publisher_stock
27169,13,clara_k16,text_pca64_lexical_calendar_publisher_stock
27176,0,clara_k16,text_pca64_lexical_calendar_publisher_stock
27183,5,clara_k16,text_pca64_lexical_calendar_publisher_stock
27187,12,clara_k16,text_pca64_lexical_calendar_publisher_stock
27212,2,clara_k16,text_pca64_lexical_calendar_publisher_stock
27227,12,clara_k16,text_pca64_lexical_calendar_publisher_stock
27229,2,clara_k16,text_pca64_lexical_calendar_publisher_stock
27233,12,clara_k16,text_pca64_lexical_calendar_publisher_stock
27234,13,clara_k16,text_pca64_lexical_calendar_publisher_stock
27237,0,clara_k16,text_pca64_lexical_calendar_publisher_stock
27239,2,clara_k16,text_pca64_lexical_calendar_publisher_stock
27244,2,clara_k16,text_pca64_lexical_calendar_publisher_stock
27249,2,clara_k16,text_pca64_lexical_calendar_publisher_stock
27252,12,clara_k16,text_pca64_lexical_calendar_publisher_stock
27259,13,clara_k16,text_pca64_lexical_calendar_publisher_stock
27261,2,clara_k16,text_pca64_lexical_calendar_publisher_stock
27264,6,clara_k16,text_pca64_lexical_calendar_publisher_stock
27270,6,clara_k16,text_pca64_lexical_calendar_publisher_stock
27271,0,clara_k16,text_pca64_lexical_calendar_publisher_stock
27283,8,clara_k16,text_pca64_lexical_calendar_publisher_stock
27286,0,clara_k16,text_pca64_lexical_calendar_publisher_stock
27295,8,clara_k16,text_pca64_lexical_calendar_publisher_stock
27316,6,clara_k16,text_pca64_lexical_calendar_publisher_stock
27334,0,clara_k16,text_pca64_lexical_calendar_publisher_stock
27335,8,clara_k16,text_pca64_lexical_calendar_publisher_stock
27336,6,clara_k16,text_pca64_lexical_calendar_publisher_stock
27343,6,clara_k16,text_pca64_lexical_calendar_publisher_stock
27344,11,clara_k16,text_pca64_lexical_calendar_publisher_stock
27363,0,clara_k16,text_pca64_lexical_calendar_publisher_stock
27379,0,clara_k16,text_pca64_lexical_calendar_publisher_stock
27380,13,clara_k16,text_pca64_lexical_calendar_publisher_stock
27381,6,clara_k16,text_pca64_lexical_calendar_publisher_stock
27403,0,clara_k16,text_pca64_lexical_calendar_publisher_stock
27404,0,clara_k16,text_pca64_lexical_calendar_publisher_stock
27409,0,clara_k16,text_pca64_lexical_calendar_publisher_stock
27411,0,clara_k16,text_pca64_lexical_calendar_publisher_stock
27418,0,clara_k16,text_pca64_lexical_calendar_publisher_stock
27435,8,clara_k16,text_pca64_lexical_calendar_publisher_stock
27437,0,clara_k16,text_pca64_lexical_calendar_publisher_stock
27448,13,clara_k16,text_pca64_lexical_calendar_publisher_stock
27449,1,clara_k16,text_pca64_lexical_calendar_publisher_stock
27456,13,clara_k16,text_pca64_lexical_calendar_publisher_stock
27458,8,clara_k16,text_pca64_lexical_calendar_publisher_stock
27459,8,clara_k16,text_pca64_lexical_calendar_publisher_stock
27463,0,clara_k16,text_pca64_lexical_calendar_publisher_stock
27466,2,clara_k16,text_pca64_lexical_calendar_publisher_stock
27471,4,clara_k16,text_pca64_lexical_calendar_publisher_stock
27495,4,clara_k16,text_pca64_lexical_calendar_publisher_stock
27507,4,clara_k16,text_pca64_lexical_calendar_publisher_stock
27537,12,clara_k16,text_pca64_lexical_calendar_publisher_stock
27543,0,clara_k16,text_pca64_lexical_calendar_publisher_stock
27545,1,clara_k16,text_pca64_lexical_calendar_publisher_stock
27555,6,clara_k16,text_pca64_lexical_calendar_publisher_stock
27581,4,clara_k16,text_pca64_lexical_calendar_publisher_stock
27582,1,clara_k16,text_pca64_lexical_calendar_publisher_stock
27585,0,clara_k16,text_pca64_lexical_calendar_publisher_stock
27587,13,clara_k16,text_pca64_lexical_calendar_publisher_stock
27595,2,clara_k16,text_pca64_lexical_calendar_publisher_stock
27602,0,clara_k16,text_pca64_lexical_calendar_publisher_stock
27614,0,clara_k16,text_pca64_lexical_calendar_publisher_stock
27636,5,clara_k16,text_pca64_lexical_calendar_publisher_stock
27637,0,clara_k16,text_pca64_lexical_calendar_publisher_stock
27642,1,clara_k16,text_pca64_lexical_calendar_publisher_stock
27643,5,clara_k16,text_pca64_lexical_calendar_publisher_stock
27646,0,clara_k16,text_pca64_lexical_calendar_publisher_stock
27652,5,clara_k16,text_pca64_lexical_calendar_publisher_stock
27667,2,clara_k16,text_pca64_lexical_calendar_publisher_stock
27670,12,clara_k16,text_pca64_lexical_calendar_publisher_stock
27688,1,clara_k16,text_pca64_lexical_calendar_publisher_stock
27693,14,clara_k16,text_pca64_lexical_calendar_publisher_stock
27698,0,clara_k16,text_pca64_lexical_calendar_publisher_stock
27701,1,clara_k16,text_pca64_lexical_calendar_publisher_stock
27717,0,clara_k16,text_pca64_lexical_calendar_publisher_stock
27720,2,clara_k16,text_pca64_lexical_calendar_publisher_stock
27724,6,clara_k16,text_pca64_lexical_calendar_publisher_stock
27733,4,clara_k16,text_pca64_lexical_calendar_publisher_stock
27741,1,clara_k16,text_pca64_lexical_calendar_publisher_stock
27743,0,clara_k16,text_pca64_lexical_calendar_publisher_stock
27772,13,clara_k16,text_pca64_lexical_calendar_publisher_stock
27784,1,clara_k16,text_pca64_lexical_calendar_publisher_stock
27790,6,clara_k16,text_pca64_lexical_calendar_publisher_stock
27795,6,clara_k16,text_pca64_lexical_calendar_publisher_stock
27800,2,clara_k16,text_pca64_lexical_calendar_publisher_stock
27801,0,clara_k16,text_pca64_lexical_calendar_publisher_stock
27804,0,clara_k16,text_pca64_lexical_calendar_publisher_stock
27805,1,clara_k16,text_pca64_lexical_calendar_publisher_stock
27816,7,clara_k16,text_pca64_lexical_calendar_publisher_stock
27819,0,clara_k16,text_pca64_lexical_calendar_publisher_stock
27820,2,clara_k16,text_pca64_lexical_calendar_publisher_stock
27831,2,clara_k16,text_pca64_lexical_calendar_publisher_stock
27847,4,clara_k16,text_pca64_lexical_calendar_publisher_stock
27851,0,clara_k16,text_pca64_lexical_calendar_publisher_stock
27864,0,clara_k16,text_pca64_lexical_calendar_publisher_stock
27869,6,clara_k16,text_pca64_lexical_calendar_publisher_stock
27876,13,clara_k16,text_pca64_lexical_calendar_publisher_stock
27886,4,clara_k16,text_pca64_lexical_calendar_publisher_stock
27888,14,clara_k16,text_pca64_lexical_calendar_publisher_stock
27901,2,clara_k16,text_pca64_lexical_calendar_publisher_stock
27903,9,clara_k16,text_pca64_lexical_calendar_publisher_stock
27914,6,clara_k16,text_pca64_lexical_calendar_publisher_stock
27918,6,clara_k16,text_pca64_lexical_calendar_publisher_stock
27923,0,clara_k16,text_pca64_lexical_calendar_publisher_stock
27925,4,clara_k16,text_pca64_lexical_calendar_publisher_stock
27953,2,clara_k16,text_pca64_lexical_calendar_publisher_stock
27963,4,clara_k16,text_pca64_lexical_calendar_publisher_stock
27964,14,clara_k16,text_pca64_lexical_calendar_publisher_stock
27966,0,clara_k16,text_pca64_lexical_calendar_publisher_stock
27970,0,clara_k16,text_pca64_lexical_calendar_publisher_stock
27972,6,clara_k16,text_pca64_lexical_calendar_publisher_stock
27976,1,clara_k16,text_pca64_lexical_calendar_publisher_stock
27979,13,clara_k16,text_pca64_lexical_calendar_publisher_stock
27989,2,clara_k16,text_pca64_lexical_calendar_publisher_stock
27998,0,clara_k16,text_pca64_lexical_calendar_publisher_stock
28005,2,clara_k16,text_pca64_lexical_calendar_publisher_stock
28009,1,clara_k16,text_pca64_lexical_calendar_publisher_stock
28010,0,clara_k16,text_pca64_lexical_calendar_publisher_stock
28011,0,clara_k16,text_pca64_lexical_calendar_publisher_stock
28012,0,clara_k16,text_pca64_lexical_calendar_publisher_stock
28030,0,clara_k16,text_pca64_lexical_calendar_publisher_stock
28035,2,clara_k16,text_pca64_lexical_calendar_publisher_stock
28043,2,clara_k16,text_pca64_lexical_calendar_publisher_stock
28046,0,clara_k16,text_pca64_lexical_calendar_publisher_stock
28049,1,clara_k16,text_pca64_lexical_calendar_publisher_stock
28056,2,clara_k16,text_pca64_lexical_calendar_publisher_stock
28072,1,clara_k16,text_pca64_lexical_calendar_publisher_stock
28073,0,clara_k16,text_pca64_lexical_calendar_publisher_stock
28075,6,clara_k16,text_pca64_lexical_calendar_publisher_stock
28078,6,clara_k16,text_pca64_lexical_calendar_publisher_stock
28079,9,clara_k16,text_pca64_lexical_calendar_publisher_stock
28089,2,clara_k16,text_pca64_lexical_calendar_publisher_stock
28098,0,clara_k16,text_pca64_lexical_calendar_publisher_stock
28100,1,clara_k16,text_pca64_lexical_calendar_publisher_stock
28102,0,clara_k16,text_pca64_lexical_calendar_publisher_stock
28103,1,clara_k16,text_pca64_lexical_calendar_publisher_stock
28104,1,clara_k16,text_pca64_lexical_calendar_publisher_stock
28109,4,clara_k16,text_pca64_lexical_calendar_publisher_stock
28110,2,clara_k16,text_pca64_lexical_calendar_publisher_stock
28126,1,clara_k16,text_pca64_lexical_calendar_publisher_stock
28137,2,clara_k16,text_pca64_lexical_calendar_publisher_stock
28144,0,clara_k16,text_pca64_lexical_calendar_publisher_stock
28146,1,clara_k16,text_pca64_lexical_calendar_publisher_stock
28153,1,clara_k16,text_pca64_lexical_calendar_publisher_stock
28175,6,clara_k16,text_pca64_lexical_calendar_publisher_stock
28177,4,clara_k16,text_pca64_lexical_calendar_publisher_stock
28186,2,clara_k16,text_pca64_lexical_calendar_publisher_stock
28189,13,clara_k16,text_pca64_lexical_calendar_publisher_stock
28211,2,clara_k16,text_pca64_lexical_calendar_publisher_stock
28221,13,clara_k16,text_pca64_lexical_calendar_publisher_stock
28238,1,clara_k16,text_pca64_lexical_calendar_publisher_stock
28243,4,clara_k16,text_pca64_lexical_calendar_publisher_stock
28265,5,clara_k16,text_pca64_lexical_calendar_publisher_stock
28267,5,clara_k16,text_pca64_lexical_calendar_publisher_stock
28286,2,clara_k16,text_pca64_lexical_calendar_publisher_stock
28292,1,clara_k16,text_pca64_lexical_calendar_publisher_stock
28296,6,clara_k16,text_pca64_lexical_calendar_publisher_stock
28297,0,clara_k16,text_pca64_lexical_calendar_publisher_stock
28303,4,clara_k16,text_pca64_lexical_calendar_publisher_stock
28312,0,clara_k16,text_pca64_lexical_calendar_publisher_stock
28316,4,clara_k16,text_pca64_lexical_calendar_publisher_stock
28323,6,clara_k16,text_pca64_lexical_calendar_publisher_stock
28326,4,clara_k16,text_pca64_lexical_calendar_publisher_stock
28335,1,clara_k16,text_pca64_lexical_calendar_publisher_stock
28342,2,clara_k16,text_pca64_lexical_calendar_publisher_stock
28362,1,clara_k16,text_pca64_lexical_calendar_publisher_stock
28366,4,clara_k16,text_pca64_lexical_calendar_publisher_stock
28382,4,clara_k16,text_pca64_lexical_calendar_publisher_stock
28384,1,clara_k16,text_pca64_lexical_calendar_publisher_stock
28399,4,clara_k16,text_pca64_lexical_calendar_publisher_stock
28406,1,clara_k16,text_pca64_lexical_calendar_publisher_stock
28409,0,clara_k16,text_pca64_lexical_calendar_publisher_stock
28413,4,clara_k16,text_pca64_lexical_calendar_publisher_stock
28422,0,clara_k16,text_pca64_lexical_calendar_publisher_stock
28427,1,clara_k16,text_pca64_lexical_calendar_publisher_stock
28437,13,clara_k16,text_pca64_lexical_calendar_publisher_stock
28441,13,clara_k16,text_pca64_lexical_calendar_publisher_stock
28458,1,clara_k16,text_pca64_lexical_calendar_publisher_stock
28463,13,clara_k16,text_pca64_lexical_calendar_publisher_stock
28467,4,clara_k16,text_pca64_lexical_calendar_publisher_stock
28471,4,clara_k16,text_pca64_lexical_calendar_publisher_stock
28472,4,clara_k16,text_pca64_lexical_calendar_publisher_stock
28486,0,clara_k16,text_pca64_lexical_calendar_publisher_stock
28495,2,clara_k16,text_pca64_lexical_calendar_publisher_stock
28496,0,clara_k16,text_pca64_lexical_calendar_publisher_stock
28510,1,clara_k16,text_pca64_lexical_calendar_publisher_stock
28516,0,clara_k16,text_pca64_lexical_calendar_publisher_stock
28521,0,clara_k16,text_pca64_lexical_calendar_publisher_stock
28533,0,clara_k16,text_pca64_lexical_calendar_publisher_stock
28550,0,clara_k16,text_pca64_lexical_calendar_publisher_stock
28558,0,clara_k16,text_pca64_lexical_calendar_publisher_stock
28565,14,clara_k16,text_pca64_lexical_calendar_publisher_stock
28579,1,clara_k16,text_pca64_lexical_calendar_publisher_stock
28583,4,clara_k16,text_pca64_lexical_calendar_publisher_stock
28585,0,clara_k16,text_pca64_lexical_calendar_publisher_stock
28589,1,clara_k16,text_pca64_lexical_calendar_publisher_stock
28596,1,clara_k16,text_pca64_lexical_calendar_publisher_stock
28600,1,clara_k16,text_pca64_lexical_calendar_publisher_stock
28601,13,clara_k16,text_pca64_lexical_calendar_publisher_stock
28608,0,clara_k16,text_pca64_lexical_calendar_publisher_stock
28622,1,clara_k16,text_pca64_lexical_calendar_publisher_stock
28624,0,clara_k16,text_pca64_lexical_calendar_publisher_stock
28636,0,clara_k16,text_pca64_lexical_calendar_publisher_stock
28642,11,clara_k16,text_pca64_lexical_calendar_publisher_stock
28644,2,clara_k16,text_pca64_lexical_calendar_publisher_stock
28650,0,clara_k16,text_pca64_lexical_calendar_publisher_stock
28664,6,clara_k16,text_pca64_lexical_calendar_publisher_stock
28666,11,clara_k16,text_pca64_lexical_calendar_publisher_stock
28674,1,clara_k16,text_pca64_lexical_calendar_publisher_stock
28679,6,clara_k16,text_pca64_lexical_calendar_publisher_stock
28710,0,clara_k16,text_pca64_lexical_calendar_publisher_stock
28717,0,clara_k16,text_pca64_lexical_calendar_publisher_stock
28739,1,clara_k16,text_pca64_lexical_calendar_publisher_stock
28740,12,clara_k16,text_pca64_lexical_calendar_publisher_stock
28745,0,clara_k16,text_pca64_lexical_calendar_publisher_stock
28747,6,clara_k16,text_pca64_lexical_calendar_publisher_stock
28762,1,clara_k16,text_pca64_lexical_calendar_publisher_stock
28778,0,clara_k16,text_pca64_lexical_calendar_publisher_stock
28785,13,clara_k16,text_pca64_lexical_calendar_publisher_stock
28792,6,clara_k16,text_pca64_lexical_calendar_publisher_stock
28799,4,clara_k16,text_pca64_lexical_calendar_publisher_stock
28801,15,clara_k16,text_pca64_lexical_calendar_publisher_stock
28809,4,clara_k16,text_pca64_lexical_calendar_publisher_stock
28815,10,clara_k16,text_pca64_lexical_calendar_publisher_stock
28816,1,clara_k16,text_pca64_lexical_calendar_publisher_stock
28817,4,clara_k16,text_pca64_lexical_calendar_publisher_stock
28818,3,clara_k16,text_pca64_lexical_calendar_publisher_stock
28839,13,clara_k16,text_pca64_lexical_calendar_publisher_stock
28852,12,clara_k16,text_pca64_lexical_calendar_publisher_stock
28861,0,clara_k16,text_pca64_lexical_calendar_publisher_stock
28862,2,clara_k16,text_pca64_lexical_calendar_publisher_stock
28866,0,clara_k16,text_pca64_lexical_calendar_publisher_stock
28877,1,clara_k16,text_pca64_lexical_calendar_publisher_stock
28881,0,clara_k16,text_pca64_lexical_calendar_publisher_stock
28890,13,clara_k16,text_pca64_lexical_calendar_publisher_stock
28895,12,clara_k16,text_pca64_lexical_calendar_publisher_stock
28898,4,clara_k16,text_pca64_lexical_calendar_publisher_stock
28903,2,clara_k16,text_pca64_lexical_calendar_publisher_stock
28905,1,clara_k16,text_pca64_lexical_calendar_publisher_stock
28912,0,clara_k16,text_pca64_lexical_calendar_publisher_stock
28921,0,clara_k16,text_pca64_lexical_calendar_publisher_stock
28934,2,clara_k16,text_pca64_lexical_calendar_publisher_stock
28944,11,clara_k16,text_pca64_lexical_calendar_publisher_stock
28945,1,clara_k16,text_pca64_lexical_calendar_publisher_stock
28961,0,clara_k16,text_pca64_lexical_calendar_publisher_stock
28966,7,clara_k16,text_pca64_lexical_calendar_publisher_stock
28971,1,clara_k16,text_pca64_lexical_calendar_publisher_stock
29017,7,clara_k16,text_pca64_lexical_calendar_publisher_stock
29019,2,clara_k16,text_pca64_lexical_calendar_publisher_stock
29021,0,clara_k16,text_pca64_lexical_calendar_publisher_stock
29023,7,clara_k16,text_pca64_lexical_calendar_publisher_stock
29026,7,clara_k16,text_pca64_lexical_calendar_publisher_stock
29038,6,clara_k16,text_pca64_lexical_calendar_publisher_stock
29040,6,clara_k16,text_pca64_lexical_calendar_publisher_stock
29049,4,clara_k16,text_pca64_lexical_calendar_publisher_stock
29050,6,clara_k16,text_pca64_lexical_calendar_publisher_stock
29056,3,clara_k16,text_pca64_lexical_calendar_publisher_stock
29057,3,clara_k16,text_pca64_lexical_calendar_publisher_stock
29058,1,clara_k16,text_pca64_lexical_calendar_publisher_stock
29064,4,clara_k16,text_pca64_lexical_calendar_publisher_stock
29068,4,clara_k16,text_pca64_lexical_calendar_publisher_stock
29109,4,clara_k16,text_pca64_lexical_calendar_publisher_stock
29110,4,clara_k16,text_pca64_lexical_calendar_publisher_stock
29111,4,clara_k16,text_pca64_lexical_calendar_publisher_stock
29127,1,clara_k16,text_pca64_lexical_calendar_publisher_stock
29128,15,clara_k16,text_pca64_lexical_calendar_publisher_stock
29130,2,clara_k16,text_pca64_lexical_calendar_publisher_stock
29131,6,clara_k16,text_pca64_lexical_calendar_publisher_stock
29133,0,clara_k16,text_pca64_lexical_calendar_publisher_stock
29137,9,clara_k16,text_pca64_lexical_calendar_publisher_stock
29138,13,clara_k16,text_pca64_lexical_calendar_publisher_stock
29154,13,clara_k16,text_pca64_lexical_calendar_publisher_stock
29159,12,clara_k16,text_pca64_lexical_calendar_publisher_stock
29174,4,clara_k16,text_pca64_lexical_calendar_publisher_stock
29175,0,clara_k16,text_pca64_lexical_calendar_publisher_stock
29177,0,clara_k16,text_pca64_lexical_calendar_publisher_stock
29182,2,clara_k16,text_pca64_lexical_calendar_publisher_stock
29186,2,clara_k16,text_pca64_lexical_calendar_publisher_stock
29188,0,clara_k16,text_pca64_lexical_calendar_publisher_stock
29195,12,clara_k16,text_pca64_lexical_calendar_publisher_stock
29207,0,clara_k16,text_pca64_lexical_calendar_publisher_stock
29211,2,clara_k16,text_pca64_lexical_calendar_publisher_stock
29217,0,clara_k16,text_pca64_lexical_calendar_publisher_stock
29222,12,clara_k16,text_pca64_lexical_calendar_publisher_stock
29226,12,clara_k16,text_pca64_lexical_calendar_publisher_stock
29231,0,clara_k16,text_pca64_lexical_calendar_publisher_stock
29233,0,clara_k16,text_pca64_lexical_calendar_publisher_stock
29238,9,clara_k16,text_pca64_lexical_calendar_publisher_stock
29242,2,clara_k16,text_pca64_lexical_calendar_publisher_stock
29245,6,clara_k16,text_pca64_lexical_calendar_publisher_stock
29266,0,clara_k16,text_pca64_lexical_calendar_publisher_stock
29267,8,clara_k16,text_pca64_lexical_calendar_publisher_stock
29268,6,clara_k16,text_pca64_lexical_calendar_publisher_stock
29284,6,clara_k16,text_pca64_lexical_calendar_publisher_stock
29294,0,clara_k16,text_pca64_lexical_calendar_publisher_stock
29305,2,clara_k16,text_pca64_lexical_calendar_publisher_stock
29306,13,clara_k16,text_pca64_lexical_calendar_publisher_stock
29311,4,clara_k16,text_pca64_lexical_calendar_publisher_stock
29321,0,clara_k16,text_pca64_lexical_calendar_publisher_stock
29323,1,clara_k16,text_pca64_lexical_calendar_publisher_stock
29325,0,clara_k16,text_pca64_lexical_calendar_publisher_stock
29333,11,clara_k16,text_pca64_lexical_calendar_publisher_stock
29334,11,clara_k16,text_pca64_lexical_calendar_publisher_stock
29335,2,clara_k16,text_pca64_lexical_calendar_publisher_stock
29337,11,clara_k16,text_pca64_lexical_calendar_publisher_stock
29338,11,clara_k16,text_pca64_lexical_calendar_publisher_stock
29343,1,clara_k16,text_pca64_lexical_calendar_publisher_stock
29349,11,clara_k16,text_pca64_lexical_calendar_publisher_stock
29352,0,clara_k16,text_pca64_lexical_calendar_publisher_stock
29354,11,clara_k16,text_pca64_lexical_calendar_publisher_stock
29355,0,clara_k16,text_pca64_lexical_calendar_publisher_stock
29360,12,clara_k16,text_pca64_lexical_calendar_publisher_stock
29366,6,clara_k16,text_pca64_lexical_calendar_publisher_stock
29382,11,clara_k16,text_pca64_lexical_calendar_publisher_stock
29383,0,clara_k16,text_pca64_lexical_calendar_publisher_stock
29391,13,clara_k16,text_pca64_lexical_calendar_publisher_stock
29395,13,clara_k16,text_pca64_lexical_calendar_publisher_stock
29406,0,clara_k16,text_pca64_lexical_calendar_publisher_stock
29412,0,clara_k16,text_pca64_lexical_calendar_publisher_stock
29413,9,clara_k16,text_pca64_lexical_calendar_publisher_stock
29414,2,clara_k16,text_pca64_lexical_calendar_publisher_stock
29429,2,clara_k16,text_pca64_lexical_calendar_publisher_stock
29435,9,clara_k16,text_pca64_lexical_calendar_publisher_stock
29440,13,clara_k16,text_pca64_lexical_calendar_publisher_stock
29449,4,clara_k16,text_pca64_lexical_calendar_publisher_stock
29454,4,clara_k16,text_pca64_lexical_calendar_publisher_stock
29457,4,clara_k16,text_pca64_lexical_calendar_publisher_stock
29464,1,clara_k16,text_pca64_lexical_calendar_publisher_stock
29465,13,clara_k16,text_pca64_lexical_calendar_publisher_stock
29468,1,clara_k16,text_pca64_lexical_calendar_publisher_stock
29474,2,clara_k16,text_pca64_lexical_calendar_publisher_stock
29479,4,clara_k16,text_pca64_lexical_calendar_publisher_stock
29499,11,clara_k16,text_pca64_lexical_calendar_publisher_stock
29505,7,clara_k16,text_pca64_lexical_calendar_publisher_stock
29506,1,clara_k16,text_pca64_lexical_calendar_publisher_stock
29507,2,clara_k16,text_pca64_lexical_calendar_publisher_stock
29514,11,clara_k16,text_pca64_lexical_calendar_publisher_stock
29515,12,clara_k16,text_pca64_lexical_calendar_publisher_stock
29517,1,clara_k16,text_pca64_lexical_calendar_publisher_stock
29521,11,clara_k16,text_pca64_lexical_calendar_publisher_stock
29525,12,clara_k16,text_pca64_lexical_calendar_publisher_stock
29534,12,clara_k16,text_pca64_lexical_calendar_publisher_stock
29536,11,clara_k16,text_pca64_lexical_calendar_publisher_stock
29538,0,clara_k16,text_pca64_lexical_calendar_publisher_stock
29551,0,clara_k16,text_pca64_lexical_calendar_publisher_stock
29560,2,clara_k16,text_pca64_lexical_calendar_publisher_stock
29567,2,clara_k16,text_pca64_lexical_calendar_publisher_stock
29571,12,clara_k16,text_pca64_lexical_calendar_publisher_stock
29573,13,clara_k16,text_pca64_lexical_calendar_publisher_stock
29578,2,clara_k16,text_pca64_lexical_calendar_publisher_stock
29586,7,clara_k16,text_pca64_lexical_calendar_publisher_stock
29596,5,clara_k16,text_pca64_lexical_calendar_publisher_stock
29599,0,clara_k16,text_pca64_lexical_calendar_publisher_stock
29615,13,clara_k16,text_pca64_lexical_calendar_publisher_stock
29618,12,clara_k16,text_pca64_lexical_calendar_publisher_stock
29634,1,clara_k16,text_pca64_lexical_calendar_publisher_stock
29637,4,clara_k16,text_pca64_lexical_calendar_publisher_stock
29647,1,clara_k16,text_pca64_lexical_calendar_publisher_stock
29649,0,clara_k16,text_pca64_lexical_calendar_publisher_stock
29650,6,clara_k16,text_pca64_lexical_calendar_publisher_stock
29659,4,clara_k16,text_pca64_lexical_calendar_publisher_stock
29674,1,clara_k16,text_pca64_lexical_calendar_publisher_stock
29694,3,clara_k16,text_pca64_lexical_calendar_publisher_stock
29699,13,clara_k16,text_pca64_lexical_calendar_publisher_stock
29706,3,clara_k16,text_pca64_lexical_calendar_publisher_stock
29708,1,clara_k16,text_pca64_lexical_calendar_publisher_stock
29718,3,clara_k16,text_pca64_lexical_calendar_publisher_stock
29719,3,clara_k16,text_pca64_lexical_calendar_publisher_stock
29723,4,clara_k16,text_pca64_lexical_calendar_publisher_stock
29724,6,clara_k16,text_pca64_lexical_calendar_publisher_stock
29747,1,clara_k16,text_pca64_lexical_calendar_publisher_stock
29758,1,clara_k16,text_pca64_lexical_calendar_publisher_stock
29760,15,clara_k16,text_pca64_lexical_calendar_publisher_stock
29769,12,clara_k16,text_pca64_lexical_calendar_publisher_stock
29775,0,clara_k16,text_pca64_lexical_calendar_publisher_stock
29776,0,clara_k16,text_pca64_lexical_calendar_publisher_stock
29781,12,clara_k16,text_pca64_lexical_calendar_publisher_stock
29786,15,clara_k16,text_pca64_lexical_calendar_publisher_stock
29788,0,clara_k16,text_pca64_lexical_calendar_publisher_stock
29804,11,clara_k16,text_pca64_lexical_calendar_publisher_stock
29807,6,clara_k16,text_pca64_lexical_calendar_publisher_stock
29809,0,clara_k16,text_pca64_lexical_calendar_publisher_stock
29823,2,clara_k16,text_pca64_lexical_calendar_publisher_stock
29828,0,clara_k16,text_pca64_lexical_calendar_publisher_stock
29843,6,clara_k16,text_pca64_lexical_calendar_publisher_stock
29845,0,clara_k16,text_pca64_lexical_calendar_publisher_stock
29847,14,clara_k16,text_pca64_lexical_calendar_publisher_stock
29857,0,clara_k16,text_pca64_lexical_calendar_publisher_stock
29868,13,clara_k16,text_pca64_lexical_calendar_publisher_stock
29869,2,clara_k16,text_pca64_lexical_calendar_publisher_stock
29875,0,clara_k16,text_pca64_lexical_calendar_publisher_stock
29885,0,clara_k16,text_pca64_lexical_calendar_publisher_stock
29887,1,clara_k16,text_pca64_lexical_calendar_publisher_stock
29889,6,clara_k16,text_pca64_lexical_calendar_publisher_stock
29896,0,clara_k16,text_pca64_lexical_calendar_publisher_stock
29900,4,clara_k16,text_pca64_lexical_calendar_publisher_stock
29901,6,clara_k16,text_pca64_lexical_calendar_publisher_stock
29909,0,clara_k16,text_pca64_lexical_calendar_publisher_stock
29915,0,clara_k16,text_pca64_lexical_calendar_publisher_stock
29920,13,clara_k16,text_pca64_lexical_calendar_publisher_stock
29931,13,clara_k16,text_pca64_lexical_calendar_publisher_stock
29934,13,clara_k16,text_pca64_lexical_calendar_publisher_stock
29937,5,clara_k16,text_pca64_lexical_calendar_publisher_stock
29939,1,clara_k16,text_pca64_lexical_calendar_publisher_stock
29944,0,clara_k16,text_pca64_lexical_calendar_publisher_stock
29946,9,clara_k16,text_pca64_lexical_calendar_publisher_stock
29950,0,clara_k16,text_pca64_lexical_calendar_publisher_stock
29952,0,clara_k16,text_pca64_lexical_calendar_publisher_stock
29957,0,clara_k16,text_pca64_lexical_calendar_publisher_stock
29972,13,clara_k16,text_pca64_lexical_calendar_publisher_stock
29976,0,clara_k16,text_pca64_lexical_calendar_publisher_stock
29979,2,clara_k16,text_pca64_lexical_calendar_publisher_stock
29981,1,clara_k16,text_pca64_lexical_calendar_publisher_stock
29983,6,clara_k16,text_pca64_lexical_calendar_publisher_stock
29988,0,clara_k16,text_pca64_lexical_calendar_publisher_stock
30000,4,clara_k16,text_pca64_lexical_calendar_publisher_stock
30004,12,clara_k16,text_pca64_lexical_calendar_publisher_stock
30016,2,clara_k16,text_pca64_lexical_calendar_publisher_stock
30017,12,clara_k16,text_pca64_lexical_calendar_publisher_stock
30021,0,clara_k16,text_pca64_lexical_calendar_publisher_stock
30023,4,clara_k16,text_pca64_lexical_calendar_publisher_stock
30026,1,clara_k16,text_pca64_lexical_calendar_publisher_stock
30035,1,clara_k16,text_pca64_lexical_calendar_publisher_stock
30039,8,clara_k16,text_pca64_lexical_calendar_publisher_stock
30040,0,clara_k16,text_pca64_lexical_calendar_publisher_stock
30053,1,clara_k16,text_pca64_lexical_calendar_publisher_stock
30059,6,clara_k16,text_pca64_lexical_calendar_publisher_stock
30061,0,clara_k16,text_pca64_lexical_calendar_publisher_stock
30065,0,clara_k16,text_pca64_lexical_calendar_publisher_stock
30067,4,clara_k16,text_pca64_lexical_calendar_publisher_stock
30082,1,clara_k16,text_pca64_lexical_calendar_publisher_stock
30088,12,clara_k16,text_pca64_lexical_calendar_publisher_stock
30094,4,clara_k16,text_pca64_lexical_calendar_publisher_stock
30095,13,clara_k16,text_pca64_lexical_calendar_publisher_stock
30098,5,clara_k16,text_pca64_lexical_calendar_publisher_stock
30125,0,clara_k16,text_pca64_lexical_calendar_publisher_stock
30127,0,clara_k16,text_pca64_lexical_calendar_publisher_stock
30144,0,clara_k16,text_pca64_lexical_calendar_publisher_stock
30149,6,clara_k16,text_pca64_lexical_calendar_publisher_stock
30151,6,clara_k16,text_pca64_lexical_calendar_publisher_stock
30153,0,clara_k16,text_pca64_lexical_calendar_publisher_stock
30154,2,clara_k16,text_pca64_lexical_calendar_publisher_stock
30156,4,clara_k16,text_pca64_lexical_calendar_publisher_stock
30157,4,clara_k16,text_pca64_lexical_calendar_publisher_stock
30160,2,clara_k16,text_pca64_lexical_calendar_publisher_stock
30170,6,clara_k16,text_pca64_lexical_calendar_publisher_stock
30174,7,clara_k16,text_pca64_lexical_calendar_publisher_stock
30181,13,clara_k16,text_pca64_lexical_calendar_publisher_stock
30187,11,clara_k16,text_pca64_lexical_calendar_publisher_stock
30188,6,clara_k16,text_pca64_lexical_calendar_publisher_stock
30211,2,clara_k16,text_pca64_lexical_calendar_publisher_stock
30220,4,clara_k16,text_pca64_lexical_calendar_publisher_stock
30223,0,clara_k16,text_pca64_lexical_calendar_publisher_stock
30229,11,clara_k16,text_pca64_lexical_calendar_publisher_stock
30231,2,clara_k16,text_pca64_lexical_calendar_publisher_stock
30258,2,clara_k16,text_pca64_lexical_calendar_publisher_stock
30272,0,clara_k16,text_pca64_lexical_calendar_publisher_stock
30277,12,clara_k16,text_pca64_lexical_calendar_publisher_stock
30282,11,clara_k16,text_pca64_lexical_calendar_publisher_stock
30292,2,clara_k16,text_pca64_lexical_calendar_publisher_stock
30293,12,clara_k16,text_pca64_lexical_calendar_publisher_stock
30310,7,clara_k16,text_pca64_lexical_calendar_publisher_stock
30316,0,clara_k16,text_pca64_lexical_calendar_publisher_stock
30320,1,clara_k16,text_pca64_lexical_calendar_publisher_stock
30321,2,clara_k16,text_pca64_lexical_calendar_publisher_stock
30329,6,clara_k16,text_pca64_lexical_calendar_publisher_stock
30334,6,clara_k16,text_pca64_lexical_calendar_publisher_stock
30336,4,clara_k16,text_pca64_lexical_calendar_publisher_stock
30338,1,clara_k16,text_pca64_lexical_calendar_publisher_stock
30345,4,clara_k16,text_pca64_lexical_calendar_publisher_stock
30349,13,clara_k16,text_pca64_lexical_calendar_publisher_stock
30357,0,clara_k16,text_pca64_lexical_calendar_publisher_stock
30362,2,clara_k16,text_pca64_lexical_calendar_publisher_stock
30363,12,clara_k16,text_pca64_lexical_calendar_publisher_stock
30378,4,clara_k16,text_pca64_lexical_calendar_publisher_stock
30379,2,clara_k16,text_pca64_lexical_calendar_publisher_stock
30387,6,clara_k16,text_pca64_lexical_calendar_publisher_stock
30390,14,clara_k16,text_pca64_lexical_calendar_publisher_stock
30397,1,clara_k16,text_pca64_lexical_calendar_publisher_stock
30400,10,clara_k16,text_pca64_lexical_calendar_publisher_stock
30405,12,clara_k16,text_pca64_lexical_calendar_publisher_stock
30407,4,clara_k16,text_pca64_lexical_calendar_publisher_stock
30409,13,clara_k16,text_pca64_lexical_calendar_publisher_stock
30414,10,clara_k16,text_pca64_lexical_calendar_publisher_stock
30417,6,clara_k16,text_pca64_lexical_calendar_publisher_stock
30418,2,clara_k16,text_pca64_lexical_calendar_publisher_stock
30420,6,clara_k16,text_pca64_lexical_calendar_publisher_stock
30430,6,clara_k16,text_pca64_lexical_calendar_publisher_stock
30452,10,clara_k16,text_pca64_lexical_calendar_publisher_stock
30454,11,clara_k16,text_pca64_lexical_calendar_publisher_stock
30463,6,clara_k16,text_pca64_lexical_calendar_publisher_stock
30464,11,clara_k16,text_pca64_lexical_calendar_publisher_stock
30469,2,clara_k16,text_pca64_lexical_calendar_publisher_stock
30470,7,clara_k16,text_pca64_lexical_calendar_publisher_stock
30476,2,clara_k16,text_pca64_lexical_calendar_publisher_stock
30485,0,clara_k16,text_pca64_lexical_calendar_publisher_stock
30491,2,clara_k16,text_pca64_lexical_calendar_publisher_stock
30500,4,clara_k16,text_pca64_lexical_calendar_publisher_stock
30502,2,clara_k16,text_pca64_lexical_calendar_publisher_stock
30510,7,clara_k16,text_pca64_lexical_calendar_publisher_stock
30511,2,clara_k16,text_pca64_lexical_calendar_publisher_stock
30512,6,clara_k16,text_pca64_lexical_calendar_publisher_stock
30528,1,clara_k16,text_pca64_lexical_calendar_publisher_stock
30529,13,clara_k16,text_pca64_lexical_calendar_publisher_stock
30533,10,clara_k16,text_pca64_lexical_calendar_publisher_stock
30554,4,clara_k16,text_pca64_lexical_calendar_publisher_stock
30572,2,clara_k16,text_pca64_lexical_calendar_publisher_stock
30576,13,clara_k16,text_pca64_lexical_calendar_publisher_stock
30578,6,clara_k16,text_pca64_lexical_calendar_publisher_stock
30590,0,clara_k16,text_pca64_lexical_calendar_publisher_stock
30598,2,clara_k16,text_pca64_lexical_calendar_publisher_stock
30621,6,clara_k16,text_pca64_lexical_calendar_publisher_stock
30635,1,clara_k16,text_pca64_lexical_calendar_publisher_stock
30637,2,clara_k16,text_pca64_lexical_calendar_publisher_stock
30640,0,clara_k16,text_pca64_lexical_calendar_publisher_stock
30658,0,clara_k16,text_pca64_lexical_calendar_publisher_stock
30662,4,clara_k16,text_pca64_lexical_calendar_publisher_stock
30670,0,clara_k16,text_pca64_lexical_calendar_publisher_stock
30673,2,clara_k16,text_pca64_lexical_calendar_publisher_stock
30683,0,clara_k16,text_pca64_lexical_calendar_publisher_stock
30686,14,clara_k16,text_pca64_lexical_calendar_publisher_stock
30687,11,clara_k16,text_pca64_lexical_calendar_publisher_stock
30690,13,clara_k16,text_pca64_lexical_calendar_publisher_stock
30708,0,clara_k16,text_pca64_lexical_calendar_publisher_stock
30710,1,clara_k16,text_pca64_lexical_calendar_publisher_stock
30712,0,clara_k16,text_pca64_lexical_calendar_publisher_stock
30721,4,clara_k16,text_pca64_lexical_calendar_publisher_stock
30724,0,clara_k16,text_pca64_lexical_calendar_publisher_stock
30725,4,clara_k16,text_pca64_lexical_calendar_publisher_stock
30728,6,clara_k16,text_pca64_lexical_calendar_publisher_stock
30732,0,clara_k16,text_pca64_lexical_calendar_publisher_stock
30738,6,clara_k16,text_pca64_lexical_calendar_publisher_stock
30758,6,clara_k16,text_pca64_lexical_calendar_publisher_stock
30764,1,clara_k16,text_pca64_lexical_calendar_publisher_stock
30781,1,clara_k16,text_pca64_lexical_calendar_publisher_stock
30784,1,clara_k16,text_pca64_lexical_calendar_publisher_stock
30797,1,clara_k16,text_pca64_lexical_calendar_publisher_stock
30803,13,clara_k16,text_pca64_lexical_calendar_publisher_stock
30813,12,clara_k16,text_pca64_lexical_calendar_publisher_stock
30818,1,clara_k16,text_pca64_lexical_calendar_publisher_stock
30820,13,clara_k16,text_pca64_lexical_calendar_publisher_stock
30822,6,clara_k16,text_pca64_lexical_calendar_publisher_stock
30828,4,clara_k16,text_pca64_lexical_calendar_publisher_stock
30829,12,clara_k16,text_pca64_lexical_calendar_publisher_stock
30834,0,clara_k16,text_pca64_lexical_calendar_publisher_stock
30835,1,clara_k16,text_pca64_lexical_calendar_publisher_stock
30839,0,clara_k16,text_pca64_lexical_calendar_publisher_stock
30840,1,clara_k16,text_pca64_lexical_calendar_publisher_stock
30848,6,clara_k16,text_pca64_lexical_calendar_publisher_stock
30849,1,clara_k16,text_pca64_lexical_calendar_publisher_stock
30852,1,clara_k16,text_pca64_lexical_calendar_publisher_stock
30855,13,clara_k16,text_pca64_lexical_calendar_publisher_stock
30861,4,clara_k16,text_pca64_lexical_calendar_publisher_stock
30862,1,clara_k16,text_pca64_lexical_calendar_publisher_stock
30864,2,clara_k16,text_pca64_lexical_calendar_publisher_stock
30874,13,clara_k16,text_pca64_lexical_calendar_publisher_stock
30877,4,clara_k16,text_pca64_lexical_calendar_publisher_stock
30883,13,clara_k16,text_pca64_lexical_calendar_publisher_stock
30884,1,clara_k16,text_pca64_lexical_calendar_publisher_stock
30895,1,clara_k16,text_pca64_lexical_calendar_publisher_stock
30896,9,clara_k16,text_pca64_lexical_calendar_publisher_stock
30902,6,clara_k16,text_pca64_lexical_calendar_publisher_stock
30909,4,clara_k16,text_pca64_lexical_calendar_publisher_stock
30919,4,clara_k16,text_pca64_lexical_calendar_publisher_stock
30948,1,clara_k16,text_pca64_lexical_calendar_publisher_stock
30952,0,clara_k16,text_pca64_lexical_calendar_publisher_stock
30953,4,clara_k16,text_pca64_lexical_calendar_publisher_stock
30958,1,clara_k16,text_pca64_lexical_calendar_publisher_stock
30959,1,clara_k16,text_pca64_lexical_calendar_publisher_stock
30962,1,clara_k16,text_pca64_lexical_calendar_publisher_stock
30963,12,clara_k16,text_pca64_lexical_calendar_publisher_stock
30965,1,clara_k16,text_pca64_lexical_calendar_publisher_stock
30967,11,clara_k16,text_pca64_lexical_calendar_publisher_stock
30969,1,clara_k16,text_pca64_lexical_calendar_publisher_stock
30983,6,clara_k16,text_pca64_lexical_calendar_publisher_stock
30994,0,clara_k16,text_pca64_lexical_calendar_publisher_stock
30998,0,clara_k16,text_pca64_lexical_calendar_publisher_stock
31003,0,clara_k16,text_pca64_lexical_calendar_publisher_stock
31006,4,clara_k16,text_pca64_lexical_calendar_publisher_stock
31008,1,clara_k16,text_pca64_lexical_calendar_publisher_stock
31009,0,clara_k16,text_pca64_lexical_calendar_publisher_stock
31015,4,clara_k16,text_pca64_lexical_calendar_publisher_stock
31021,4,clara_k16,text_pca64_lexical_calendar_publisher_stock
31022,6,clara_k16,text_pca64_lexical_calendar_publisher_stock
31032,13,clara_k16,text_pca64_lexical_calendar_publisher_stock
31049,4,clara_k16,text_pca64_lexical_calendar_publisher_stock
31056,6,clara_k16,text_pca64_lexical_calendar_publisher_stock
31059,13,clara_k16,text_pca64_lexical_calendar_publisher_stock
31060,4,clara_k16,text_pca64_lexical_calendar_publisher_stock
31078,2,clara_k16,text_pca64_lexical_calendar_publisher_stock
31079,4,clara_k16,text_pca64_lexical_calendar_publisher_stock
31083,12,clara_k16,text_pca64_lexical_calendar_publisher_stock
31098,4,clara_k16,text_pca64_lexical_calendar_publisher_stock
31120,1,clara_k16,text_pca64_lexical_calendar_publisher_stock
31134,3,clara_k16,text_pca64_lexical_calendar_publisher_stock
31148,4,clara_k16,text_pca64_lexical_calendar_publisher_stock
31161,1,clara_k16,text_pca64_lexical_calendar_publisher_stock
31165,1,clara_k16,text_pca64_lexical_calendar_publisher_stock
31166,4,clara_k16,text_pca64_lexical_calendar_publisher_stock
31167,4,clara_k16,text_pca64_lexical_calendar_publisher_stock
31168,12,clara_k16,text_pca64_lexical_calendar_publisher_stock
31176,0,clara_k16,text_pca64_lexical_calendar_publisher_stock
31179,0,clara_k16,text_pca64_lexical_calendar_publisher_stock
31183,2,clara_k16,text_pca64_lexical_calendar_publisher_stock
31192,6,clara_k16,text_pca64_lexical_calendar_publisher_stock
31196,6,clara_k16,text_pca64_lexical_calendar_publisher_stock
31197,2,clara_k16,text_pca64_lexical_calendar_publisher_stock
31206,1,clara_k16,text_pca64_lexical_calendar_publisher_stock
31220,0,clara_k16,text_pca64_lexical_calendar_publisher_stock
31231,4,clara_k16,text_pca64_lexical_calendar_publisher_stock
31243,4,clara_k16,text_pca64_lexical_calendar_publisher_stock
31248,2,clara_k16,text_pca64_lexical_calendar_publisher_stock
31249,1,clara_k16,text_pca64_lexical_calendar_publisher_stock
31265,4,clara_k16,text_pca64_lexical_calendar_publisher_stock
31266,15,clara_k16,text_pca64_lexical_calendar_publisher_stock
31270,10,clara_k16,text_pca64_lexical_calendar_publisher_stock
31271,4,clara_k16,text_pca64_lexical_calendar_publisher_stock
31282,4,clara_k16,text_pca64_lexical_calendar_publisher_stock
31284,0,clara_k16,text_pca64_lexical_calendar_publisher_stock
31287,13,clara_k16,text_pca64_lexical_calendar_publisher_stock
31290,4,clara_k16,text_pca64_lexical_calendar_publisher_stock
31302,6,clara_k16,text_pca64_lexical_calendar_publisher_stock
31306,0,clara_k16,text_pca64_lexical_calendar_publisher_stock
31326,1,clara_k16,text_pca64_lexical_calendar_publisher_stock
31333,0,clara_k16,text_pca64_lexical_calendar_publisher_stock
31341,4,clara_k16,text_pca64_lexical_calendar_publisher_stock
31344,1,clara_k16,text_pca64_lexical_calendar_publisher_stock
31355,13,clara_k16,text_pca64_lexical_calendar_publisher_stock
31366,13,clara_k16,text_pca64_lexical_calendar_publisher_stock
31370,1,clara_k16,text_pca64_lexical_calendar_publisher_stock
31372,0,clara_k16,text_pca64_lexical_calendar_publisher_stock
31375,1,clara_k16,text_pca64_lexical_calendar_publisher_stock
31378,15,clara_k16,text_pca64_lexical_calendar_publisher_stock
31380,15,clara_k16,text_pca64_lexical_calendar_publisher_stock
31402,4,clara_k16,text_pca64_lexical_calendar_publisher_stock
31404,14,clara_k16,text_pca64_lexical_calendar_publisher_stock
31409,0,clara_k16,text_pca64_lexical_calendar_publisher_stock
31418,0,clara_k16,text_pca64_lexical_calendar_publisher_stock
31427,15,clara_k16,text_pca64_lexical_calendar_publisher_stock
31429,10,clara_k16,text_pca64_lexical_calendar_publisher_stock
31431,4,clara_k16,text_pca64_lexical_calendar_publisher_stock
31442,13,clara_k16,text_pca64_lexical_calendar_publisher_stock
31447,4,clara_k16,text_pca64_lexical_calendar_publisher_stock
31451,0,clara_k16,text_pca64_lexical_calendar_publisher_stock
31462,4,clara_k16,text_pca64_lexical_calendar_publisher_stock
31470,11,clara_k16,text_pca64_lexical_calendar_publisher_stock
31482,4,clara_k16,text_pca64_lexical_calendar_publisher_stock
31483,0,clara_k16,text_pca64_lexical_calendar_publisher_stock
31490,2,clara_k16,text_pca64_lexical_calendar_publisher_stock
31504,1,clara_k16,text_pca64_lexical_calendar_publisher_stock
31513,1,clara_k16,text_pca64_lexical_calendar_publisher_stock
31527,1,clara_k16,text_pca64_lexical_calendar_publisher_stock
31529,14,clara_k16,text_pca64_lexical_calendar_publisher_stock
31540,1,clara_k16,text_pca64_lexical_calendar_publisher_stock
31550,4,clara_k16,text_pca64_lexical_calendar_publisher_stock
31553,6,clara_k16,text_pca64_lexical_calendar_publisher_stock
31564,6,clara_k16,text_pca64_lexical_calendar_publisher_stock
31569,4,clara_k16,text_pca64_lexical_calendar_publisher_stock
31570,1,clara_k16,text_pca64_lexical_calendar_publisher_stock
31590,0,clara_k16,text_pca64_lexical_calendar_publisher_stock
31591,4,clara_k16,text_pca64_lexical_calendar_publisher_stock
31595,1,clara_k16,text_pca64_lexical_calendar_publisher_stock
31622,4,clara_k16,text_pca64_lexical_calendar_publisher_stock
31631,0,clara_k16,text_pca64_lexical_calendar_publisher_stock
31634,1,clara_k16,text_pca64_lexical_calendar_publisher_stock
31650,1,clara_k16,text_pca64_lexical_calendar_publisher_stock
31659,1,clara_k16,text_pca64_lexical_calendar_publisher_stock
31681,0,clara_k16,text_pca64_lexical_calendar_publisher_stock
31685,0,clara_k16,text_pca64_lexical_calendar_publisher_stock
31690,13,clara_k16,text_pca64_lexical_calendar_publisher_stock
31692,11,clara_k16,text_pca64_lexical_calendar_publisher_stock
31694,1,clara_k16,text_pca64_lexical_calendar_publisher_stock
31697,0,clara_k16,text_pca64_lexical_calendar_publisher_stock
31698,0,clara_k16,text_pca64_lexical_calendar_publisher_stock
31700,1,clara_k16,text_pca64_lexical_calendar_publisher_stock
31703,4,clara_k16,text_pca64_lexical_calendar_publisher_stock
31719,0,clara_k16,text_pca64_lexical_calendar_publisher_stock
31727,6,clara_k16,text_pca64_lexical_calendar_publisher_stock
31731,1,clara_k16,text_pca64_lexical_calendar_publisher_stock
31733,0,clara_k16,text_pca64_lexical_calendar_publisher_stock
31737,1,clara_k16,text_pca64_lexical_calendar_publisher_stock
31743,0,clara_k16,text_pca64_lexical_calendar_publisher_stock
31744,14,clara_k16,text_pca64_lexical_calendar_publisher_stock
31758,13,clara_k16,text_pca64_lexical_calendar_publisher_stock
31763,0,clara_k16,text_pca64_lexical_calendar_publisher_stock
31774,12,clara_k16,text_pca64_lexical_calendar_publisher_stock
31776,13,clara_k16,text_pca64_lexical_calendar_publisher_stock
31780,4,clara_k16,text_pca64_lexical_calendar_publisher_stock
31787,4,clara_k16,text_pca64_lexical_calendar_publisher_stock
31789,3,clara_k16,text_pca64_lexical_calendar_publisher_stock
31794,2,clara_k16,text_pca64_lexical_calendar_publisher_stock
31796,11,clara_k16,text_pca64_lexical_calendar_publisher_stock
31809,15,clara_k16,text_pca64_lexical_calendar_publisher_stock
31813,0,clara_k16,text_pca64_lexical_calendar_publisher_stock
31827,11,clara_k16,text_pca64_lexical_calendar_publisher_stock
31835,6,clara_k16,text_pca64_lexical_calendar_publisher_stock
31838,12,clara_k16,text_pca64_lexical_calendar_publisher_stock
31840,0,clara_k16,text_pca64_lexical_calendar_publisher_stock
31855,2,clara_k16,text_pca64_lexical_calendar_publisher_stock
31861,2,clara_k16,text_pca64_lexical_calendar_publisher_stock
31865,0,clara_k16,text_pca64_lexical_calendar_publisher_stock
31870,0,clara_k16,text_pca64_lexical_calendar_publisher_stock
31871,1,clara_k16,text_pca64_lexical_calendar_publisher_stock
31878,1,clara_k16,text_pca64_lexical_calendar_publisher_stock
31880,4,clara_k16,text_pca64_lexical_calendar_publisher_stock
31895,14,clara_k16,text_pca64_lexical_calendar_publisher_stock
31908,6,clara_k16,text_pca64_lexical_calendar_publisher_stock
31916,6,clara_k16,text_pca64_lexical_calendar_publisher_stock
31918,14,clara_k16,text_pca64_lexical_calendar_publisher_stock
31920,0,clara_k16,text_pca64_lexical_calendar_publisher_stock
31922,1,clara_k16,text_pca64_lexical_calendar_publisher_stock
31939,0,clara_k16,text_pca64_lexical_calendar_publisher_stock
31944,0,clara_k16,text_pca64_lexical_calendar_publisher_stock
31948,0,clara_k16,text_pca64_lexical_calendar_publisher_stock
31955,14,clara_k16,text_pca64_lexical_calendar_publisher_stock
31960,1,clara_k16,text_pca64_lexical_calendar_publisher_stock
31968,2,clara_k16,text_pca64_lexical_calendar_publisher_stock
31997,6,clara_k16,text_pca64_lexical_calendar_publisher_stock
31998,0,clara_k16,text_pca64_lexical_calendar_publisher_stock
32002,6,clara_k16,text_pca64_lexical_calendar_publisher_stock
32004,1,clara_k16,text_pca64_lexical_calendar_publisher_stock
32005,6,clara_k16,text_pca64_lexical_calendar_publisher_stock
32015,2,clara_k16,text_pca64_lexical_calendar_publisher_stock
32017,2,clara_k16,text_pca64_lexical_calendar_publisher_stock
32025,2,clara_k16,text_pca64_lexical_calendar_publisher_stock
32030,0,clara_k16,text_pca64_lexical_calendar_publisher_stock
32042,1,clara_k16,text_pca64_lexical_calendar_publisher_stock
32048,0,clara_k16,text_pca64_lexical_calendar_publisher_stock
32055,0,clara_k16,text_pca64_lexical_calendar_publisher_stock
32056,0,clara_k16,text_pca64_lexical_calendar_publisher_stock
32060,12,clara_k16,text_pca64_lexical_calendar_publisher_stock
32071,12,clara_k16,text_pca64_lexical_calendar_publisher_stock
32072,0,clara_k16,text_pca64_lexical_calendar_publisher_stock
32073,0,clara_k16,text_pca64_lexical_calendar_publisher_stock
32080,0,clara_k16,text_pca64_lexical_calendar_publisher_stock
32087,0,clara_k16,text_pca64_lexical_calendar_publisher_stock
32092,2,clara_k16,text_pca64_lexical_calendar_publisher_stock
32096,14,clara_k16,text_pca64_lexical_calendar_publisher_stock
32102,0,clara_k16,text_pca64_lexical_calendar_publisher_stock
32108,0,clara_k16,text_pca64_lexical_calendar_publisher_stock
32114,2,clara_k16,text_pca64_lexical_calendar_publisher_stock
32118,1,clara_k16,text_pca64_lexical_calendar_publisher_stock
32123,0,clara_k16,text_pca64_lexical_calendar_publisher_stock
32127,2,clara_k16,text_pca64_lexical_calendar_publisher_stock
32133,0,clara_k16,text_pca64_lexical_calendar_publisher_stock
32134,11,clara_k16,text_pca64_lexical_calendar_publisher_stock
32138,0,clara_k16,text_pca64_lexical_calendar_publisher_stock
32141,8,clara_k16,text_pca64_lexical_calendar_publisher_stock
32159,14,clara_k16,text_pca64_lexical_calendar_publisher_stock
32178,0,clara_k16,text_pca64_lexical_calendar_publisher_stock
32180,0,clara_k16,text_pca64_lexical_calendar_publisher_stock
32182,8,clara_k16,text_pca64_lexical_calendar_publisher_stock
32186,0,clara_k16,text_pca64_lexical_calendar_publisher_stock
32200,12,clara_k16,text_pca64_lexical_calendar_publisher_stock
32204,0,clara_k16,text_pca64_lexical_calendar_publisher_stock
32213,1,clara_k16,text_pca64_lexical_calendar_publisher_stock
32226,4,clara_k16,text_pca64_lexical_calendar_publisher_stock
32233,14,clara_k16,text_pca64_lexical_calendar_publisher_stock
32236,2,clara_k16,text_pca64_lexical_calendar_publisher_stock
32248,0,clara_k16,text_pca64_lexical_calendar_publisher_stock
32257,0,clara_k16,text_pca64_lexical_calendar_publisher_stock
32260,7,clara_k16,text_pca64_lexical_calendar_publisher_stock
32269,5,clara_k16,text_pca64_lexical_calendar_publisher_stock
32273,13,clara_k16,text_pca64_lexical_calendar_publisher_stock
32277,1,clara_k16,text_pca64_lexical_calendar_publisher_stock
32280,14,clara_k16,text_pca64_lexical_calendar_publisher_stock
32283,6,clara_k16,text_pca64_lexical_calendar_publisher_stock
32301,4,clara_k16,text_pca64_lexical_calendar_publisher_stock
32311,1,clara_k16,text_pca64_lexical_calendar_publisher_stock
32318,9,clara_k16,text_pca64_lexical_calendar_publisher_stock
32319,7,clara_k16,text_pca64_lexical_calendar_publisher_stock
32320,0,clara_k16,text_pca64_lexical_calendar_publisher_stock
32321,13,clara_k16,text_pca64_lexical_calendar_publisher_stock
32325,6,clara_k16,text_pca64_lexical_calendar_publisher_stock
32339,2,clara_k16,text_pca64_lexical_calendar_publisher_stock
32342,13,clara_k16,text_pca64_lexical_calendar_publisher_stock
32347,4,clara_k16,text_pca64_lexical_calendar_publisher_stock
32366,4,clara_k16,text_pca64_lexical_calendar_publisher_stock
32373,2,clara_k16,text_pca64_lexical_calendar_publisher_stock
32375,6,clara_k16,text_pca64_lexical_calendar_publisher_stock
32384,1,clara_k16,text_pca64_lexical_calendar_publisher_stock
32385,5,clara_k16,text_pca64_lexical_calendar_publisher_stock
32386,0,clara_k16,text_pca64_lexical_calendar_publisher_stock
32387,12,clara_k16,text_pca64_lexical_calendar_publisher_stock
32394,14,clara_k16,text_pca64_lexical_calendar_publisher_stock
32404,6,clara_k16,text_pca64_lexical_calendar_publisher_stock
32410,6,clara_k16,text_pca64_lexical_calendar_publisher_stock
32416,6,clara_k16,text_pca64_lexical_calendar_publisher_stock
32417,13,clara_k16,text_pca64_lexical_calendar_publisher_stock
32420,2,clara_k16,text_pca64_lexical_calendar_publisher_stock
32422,15,clara_k16,text_pca64_lexical_calendar_publisher_stock
32426,12,clara_k16,text_pca64_lexical_calendar_publisher_stock
32434,10,clara_k16,text_pca64_lexical_calendar_publisher_stock
32440,0,clara_k16,text_pca64_lexical_calendar_publisher_stock
32452,1,clara_k16,text_pca64_lexical_calendar_publisher_stock
32455,0,clara_k16,text_pca64_lexical_calendar_publisher_stock
32459,0,clara_k16,text_pca64_lexical_calendar_publisher_stock
32464,12,clara_k16,text_pca64_lexical_calendar_publisher_stock
32478,9,clara_k16,text_pca64_lexical_calendar_publisher_stock
32485,12,clara_k16,text_pca64_lexical_calendar_publisher_stock
32489,0,clara_k16,text_pca64_lexical_calendar_publisher_stock
32490,1,clara_k16,text_pca64_lexical_calendar_publisher_stock
32495,6,clara_k16,text_pca64_lexical_calendar_publisher_stock
32497,5,clara_k16,text_pca64_lexical_calendar_publisher_stock
32510,2,clara_k16,text_pca64_lexical_calendar_publisher_stock
32534,2,clara_k16,text_pca64_lexical_calendar_publisher_stock
32537,2,clara_k16,text_pca64_lexical_calendar_publisher_stock
32538,12,clara_k16,text_pca64_lexical_calendar_publisher_stock
32539,6,clara_k16,text_pca64_lexical_calendar_publisher_stock
32540,0,clara_k16,text_pca64_lexical_calendar_publisher_stock
32546,0,clara_k16,text_pca64_lexical_calendar_publisher_stock
32549,1,clara_k16,text_pca64_lexical_calendar_publisher_stock
32576,1,clara_k16,text_pca64_lexical_calendar_publisher_stock
32579,0,clara_k16,text_pca64_lexical_calendar_publisher_stock
32581,0,clara_k16,text_pca64_lexical_calendar_publisher_stock
32590,13,clara_k16,text_pca64_lexical_calendar_publisher_stock
32592,2,clara_k16,text_pca64_lexical_calendar_publisher_stock
32608,14,clara_k16,text_pca64_lexical_calendar_publisher_stock
32610,0,clara_k16,text_pca64_lexical_calendar_publisher_stock
32612,0,clara_k16,text_pca64_lexical_calendar_publisher_stock
32613,0,clara_k16,text_pca64_lexical_calendar_publisher_stock
32620,1,clara_k16,text_pca64_lexical_calendar_publisher_stock
32638,1,clara_k16,text_pca64_lexical_calendar_publisher_stock
32644,4,clara_k16,text_pca64_lexical_calendar_publisher_stock
32645,1,clara_k16,text_pca64_lexical_calendar_publisher_stock
32659,1,clara_k16,text_pca64_lexical_calendar_publisher_stock
32665,4,clara_k16,text_pca64_lexical_calendar_publisher_stock
32674,2,clara_k16,text_pca64_lexical_calendar_publisher_stock
32677,6,clara_k16,text_pca64_lexical_calendar_publisher_stock
32684,1,clara_k16,text_pca64_lexical_calendar_publisher_stock
32695,0,clara_k16,text_pca64_lexical_calendar_publisher_stock
32702,0,clara_k16,text_pca64_lexical_calendar_publisher_stock
32704,1,clara_k16,text_pca64_lexical_calendar_publisher_stock
32706,1,clara_k16,text_pca64_lexical_calendar_publisher_stock
32710,0,clara_k16,text_pca64_lexical_calendar_publisher_stock
32715,4,clara_k16,text_pca64_lexical_calendar_publisher_stock
32718,4,clara_k16,text_pca64_lexical_calendar_publisher_stock
32730,4,clara_k16,text_pca64_lexical_calendar_publisher_stock
32738,0,clara_k16,text_pca64_lexical_calendar_publisher_stock
32755,6,clara_k16,text_pca64_lexical_calendar_publisher_stock
32757,0,clara_k16,text_pca64_lexical_calendar_publisher_stock
32763,0,clara_k16,text_pca64_lexical_calendar_publisher_stock
32764,0,clara_k16,text_pca64_lexical_calendar_publisher_stock
32770,0,clara_k16,text_pca64_lexical_calendar_publisher_stock
32774,14,clara_k16,text_pca64_lexical_calendar_publisher_stock
32782,4,clara_k16,text_pca64_lexical_calendar_publisher_stock
32796,14,clara_k16,text_pca64_lexical_calendar_publisher_stock
32798,1,clara_k16,text_pca64_lexical_calendar_publisher_stock
32807,0,clara_k16,text_pca64_lexical_calendar_publisher_stock
32809,0,clara_k16,text_pca64_lexical_calendar_publisher_stock
32814,0,clara_k16,text_pca64_lexical_calendar_publisher_stock
32819,0,clara_k16,text_pca64_lexical_calendar_publisher_stock
32829,13,clara_k16,text_pca64_lexical_calendar_publisher_stock
32832,6,clara_k16,text_pca64_lexical_calendar_publisher_stock
32852,0,clara_k16,text_pca64_lexical_calendar_publisher_stock
32865,0,clara_k16,text_pca64_lexical_calendar_publisher_stock
32866,1,clara_k16,text_pca64_lexical_calendar_publisher_stock
32874,4,clara_k16,text_pca64_lexical_calendar_publisher_stock
32877,0,clara_k16,text_pca64_lexical_calendar_publisher_stock
32878,0,clara_k16,text_pca64_lexical_calendar_publisher_stock
32884,0,clara_k16,text_pca64_lexical_calendar_publisher_stock
32885,0,clara_k16,text_pca64_lexical_calendar_publisher_stock
32890,0,clara_k16,text_pca64_lexical_calendar_publisher_stock
32901,0,clara_k16,text_pca64_lexical_calendar_publisher_stock
32902,4,clara_k16,text_pca64_lexical_calendar_publisher_stock
32906,2,clara_k16,text_pca64_lexical_calendar_publisher_stock
32909,13,clara_k16,text_pca64_lexical_calendar_publisher_stock
32929,4,clara_k16,text_pca64_lexical_calendar_publisher_stock
32932,6,clara_k16,text_pca64_lexical_calendar_publisher_stock
32936,1,clara_k16,text_pca64_lexical_calendar_publisher_stock
32937,4,clara_k16,text_pca64_lexical_calendar_publisher_stock
32939,5,clara_k16,text_pca64_lexical_calendar_publisher_stock
32960,1,clara_k16,text_pca64_lexical_calendar_publisher_stock
32978,1,clara_k16,text_pca64_lexical_calendar_publisher_stock
32984,1,clara_k16,text_pca64_lexical_calendar_publisher_stock
32985,4,clara_k16,text_pca64_lexical_calendar_publisher_stock
32989,12,clara_k16,text_pca64_lexical_calendar_publisher_stock
32990,4,clara_k16,text_pca64_lexical_calendar_publisher_stock
32998,1,clara_k16,text_pca64_lexical_calendar_publisher_stock
33003,2,clara_k16,text_pca64_lexical_calendar_publisher_stock
33009,12,clara_k16,text_pca64_lexical_calendar_publisher_stock
33011,13,clara_k16,text_pca64_lexical_calendar_publisher_stock
33017,13,clara_k16,text_pca64_lexical_calendar_publisher_stock
33019,0,clara_k16,text_pca64_lexical_calendar_publisher_stock
33023,4,clara_k16,text_pca64_lexical_calendar_publisher_stock
33024,2,clara_k16,text_pca64_lexical_calendar_publisher_stock
33029,13,clara_k16,text_pca64_lexical_calendar_publisher_stock
33032,0,clara_k16,text_pca64_lexical_calendar_publisher_stock
33041,1,clara_k16,text_pca64_lexical_calendar_publisher_stock
33054,8,clara_k16,text_pca64_lexical_calendar_publisher_stock
33060,9,clara_k16,text_pca64_lexical_calendar_publisher_stock
33066,2,clara_k16,text_pca64_lexical_calendar_publisher_stock
33075,0,clara_k16,text_pca64_lexical_calendar_publisher_stock
33078,0,clara_k16,text_pca64_lexical_calendar_publisher_stock
33079,0,clara_k16,text_pca64_lexical_calendar_publisher_stock
33082,1,clara_k16,text_pca64_lexical_calendar_publisher_stock
33088,0,clara_k16,text_pca64_lexical_calendar_publisher_stock
33100,2,clara_k16,text_pca64_lexical_calendar_publisher_stock
33110,0,clara_k16,text_pca64_lexical_calendar_publisher_stock
33113,4,clara_k16,text_pca64_lexical_calendar_publisher_stock
33114,2,clara_k16,text_pca64_lexical_calendar_publisher_stock
33118,2,clara_k16,text_pca64_lexical_calendar_publisher_stock
33131,0,clara_k16,text_pca64_lexical_calendar_publisher_stock
33134,9,clara_k16,text_pca64_lexical_calendar_publisher_stock
33137,1,clara_k16,text_pca64_lexical_calendar_publisher_stock
33140,0,clara_k16,text_pca64_lexical_calendar_publisher_stock
33151,1,clara_k16,text_pca64_lexical_calendar_publisher_stock
33156,1,clara_k16,text_pca64_lexical_calendar_publisher_stock
33162,6,clara_k16,text_pca64_lexical_calendar_publisher_stock
33169,2,clara_k16,text_pca64_lexical_calendar_publisher_stock
33171,1,clara_k16,text_pca64_lexical_calendar_publisher_stock
33177,0,clara_k16,text_pca64_lexical_calendar_publisher_stock
33190,0,clara_k16,text_pca64_lexical_calendar_publisher_stock
33195,0,clara_k16,text_pca64_lexical_calendar_publisher_stock
33211,4,clara_k16,text_pca64_lexical_calendar_publisher_stock
33212,14,clara_k16,text_pca64_lexical_calendar_publisher_stock
33219,0,clara_k16,text_pca64_lexical_calendar_publisher_stock
33222,0,clara_k16,text_pca64_lexical_calendar_publisher_stock
33225,12,clara_k16,text_pca64_lexical_calendar_publisher_stock
33232,4,clara_k16,text_pca64_lexical_calendar_publisher_stock
33233,6,clara_k16,text_pca64_lexical_calendar_publisher_stock
33242,12,clara_k16,text_pca64_lexical_calendar_publisher_stock
33249,13,clara_k16,text_pca64_lexical_calendar_publisher_stock
33252,13,clara_k16,text_pca64_lexical_calendar_publisher_stock
33255,2,clara_k16,text_pca64_lexical_calendar_publisher_stock
33265,0,clara_k16,text_pca64_lexical_calendar_publisher_stock
33269,0,clara_k16,text_pca64_lexical_calendar_publisher_stock
33281,2,clara_k16,text_pca64_lexical_calendar_publisher_stock
33286,2,clara_k16,text_pca64_lexical_calendar_publisher_stock
33294,2,clara_k16,text_pca64_lexical_calendar_publisher_stock
33295,0,clara_k16,text_pca64_lexical_calendar_publisher_stock
33297,2,clara_k16,text_pca64_lexical_calendar_publisher_stock
33308,1,clara_k16,text_pca64_lexical_calendar_publisher_stock
33309,9,clara_k16,text_pca64_lexical_calendar_publisher_stock
33317,1,clara_k16,text_pca64_lexical_calendar_publisher_stock
33319,2,clara_k16,text_pca64_lexical_calendar_publisher_stock
33327,4,clara_k16,text_pca64_lexical_calendar_publisher_stock
33333,2,clara_k16,text_pca64_lexical_calendar_publisher_stock
33347,0,clara_k16,text_pca64_lexical_calendar_publisher_stock
33358,6,clara_k16,text_pca64_lexical_calendar_publisher_stock
33364,6,clara_k16,text_pca64_lexical_calendar_publisher_stock
33369,2,clara_k16,text_pca64_lexical_calendar_publisher_stock
33376,12,clara_k16,text_pca64_lexical_calendar_publisher_stock
33389,5,clara_k16,text_pca64_lexical_calendar_publisher_stock
33398,2,clara_k16,text_pca64_lexical_calendar_publisher_stock
33403,4,clara_k16,text_pca64_lexical_calendar_publisher_stock
33404,4,clara_k16,text_pca64_lexical_calendar_publisher_stock
33409,1,clara_k16,text_pca64_lexical_calendar_publisher_stock
33413,12,clara_k16,text_pca64_lexical_calendar_publisher_stock
33423,0,clara_k16,text_pca64_lexical_calendar_publisher_stock
33426,13,clara_k16,text_pca64_lexical_calendar_publisher_stock
33429,0,clara_k16,text_pca64_lexical_calendar_publisher_stock
33446,0,clara_k16,text_pca64_lexical_calendar_publisher_stock
33448,0,clara_k16,text_pca64_lexical_calendar_publisher_stock
33454,1,clara_k16,text_pca64_lexical_calendar_publisher_stock
33456,12,clara_k16,text_pca64_lexical_calendar_publisher_stock
33459,0,clara_k16,text_pca64_lexical_calendar_publisher_stock
33467,1,clara_k16,text_pca64_lexical_calendar_publisher_stock
33471,12,clara_k16,text_pca64_lexical_calendar_publisher_stock
33478,4,clara_k16,text_pca64_lexical_calendar_publisher_stock
33480,14,clara_k16,text_pca64_lexical_calendar_publisher_stock
33495,6,clara_k16,text_pca64_lexical_calendar_publisher_stock
33499,0,clara_k16,text_pca64_lexical_calendar_publisher_stock
33502,14,clara_k16,text_pca64_lexical_calendar_publisher_stock
33505,12,clara_k16,text_pca64_lexical_calendar_publisher_stock
33515,13,clara_k16,text_pca64_lexical_calendar_publisher_stock
33522,10,clara_k16,text_pca64_lexical_calendar_publisher_stock
33538,2,clara_k16,text_pca64_lexical_calendar_publisher_stock
33558,4,clara_k16,text_pca64_lexical_calendar_publisher_stock
33560,1,clara_k16,text_pca64_lexical_calendar_publisher_stock
33562,3,clara_k16,text_pca64_lexical_calendar_publisher_stock
33567,11,clara_k16,text_pca64_lexical_calendar_publisher_stock
33569,1,clara_k16,text_pca64_lexical_calendar_publisher_stock
33571,1,clara_k16,text_pca64_lexical_calendar_publisher_stock
33594,1,clara_k16,text_pca64_lexical_calendar_publisher_stock
33599,1,clara_k16,text_pca64_lexical_calendar_publisher_stock
33605,0,clara_k16,text_pca64_lexical_calendar_publisher_stock
33608,4,clara_k16,text_pca64_lexical_calendar_publisher_stock
33621,1,clara_k16,text_pca64_lexical_calendar_publisher_stock
33624,0,clara_k16,text_pca64_lexical_calendar_publisher_stock
33634,12,clara_k16,text_pca64_lexical_calendar_publisher_stock
33636,13,clara_k16,text_pca64_lexical_calendar_publisher_stock
33638,1,clara_k16,text_pca64_lexical_calendar_publisher_stock
33640,12,clara_k16,text_pca64_lexical_calendar_publisher_stock
33648,12,clara_k16,text_pca64_lexical_calendar_publisher_stock
33652,10,clara_k16,text_pca64_lexical_calendar_publisher_stock
33656,1,clara_k16,text_pca64_lexical_calendar_publisher_stock
33659,0,clara_k16,text_pca64_lexical_calendar_publisher_stock
33675,0,clara_k16,text_pca64_lexical_calendar_publisher_stock
33676,11,clara_k16,text_pca64_lexical_calendar_publisher_stock
33681,1,clara_k16,text_pca64_lexical_calendar_publisher_stock
33684,1,clara_k16,text_pca64_lexical_calendar_publisher_stock
33703,1,clara_k16,text_pca64_lexical_calendar_publisher_stock
33704,4,clara_k16,text_pca64_lexical_calendar_publisher_stock
33711,5,clara_k16,text_pca64_lexical_calendar_publisher_stock
33731,6,clara_k16,text_pca64_lexical_calendar_publisher_stock
33735,12,clara_k16,text_pca64_lexical_calendar_publisher_stock
33739,4,clara_k16,text_pca64_lexical_calendar_publisher_stock
33753,2,clara_k16,text_pca64_lexical_calendar_publisher_stock
33767,0,clara_k16,text_pca64_lexical_calendar_publisher_stock
33771,1,clara_k16,text_pca64_lexical_calendar_publisher_stock
33772,14,clara_k16,text_pca64_lexical_calendar_publisher_stock
33789,0,clara_k16,text_pca64_lexical_calendar_publisher_stock
33801,12,clara_k16,text_pca64_lexical_calendar_publisher_stock
33802,2,clara_k16,text_pca64_lexical_calendar_publisher_stock
33803,13,clara_k16,text_pca64_lexical_calendar_publisher_stock
33806,5,clara_k16,text_pca64_lexical_calendar_publisher_stock
33816,13,clara_k16,text_pca64_lexical_calendar_publisher_stock
33833,1,clara_k16,text_pca64_lexical_calendar_publisher_stock
33838,1,clara_k16,text_pca64_lexical_calendar_publisher_stock
33839,12,clara_k16,text_pca64_lexical_calendar_publisher_stock
33858,12,clara_k16,text_pca64_lexical_calendar_publisher_stock
33861,0,clara_k16,text_pca64_lexical_calendar_publisher_stock
33862,6,clara_k16,text_pca64_lexical_calendar_publisher_stock
33869,4,clara_k16,text_pca64_lexical_calendar_publisher_stock
33873,0,clara_k16,text_pca64_lexical_calendar_publisher_stock
33877,1,clara_k16,text_pca64_lexical_calendar_publisher_stock
33878,3,clara_k16,text_pca64_lexical_calendar_publisher_stock
33879,2,clara_k16,text_pca64_lexical_calendar_publisher_stock
33883,0,clara_k16,text_pca64_lexical_calendar_publisher_stock
33886,12,clara_k16,text_pca64_lexical_calendar_publisher_stock
33888,1,clara_k16,text_pca64_lexical_calendar_publisher_stock
33894,2,clara_k16,text_pca64_lexical_calendar_publisher_stock
33909,6,clara_k16,text_pca64_lexical_calendar_publisher_stock
33915,2,clara_k16,text_pca64_lexical_calendar_publisher_stock
33925,0,clara_k16,text_pca64_lexical_calendar_publisher_stock
33929,13,clara_k16,text_pca64_lexical_calendar_publisher_stock
33931,6,clara_k16,text_pca64_lexical_calendar_publisher_stock
33940,6,clara_k16,text_pca64_lexical_calendar_publisher_stock
33943,6,clara_k16,text_pca64_lexical_calendar_publisher_stock
33947,0,clara_k16,text_pca64_lexical_calendar_publisher_stock
33963,4,clara_k16,text_pca64_lexical_calendar_publisher_stock
33965,1,clara_k16,text_pca64_lexical_calendar_publisher_stock
33966,0,clara_k16,text_pca64_lexical_calendar_publisher_stock
33989,6,clara_k16,text_pca64_lexical_calendar_publisher_stock
34007,1,clara_k16,text_pca64_lexical_calendar_publisher_stock
34015,0,clara_k16,text_pca64_lexical_calendar_publisher_stock
34035,0,clara_k16,text_pca64_lexical_calendar_publisher_stock
34038,1,clara_k16,text_pca64_lexical_calendar_publisher_stock
34040,0,clara_k16,text_pca64_lexical_calendar_publisher_stock
34043,1,clara_k16,text_pca64_lexical_calendar_publisher_stock
34059,0,clara_k16,text_pca64_lexical_calendar_publisher_stock
34060,4,clara_k16,text_pca64_lexical_calendar_publisher_stock
34066,2,clara_k16,text_pca64_lexical_calendar_publisher_stock
34080,13,clara_k16,text_pca64_lexical_calendar_publisher_stock
34085,0,clara_k16,text_pca64_lexical_calendar_publisher_stock
34088,2,clara_k16,text_pca64_lexical_calendar_publisher_stock
34089,2,clara_k16,text_pca64_lexical_calendar_publisher_stock
34093,13,clara_k16,text_pca64_lexical_calendar_publisher_stock
34098,13,clara_k16,text_pca64_lexical_calendar_publisher_stock
34108,1,clara_k16,text_pca64_lexical_calendar_publisher_stock
34116,13,clara_k16,text_pca64_lexical_calendar_publisher_stock
34119,4,clara_k16,text_pca64_lexical_calendar_publisher_stock
34123,0,clara_k16,text_pca64_lexical_calendar_publisher_stock
34131,11,clara_k16,text_pca64_lexical_calendar_publisher_stock
34138,13,clara_k16,text_pca64_lexical_calendar_publisher_stock
34140,4,clara_k16,text_pca64_lexical_calendar_publisher_stock
34150,1,clara_k16,text_pca64_lexical_calendar_publisher_stock
34153,1,clara_k16,text_pca64_lexical_calendar_publisher_stock
34170,6,clara_k16,text_pca64_lexical_calendar_publisher_stock
34188,14,clara_k16,text_pca64_lexical_calendar_publisher_stock
34192,4,clara_k16,text_pca64_lexical_calendar_publisher_stock
34203,6,clara_k16,text_pca64_lexical_calendar_publisher_stock
34205,0,clara_k16,text_pca64_lexical_calendar_publisher_stock
34222,1,clara_k16,text_pca64_lexical_calendar_publisher_stock
34223,12,clara_k16,text_pca64_lexical_calendar_publisher_stock
34230,1,clara_k16,text_pca64_lexical_calendar_publisher_stock
34233,13,clara_k16,text_pca64_lexical_calendar_publisher_stock
34236,1,clara_k16,text_pca64_lexical_calendar_publisher_stock
34244,1,clara_k16,text_pca64_lexical_calendar_publisher_stock
34250,13,clara_k16,text_pca64_lexical_calendar_publisher_stock
34251,0,clara_k16,text_pca64_lexical_calendar_publisher_stock
34257,12,clara_k16,text_pca64_lexical_calendar_publisher_stock
34266,2,clara_k16,text_pca64_lexical_calendar_publisher_stock
34271,4,clara_k16,text_pca64_lexical_calendar_publisher_stock
34272,0,clara_k16,text_pca64_lexical_calendar_publisher_stock
34275,6,clara_k16,text_pca64_lexical_calendar_publisher_stock
34276,1,clara_k16,text_pca64_lexical_calendar_publisher_stock
34280,0,clara_k16,text_pca64_lexical_calendar_publisher_stock
34284,4,clara_k16,text_pca64_lexical_calendar_publisher_stock
34285,1,clara_k16,text_pca64_lexical_calendar_publisher_stock
34286,13,clara_k16,text_pca64_lexical_calendar_publisher_stock
34287,4,clara_k16,text_pca64_lexical_calendar_publisher_stock
34292,6,clara_k16,text_pca64_lexical_calendar_publisher_stock
34302,0,clara_k16,text_pca64_lexical_calendar_publisher_stock
34304,4,clara_k16,text_pca64_lexical_calendar_publisher_stock
34327,4,clara_k16,text_pca64_lexical_calendar_publisher_stock
34329,13,clara_k16,text_pca64_lexical_calendar_publisher_stock
34338,4,clara_k16,text_pca64_lexical_calendar_publisher_stock
34342,0,clara_k16,text_pca64_lexical_calendar_publisher_stock
34350,0,clara_k16,text_pca64_lexical_calendar_publisher_stock
34351,1,clara_k16,text_pca64_lexical_calendar_publisher_stock
34352,13,clara_k16,text_pca64_lexical_calendar_publisher_stock
34355,4,clara_k16,text_pca64_lexical_calendar_publisher_stock
34363,12,clara_k16,text_pca64_lexical_calendar_publisher_stock
34401,4,clara_k16,text_pca64_lexical_calendar_publisher_stock
34402,13,clara_k16,text_pca64_lexical_calendar_publisher_stock
34417,4,clara_k16,text_pca64_lexical_calendar_publisher_stock
34420,12,clara_k16,text_pca64_lexical_calendar_publisher_stock
34427,4,clara_k16,text_pca64_lexical_calendar_publisher_stock
34431,4,clara_k16,text_pca64_lexical_calendar_publisher_stock
34437,2,clara_k16,text_pca64_lexical_calendar_publisher_stock
34440,2,clara_k16,text_pca64_lexical_calendar_publisher_stock
34451,0,clara_k16,text_pca64_lexical_calendar_publisher_stock
34455,0,clara_k16,text_pca64_lexical_calendar_publisher_stock
34461,12,clara_k16,text_pca64_lexical_calendar_publisher_stock
34472,0,clara_k16,text_pca64_lexical_calendar_publisher_stock
34476,6,clara_k16,text_pca64_lexical_calendar_publisher_stock
34491,2,clara_k16,text_pca64_lexical_calendar_publisher_stock
34496,0,clara_k16,text_pca64_lexical_calendar_publisher_stock
34502,0,clara_k16,text_pca64_lexical_calendar_publisher_stock
34509,0,clara_k16,text_pca64_lexical_calendar_publisher_stock
34513,12,clara_k16,text_pca64_lexical_calendar_publisher_stock
34514,0,clara_k16,text_pca64_lexical_calendar_publisher_stock
34534,14,clara_k16,text_pca64_lexical_calendar_publisher_stock
34554,2,clara_k16,text_pca64_lexical_calendar_publisher_stock
34559,0,clara_k16,text_pca64_lexical_calendar_publisher_stock
34566,12,clara_k16,text_pca64_lexical_calendar_publisher_stock
34570,2,clara_k16,text_pca64_lexical_calendar_publisher_stock
34573,2,clara_k16,text_pca64_lexical_calendar_publisher_stock
34580,2,clara_k16,text_pca64_lexical_calendar_publisher_stock
34586,6,clara_k16,text_pca64_lexical_calendar_publisher_stock
34590,6,clara_k16,text_pca64_lexical_calendar_publisher_stock
34595,0,clara_k16,text_pca64_lexical_calendar_publisher_stock
34598,2,clara_k16,text_pca64_lexical_calendar_publisher_stock
34605,8,clara_k16,text_pca64_lexical_calendar_publisher_stock
34606,8,clara_k16,text_pca64_lexical_calendar_publisher_stock
34614,0,clara_k16,text_pca64_lexical_calendar_publisher_stock
34625,12,clara_k16,text_pca64_lexical_calendar_publisher_stock
34628,8,clara_k16,text_pca64_lexical_calendar_publisher_stock
34634,6,clara_k16,text_pca64_lexical_calendar_publisher_stock
34637,6,clara_k16,text_pca64_lexical_calendar_publisher_stock
34645,6,clara_k16,text_pca64_lexical_calendar_publisher_stock
34646,14,clara_k16,text_pca64_lexical_calendar_publisher_stock
34652,9,clara_k16,text_pca64_lexical_calendar_publisher_stock
34653,1,clara_k16,text_pca64_lexical_calendar_publisher_stock
34665,13,clara_k16,text_pca64_lexical_calendar_publisher_stock
34667,6,clara_k16,text_pca64_lexical_calendar_publisher_stock
34672,6,clara_k16,text_pca64_lexical_calendar_publisher_stock
34697,6,clara_k16,text_pca64_lexical_calendar_publisher_stock
34706,0,clara_k16,text_pca64_lexical_calendar_publisher_stock
34714,6,clara_k16,text_pca64_lexical_calendar_publisher_stock
34717,6,clara_k16,text_pca64_lexical_calendar_publisher_stock
34719,4,clara_k16,text_pca64_lexical_calendar_publisher_stock
34721,1,clara_k16,text_pca64_lexical_calendar_publisher_stock
34724,2,clara_k16,text_pca64_lexical_calendar_publisher_stock
34735,14,clara_k16,text_pca64_lexical_calendar_publisher_stock
34739,1,clara_k16,text_pca64_lexical_calendar_publisher_stock
34745,4,clara_k16,text_pca64_lexical_calendar_publisher_stock
34752,2,clara_k16,text_pca64_lexical_calendar_publisher_stock
34776,9,clara_k16,text_pca64_lexical_calendar_publisher_stock
34788,4,clara_k16,text_pca64_lexical_calendar_publisher_stock
34789,14,clara_k16,text_pca64_lexical_calendar_publisher_stock
34790,14,clara_k16,text_pca64_lexical_calendar_publisher_stock
34803,0,clara_k16,text_pca64_lexical_calendar_publisher_stock
34807,11,clara_k16,text_pca64_lexical_calendar_publisher_stock
34809,0,clara_k16,text_pca64_lexical_calendar_publisher_stock
34818,4,clara_k16,text_pca64_lexical_calendar_publisher_stock
34823,15,clara_k16,text_pca64_lexical_calendar_publisher_stock
34824,4,clara_k16,text_pca64_lexical_calendar_publisher_stock
34847,13,clara_k16,text_pca64_lexical_calendar_publisher_stock
34848,6,clara_k16,text_pca64_lexical_calendar_publisher_stock
34860,0,clara_k16,text_pca64_lexical_calendar_publisher_stock
34863,12,clara_k16,text_pca64_lexical_calendar_publisher_stock
34882,11,clara_k16,text_pca64_lexical_calendar_publisher_stock
34900,0,clara_k16,text_pca64_lexical_calendar_publisher_stock
34910,0,clara_k16,text_pca64_lexical_calendar_publisher_stock
34915,12,clara_k16,text_pca64_lexical_calendar_publisher_stock
34917,7,clara_k16,text_pca64_lexical_calendar_publisher_stock
34919,14,clara_k16,text_pca64_lexical_calendar_publisher_stock
34921,6,clara_k16,text_pca64_lexical_calendar_publisher_stock
34933,12,clara_k16,text_pca64_lexical_calendar_publisher_stock
34965,4,clara_k16,text_pca64_lexical_calendar_publisher_stock
34976,13,clara_k16,text_pca64_lexical_calendar_publisher_stock
34981,1,clara_k16,text_pca64_lexical_calendar_publisher_stock
34993,0,clara_k16,text_pca64_lexical_calendar_publisher_stock
34995,13,clara_k16,text_pca64_lexical_calendar_publisher_stock
35002,13,clara_k16,text_pca64_lexical_calendar_publisher_stock
35007,13,clara_k16,text_pca64_lexical_calendar_publisher_stock
35012,1,clara_k16,text_pca64_lexical_calendar_publisher_stock
35015,4,clara_k16,text_pca64_lexical_calendar_publisher_stock
35020,3,clara_k16,text_pca64_lexical_calendar_publisher_stock
35025,1,clara_k16,text_pca64_lexical_calendar_publisher_stock
35033,13,clara_k16,text_pca64_lexical_calendar_publisher_stock
35041,3,clara_k16,text_pca64_lexical_calendar_publisher_stock
35045,13,clara_k16,text_pca64_lexical_calendar_publisher_stock
35052,1,clara_k16,text_pca64_lexical_calendar_publisher_stock
35064,13,clara_k16,text_pca64_lexical_calendar_publisher_stock
35067,1,clara_k16,text_pca64_lexical_calendar_publisher_stock
35073,4,clara_k16,text_pca64_lexical_calendar_publisher_stock
35078,1,clara_k16,text_pca64_lexical_calendar_publisher_stock
35083,15,clara_k16,text_pca64_lexical_calendar_publisher_stock
35089,15,clara_k16,text_pca64_lexical_calendar_publisher_stock
35095,0,clara_k16,text_pca64_lexical_calendar_publisher_stock
35113,15,clara_k16,text_pca64_lexical_calendar_publisher_stock
35115,15,clara_k16,text_pca64_lexical_calendar_publisher_stock
35119,15,clara_k16,text_pca64_lexical_calendar_publisher_stock
35121,15,clara_k16,text_pca64_lexical_calendar_publisher_stock
35124,1,clara_k16,text_pca64_lexical_calendar_publisher_stock
35131,2,clara_k16,text_pca64_lexical_calendar_publisher_stock
35134,0,clara_k16,text_pca64_lexical_calendar_publisher_stock
35147,0,clara_k16,text_pca64_lexical_calendar_publisher_stock
35152,0,clara_k16,text_pca64_lexical_calendar_publisher_stock
35161,0,clara_k16,text_pca64_lexical_calendar_publisher_stock
35170,5,clara_k16,text_pca64_lexical_calendar_publisher_stock
35188,0,clara_k16,text_pca64_lexical_calendar_publisher_stock
35192,12,clara_k16,text_pca64_lexical_calendar_publisher_stock
35197,0,clara_k16,text_pca64_lexical_calendar_publisher_stock
35199,2,clara_k16,text_pca64_lexical_calendar_publisher_stock
35202,0,clara_k16,text_pca64_lexical_calendar_publisher_stock
35217,6,clara_k16,text_pca64_lexical_calendar_publisher_stock
35231,0,clara_k16,text_pca64_lexical_calendar_publisher_stock
35235,6,clara_k16,text_pca64_lexical_calendar_publisher_stock
35244,13,clara_k16,text_pca64_lexical_calendar_publisher_stock
35245,6,clara_k16,text_pca64_lexical_calendar_publisher_stock
35246,0,clara_k16,text_pca64_lexical_calendar_publisher_stock
35251,0,clara_k16,text_pca64_lexical_calendar_publisher_stock
35254,13,clara_k16,text_pca64_lexical_calendar_publisher_stock
35269,1,clara_k16,text_pca64_lexical_calendar_publisher_stock
35273,0,clara_k16,text_pca64_lexical_calendar_publisher_stock
35274,6,clara_k16,text_pca64_lexical_calendar_publisher_stock
35275,12,clara_k16,text_pca64_lexical_calendar_publisher_stock
35295,6,clara_k16,text_pca64_lexical_calendar_publisher_stock
35307,0,clara_k16,text_pca64_lexical_calendar_publisher_stock
35332,0,clara_k16,text_pca64_lexical_calendar_publisher_stock
35335,1,clara_k16,text_pca64_lexical_calendar_publisher_stock
35336,1,clara_k16,text_pca64_lexical_calendar_publisher_stock
35345,1,clara_k16,text_pca64_lexical_calendar_publisher_stock
35346,1,clara_k16,text_pca64_lexical_calendar_publisher_stock
35347,13,clara_k16,text_pca64_lexical_calendar_publisher_stock
35358,12,clara_k16,text_pca64_lexical_calendar_publisher_stock
35360,0,clara_k16,text_pca64_lexical_calendar_publisher_stock
35373,11,clara_k16,text_pca64_lexical_calendar_publisher_stock
35379,0,clara_k16,text_pca64_lexical_calendar_publisher_stock
35392,0,clara_k16,text_pca64_lexical_calendar_publisher_stock
35395,5,clara_k16,text_pca64_lexical_calendar_publisher_stock
35403,1,clara_k16,text_pca64_lexical_calendar_publisher_stock
35404,1,clara_k16,text_pca64_lexical_calendar_publisher_stock
35407,1,clara_k16,text_pca64_lexical_calendar_publisher_stock
35424,13,clara_k16,text_pca64_lexical_calendar_publisher_stock
35425,12,clara_k16,text_pca64_lexical_calendar_publisher_stock
35426,4,clara_k16,text_pca64_lexical_calendar_publisher_stock
35429,0,clara_k16,text_pca64_lexical_calendar_publisher_stock
35439,0,clara_k16,text_pca64_lexical_calendar_publisher_stock
35456,2,clara_k16,text_pca64_lexical_calendar_publisher_stock
35458,13,clara_k16,text_pca64_lexical_calendar_publisher_stock
35460,0,clara_k16,text_pca64_lexical_calendar_publisher_stock
35463,13,clara_k16,text_pca64_lexical_calendar_publisher_stock
35476,12,clara_k16,text_pca64_lexical_calendar_publisher_stock
35478,6,clara_k16,text_pca64_lexical_calendar_publisher_stock
35479,0,clara_k16,text_pca64_lexical_calendar_publisher_stock
35480,1,clara_k16,text_pca64_lexical_calendar_publisher_stock
35494,1,clara_k16,text_pca64_lexical_calendar_publisher_stock
35496,1,clara_k16,text_pca64_lexical_calendar_publisher_stock
35514,11,clara_k16,text_pca64_lexical_calendar_publisher_stock
35527,1,clara_k16,text_pca64_lexical_calendar_publisher_stock
35530,1,clara_k16,text_pca64_lexical_calendar_publisher_stock
35549,13,clara_k16,text_pca64_lexical_calendar_publisher_stock
35550,13,clara_k16,text_pca64_lexical_calendar_publisher_stock
35555,1,clara_k16,text_pca64_lexical_calendar_publisher_stock
35558,6,clara_k16,text_pca64_lexical_calendar_publisher_stock
35574,0,clara_k16,text_pca64_lexical_calendar_publisher_stock
35576,4,clara_k16,text_pca64_lexical_calendar_publisher_stock
35593,4,clara_k16,text_pca64_lexical_calendar_publisher_stock
35594,1,clara_k16,text_pca64_lexical_calendar_publisher_stock
35601,13,clara_k16,text_pca64_lexical_calendar_publisher_stock
35605,1,clara_k16,text_pca64_lexical_calendar_publisher_stock
35606,0,clara_k16,text_pca64_lexical_calendar_publisher_stock
35619,0,clara_k16,text_pca64_lexical_calendar_publisher_stock
35633,11,clara_k16,text_pca64_lexical_calendar_publisher_stock
35635,4,clara_k16,text_pca64_lexical_calendar_publisher_stock
35640,1,clara_k16,text_pca64_lexical_calendar_publisher_stock
35647,4,clara_k16,text_pca64_lexical_calendar_publisher_stock
35651,4,clara_k16,text_pca64_lexical_calendar_publisher_stock
35681,0,clara_k16,text_pca64_lexical_calendar_publisher_stock
35684,13,clara_k16,text_pca64_lexical_calendar_publisher_stock
35696,9,clara_k16,text_pca64_lexical_calendar_publisher_stock
35703,0,clara_k16,text_pca64_lexical_calendar_publisher_stock
35704,1,clara_k16,text_pca64_lexical_calendar_publisher_stock
35718,13,clara_k16,text_pca64_lexical_calendar_publisher_stock
35724,1,clara_k16,text_pca64_lexical_calendar_publisher_stock
35727,0,clara_k16,text_pca64_lexical_calendar_publisher_stock
35729,11,clara_k16,text_pca64_lexical_calendar_publisher_stock
35736,4,clara_k16,text_pca64_lexical_calendar_publisher_stock
35741,13,clara_k16,text_pca64_lexical_calendar_publisher_stock
35752,0,clara_k16,text_pca64_lexical_calendar_publisher_stock
35753,4,clara_k16,text_pca64_lexical_calendar_publisher_stock
35758,1,clara_k16,text_pca64_lexical_calendar_publisher_stock
35759,1,clara_k16,text_pca64_lexical_calendar_publisher_stock
35767,6,clara_k16,text_pca64_lexical_calendar_publisher_stock
35768,2,clara_k16,text_pca64_lexical_calendar_publisher_stock
35769,13,clara_k16,text_pca64_lexical_calendar_publisher_stock
35778,1,clara_k16,text_pca64_lexical_calendar_publisher_stock
35782,13,clara_k16,text_pca64_lexical_calendar_publisher_stock
35795,4,clara_k16,text_pca64_lexical_calendar_publisher_stock
35796,13,clara_k16,text_pca64_lexical_calendar_publisher_stock
35805,13,clara_k16,text_pca64_lexical_calendar_publisher_stock
35822,1,clara_k16,text_pca64_lexical_calendar_publisher_stock
35826,4,clara_k16,text_pca64_lexical_calendar_publisher_stock
35835,13,clara_k16,text_pca64_lexical_calendar_publisher_stock
35836,13,clara_k16,text_pca64_lexical_calendar_publisher_stock
35850,13,clara_k16,text_pca64_lexical_calendar_publisher_stock
35852,0,clara_k16,text_pca64_lexical_calendar_publisher_stock
35858,1,clara_k16,text_pca64_lexical_calendar_publisher_stock
35872,3,clara_k16,text_pca64_lexical_calendar_publisher_stock
35874,0,clara_k16,text_pca64_lexical_calendar_publisher_stock
35875,1,clara_k16,text_pca64_lexical_calendar_publisher_stock
35876,2,clara_k16,text_pca64_lexical_calendar_publisher_stock
35887,13,clara_k16,text_pca64_lexical_calendar_publisher_stock
35912,2,clara_k16,text_pca64_lexical_calendar_publisher_stock
35913,12,clara_k16,text_pca64_lexical_calendar_publisher_stock
35914,5,clara_k16,text_pca64_lexical_calendar_publisher_stock
35928,5,clara_k16,text_pca64_lexical_calendar_publisher_stock
35941,2,clara_k16,text_pca64_lexical_calendar_publisher_stock
35957,1,clara_k16,text_pca64_lexical_calendar_publisher_stock
35962,4,clara_k16,text_pca64_lexical_calendar_publisher_stock
35975,12,clara_k16,text_pca64_lexical_calendar_publisher_stock
35978,1,clara_k16,text_pca64_lexical_calendar_publisher_stock
35986,5,clara_k16,text_pca64_lexical_calendar_publisher_stock
35988,13,clara_k16,text_pca64_lexical_calendar_publisher_stock
35990,0,clara_k16,text_pca64_lexical_calendar_publisher_stock
35991,4,clara_k16,text_pca64_lexical_calendar_publisher_stock
35998,1,clara_k16,text_pca64_lexical_calendar_publisher_stock
36010,9,clara_k16,text_pca64_lexical_calendar_publisher_stock
36013,12,clara_k16,text_pca64_lexical_calendar_publisher_stock
36017,0,clara_k16,text_pca64_lexical_calendar_publisher_stock
36034,12,clara_k16,text_pca64_lexical_calendar_publisher_stock
36048,2,clara_k16,text_pca64_lexical_calendar_publisher_stock
36058,7,clara_k16,text_pca64_lexical_calendar_publisher_stock
36061,6,clara_k16,text_pca64_lexical_calendar_publisher_stock
36063,0,clara_k16,text_pca64_lexical_calendar_publisher_stock
36073,2,clara_k16,text_pca64_lexical_calendar_publisher_stock
36074,5,clara_k16,text_pca64_lexical_calendar_publisher_stock
36078,2,clara_k16,text_pca64_lexical_calendar_publisher_stock
36082,0,clara_k16,text_pca64_lexical_calendar_publisher_stock
36083,6,clara_k16,text_pca64_lexical_calendar_publisher_stock
36093,4,clara_k16,text_pca64_lexical_calendar_publisher_stock
36094,13,clara_k16,text_pca64_lexical_calendar_publisher_stock
36096,2,clara_k16,text_pca64_lexical_calendar_publisher_stock
36099,0,clara_k16,text_pca64_lexical_calendar_publisher_stock
36107,0,clara_k16,text_pca64_lexical_calendar_publisher_stock
36137,11,clara_k16,text_pca64_lexical_calendar_publisher_stock
36140,8,clara_k16,text_pca64_lexical_calendar_publisher_stock
36141,4,clara_k16,text_pca64_lexical_calendar_publisher_stock
36149,0,clara_k16,text_pca64_lexical_calendar_publisher_stock
36151,4,clara_k16,text_pca64_lexical_calendar_publisher_stock
36168,13,clara_k16,text_pca64_lexical_calendar_publisher_stock
36172,11,clara_k16,text_pca64_lexical_calendar_publisher_stock
36177,13,clara_k16,text_pca64_lexical_calendar_publisher_stock
36186,0,clara_k16,text_pca64_lexical_calendar_publisher_stock
36192,6,clara_k16,text_pca64_lexical_calendar_publisher_stock
36193,0,clara_k16,text_pca64_lexical_calendar_publisher_stock
36197,12,clara_k16,text_pca64_lexical_calendar_publisher_stock
36198,4,clara_k16,text_pca64_lexical_calendar_publisher_stock
36204,4,clara_k16,text_pca64_lexical_calendar_publisher_stock
36223,9,clara_k16,text_pca64_lexical_calendar_publisher_stock
36231,9,clara_k16,text_pca64_lexical_calendar_publisher_stock
36234,0,clara_k16,text_pca64_lexical_calendar_publisher_stock
36238,2,clara_k16,text_pca64_lexical_calendar_publisher_stock
36246,13,clara_k16,text_pca64_lexical_calendar_publisher_stock
36249,14,clara_k16,text_pca64_lexical_calendar_publisher_stock
36254,9,clara_k16,text_pca64_lexical_calendar_publisher_stock
36259,5,clara_k16,text_pca64_lexical_calendar_publisher_stock
36266,5,clara_k16,text_pca64_lexical_calendar_publisher_stock
36275,5,clara_k16,text_pca64_lexical_calendar_publisher_stock
36290,8,clara_k16,text_pca64_lexical_calendar_publisher_stock
36293,9,clara_k16,text_pca64_lexical_calendar_publisher_stock
36296,4,clara_k16,text_pca64_lexical_calendar_publisher_stock
36297,0,clara_k16,text_pca64_lexical_calendar_publisher_stock
36298,1,clara_k16,text_pca64_lexical_calendar_publisher_stock
36314,5,clara_k16,text_pca64_lexical_calendar_publisher_stock
36318,4,clara_k16,text_pca64_lexical_calendar_publisher_stock
36330,0,clara_k16,text_pca64_lexical_calendar_publisher_stock
36332,3,clara_k16,text_pca64_lexical_calendar_publisher_stock
36333,5,clara_k16,text_pca64_lexical_calendar_publisher_stock
36337,4,clara_k16,text_pca64_lexical_calendar_publisher_stock
36339,4,clara_k16,text_pca64_lexical_calendar_publisher_stock
36341,4,clara_k16,text_pca64_lexical_calendar_publisher_stock
36352,4,clara_k16,text_pca64_lexical_calendar_publisher_stock
36356,4,clara_k16,text_pca64_lexical_calendar_publisher_stock
36361,13,clara_k16,text_pca64_lexical_calendar_publisher_stock
36372,4,clara_k16,text_pca64_lexical_calendar_publisher_stock
36377,13,clara_k16,text_pca64_lexical_calendar_publisher_stock
36393,4,clara_k16,text_pca64_lexical_calendar_publisher_stock
36399,4,clara_k16,text_pca64_lexical_calendar_publisher_stock
36406,13,clara_k16,text_pca64_lexical_calendar_publisher_stock
36414,4,clara_k16,text_pca64_lexical_calendar_publisher_stock
36430,4,clara_k16,text_pca64_lexical_calendar_publisher_stock
36433,1,clara_k16,text_pca64_lexical_calendar_publisher_stock
36435,13,clara_k16,text_pca64_lexical_calendar_publisher_stock
36442,1,clara_k16,text_pca64_lexical_calendar_publisher_stock
36457,2,clara_k16,text_pca64_lexical_calendar_publisher_stock
36465,6,clara_k16,text_pca64_lexical_calendar_publisher_stock
36474,2,clara_k16,text_pca64_lexical_calendar_publisher_stock
36475,13,clara_k16,text_pca64_lexical_calendar_publisher_stock
36480,0,clara_k16,text_pca64_lexical_calendar_publisher_stock
36485,6,clara_k16,text_pca64_lexical_calendar_publisher_stock
36488,4,clara_k16,text_pca64_lexical_calendar_publisher_stock
36500,2,clara_k16,text_pca64_lexical_calendar_publisher_stock
36504,0,clara_k16,text_pca64_lexical_calendar_publisher_stock
36506,2,clara_k16,text_pca64_lexical_calendar_publisher_stock
36514,0,clara_k16,text_pca64_lexical_calendar_publisher_stock
36529,0,clara_k16,text_pca64_lexical_calendar_publisher_stock
36532,6,clara_k16,text_pca64_lexical_calendar_publisher_stock
36535,6,clara_k16,text_pca64_lexical_calendar_publisher_stock
36541,8,clara_k16,text_pca64_lexical_calendar_publisher_stock
36543,0,clara_k16,text_pca64_lexical_calendar_publisher_stock
36546,9,clara_k16,text_pca64_lexical_calendar_publisher_stock
36552,14,clara_k16,text_pca64_lexical_calendar_publisher_stock
36556,1,clara_k16,text_pca64_lexical_calendar_publisher_stock
36557,14,clara_k16,text_pca64_lexical_calendar_publisher_stock
36563,4,clara_k16,text_pca64_lexical_calendar_publisher_stock
36565,8,clara_k16,text_pca64_lexical_calendar_publisher_stock
36569,4,clara_k16,text_pca64_lexical_calendar_publisher_stock
36570,2,clara_k16,text_pca64_lexical_calendar_publisher_stock
36571,0,clara_k16,text_pca64_lexical_calendar_publisher_stock
36585,14,clara_k16,text_pca64_lexical_calendar_publisher_stock
36588,1,clara_k16,text_pca64_lexical_calendar_publisher_stock
36590,4,clara_k16,text_pca64_lexical_calendar_publisher_stock
36591,2,clara_k16,text_pca64_lexical_calendar_publisher_stock
36597,0,clara_k16,text_pca64_lexical_calendar_publisher_stock
36614,12,clara_k16,text_pca64_lexical_calendar_publisher_stock
36616,6,clara_k16,text_pca64_lexical_calendar_publisher_stock
36619,12,clara_k16,text_pca64_lexical_calendar_publisher_stock
36627,6,clara_k16,text_pca64_lexical_calendar_publisher_stock
36628,1,clara_k16,text_pca64_lexical_calendar_publisher_stock
36643,1,clara_k16,text_pca64_lexical_calendar_publisher_stock
36644,1,clara_k16,text_pca64_lexical_calendar_publisher_stock
36647,1,clara_k16,text_pca64_lexical_calendar_publisher_stock
36657,0,clara_k16,text_pca64_lexical_calendar_publisher_stock
36682,13,clara_k16,text_pca64_lexical_calendar_publisher_stock
36686,4,clara_k16,text_pca64_lexical_calendar_publisher_stock
36689,1,clara_k16,text_pca64_lexical_calendar_publisher_stock
36694,4,clara_k16,text_pca64_lexical_calendar_publisher_stock
36700,4,clara_k16,text_pca64_lexical_calendar_publisher_stock
36702,4,clara_k16,text_pca64_lexical_calendar_publisher_stock
36703,0,clara_k16,text_pca64_lexical_calendar_publisher_stock
36707,4,clara_k16,text_pca64_lexical_calendar_publisher_stock
36711,12,clara_k16,text_pca64_lexical_calendar_publisher_stock
36715,0,clara_k16,text_pca64_lexical_calendar_publisher_stock
36718,4,clara_k16,text_pca64_lexical_calendar_publisher_stock
36721,0,clara_k16,text_pca64_lexical_calendar_publisher_stock
36733,13,clara_k16,text_pca64_lexical_calendar_publisher_stock
36750,2,clara_k16,text_pca64_lexical_calendar_publisher_stock
36762,1,clara_k16,text_pca64_lexical_calendar_publisher_stock
36765,0,clara_k16,text_pca64_lexical_calendar_publisher_stock
36768,12,clara_k16,text_pca64_lexical_calendar_publisher_stock
36774,0,clara_k16,text_pca64_lexical_calendar_publisher_stock
36780,1,clara_k16,text_pca64_lexical_calendar_publisher_stock
36781,0,clara_k16,text_pca64_lexical_calendar_publisher_stock
36785,0,clara_k16,text_pca64_lexical_calendar_publisher_stock
36794,2,clara_k16,text_pca64_lexical_calendar_publisher_stock
36816,13,clara_k16,text_pca64_lexical_calendar_publisher_stock
36823,12,clara_k16,text_pca64_lexical_calendar_publisher_stock
36825,12,clara_k16,text_pca64_lexical_calendar_publisher_stock
36835,2,clara_k16,text_pca64_lexical_calendar_publisher_stock
36838,14,clara_k16,text_pca64_lexical_calendar_publisher_stock
36841,0,clara_k16,text_pca64_lexical_calendar_publisher_stock
36844,1,clara_k16,text_pca64_lexical_calendar_publisher_stock
36849,13,clara_k16,text_pca64_lexical_calendar_publisher_stock
36854,4,clara_k16,text_pca64_lexical_calendar_publisher_stock
36856,1,clara_k16,text_pca64_lexical_calendar_publisher_stock
36857,0,clara_k16,text_pca64_lexical_calendar_publisher_stock
36858,12,clara_k16,text_pca64_lexical_calendar_publisher_stock
36859,1,clara_k16,text_pca64_lexical_calendar_publisher_stock
36871,14,clara_k16,text_pca64_lexical_calendar_publisher_stock
36878,0,clara_k16,text_pca64_lexical_calendar_publisher_stock
36882,0,clara_k16,text_pca64_lexical_calendar_publisher_stock
36887,12,clara_k16,text_pca64_lexical_calendar_publisher_stock
36889,12,clara_k16,text_pca64_lexical_calendar_publisher_stock
36896,12,clara_k16,text_pca64_lexical_calendar_publisher_stock
36904,2,clara_k16,text_pca64_lexical_calendar_publisher_stock
36905,2,clara_k16,text_pca64_lexical_calendar_publisher_stock
36909,1,clara_k16,text_pca64_lexical_calendar_publisher_stock
36920,5,clara_k16,text_pca64_lexical_calendar_publisher_stock
36921,9,clara_k16,text_pca64_lexical_calendar_publisher_stock
36925,12,clara_k16,text_pca64_lexical_calendar_publisher_stock
36937,12,clara_k16,text_pca64_lexical_calendar_publisher_stock
36955,13,clara_k16,text_pca64_lexical_calendar_publisher_stock
36960,12,clara_k16,text_pca64_lexical_calendar_publisher_stock
36970,14,clara_k16,text_pca64_lexical_calendar_publisher_stock
36980,0,clara_k16,text_pca64_lexical_calendar_publisher_stock
36987,0,clara_k16,text_pca64_lexical_calendar_publisher_stock
36991,11,clara_k16,text_pca64_lexical_calendar_publisher_stock
36995,0,clara_k16,text_pca64_lexical_calendar_publisher_stock
36998,13,clara_k16,text_pca64_lexical_calendar_publisher_stock
37000,4,clara_k16,text_pca64_lexical_calendar_publisher_stock
37008,4,clara_k16,text_pca64_lexical_calendar_publisher_stock
37013,0,clara_k16,text_pca64_lexical_calendar_publisher_stock
37015,8,clara_k16,text_pca64_lexical_calendar_publisher_stock
37017,13,clara_k16,text_pca64_lexical_calendar_publisher_stock
37020,12,clara_k16,text_pca64_lexical_calendar_publisher_stock
37022,4,clara_k16,text_pca64_lexical_calendar_publisher_stock
37023,2,clara_k16,text_pca64_lexical_calendar_publisher_stock
37026,6,clara_k16,text_pca64_lexical_calendar_publisher_stock
37033,14,clara_k16,text_pca64_lexical_calendar_publisher_stock
37036,0,clara_k16,text_pca64_lexical_calendar_publisher_stock
37037,5,clara_k16,text_pca64_lexical_calendar_publisher_stock
37054,2,clara_k16,text_pca64_lexical_calendar_publisher_stock
37076,1,clara_k16,text_pca64_lexical_calendar_publisher_stock
37086,4,clara_k16,text_pca64_lexical_calendar_publisher_stock
37095,6,clara_k16,text_pca64_lexical_calendar_publisher_stock
37102,1,clara_k16,text_pca64_lexical_calendar_publisher_stock
37104,12,clara_k16,text_pca64_lexical_calendar_publisher_stock
37108,6,clara_k16,text_pca64_lexical_calendar_publisher_stock
37115,0,clara_k16,text_pca64_lexical_calendar_publisher_stock
37129,4,clara_k16,text_pca64_lexical_calendar_publisher_stock
37137,6,clara_k16,text_pca64_lexical_calendar_publisher_stock
37143,13,clara_k16,text_pca64_lexical_calendar_publisher_stock
37144,0,clara_k16,text_pca64_lexical_calendar_publisher_stock
37147,0,clara_k16,text_pca64_lexical_calendar_publisher_stock
37152,13,clara_k16,text_pca64_lexical_calendar_publisher_stock
37163,6,clara_k16,text_pca64_lexical_calendar_publisher_stock
37169,0,clara_k16,text_pca64_lexical_calendar_publisher_stock
37176,0,clara_k16,text_pca64_lexical_calendar_publisher_stock
37178,0,clara_k16,text_pca64_lexical_calendar_publisher_stock
37179,4,clara_k16,text_pca64_lexical_calendar_publisher_stock
37182,6,clara_k16,text_pca64_lexical_calendar_publisher_stock
37184,0,clara_k16,text_pca64_lexical_calendar_publisher_stock
37186,13,clara_k16,text_pca64_lexical_calendar_publisher_stock
37188,12,clara_k16,text_pca64_lexical_calendar_publisher_stock
37192,12,clara_k16,text_pca64_lexical_calendar_publisher_stock
37199,4,clara_k16,text_pca64_lexical_calendar_publisher_stock
37200,0,clara_k16,text_pca64_lexical_calendar_publisher_stock
37209,4,clara_k16,text_pca64_lexical_calendar_publisher_stock
37215,5,clara_k16,text_pca64_lexical_calendar_publisher_stock
37221,13,clara_k16,text_pca64_lexical_calendar_publisher_stock
37229,0,clara_k16,text_pca64_lexical_calendar_publisher_stock
37233,6,clara_k16,text_pca64_lexical_calendar_publisher_stock
37234,1,clara_k16,text_pca64_lexical_calendar_publisher_stock
37237,0,clara_k16,text_pca64_lexical_calendar_publisher_stock
37244,14,clara_k16,text_pca64_lexical_calendar_publisher_stock
37245,12,clara_k16,text_pca64_lexical_calendar_publisher_stock
37247,14,clara_k16,text_pca64_lexical_calendar_publisher_stock
37250,0,clara_k16,text_pca64_lexical_calendar_publisher_stock
37278,4,clara_k16,text_pca64_lexical_calendar_publisher_stock
37283,4,clara_k16,text_pca64_lexical_calendar_publisher_stock
37284,4,clara_k16,text_pca64_lexical_calendar_publisher_stock
37291,5,clara_k16,text_pca64_lexical_calendar_publisher_stock
37294,0,clara_k16,text_pca64_lexical_calendar_publisher_stock
37300,11,clara_k16,text_pca64_lexical_calendar_publisher_stock
37316,0,clara_k16,text_pca64_lexical_calendar_publisher_stock
37324,0,clara_k16,text_pca64_lexical_calendar_publisher_stock
37325,0,clara_k16,text_pca64_lexical_calendar_publisher_stock
37328,14,clara_k16,text_pca64_lexical_calendar_publisher_stock
37341,4,clara_k16,text_pca64_lexical_calendar_publisher_stock
37356,0,clara_k16,text_pca64_lexical_calendar_publisher_stock
37359,0,clara_k16,text_pca64_lexical_calendar_publisher_stock
37366,1,clara_k16,text_pca64_lexical_calendar_publisher_stock
37378,9,clara_k16,text_pca64_lexical_calendar_publisher_stock
37382,4,clara_k16,text_pca64_lexical_calendar_publisher_stock
37390,0,clara_k16,text_pca64_lexical_calendar_publisher_stock
37392,4,clara_k16,text_pca64_lexical_calendar_publisher_stock
37400,1,clara_k16,text_pca64_lexical_calendar_publisher_stock
37406,4,clara_k16,text_pca64_lexical_calendar_publisher_stock
37414,14,clara_k16,text_pca64_lexical_calendar_publisher_stock
37427,12,clara_k16,text_pca64_lexical_calendar_publisher_stock
37446,7,clara_k16,text_pca64_lexical_calendar_publisher_stock
37447,4,clara_k16,text_pca64_lexical_calendar_publisher_stock
37456,12,clara_k16,text_pca64_lexical_calendar_publisher_stock
37461,0,clara_k16,text_pca64_lexical_calendar_publisher_stock
37464,4,clara_k16,text_pca64_lexical_calendar_publisher_stock
37466,0,clara_k16,text_pca64_lexical_calendar_publisher_stock
37467,0,clara_k16,text_pca64_lexical_calendar_publisher_stock
37468,4,clara_k16,text_pca64_lexical_calendar_publisher_stock
37469,0,clara_k16,text_pca64_lexical_calendar_publisher_stock
37475,0,clara_k16,text_pca64_lexical_calendar_publisher_stock
37476,0,clara_k16,text_pca64_lexical_calendar_publisher_stock
37486,4,clara_k16,text_pca64_lexical_calendar_publisher_stock
37501,10,clara_k16,text_pca64_lexical_calendar_publisher_stock
37503,10,clara_k16,text_pca64_lexical_calendar_publisher_stock
37513,5,clara_k16,text_pca64_lexical_calendar_publisher_stock
37523,0,clara_k16,text_pca64_lexical_calendar_publisher_stock
37527,2,clara_k16,text_pca64_lexical_calendar_publisher_stock
37531,15,clara_k16,text_pca64_lexical_calendar_publisher_stock
37533,6,clara_k16,text_pca64_lexical_calendar_publisher_stock
37545,12,clara_k16,text_pca64_lexical_calendar_publisher_stock
37553,0,clara_k16,text_pca64_lexical_calendar_publisher_stock
37556,4,clara_k16,text_pca64_lexical_calendar_publisher_stock
37571,12,clara_k16,text_pca64_lexical_calendar_publisher_stock
37577,0,clara_k16,text_pca64_lexical_calendar_publisher_stock
37587,0,clara_k16,text_pca64_lexical_calendar_publisher_stock
37592,10,clara_k16,text_pca64_lexical_calendar_publisher_stock
37593,10,clara_k16,text_pca64_lexical_calendar_publisher_stock
37609,0,clara_k16,text_pca64_lexical_calendar_publisher_stock
37614,10,clara_k16,text_pca64_lexical_calendar_publisher_stock
37620,2,clara_k16,text_pca64_lexical_calendar_publisher_stock
37623,5,clara_k16,text_pca64_lexical_calendar_publisher_stock
37629,13,clara_k16,text_pca64_lexical_calendar_publisher_stock
37636,0,clara_k16,text_pca64_lexical_calendar_publisher_stock
37637,0,clara_k16,text_pca64_lexical_calendar_publisher_stock
37646,10,clara_k16,text_pca64_lexical_calendar_publisher_stock
37647,4,clara_k16,text_pca64_lexical_calendar_publisher_stock
37652,10,clara_k16,text_pca64_lexical_calendar_publisher_stock
37657,12,clara_k16,text_pca64_lexical_calendar_publisher_stock
37662,10,clara_k16,text_pca64_lexical_calendar_publisher_stock
37665,10,clara_k16,text_pca64_lexical_calendar_publisher_stock
37687,12,clara_k16,text_pca64_lexical_calendar_publisher_stock
37688,0,clara_k16,text_pca64_lexical_calendar_publisher_stock
37691,0,clara_k16,text_pca64_lexical_calendar_publisher_stock
37709,0,clara_k16,text_pca64_lexical_calendar_publisher_stock
37712,6,clara_k16,text_pca64_lexical_calendar_publisher_stock
37716,0,clara_k16,text_pca64_lexical_calendar_publisher_stock
37728,13,clara_k16,text_pca64_lexical_calendar_publisher_stock
37731,4,clara_k16,text_pca64_lexical_calendar_publisher_stock
37733,13,clara_k16,text_pca64_lexical_calendar_publisher_stock
37740,10,clara_k16,text_pca64_lexical_calendar_publisher_stock
37747,4,clara_k16,text_pca64_lexical_calendar_publisher_stock
37753,10,clara_k16,text_pca64_lexical_calendar_publisher_stock
37758,6,clara_k16,text_pca64_lexical_calendar_publisher_stock
37762,0,clara_k16,text_pca64_lexical_calendar_publisher_stock
37767,1,clara_k16,text_pca64_lexical_calendar_publisher_stock
37774,4,clara_k16,text_pca64_lexical_calendar_publisher_stock
37778,6,clara_k16,text_pca64_lexical_calendar_publisher_stock
37781,4,clara_k16,text_pca64_lexical_calendar_publisher_stock
37786,1,clara_k16,text_pca64_lexical_calendar_publisher_stock
37793,6,clara_k16,text_pca64_lexical_calendar_publisher_stock
37797,5,clara_k16,text_pca64_lexical_calendar_publisher_stock
37799,0,clara_k16,text_pca64_lexical_calendar_publisher_stock
37802,1,clara_k16,text_pca64_lexical_calendar_publisher_stock
37810,4,clara_k16,text_pca64_lexical_calendar_publisher_stock
37816,0,clara_k16,text_pca64_lexical_calendar_publisher_stock
37818,1,clara_k16,text_pca64_lexical_calendar_publisher_stock
37829,0,clara_k16,text_pca64_lexical_calendar_publisher_stock
37833,0,clara_k16,text_pca64_lexical_calendar_publisher_stock
37837,4,clara_k16,text_pca64_lexical_calendar_publisher_stock
37852,4,clara_k16,text_pca64_lexical_calendar_publisher_stock
37854,7,clara_k16,text_pca64_lexical_calendar_publisher_stock
37856,6,clara_k16,text_pca64_lexical_calendar_publisher_stock
37858,1,clara_k16,text_pca64_lexical_calendar_publisher_stock
37868,4,clara_k16,text_pca64_lexical_calendar_publisher_stock
37870,0,clara_k16,text_pca64_lexical_calendar_publisher_stock
37875,0,clara_k16,text_pca64_lexical_calendar_publisher_stock
37882,0,clara_k16,text_pca64_lexical_calendar_publisher_stock
37884,12,clara_k16,text_pca64_lexical_calendar_publisher_stock
37898,6,clara_k16,text_pca64_lexical_calendar_publisher_stock
37899,13,clara_k16,text_pca64_lexical_calendar_publisher_stock
37911,4,clara_k16,text_pca64_lexical_calendar_publisher_stock
37913,12,clara_k16,text_pca64_lexical_calendar_publisher_stock
37925,1,clara_k16,text_pca64_lexical_calendar_publisher_stock
37934,4,clara_k16,text_pca64_lexical_calendar_publisher_stock
37938,14,clara_k16,text_pca64_lexical_calendar_publisher_stock
37940,0,clara_k16,text_pca64_lexical_calendar_publisher_stock
37966,6,clara_k16,text_pca64_lexical_calendar_publisher_stock
37971,1,clara_k16,text_pca64_lexical_calendar_publisher_stock
37973,1,clara_k16,text_pca64_lexical_calendar_publisher_stock
37979,6,clara_k16,text_pca64_lexical_calendar_publisher_stock
37981,14,clara_k16,text_pca64_lexical_calendar_publisher_stock
37989,14,clara_k16,text_pca64_lexical_calendar_publisher_stock
37999,0,clara_k16,text_pca64_lexical_calendar_publisher_stock
38003,12,clara_k16,text_pca64_lexical_calendar_publisher_stock
38004,4,clara_k16,text_pca64_lexical_calendar_publisher_stock
38012,6,clara_k16,text_pca64_lexical_calendar_publisher_stock
38016,0,clara_k16,text_pca64_lexical_calendar_publisher_stock
38021,13,clara_k16,text_pca64_lexical_calendar_publisher_stock
38026,12,clara_k16,text_pca64_lexical_calendar_publisher_stock
38029,3,clara_k16,text_pca64_lexical_calendar_publisher_stock
38035,1,clara_k16,text_pca64_lexical_calendar_publisher_stock
38040,1,clara_k16,text_pca64_lexical_calendar_publisher_stock
38050,14,clara_k16,text_pca64_lexical_calendar_publisher_stock
38053,12,clara_k16,text_pca64_lexical_calendar_publisher_stock
38058,4,clara_k16,text_pca64_lexical_calendar_publisher_stock
38068,6,clara_k16,text_pca64_lexical_calendar_publisher_stock
38077,12,clara_k16,text_pca64_lexical_calendar_publisher_stock
38091,13,clara_k16,text_pca64_lexical_calendar_publisher_stock
38093,2,clara_k16,text_pca64_lexical_calendar_publisher_stock
38103,14,clara_k16,text_pca64_lexical_calendar_publisher_stock
38109,6,clara_k16,text_pca64_lexical_calendar_publisher_stock
38114,0,clara_k16,text_pca64_lexical_calendar_publisher_stock
38124,12,clara_k16,text_pca64_lexical_calendar_publisher_stock
38127,12,clara_k16,text_pca64_lexical_calendar_publisher_stock
38128,9,clara_k16,text_pca64_lexical_calendar_publisher_stock
38139,13,clara_k16,text_pca64_lexical_calendar_publisher_stock
38156,1,clara_k16,text_pca64_lexical_calendar_publisher_stock
38164,1,clara_k16,text_pca64_lexical_calendar_publisher_stock
38166,1,clara_k16,text_pca64_lexical_calendar_publisher_stock
38167,4,clara_k16,text_pca64_lexical_calendar_publisher_stock
38181,12,clara_k16,text_pca64_lexical_calendar_publisher_stock
38193,0,clara_k16,text_pca64_lexical_calendar_publisher_stock
38198,0,clara_k16,text_pca64_lexical_calendar_publisher_stock
38214,0,clara_k16,text_pca64_lexical_calendar_publisher_stock
38219,1,clara_k16,text_pca64_lexical_calendar_publisher_stock
38223,1,clara_k16,text_pca64_lexical_calendar_publisher_stock
38234,1,clara_k16,text_pca64_lexical_calendar_publisher_stock
38238,1,clara_k16,text_pca64_lexical_calendar_publisher_stock
38246,6,clara_k16,text_pca64_lexical_calendar_publisher_stock
38249,13,clara_k16,text_pca64_lexical_calendar_publisher_stock
38265,12,clara_k16,text_pca64_lexical_calendar_publisher_stock
38266,6,clara_k16,text_pca64_lexical_calendar_publisher_stock
38267,0,clara_k16,text_pca64_lexical_calendar_publisher_stock
38269,6,clara_k16,text_pca64_lexical_calendar_publisher_stock
38277,1,clara_k16,text_pca64_lexical_calendar_publisher_stock
38295,6,clara_k16,text_pca64_lexical_calendar_publisher_stock
38303,0,clara_k16,text_pca64_lexical_calendar_publisher_stock
38305,6,clara_k16,text_pca64_lexical_calendar_publisher_stock
38307,12,clara_k16,text_pca64_lexical_calendar_publisher_stock
38308,6,clara_k16,text_pca64_lexical_calendar_publisher_stock
38317,6,clara_k16,text_pca64_lexical_calendar_publisher_stock
38332,8,clara_k16,text_pca64_lexical_calendar_publisher_stock
38339,8,clara_k16,text_pca64_lexical_calendar_publisher_stock
38348,0,clara_k16,text_pca64_lexical_calendar_publisher_stock
38351,6,clara_k16,text_pca64_lexical_calendar_publisher_stock
38354,7,clara_k16,text_pca64_lexical_calendar_publisher_stock
38357,14,clara_k16,text_pca64_lexical_calendar_publisher_stock
38359,8,clara_k16,text_pca64_lexical_calendar_publisher_stock
38361,6,clara_k16,text_pca64_lexical_calendar_publisher_stock
38366,8,clara_k16,text_pca64_lexical_calendar_publisher_stock
38370,11,clara_k16,text_pca64_lexical_calendar_publisher_stock
38373,6,clara_k16,text_pca64_lexical_calendar_publisher_stock
38391,2,clara_k16,text_pca64_lexical_calendar_publisher_stock
38406,9,clara_k16,text_pca64_lexical_calendar_publisher_stock
38407,6,clara_k16,text_pca64_lexical_calendar_publisher_stock
38410,1,clara_k16,text_pca64_lexical_calendar_publisher_stock
38412,8,clara_k16,text_pca64_lexical_calendar_publisher_stock
38415,0,clara_k16,text_pca64_lexical_calendar_publisher_stock
38423,12,clara_k16,text_pca64_lexical_calendar_publisher_stock
38424,0,clara_k16,text_pca64_lexical_calendar_publisher_stock
38432,0,clara_k16,text_pca64_lexical_calendar_publisher_stock
38442,9,clara_k16,text_pca64_lexical_calendar_publisher_stock
38462,0,clara_k16,text_pca64_lexical_calendar_publisher_stock
38479,14,clara_k16,text_pca64_lexical_calendar_publisher_stock
38480,4,clara_k16,text_pca64_lexical_calendar_publisher_stock
38486,12,clara_k16,text_pca64_lexical_calendar_publisher_stock
38489,0,clara_k16,text_pca64_lexical_calendar_publisher_stock
38499,0,clara_k16,text_pca64_lexical_calendar_publisher_stock
38517,0,clara_k16,text_pca64_lexical_calendar_publisher_stock
38525,3,clara_k16,text_pca64_lexical_calendar_publisher_stock
38527,6,clara_k16,text_pca64_lexical_calendar_publisher_stock
38534,1,clara_k16,text_pca64_lexical_calendar_publisher_stock
38535,3,clara_k16,text_pca64_lexical_calendar_publisher_stock
38539,3,clara_k16,text_pca64_lexical_calendar_publisher_stock
38589,3,clara_k16,text_pca64_lexical_calendar_publisher_stock
38594,13,clara_k16,text_pca64_lexical_calendar_publisher_stock
38603,4,clara_k16,text_pca64_lexical_calendar_publisher_stock
38605,4,clara_k16,text_pca64_lexical_calendar_publisher_stock
38606,13,clara_k16,text_pca64_lexical_calendar_publisher_stock
38621,0,clara_k16,text_pca64_lexical_calendar_publisher_stock
38625,0,clara_k16,text_pca64_lexical_calendar_publisher_stock
38629,0,clara_k16,text_pca64_lexical_calendar_publisher_stock
38630,0,clara_k16,text_pca64_lexical_calendar_publisher_stock
38631,4,clara_k16,text_pca64_lexical_calendar_publisher_stock
38642,2,clara_k16,text_pca64_lexical_calendar_publisher_stock
38643,6,clara_k16,text_pca64_lexical_calendar_publisher_stock
38657,4,clara_k16,text_pca64_lexical_calendar_publisher_stock
38659,12,clara_k16,text_pca64_lexical_calendar_publisher_stock
38670,3,clara_k16,text_pca64_lexical_calendar_publisher_stock
38676,15,clara_k16,text_pca64_lexical_calendar_publisher_stock
38683,0,clara_k16,text_pca64_lexical_calendar_publisher_stock
38686,13,clara_k16,text_pca64_lexical_calendar_publisher_stock
38689,0,clara_k16,text_pca64_lexical_calendar_publisher_stock
38694,0,clara_k16,text_pca64_lexical_calendar_publisher_stock
38702,2,clara_k16,text_pca64_lexical_calendar_publisher_stock
38711,12,clara_k16,text_pca64_lexical_calendar_publisher_stock
38716,1,clara_k16,text_pca64_lexical_calendar_publisher_stock
38720,1,clara_k16,text_pca64_lexical_calendar_publisher_stock
38722,4,clara_k16,text_pca64_lexical_calendar_publisher_stock
38727,0,clara_k16,text_pca64_lexical_calendar_publisher_stock
38732,13,clara_k16,text_pca64_lexical_calendar_publisher_stock
38743,0,clara_k16,text_pca64_lexical_calendar_publisher_stock
38752,14,clara_k16,text_pca64_lexical_calendar_publisher_stock
38753,5,clara_k16,text_pca64_lexical_calendar_publisher_stock
38761,0,clara_k16,text_pca64_lexical_calendar_publisher_stock
38776,0,clara_k16,text_pca64_lexical_calendar_publisher_stock
38791,14,clara_k16,text_pca64_lexical_calendar_publisher_stock
38792,5,clara_k16,text_pca64_lexical_calendar_publisher_stock
38793,0,clara_k16,text_pca64_lexical_calendar_publisher_stock
38796,14,clara_k16,text_pca64_lexical_calendar_publisher_stock
38800,0,clara_k16,text_pca64_lexical_calendar_publisher_stock
38806,0,clara_k16,text_pca64_lexical_calendar_publisher_stock
38825,0,clara_k16,text_pca64_lexical_calendar_publisher_stock
38831,14,clara_k16,text_pca64_lexical_calendar_publisher_stock
38833,13,clara_k16,text_pca64_lexical_calendar_publisher_stock
38836,4,clara_k16,text_pca64_lexical_calendar_publisher_stock
38843,13,clara_k16,text_pca64_lexical_calendar_publisher_stock
38850,5,clara_k16,text_pca64_lexical_calendar_publisher_stock
38853,0,clara_k16,text_pca64_lexical_calendar_publisher_stock
38858,14,clara_k16,text_pca64_lexical_calendar_publisher_stock
38861,13,clara_k16,text_pca64_lexical_calendar_publisher_stock
38868,13,clara_k16,text_pca64_lexical_calendar_publisher_stock
38869,5,clara_k16,text_pca64_lexical_calendar_publisher_stock
38874,5,clara_k16,text_pca64_lexical_calendar_publisher_stock
38884,13,clara_k16,text_pca64_lexical_calendar_publisher_stock
38895,13,clara_k16,text_pca64_lexical_calendar_publisher_stock
38901,12,clara_k16,text_pca64_lexical_calendar_publisher_stock
38904,12,clara_k16,text_pca64_lexical_calendar_publisher_stock
38922,14,clara_k16,text_pca64_lexical_calendar_publisher_stock
38925,12,clara_k16,text_pca64_lexical_calendar_publisher_stock
38929,2,clara_k16,text_pca64_lexical_calendar_publisher_stock
38935,12,clara_k16,text_pca64_lexical_calendar_publisher_stock
38942,14,clara_k16,text_pca64_lexical_calendar_publisher_stock
38949,14,clara_k16,text_pca64_lexical_calendar_publisher_stock
38950,14,clara_k16,text_pca64_lexical_calendar_publisher_stock
38957,12,clara_k16,text_pca64_lexical_calendar_publisher_stock
38964,1,clara_k16,text_pca64_lexical_calendar_publisher_stock
38965,12,clara_k16,text_pca64_lexical_calendar_publisher_stock
38976,6,clara_k16,text_pca64_lexical_calendar_publisher_stock
38991,2,clara_k16,text_pca64_lexical_calendar_publisher_stock
38997,12,clara_k16,text_pca64_lexical_calendar_publisher_stock
39010,12,clara_k16,text_pca64_lexical_calendar_publisher_stock
39011,2,clara_k16,text_pca64_lexical_calendar_publisher_stock
39014,12,clara_k16,text_pca64_lexical_calendar_publisher_stock
39031,12,clara_k16,text_pca64_lexical_calendar_publisher_stock
39053,12,clara_k16,text_pca64_lexical_calendar_publisher_stock
39061,14,clara_k16,text_pca64_lexical_calendar_publisher_stock
39065,12,clara_k16,text_pca64_lexical_calendar_publisher_stock
39066,0,clara_k16,text_pca64_lexical_calendar_publisher_stock
39074,13,clara_k16,text_pca64_lexical_calendar_publisher_stock
39078,1,clara_k16,text_pca64_lexical_calendar_publisher_stock
39089,14,clara_k16,text_pca64_lexical_calendar_publisher_stock
39098,12,clara_k16,text_pca64_lexical_calendar_publisher_stock
39118,0,clara_k16,text_pca64_lexical_calendar_publisher_stock
39120,0,clara_k16,text_pca64_lexical_calendar_publisher_stock
39134,14,clara_k16,text_pca64_lexical_calendar_publisher_stock
39141,12,clara_k16,text_pca64_lexical_calendar_publisher_stock
39152,12,clara_k16,text_pca64_lexical_calendar_publisher_stock
39158,12,clara_k16,text_pca64_lexical_calendar_publisher_stock
39161,12,clara_k16,text_pca64_lexical_calendar_publisher_stock
39168,2,clara_k16,text_pca64_lexical_calendar_publisher_stock
39176,12,clara_k16,text_pca64_lexical_calendar_publisher_stock
39180,2,clara_k16,text_pca64_lexical_calendar_publisher_stock
39182,0,clara_k16,text_pca64_lexical_calendar_publisher_stock
39183,12,clara_k16,text_pca64_lexical_calendar_publisher_stock
39186,6,clara_k16,text_pca64_lexical_calendar_publisher_stock
39188,12,clara_k16,text_pca64_lexical_calendar_publisher_stock
39196,6,clara_k16,text_pca64_lexical_calendar_publisher_stock
39197,14,clara_k16,text_pca64_lexical_calendar_publisher_stock
39198,12,clara_k16,text_pca64_lexical_calendar_publisher_stock
39207,14,clara_k16,text_pca64_lexical_calendar_publisher_stock
39213,12,clara_k16,text_pca64_lexical_calendar_publisher_stock
39223,6,clara_k16,text_pca64_lexical_calendar_publisher_stock
39231,0,clara_k16,text_pca64_lexical_calendar_publisher_stock
39233,12,clara_k16,text_pca64_lexical_calendar_publisher_stock
39240,0,clara_k16,text_pca64_lexical_calendar_publisher_stock
39246,14,clara_k16,text_pca64_lexical_calendar_publisher_stock
39250,12,clara_k16,text_pca64_lexical_calendar_publisher_stock
39251,0,clara_k16,text_pca64_lexical_calendar_publisher_stock
39269,2,clara_k16,text_pca64_lexical_calendar_publisher_stock
39273,12,clara_k16,text_pca64_lexical_calendar_publisher_stock
39283,12,clara_k16,text_pca64_lexical_calendar_publisher_stock
39292,2,clara_k16,text_pca64_lexical_calendar_publisher_stock
39296,12,clara_k16,text_pca64_lexical_calendar_publisher_stock
39301,12,clara_k16,text_pca64_lexical_calendar_publisher_stock
39302,12,clara_k16,text_pca64_lexical_calendar_publisher_stock
39304,0,clara_k16,text_pca64_lexical_calendar_publisher_stock
39317,12,clara_k16,text_pca64_lexical_calendar_publisher_stock
39331,2,clara_k16,text_pca64_lexical_calendar_publisher_stock
39337,1,clara_k16,text_pca64_lexical_calendar_publisher_stock
39343,14,clara_k16,text_pca64_lexical_calendar_publisher_stock
39344,1,clara_k16,text_pca64_lexical_calendar_publisher_stock
39345,12,clara_k16,text_pca64_lexical_calendar_publisher_stock
39359,12,clara_k16,text_pca64_lexical_calendar_publisher_stock
39360,4,clara_k16,text_pca64_lexical_calendar_publisher_stock
39370,14,clara_k16,text_pca64_lexical_calendar_publisher_stock
39375,14,clara_k16,text_pca64_lexical_calendar_publisher_stock
39409,12,clara_k16,text_pca64_lexical_calendar_publisher_stock
39425,12,clara_k16,text_pca64_lexical_calendar_publisher_stock
39431,4,clara_k16,text_pca64_lexical_calendar_publisher_stock
39434,14,clara_k16,text_pca64_lexical_calendar_publisher_stock
39436,2,clara_k16,text_pca64_lexical_calendar_publisher_stock
39439,2,clara_k16,text_pca64_lexical_calendar_publisher_stock
39444,12,clara_k16,text_pca64_lexical_calendar_publisher_stock
39445,0,clara_k16,text_pca64_lexical_calendar_publisher_stock
39455,12,clara_k16,text_pca64_lexical_calendar_publisher_stock
39456,2,clara_k16,text_pca64_lexical_calendar_publisher_stock
39461,1,clara_k16,text_pca64_lexical_calendar_publisher_stock
39466,12,clara_k16,text_pca64_lexical_calendar_publisher_stock
39480,12,clara_k16,text_pca64_lexical_calendar_publisher_stock
39483,13,clara_k16,text_pca64_lexical_calendar_publisher_stock
39487,12,clara_k16,text_pca64_lexical_calendar_publisher_stock
39520,12,clara_k16,text_pca64_lexical_calendar_publisher_stock
39521,14,clara_k16,text_pca64_lexical_calendar_publisher_stock
39524,4,clara_k16,text_pca64_lexical_calendar_publisher_stock
39525,12,clara_k16,text_pca64_lexical_calendar_publisher_stock
39526,6,clara_k16,text_pca64_lexical_calendar_publisher_stock
39542,1,clara_k16,text_pca64_lexical_calendar_publisher_stock
39545,12,clara_k16,text_pca64_lexical_calendar_publisher_stock
39548,0,clara_k16,text_pca64_lexical_calendar_publisher_stock
39549,6,clara_k16,text_pca64_lexical_calendar_publisher_stock
39554,12,clara_k16,text_pca64_lexical_calendar_publisher_stock
39569,6,clara_k16,text_pca64_lexical_calendar_publisher_stock
39573,0,clara_k16,text_pca64_lexical_calendar_publisher_stock
39576,1,clara_k16,text_pca64_lexical_calendar_publisher_stock
39586,0,clara_k16,text_pca64_lexical_calendar_publisher_stock
39590,6,clara_k16,text_pca64_lexical_calendar_publisher_stock
39623,0,clara_k16,text_pca64_lexical_calendar_publisher_stock
39627,2,clara_k16,text_pca64_lexical_calendar_publisher_stock
39631,13,clara_k16,text_pca64_lexical_calendar_publisher_stock
39634,14,clara_k16,text_pca64_lexical_calendar_publisher_stock
39645,2,clara_k16,text_pca64_lexical_calendar_publisher_stock
39650,13,clara_k16,text_pca64_lexical_calendar_publisher_stock
39658,9,clara_k16,text_pca64_lexical_calendar_publisher_stock
39660,14,clara_k16,text_pca64_lexical_calendar_publisher_stock
39663,1,clara_k16,text_pca64_lexical_calendar_publisher_stock
39667,2,clara_k16,text_pca64_lexical_calendar_publisher_stock
39684,6,clara_k16,text_pca64_lexical_calendar_publisher_stock
39686,4,clara_k16,text_pca64_lexical_calendar_publisher_stock
39690,13,clara_k16,text_pca64_lexical_calendar_publisher_stock
39691,6,clara_k16,text_pca64_lexical_calendar_publisher_stock
39694,1,clara_k16,text_pca64_lexical_calendar_publisher_stock
39696,6,clara_k16,text_pca64_lexical_calendar_publisher_stock
39698,9,clara_k16,text_pca64_lexical_calendar_publisher_stock
39699,7,clara_k16,text_pca64_lexical_calendar_publisher_stock
39700,2,clara_k16,text_pca64_lexical_calendar_publisher_stock
39706,12,clara_k16,text_pca64_lexical_calendar_publisher_stock
39707,0,clara_k16,text_pca64_lexical_calendar_publisher_stock
39712,6,clara_k16,text_pca64_lexical_calendar_publisher_stock
39714,12,clara_k16,text_pca64_lexical_calendar_publisher_stock
39717,2,clara_k16,text_pca64_lexical_calendar_publisher_stock
39719,6,clara_k16,text_pca64_lexical_calendar_publisher_stock
39739,1,clara_k16,text_pca64_lexical_calendar_publisher_stock
39746,12,clara_k16,text_pca64_lexical_calendar_publisher_stock
39762,4,clara_k16,text_pca64_lexical_calendar_publisher_stock
39773,0,clara_k16,text_pca64_lexical_calendar_publisher_stock
39774,1,clara_k16,text_pca64_lexical_calendar_publisher_stock
39775,1,clara_k16,text_pca64_lexical_calendar_publisher_stock
39778,1,clara_k16,text_pca64_lexical_calendar_publisher_stock
39781,1,clara_k16,text_pca64_lexical_calendar_publisher_stock
39785,6,clara_k16,text_pca64_lexical_calendar_publisher_stock
39795,4,clara_k16,text_pca64_lexical_calendar_publisher_stock
39797,0,clara_k16,text_pca64_lexical_calendar_publisher_stock
39808,6,clara_k16,text_pca64_lexical_calendar_publisher_stock
39813,4,clara_k16,text_pca64_lexical_calendar_publisher_stock
39822,0,clara_k16,text_pca64_lexical_calendar_publisher_stock
39838,13,clara_k16,text_pca64_lexical_calendar_publisher_stock
39843,6,clara_k16,text_pca64_lexical_calendar_publisher_stock
39868,6,clara_k16,text_pca64_lexical_calendar_publisher_stock
39870,13,clara_k16,text_pca64_lexical_calendar_publisher_stock
39874,6,clara_k16,text_pca64_lexical_calendar_publisher_stock
39878,2,clara_k16,text_pca64_lexical_calendar_publisher_stock
39885,0,clara_k16,text_pca64_lexical_calendar_publisher_stock
39890,13,clara_k16,text_pca64_lexical_calendar_publisher_stock
39892,0,clara_k16,text_pca64_lexical_calendar_publisher_stock
39898,2,clara_k16,text_pca64_lexical_calendar_publisher_stock
39905,0,clara_k16,text_pca64_lexical_calendar_publisher_stock
39912,0,clara_k16,text_pca64_lexical_calendar_publisher_stock
39923,6,clara_k16,text_pca64_lexical_calendar_publisher_stock
39924,0,clara_k16,text_pca64_lexical_calendar_publisher_stock
39928,14,clara_k16,text_pca64_lexical_calendar_publisher_stock
39938,2,clara_k16,text_pca64_lexical_calendar_publisher_stock
39946,0,clara_k16,text_pca64_lexical_calendar_publisher_stock
39951,0,clara_k16,text_pca64_lexical_calendar_publisher_stock
39953,4,clara_k16,text_pca64_lexical_calendar_publisher_stock
39955,4,clara_k16,text_pca64_lexical_calendar_publisher_stock
39956,0,clara_k16,text_pca64_lexical_calendar_publisher_stock
39960,0,clara_k16,text_pca64_lexical_calendar_publisher_stock
39966,0,clara_k16,text_pca64_lexical_calendar_publisher_stock
39968,0,clara_k16,text_pca64_lexical_calendar_publisher_stock
39973,0,clara_k16,text_pca64_lexical_calendar_publisher_stock
39981,0,clara_k16,text_pca64_lexical_calendar_publisher_stock
39982,0,clara_k16,text_pca64_lexical_calendar_publisher_stock
39988,6,clara_k16,text_pca64_lexical_calendar_publisher_stock
39990,11,clara_k16,text_pca64_lexical_calendar_publisher_stock
40009,0,clara_k16,text_pca64_lexical_calendar_publisher_stock
40011,6,clara_k16,text_pca64_lexical_calendar_publisher_stock
40019,14,clara_k16,text_pca64_lexical_calendar_publisher_stock
40026,14,clara_k16,text_pca64_lexical_calendar_publisher_stock
40027,11,clara_k16,text_pca64_lexical_calendar_publisher_stock
40038,1,clara_k16,text_pca64_lexical_calendar_publisher_stock
40040,6,clara_k16,text_pca64_lexical_calendar_publisher_stock
40045,4,clara_k16,text_pca64_lexical_calendar_publisher_stock
40049,6,clara_k16,text_pca64_lexical_calendar_publisher_stock
40061,2,clara_k16,text_pca64_lexical_calendar_publisher_stock
40082,0,clara_k16,text_pca64_lexical_calendar_publisher_stock
40092,4,clara_k16,text_pca64_lexical_calendar_publisher_stock
40114,6,clara_k16,text_pca64_lexical_calendar_publisher_stock
40125,6,clara_k16,text_pca64_lexical_calendar_publisher_stock
40133,0,clara_k16,text_pca64_lexical_calendar_publisher_stock
40145,2,clara_k16,text_pca64_lexical_calendar_publisher_stock
40147,0,clara_k16,text_pca64_lexical_calendar_publisher_stock
40155,4,clara_k16,text_pca64_lexical_calendar_publisher_stock
40161,4,clara_k16,text_pca64_lexical_calendar_publisher_stock
40162,0,clara_k16,text_pca64_lexical_calendar_publisher_stock
40163,13,clara_k16,text_pca64_lexical_calendar_publisher_stock
40166,4,clara_k16,text_pca64_lexical_calendar_publisher_stock
40179,0,clara_k16,text_pca64_lexical_calendar_publisher_stock
40199,11,clara_k16,text_pca64_lexical_calendar_publisher_stock
40202,14,clara_k16,text_pca64_lexical_calendar_publisher_stock
40203,6,clara_k16,text_pca64_lexical_calendar_publisher_stock
40207,2,clara_k16,text_pca64_lexical_calendar_publisher_stock
40211,6,clara_k16,text_pca64_lexical_calendar_publisher_stock
40212,14,clara_k16,text_pca64_lexical_calendar_publisher_stock
40215,0,clara_k16,text_pca64_lexical_calendar_publisher_stock
40228,0,clara_k16,text_pca64_lexical_calendar_publisher_stock
40235,0,clara_k16,text_pca64_lexical_calendar_publisher_stock
40246,6,clara_k16,text_pca64_lexical_calendar_publisher_stock
40250,12,clara_k16,text_pca64_lexical_calendar_publisher_stock
40255,0,clara_k16,text_pca64_lexical_calendar_publisher_stock
40260,13,clara_k16,text_pca64_lexical_calendar_publisher_stock
40261,0,clara_k16,text_pca64_lexical_calendar_publisher_stock
40265,2,clara_k16,text_pca64_lexical_calendar_publisher_stock
40267,6,clara_k16,text_pca64_lexical_calendar_publisher_stock
40268,0,clara_k16,text_pca64_lexical_calendar_publisher_stock
40282,0,clara_k16,text_pca64_lexical_calendar_publisher_stock
40283,0,clara_k16,text_pca64_lexical_calendar_publisher_stock
40287,0,clara_k16,text_pca64_lexical_calendar_publisher_stock
40298,14,clara_k16,text_pca64_lexical_calendar_publisher_stock
40299,14,clara_k16,text_pca64_lexical_calendar_publisher_stock
40304,0,clara_k16,text_pca64_lexical_calendar_publisher_stock
40306,12,clara_k16,text_pca64_lexical_calendar_publisher_stock
40307,13,clara_k16,text_pca64_lexical_calendar_publisher_stock
40322,6,clara_k16,text_pca64_lexical_calendar_publisher_stock
40328,14,clara_k16,text_pca64_lexical_calendar_publisher_stock
40336,0,clara_k16,text_pca64_lexical_calendar_publisher_stock
40340,14,clara_k16,text_pca64_lexical_calendar_publisher_stock
40350,2,clara_k16,text_pca64_lexical_calendar_publisher_stock
40359,4,clara_k16,text_pca64_lexical_calendar_publisher_stock
40365,0,clara_k16,text_pca64_lexical_calendar_publisher_stock
40366,0,clara_k16,text_pca64_lexical_calendar_publisher_stock
40367,12,clara_k16,text_pca64_lexical_calendar_publisher_stock
40368,13,clara_k16,text_pca64_lexical_calendar_publisher_stock
40370,2,clara_k16,text_pca64_lexical_calendar_publisher_stock
40371,2,clara_k16,text_pca64_lexical_calendar_publisher_stock
40381,14,clara_k16,text_pca64_lexical_calendar_publisher_stock
40395,2,clara_k16,text_pca64_lexical_calendar_publisher_stock
40400,0,clara_k16,text_pca64_lexical_calendar_publisher_stock
40406,0,clara_k16,text_pca64_lexical_calendar_publisher_stock
40420,13,clara_k16,text_pca64_lexical_calendar_publisher_stock
40432,13,clara_k16,text_pca64_lexical_calendar_publisher_stock
40437,4,clara_k16,text_pca64_lexical_calendar_publisher_stock
40439,2,clara_k16,text_pca64_lexical_calendar_publisher_stock
40441,6,clara_k16,text_pca64_lexical_calendar_publisher_stock
40447,2,clara_k16,text_pca64_lexical_calendar_publisher_stock
40450,0,clara_k16,text_pca64_lexical_calendar_publisher_stock
40451,1,clara_k16,text_pca64_lexical_calendar_publisher_stock
40457,12,clara_k16,text_pca64_lexical_calendar_publisher_stock
40460,2,clara_k16,text_pca64_lexical_calendar_publisher_stock
40470,1,clara_k16,text_pca64_lexical_calendar_publisher_stock
40471,0,clara_k16,text_pca64_lexical_calendar_publisher_stock
40474,12,clara_k16,text_pca64_lexical_calendar_publisher_stock
40485,2,clara_k16,text_pca64_lexical_calendar_publisher_stock
40489,0,clara_k16,text_pca64_lexical_calendar_publisher_stock
40493,4,clara_k16,text_pca64_lexical_calendar_publisher_stock
40497,0,clara_k16,text_pca64_lexical_calendar_publisher_stock
40500,2,clara_k16,text_pca64_lexical_calendar_publisher_stock
40513,0,clara_k16,text_pca64_lexical_calendar_publisher_stock
40515,13,clara_k16,text_pca64_lexical_calendar_publisher_stock
40523,2,clara_k16,text_pca64_lexical_calendar_publisher_stock
40531,4,clara_k16,text_pca64_lexical_calendar_publisher_stock
40534,0,clara_k16,text_pca64_lexical_calendar_publisher_stock
40541,4,clara_k16,text_pca64_lexical_calendar_publisher_stock
40549,4,clara_k16,text_pca64_lexical_calendar_publisher_stock
40553,0,clara_k16,text_pca64_lexical_calendar_publisher_stock
40559,2,clara_k16,text_pca64_lexical_calendar_publisher_stock
40560,0,clara_k16,text_pca64_lexical_calendar_publisher_stock
40569,0,clara_k16,text_pca64_lexical_calendar_publisher_stock
40570,4,clara_k16,text_pca64_lexical_calendar_publisher_stock
40578,6,clara_k16,text_pca64_lexical_calendar_publisher_stock
40592,2,clara_k16,text_pca64_lexical_calendar_publisher_stock
40594,6,clara_k16,text_pca64_lexical_calendar_publisher_stock
40598,1,clara_k16,text_pca64_lexical_calendar_publisher_stock
40606,0,clara_k16,text_pca64_lexical_calendar_publisher_stock
40614,1,clara_k16,text_pca64_lexical_calendar_publisher_stock
40619,4,clara_k16,text_pca64_lexical_calendar_publisher_stock
40620,0,clara_k16,text_pca64_lexical_calendar_publisher_stock
40623,0,clara_k16,text_pca64_lexical_calendar_publisher_stock
40628,7,clara_k16,text_pca64_lexical_calendar_publisher_stock
40646,4,clara_k16,text_pca64_lexical_calendar_publisher_stock
40650,4,clara_k16,text_pca64_lexical_calendar_publisher_stock
40651,0,clara_k16,text_pca64_lexical_calendar_publisher_stock
40660,11,clara_k16,text_pca64_lexical_calendar_publisher_stock
40666,12,clara_k16,text_pca64_lexical_calendar_publisher_stock
40681,2,clara_k16,text_pca64_lexical_calendar_publisher_stock
40700,4,clara_k16,text_pca64_lexical_calendar_publisher_stock
40712,6,clara_k16,text_pca64_lexical_calendar_publisher_stock
40714,0,clara_k16,text_pca64_lexical_calendar_publisher_stock
40716,6,clara_k16,text_pca64_lexical_calendar_publisher_stock
40717,0,clara_k16,text_pca64_lexical_calendar_publisher_stock
40740,1,clara_k16,text_pca64_lexical_calendar_publisher_stock
40752,0,clara_k16,text_pca64_lexical_calendar_publisher_stock
40772,2,clara_k16,text_pca64_lexical_calendar_publisher_stock
40773,2,clara_k16,text_pca64_lexical_calendar_publisher_stock
40775,2,clara_k16,text_pca64_lexical_calendar_publisher_stock
40781,13,clara_k16,text_pca64_lexical_calendar_publisher_stock
40812,5,clara_k16,text_pca64_lexical_calendar_publisher_stock
40815,0,clara_k16,text_pca64_lexical_calendar_publisher_stock
40820,1,clara_k16,text_pca64_lexical_calendar_publisher_stock
40824,12,clara_k16,text_pca64_lexical_calendar_publisher_stock
40827,0,clara_k16,text_pca64_lexical_calendar_publisher_stock
40841,0,clara_k16,text_pca64_lexical_calendar_publisher_stock
40855,1,clara_k16,text_pca64_lexical_calendar_publisher_stock
40866,0,clara_k16,text_pca64_lexical_calendar_publisher_stock
40885,0,clara_k16,text_pca64_lexical_calendar_publisher_stock
40889,0,clara_k16,text_pca64_lexical_calendar_publisher_stock
40895,0,clara_k16,text_pca64_lexical_calendar_publisher_stock
40917,4,clara_k16,text_pca64_lexical_calendar_publisher_stock
40919,2,clara_k16,text_pca64_lexical_calendar_publisher_stock
40923,1,clara_k16,text_pca64_lexical_calendar_publisher_stock
40926,2,clara_k16,text_pca64_lexical_calendar_publisher_stock
40930,0,clara_k16,text_pca64_lexical_calendar_publisher_stock
40941,12,clara_k16,text_pca64_lexical_calendar_publisher_stock
40945,1,clara_k16,text_pca64_lexical_calendar_publisher_stock
40951,0,clara_k16,text_pca64_lexical_calendar_publisher_stock
40961,1,clara_k16,text_pca64_lexical_calendar_publisher_stock
40964,1,clara_k16,text_pca64_lexical_calendar_publisher_stock
40978,0,clara_k16,text_pca64_lexical_calendar_publisher_stock
40979,12,clara_k16,text_pca64_lexical_calendar_publisher_stock
40980,0,clara_k16,text_pca64_lexical_calendar_publisher_stock
40987,7,clara_k16,text_pca64_lexical_calendar_publisher_stock
40988,0,clara_k16,text_pca64_lexical_calendar_publisher_stock
40990,0,clara_k16,text_pca64_lexical_calendar_publisher_stock
40999,0,clara_k16,text_pca64_lexical_calendar_publisher_stock
41008,14,clara_k16,text_pca64_lexical_calendar_publisher_stock
41010,0,clara_k16,text_pca64_lexical_calendar_publisher_stock
41016,1,clara_k16,text_pca64_lexical_calendar_publisher_stock
41018,0,clara_k16,text_pca64_lexical_calendar_publisher_stock
41027,4,clara_k16,text_pca64_lexical_calendar_publisher_stock
41046,0,clara_k16,text_pca64_lexical_calendar_publisher_stock
41053,2,clara_k16,text_pca64_lexical_calendar_publisher_stock
41055,1,clara_k16,text_pca64_lexical_calendar_publisher_stock
41061,0,clara_k16,text_pca64_lexical_calendar_publisher_stock
41065,3,clara_k16,text_pca64_lexical_calendar_publisher_stock
41066,0,clara_k16,text_pca64_lexical_calendar_publisher_stock
41076,1,clara_k16,text_pca64_lexical_calendar_publisher_stock
41077,1,clara_k16,text_pca64_lexical_calendar_publisher_stock
41079,12,clara_k16,text_pca64_lexical_calendar_publisher_stock
41083,4,clara_k16,text_pca64_lexical_calendar_publisher_stock
41089,3,clara_k16,text_pca64_lexical_calendar_publisher_stock
41092,1,clara_k16,text_pca64_lexical_calendar_publisher_stock
41093,3,clara_k16,text_pca64_lexical_calendar_publisher_stock
41096,3,clara_k16,text_pca64_lexical_calendar_publisher_stock
41101,6,clara_k16,text_pca64_lexical_calendar_publisher_stock
41105,1,clara_k16,text_pca64_lexical_calendar_publisher_stock
41117,1,clara_k16,text_pca64_lexical_calendar_publisher_stock
41124,14,clara_k16,text_pca64_lexical_calendar_publisher_stock
41130,1,clara_k16,text_pca64_lexical_calendar_publisher_stock
41134,1,clara_k16,text_pca64_lexical_calendar_publisher_stock
41137,1,clara_k16,text_pca64_lexical_calendar_publisher_stock
41146,1,clara_k16,text_pca64_lexical_calendar_publisher_stock
41151,4,clara_k16,text_pca64_lexical_calendar_publisher_stock
41155,4,clara_k16,text_pca64_lexical_calendar_publisher_stock
41156,0,clara_k16,text_pca64_lexical_calendar_publisher_stock
41180,2,clara_k16,text_pca64_lexical_calendar_publisher_stock
41183,14,clara_k16,text_pca64_lexical_calendar_publisher_stock
41187,12,clara_k16,text_pca64_lexical_calendar_publisher_stock
41195,1,clara_k16,text_pca64_lexical_calendar_publisher_stock
41197,4,clara_k16,text_pca64_lexical_calendar_publisher_stock
41204,0,clara_k16,text_pca64_lexical_calendar_publisher_stock
41210,0,clara_k16,text_pca64_lexical_calendar_publisher_stock
41218,0,clara_k16,text_pca64_lexical_calendar_publisher_stock
41219,0,clara_k16,text_pca64_lexical_calendar_publisher_stock
41222,0,clara_k16,text_pca64_lexical_calendar_publisher_stock
41223,0,clara_k16,text_pca64_lexical_calendar_publisher_stock
41228,0,clara_k16,text_pca64_lexical_calendar_publisher_stock
41234,2,clara_k16,text_pca64_lexical_calendar_publisher_stock
41242,0,clara_k16,text_pca64_lexical_calendar_publisher_stock
41254,2,clara_k16,text_pca64_lexical_calendar_publisher_stock
41255,0,clara_k16,text_pca64_lexical_calendar_publisher_stock
41260,15,clara_k16,text_pca64_lexical_calendar_publisher_stock
41261,12,clara_k16,text_pca64_lexical_calendar_publisher_stock
41266,1,clara_k16,text_pca64_lexical_calendar_publisher_stock
41267,4,clara_k16,text_pca64_lexical_calendar_publisher_stock
41268,15,clara_k16,text_pca64_lexical_calendar_publisher_stock
41272,12,clara_k16,text_pca64_lexical_calendar_publisher_stock
41275,0,clara_k16,text_pca64_lexical_calendar_publisher_stock
41276,0,clara_k16,text_pca64_lexical_calendar_publisher_stock
41283,1,clara_k16,text_pca64_lexical_calendar_publisher_stock
41285,4,clara_k16,text_pca64_lexical_calendar_publisher_stock
41292,0,clara_k16,text_pca64_lexical_calendar_publisher_stock
41295,1,clara_k16,text_pca64_lexical_calendar_publisher_stock
41301,2,clara_k16,text_pca64_lexical_calendar_publisher_stock
41305,12,clara_k16,text_pca64_lexical_calendar_publisher_stock
41315,0,clara_k16,text_pca64_lexical_calendar_publisher_stock
41317,0,clara_k16,text_pca64_lexical_calendar_publisher_stock
41322,5,clara_k16,text_pca64_lexical_calendar_publisher_stock
41331,5,clara_k16,text_pca64_lexical_calendar_publisher_stock
41344,5,clara_k16,text_pca64_lexical_calendar_publisher_stock
41359,0,clara_k16,text_pca64_lexical_calendar_publisher_stock
41367,12,clara_k16,text_pca64_lexical_calendar_publisher_stock
41373,14,clara_k16,text_pca64_lexical_calendar_publisher_stock
41374,5,clara_k16,text_pca64_lexical_calendar_publisher_stock
41375,14,clara_k16,text_pca64_lexical_calendar_publisher_stock
41377,14,clara_k16,text_pca64_lexical_calendar_publisher_stock
41386,12,clara_k16,text_pca64_lexical_calendar_publisher_stock
41388,5,clara_k16,text_pca64_lexical_calendar_publisher_stock
41408,14,clara_k16,text_pca64_lexical_calendar_publisher_stock
41412,0,clara_k16,text_pca64_lexical_calendar_publisher_stock
41419,2,clara_k16,text_pca64_lexical_calendar_publisher_stock
41440,0,clara_k16,text_pca64_lexical_calendar_publisher_stock
41442,12,clara_k16,text_pca64_lexical_calendar_publisher_stock
41443,4,clara_k16,text_pca64_lexical_calendar_publisher_stock
41454,2,clara_k16,text_pca64_lexical_calendar_publisher_stock
41455,1,clara_k16,text_pca64_lexical_calendar_publisher_stock
41459,6,clara_k16,text_pca64_lexical_calendar_publisher_stock
41468,1,clara_k16,text_pca64_lexical_calendar_publisher_stock
41469,13,clara_k16,text_pca64_lexical_calendar_publisher_stock
41471,4,clara_k16,text_pca64_lexical_calendar_publisher_stock
41473,12,clara_k16,text_pca64_lexical_calendar_publisher_stock
41487,13,clara_k16,text_pca64_lexical_calendar_publisher_stock
41491,6,clara_k16,text_pca64_lexical_calendar_publisher_stock
41502,2,clara_k16,text_pca64_lexical_calendar_publisher_stock
41507,0,clara_k16,text_pca64_lexical_calendar_publisher_stock
41510,6,clara_k16,text_pca64_lexical_calendar_publisher_stock
41511,0,clara_k16,text_pca64_lexical_calendar_publisher_stock
41512,9,clara_k16,text_pca64_lexical_calendar_publisher_stock
41515,0,clara_k16,text_pca64_lexical_calendar_publisher_stock
41517,1,clara_k16,text_pca64_lexical_calendar_publisher_stock
41523,8,clara_k16,text_pca64_lexical_calendar_publisher_stock
41533,6,clara_k16,text_pca64_lexical_calendar_publisher_stock
41535,13,clara_k16,text_pca64_lexical_calendar_publisher_stock
41540,6,clara_k16,text_pca64_lexical_calendar_publisher_stock
41546,0,clara_k16,text_pca64_lexical_calendar_publisher_stock
41550,0,clara_k16,text_pca64_lexical_calendar_publisher_stock
41551,6,clara_k16,text_pca64_lexical_calendar_publisher_stock
41554,9,clara_k16,text_pca64_lexical_calendar_publisher_stock
41558,13,clara_k16,text_pca64_lexical_calendar_publisher_stock
41578,4,clara_k16,text_pca64_lexical_calendar_publisher_stock
41586,4,clara_k16,text_pca64_lexical_calendar_publisher_stock
41611,11,clara_k16,text_pca64_lexical_calendar_publisher_stock
41622,12,clara_k16,text_pca64_lexical_calendar_publisher_stock
41624,12,clara_k16,text_pca64_lexical_calendar_publisher_stock
41626,8,clara_k16,text_pca64_lexical_calendar_publisher_stock
41629,2,clara_k16,text_pca64_lexical_calendar_publisher_stock
41630,1,clara_k16,text_pca64_lexical_calendar_publisher_stock
41642,0,clara_k16,text_pca64_lexical_calendar_publisher_stock
41647,1,clara_k16,text_pca64_lexical_calendar_publisher_stock
41648,0,clara_k16,text_pca64_lexical_calendar_publisher_stock
41649,6,clara_k16,text_pca64_lexical_calendar_publisher_stock
41651,0,clara_k16,text_pca64_lexical_calendar_publisher_stock
41652,12,clara_k16,text_pca64_lexical_calendar_publisher_stock
41654,9,clara_k16,text_pca64_lexical_calendar_publisher_stock
41656,0,clara_k16,text_pca64_lexical_calendar_publisher_stock
41668,0,clara_k16,text_pca64_lexical_calendar_publisher_stock
41671,11,clara_k16,text_pca64_lexical_calendar_publisher_stock
41681,6,clara_k16,text_pca64_lexical_calendar_publisher_stock
41685,0,clara_k16,text_pca64_lexical_calendar_publisher_stock
41686,0,clara_k16,text_pca64_lexical_calendar_publisher_stock
41691,0,clara_k16,text_pca64_lexical_calendar_publisher_stock
41692,0,clara_k16,text_pca64_lexical_calendar_publisher_stock
41693,13,clara_k16,text_pca64_lexical_calendar_publisher_stock
41695,0,clara_k16,text_pca64_lexical_calendar_publisher_stock
41696,12,clara_k16,text_pca64_lexical_calendar_publisher_stock
41701,8,clara_k16,text_pca64_lexical_calendar_publisher_stock
41710,4,clara_k16,text_pca64_lexical_calendar_publisher_stock
41717,12,clara_k16,text_pca64_lexical_calendar_publisher_stock
41719,0,clara_k16,text_pca64_lexical_calendar_publisher_stock
41720,13,clara_k16,text_pca64_lexical_calendar_publisher_stock
41737,0,clara_k16,text_pca64_lexical_calendar_publisher_stock
41740,13,clara_k16,text_pca64_lexical_calendar_publisher_stock
41752,3,clara_k16,text_pca64_lexical_calendar_publisher_stock
41756,13,clara_k16,text_pca64_lexical_calendar_publisher_stock
41759,3,clara_k16,text_pca64_lexical_calendar_publisher_stock
41761,3,clara_k16,text_pca64_lexical_calendar_publisher_stock
41768,1,clara_k16,text_pca64_lexical_calendar_publisher_stock
41771,13,clara_k16,text_pca64_lexical_calendar_publisher_stock
41776,0,clara_k16,text_pca64_lexical_calendar_publisher_stock
41780,1,clara_k16,text_pca64_lexical_calendar_publisher_stock
41790,1,clara_k16,text_pca64_lexical_calendar_publisher_stock
41796,1,clara_k16,text_pca64_lexical_calendar_publisher_stock
41797,1,clara_k16,text_pca64_lexical_calendar_publisher_stock
41799,0,clara_k16,text_pca64_lexical_calendar_publisher_stock
41802,4,clara_k16,text_pca64_lexical_calendar_publisher_stock
41821,1,clara_k16,text_pca64_lexical_calendar_publisher_stock
41824,1,clara_k16,text_pca64_lexical_calendar_publisher_stock
41827,15,clara_k16,text_pca64_lexical_calendar_publisher_stock
41839,0,clara_k16,text_pca64_lexical_calendar_publisher_stock
41841,15,clara_k16,text_pca64_lexical_calendar_publisher_stock
41843,15,clara_k16,text_pca64_lexical_calendar_publisher_stock
41847,12,clara_k16,text_pca64_lexical_calendar_publisher_stock
41856,0,clara_k16,text_pca64_lexical_calendar_publisher_stock
41857,0,clara_k16,text_pca64_lexical_calendar_publisher_stock
41868,11,clara_k16,text_pca64_lexical_calendar_publisher_stock
41872,0,clara_k16,text_pca64_lexical_calendar_publisher_stock
41903,0,clara_k16,text_pca64_lexical_calendar_publisher_stock
41909,14,clara_k16,text_pca64_lexical_calendar_publisher_stock
41915,14,clara_k16,text_pca64_lexical_calendar_publisher_stock
41919,14,clara_k16,text_pca64_lexical_calendar_publisher_stock
41925,14,clara_k16,text_pca64_lexical_calendar_publisher_stock
41928,14,clara_k16,text_pca64_lexical_calendar_publisher_stock
41948,14,clara_k16,text_pca64_lexical_calendar_publisher_stock
41952,14,clara_k16,text_pca64_lexical_calendar_publisher_stock
41959,2,clara_k16,text_pca64_lexical_calendar_publisher_stock
41962,12,clara_k16,text_pca64_lexical_calendar_publisher_stock
41963,14,clara_k16,text_pca64_lexical_calendar_publisher_stock
41967,14,clara_k16,text_pca64_lexical_calendar_publisher_stock
41982,14,clara_k16,text_pca64_lexical_calendar_publisher_stock
41995,14,clara_k16,text_pca64_lexical_calendar_publisher_stock
41996,2,clara_k16,text_pca64_lexical_calendar_publisher_stock
41998,14,clara_k16,text_pca64_lexical_calendar_publisher_stock
42003,14,clara_k16,text_pca64_lexical_calendar_publisher_stock
42027,14,clara_k16,text_pca64_lexical_calendar_publisher_stock
42035,3,clara_k16,text_pca64_lexical_calendar_publisher_stock
42038,14,clara_k16,text_pca64_lexical_calendar_publisher_stock
42052,14,clara_k16,text_pca64_lexical_calendar_publisher_stock
42060,4,clara_k16,text_pca64_lexical_calendar_publisher_stock
42061,2,clara_k16,text_pca64_lexical_calendar_publisher_stock
42064,2,clara_k16,text_pca64_lexical_calendar_publisher_stock
42068,14,clara_k16,text_pca64_lexical_calendar_publisher_stock
42087,13,clara_k16,text_pca64_lexical_calendar_publisher_stock
42102,14,clara_k16,text_pca64_lexical_calendar_publisher_stock
42104,1,clara_k16,text_pca64_lexical_calendar_publisher_stock
42106,0,clara_k16,text_pca64_lexical_calendar_publisher_stock
42114,14,clara_k16,text_pca64_lexical_calendar_publisher_stock
42116,6,clara_k16,text_pca64_lexical_calendar_publisher_stock
42117,14,clara_k16,text_pca64_lexical_calendar_publisher_stock
42118,14,clara_k16,text_pca64_lexical_calendar_publisher_stock
42119,2,clara_k16,text_pca64_lexical_calendar_publisher_stock
42122,14,clara_k16,text_pca64_lexical_calendar_publisher_stock
42123,2,clara_k16,text_pca64_lexical_calendar_publisher_stock
42131,14,clara_k16,text_pca64_lexical_calendar_publisher_stock
42134,1,clara_k16,text_pca64_lexical_calendar_publisher_stock
42141,14,clara_k16,text_pca64_lexical_calendar_publisher_stock
42142,0,clara_k16,text_pca64_lexical_calendar_publisher_stock
42149,0,clara_k16,text_pca64_lexical_calendar_publisher_stock
42158,14,clara_k16,text_pca64_lexical_calendar_publisher_stock
42175,0,clara_k16,text_pca64_lexical_calendar_publisher_stock
42188,1,clara_k16,text_pca64_lexical_calendar_publisher_stock
42189,6,clara_k16,text_pca64_lexical_calendar_publisher_stock
42198,1,clara_k16,text_pca64_lexical_calendar_publisher_stock
42199,12,clara_k16,text_pca64_lexical_calendar_publisher_stock
42200,2,clara_k16,text_pca64_lexical_calendar_publisher_stock
42201,1,clara_k16,text_pca64_lexical_calendar_publisher_stock
42206,2,clara_k16,text_pca64_lexical_calendar_publisher_stock
42208,4,clara_k16,text_pca64_lexical_calendar_publisher_stock
42218,13,clara_k16,text_pca64_lexical_calendar_publisher_stock
42221,0,clara_k16,text_pca64_lexical_calendar_publisher_stock
42223,4,clara_k16,text_pca64_lexical_calendar_publisher_stock
42233,1,clara_k16,text_pca64_lexical_calendar_publisher_stock
42236,0,clara_k16,text_pca64_lexical_calendar_publisher_stock
42263,0,clara_k16,text_pca64_lexical_calendar_publisher_stock
42272,6,clara_k16,text_pca64_lexical_calendar_publisher_stock
42274,2,clara_k16,text_pca64_lexical_calendar_publisher_stock
42275,0,clara_k16,text_pca64_lexical_calendar_publisher_stock
42288,6,clara_k16,text_pca64_lexical_calendar_publisher_stock
42295,14,clara_k16,text_pca64_lexical_calendar_publisher_stock
42303,0,clara_k16,text_pca64_lexical_calendar_publisher_stock
42304,0,clara_k16,text_pca64_lexical_calendar_publisher_stock
42307,0,clara_k16,text_pca64_lexical_calendar_publisher_stock
42324,0,clara_k16,text_pca64_lexical_calendar_publisher_stock
42326,14,clara_k16,text_pca64_lexical_calendar_publisher_stock
42327,4,clara_k16,text_pca64_lexical_calendar_publisher_stock
42332,2,clara_k16,text_pca64_lexical_calendar_publisher_stock
42333,2,clara_k16,text_pca64_lexical_calendar_publisher_stock
42334,2,clara_k16,text_pca64_lexical_calendar_publisher_stock
42343,14,clara_k16,text_pca64_lexical_calendar_publisher_stock
42350,14,clara_k16,text_pca64_lexical_calendar_publisher_stock
42352,4,clara_k16,text_pca64_lexical_calendar_publisher_stock
42355,0,clara_k16,text_pca64_lexical_calendar_publisher_stock
42358,14,clara_k16,text_pca64_lexical_calendar_publisher_stock
42364,14,clara_k16,text_pca64_lexical_calendar_publisher_stock
42370,12,clara_k16,text_pca64_lexical_calendar_publisher_stock
42371,14,clara_k16,text_pca64_lexical_calendar_publisher_stock
42375,14,clara_k16,text_pca64_lexical_calendar_publisher_stock
42377,4,clara_k16,text_pca64_lexical_calendar_publisher_stock
42403,4,clara_k16,text_pca64_lexical_calendar_publisher_stock
42432,1,clara_k16,text_pca64_lexical_calendar_publisher_stock
42433,1,clara_k16,text_pca64_lexical_calendar_publisher_stock
42445,14,clara_k16,text_pca64_lexical_calendar_publisher_stock
42449,0,clara_k16,text_pca64_lexical_calendar_publisher_stock
42453,2,clara_k16,text_pca64_lexical_calendar_publisher_stock
42454,13,clara_k16,text_pca64_lexical_calendar_publisher_stock
42455,4,clara_k16,text_pca64_lexical_calendar_publisher_stock
42465,14,clara_k16,text_pca64_lexical_calendar_publisher_stock
42472,1,clara_k16,text_pca64_lexical_calendar_publisher_stock
42473,1,clara_k16,text_pca64_lexical_calendar_publisher_stock
42474,6,clara_k16,text_pca64_lexical_calendar_publisher_stock
42484,14,clara_k16,text_pca64_lexical_calendar_publisher_stock
42496,13,clara_k16,text_pca64_lexical_calendar_publisher_stock
42504,4,clara_k16,text_pca64_lexical_calendar_publisher_stock
42505,14,clara_k16,text_pca64_lexical_calendar_publisher_stock
42507,1,clara_k16,text_pca64_lexical_calendar_publisher_stock
42512,6,clara_k16,text_pca64_lexical_calendar_publisher_stock
42513,1,clara_k16,text_pca64_lexical_calendar_publisher_stock
42524,0,clara_k16,text_pca64_lexical_calendar_publisher_stock
42528,1,clara_k16,text_pca64_lexical_calendar_publisher_stock
42537,6,clara_k16,text_pca64_lexical_calendar_publisher_stock
42539,12,clara_k16,text_pca64_lexical_calendar_publisher_stock
42540,12,clara_k16,text_pca64_lexical_calendar_publisher_stock
42545,13,clara_k16,text_pca64_lexical_calendar_publisher_stock
42552,14,clara_k16,text_pca64_lexical_calendar_publisher_stock
42554,4,clara_k16,text_pca64_lexical_calendar_publisher_stock
42560,1,clara_k16,text_pca64_lexical_calendar_publisher_stock
42561,14,clara_k16,text_pca64_lexical_calendar_publisher_stock
42566,2,clara_k16,text_pca64_lexical_calendar_publisher_stock
42569,2,clara_k16,text_pca64_lexical_calendar_publisher_stock
42570,6,clara_k16,text_pca64_lexical_calendar_publisher_stock
42577,4,clara_k16,text_pca64_lexical_calendar_publisher_stock
42584,12,clara_k16,text_pca64_lexical_calendar_publisher_stock
42590,0,clara_k16,text_pca64_lexical_calendar_publisher_stock
42592,14,clara_k16,text_pca64_lexical_calendar_publisher_stock
42602,14,clara_k16,text_pca64_lexical_calendar_publisher_stock
42603,2,clara_k16,text_pca64_lexical_calendar_publisher_stock
42611,6,clara_k16,text_pca64_lexical_calendar_publisher_stock
42618,14,clara_k16,text_pca64_lexical_calendar_publisher_stock
42619,12,clara_k16,text_pca64_lexical_calendar_publisher_stock
42630,12,clara_k16,text_pca64_lexical_calendar_publisher_stock
42633,1,clara_k16,text_pca64_lexical_calendar_publisher_stock
42641,14,clara_k16,text_pca64_lexical_calendar_publisher_stock
42643,4,clara_k16,text_pca64_lexical_calendar_publisher_stock
42651,12,clara_k16,text_pca64_lexical_calendar_publisher_stock
42657,1,clara_k16,text_pca64_lexical_calendar_publisher_stock
42659,1,clara_k16,text_pca64_lexical_calendar_publisher_stock
42665,0,clara_k16,text_pca64_lexical_calendar_publisher_stock
42683,14,clara_k16,text_pca64_lexical_calendar_publisher_stock
42686,1,clara_k16,text_pca64_lexical_calendar_publisher_stock
42688,0,clara_k16,text_pca64_lexical_calendar_publisher_stock
42696,13,clara_k16,text_pca64_lexical_calendar_publisher_stock
42697,1,clara_k16,text_pca64_lexical_calendar_publisher_stock
42699,14,clara_k16,text_pca64_lexical_calendar_publisher_stock
42703,0,clara_k16,text_pca64_lexical_calendar_publisher_stock
42705,12,clara_k16,text_pca64_lexical_calendar_publisher_stock
42731,0,clara_k16,text_pca64_lexical_calendar_publisher_stock
42740,12,clara_k16,text_pca64_lexical_calendar_publisher_stock
42742,14,clara_k16,text_pca64_lexical_calendar_publisher_stock
42744,14,clara_k16,text_pca64_lexical_calendar_publisher_stock
42745,12,clara_k16,text_pca64_lexical_calendar_publisher_stock
42776,4,clara_k16,text_pca64_lexical_calendar_publisher_stock
42787,13,clara_k16,text_pca64_lexical_calendar_publisher_stock
42792,13,clara_k16,text_pca64_lexical_calendar_publisher_stock
42798,14,clara_k16,text_pca64_lexical_calendar_publisher_stock
42806,6,clara_k16,text_pca64_lexical_calendar_publisher_stock
42830,14,clara_k16,text_pca64_lexical_calendar_publisher_stock
42834,0,clara_k16,text_pca64_lexical_calendar_publisher_stock
42847,2,clara_k16,text_pca64_lexical_calendar_publisher_stock
42854,14,clara_k16,text_pca64_lexical_calendar_publisher_stock
42858,14,clara_k16,text_pca64_lexical_calendar_publisher_stock
42859,14,clara_k16,text_pca64_lexical_calendar_publisher_stock
42867,14,clara_k16,text_pca64_lexical_calendar_publisher_stock
42868,14,clara_k16,text_pca64_lexical_calendar_publisher_stock
42871,14,clara_k16,text_pca64_lexical_calendar_publisher_stock
42897,14,clara_k16,text_pca64_lexical_calendar_publisher_stock
42906,6,clara_k16,text_pca64_lexical_calendar_publisher_stock
42917,14,clara_k16,text_pca64_lexical_calendar_publisher_stock
42947,2,clara_k16,text_pca64_lexical_calendar_publisher_stock
42948,14,clara_k16,text_pca64_lexical_calendar_publisher_stock
42952,0,clara_k16,text_pca64_lexical_calendar_publisher_stock
42961,4,clara_k16,text_pca64_lexical_calendar_publisher_stock
42962,4,clara_k16,text_pca64_lexical_calendar_publisher_stock
42966,4,clara_k16,text_pca64_lexical_calendar_publisher_stock
42972,4,clara_k16,text_pca64_lexical_calendar_publisher_stock
42979,4,clara_k16,text_pca64_lexical_calendar_publisher_stock
42990,14,clara_k16,text_pca64_lexical_calendar_publisher_stock
42992,14,clara_k16,text_pca64_lexical_calendar_publisher_stock
43008,13,clara_k16,text_pca64_lexical_calendar_publisher_stock
43047,6,clara_k16,text_pca64_lexical_calendar_publisher_stock
43053,12,clara_k16,text_pca64_lexical_calendar_publisher_stock
43057,6,clara_k16,text_pca64_lexical_calendar_publisher_stock
43065,12,clara_k16,text_pca64_lexical_calendar_publisher_stock
43076,0,clara_k16,text_pca64_lexical_calendar_publisher_stock
43080,13,clara_k16,text_pca64_lexical_calendar_publisher_stock
43081,4,clara_k16,text_pca64_lexical_calendar_publisher_stock
43089,4,clara_k16,text_pca64_lexical_calendar_publisher_stock
43091,2,clara_k16,text_pca64_lexical_calendar_publisher_stock
43092,4,clara_k16,text_pca64_lexical_calendar_publisher_stock
43110,0,clara_k16,text_pca64_lexical_calendar_publisher_stock
43112,13,clara_k16,text_pca64_lexical_calendar_publisher_stock
43121,0,clara_k16,text_pca64_lexical_calendar_publisher_stock
43137,0,clara_k16,text_pca64_lexical_calendar_publisher_stock
43138,4,clara_k16,text_pca64_lexical_calendar_publisher_stock
43140,11,clara_k16,text_pca64_lexical_calendar_publisher_stock
43143,0,clara_k16,text_pca64_lexical_calendar_publisher_stock
43165,2,clara_k16,text_pca64_lexical_calendar_publisher_stock
43170,1,clara_k16,text_pca64_lexical_calendar_publisher_stock
43187,12,clara_k16,text_pca64_lexical_calendar_publisher_stock
43203,4,clara_k16,text_pca64_lexical_calendar_publisher_stock
43206,4,clara_k16,text_pca64_lexical_calendar_publisher_stock
43207,6,clara_k16,text_pca64_lexical_calendar_publisher_stock
43216,14,clara_k16,text_pca64_lexical_calendar_publisher_stock
43217,2,clara_k16,text_pca64_lexical_calendar_publisher_stock
43229,4,clara_k16,text_pca64_lexical_calendar_publisher_stock
43236,4,clara_k16,text_pca64_lexical_calendar_publisher_stock
43243,1,clara_k16,text_pca64_lexical_calendar_publisher_stock
43247,0,clara_k16,text_pca64_lexical_calendar_publisher_stock
43248,14,clara_k16,text_pca64_lexical_calendar_publisher_stock
43249,4,clara_k16,text_pca64_lexical_calendar_publisher_stock
43257,14,clara_k16,text_pca64_lexical_calendar_publisher_stock
43273,4,clara_k16,text_pca64_lexical_calendar_publisher_stock
43275,12,clara_k16,text_pca64_lexical_calendar_publisher_stock
43287,0,clara_k16,text_pca64_lexical_calendar_publisher_stock
43295,0,clara_k16,text_pca64_lexical_calendar_publisher_stock
43296,4,clara_k16,text_pca64_lexical_calendar_publisher_stock
43297,0,clara_k16,text_pca64_lexical_calendar_publisher_stock
43300,0,clara_k16,text_pca64_lexical_calendar_publisher_stock
43312,0,clara_k16,text_pca64_lexical_calendar_publisher_stock
43317,1,clara_k16,text_pca64_lexical_calendar_publisher_stock
43318,13,clara_k16,text_pca64_lexical_calendar_publisher_stock
43320,4,clara_k16,text_pca64_lexical_calendar_publisher_stock
43321,1,clara_k16,text_pca64_lexical_calendar_publisher_stock
43323,0,clara_k16,text_pca64_lexical_calendar_publisher_stock
43330,14,clara_k16,text_pca64_lexical_calendar_publisher_stock
43344,14,clara_k16,text_pca64_lexical_calendar_publisher_stock
43349,4,clara_k16,text_pca64_lexical_calendar_publisher_stock
43353,14,clara_k16,text_pca64_lexical_calendar_publisher_stock
43357,4,clara_k16,text_pca64_lexical_calendar_publisher_stock
43378,1,clara_k16,text_pca64_lexical_calendar_publisher_stock
43383,13,clara_k16,text_pca64_lexical_calendar_publisher_stock
43384,4,clara_k16,text_pca64_lexical_calendar_publisher_stock
43405,12,clara_k16,text_pca64_lexical_calendar_publisher_stock
43410,1,clara_k16,text_pca64_lexical_calendar_publisher_stock
43417,4,clara_k16,text_pca64_lexical_calendar_publisher_stock
43421,2,clara_k16,text_pca64_lexical_calendar_publisher_stock
43424,12,clara_k16,text_pca64_lexical_calendar_publisher_stock
43430,0,clara_k16,text_pca64_lexical_calendar_publisher_stock
43431,4,clara_k16,text_pca64_lexical_calendar_publisher_stock
43433,0,clara_k16,text_pca64_lexical_calendar_publisher_stock
43438,14,clara_k16,text_pca64_lexical_calendar_publisher_stock
43444,0,clara_k16,text_pca64_lexical_calendar_publisher_stock
43458,0,clara_k16,text_pca64_lexical_calendar_publisher_stock
43483,13,clara_k16,text_pca64_lexical_calendar_publisher_stock
43490,1,clara_k16,text_pca64_lexical_calendar_publisher_stock
43494,1,clara_k16,text_pca64_lexical_calendar_publisher_stock
43509,0,clara_k16,text_pca64_lexical_calendar_publisher_stock
43510,2,clara_k16,text_pca64_lexical_calendar_publisher_stock
43513,1,clara_k16,text_pca64_lexical_calendar_publisher_stock
43514,4,clara_k16,text_pca64_lexical_calendar_publisher_stock
43523,0,clara_k16,text_pca64_lexical_calendar_publisher_stock
43537,13,clara_k16,text_pca64_lexical_calendar_publisher_stock
43545,0,clara_k16,text_pca64_lexical_calendar_publisher_stock
43556,14,clara_k16,text_pca64_lexical_calendar_publisher_stock
43559,1,clara_k16,text_pca64_lexical_calendar_publisher_stock
43581,0,clara_k16,text_pca64_lexical_calendar_publisher_stock
43582,4,clara_k16,text_pca64_lexical_calendar_publisher_stock
43586,14,clara_k16,text_pca64_lexical_calendar_publisher_stock
43595,1,clara_k16,text_pca64_lexical_calendar_publisher_stock
43599,14,clara_k16,text_pca64_lexical_calendar_publisher_stock
43600,1,clara_k16,text_pca64_lexical_calendar_publisher_stock
43602,14,clara_k16,text_pca64_lexical_calendar_publisher_stock
43607,13,clara_k16,text_pca64_lexical_calendar_publisher_stock
43608,12,clara_k16,text_pca64_lexical_calendar_publisher_stock
43637,14,clara_k16,text_pca64_lexical_calendar_publisher_stock
43640,1,clara_k16,text_pca64_lexical_calendar_publisher_stock
43652,4,clara_k16,text_pca64_lexical_calendar_publisher_stock
43656,11,clara_k16,text_pca64_lexical_calendar_publisher_stock
43658,1,clara_k16,text_pca64_lexical_calendar_publisher_stock
43659,0,clara_k16,text_pca64_lexical_calendar_publisher_stock
43662,4,clara_k16,text_pca64_lexical_calendar_publisher_stock
43666,12,clara_k16,text_pca64_lexical_calendar_publisher_stock
43669,0,clara_k16,text_pca64_lexical_calendar_publisher_stock
43672,4,clara_k16,text_pca64_lexical_calendar_publisher_stock
43673,12,clara_k16,text_pca64_lexical_calendar_publisher_stock
43679,1,clara_k16,text_pca64_lexical_calendar_publisher_stock
43684,14,clara_k16,text_pca64_lexical_calendar_publisher_stock
43688,0,clara_k16,text_pca64_lexical_calendar_publisher_stock
43690,4,clara_k16,text_pca64_lexical_calendar_publisher_stock
43695,2,clara_k16,text_pca64_lexical_calendar_publisher_stock
43696,13,clara_k16,text_pca64_lexical_calendar_publisher_stock
43697,2,clara_k16,text_pca64_lexical_calendar_publisher_stock
43699,14,clara_k16,text_pca64_lexical_calendar_publisher_stock
43706,1,clara_k16,text_pca64_lexical_calendar_publisher_stock
43711,4,clara_k16,text_pca64_lexical_calendar_publisher_stock
43712,0,clara_k16,text_pca64_lexical_calendar_publisher_stock
43716,14,clara_k16,text_pca64_lexical_calendar_publisher_stock
43719,1,clara_k16,text_pca64_lexical_calendar_publisher_stock
43729,12,clara_k16,text_pca64_lexical_calendar_publisher_stock
43733,13,clara_k16,text_pca64_lexical_calendar_publisher_stock
43735,1,clara_k16,text_pca64_lexical_calendar_publisher_stock
43737,0,clara_k16,text_pca64_lexical_calendar_publisher_stock
43750,1,clara_k16,text_pca64_lexical_calendar_publisher_stock
43756,6,clara_k16,text_pca64_lexical_calendar_publisher_stock
43759,1,clara_k16,text_pca64_lexical_calendar_publisher_stock
43768,0,clara_k16,text_pca64_lexical_calendar_publisher_stock
43784,14,clara_k16,text_pca64_lexical_calendar_publisher_stock
43796,0,clara_k16,text_pca64_lexical_calendar_publisher_stock
43797,0,clara_k16,text_pca64_lexical_calendar_publisher_stock
43810,13,clara_k16,text_pca64_lexical_calendar_publisher_stock
43811,4,clara_k16,text_pca64_lexical_calendar_publisher_stock
43812,13,clara_k16,text_pca64_lexical_calendar_publisher_stock
43817,6,clara_k16,text_pca64_lexical_calendar_publisher_stock
43821,0,clara_k16,text_pca64_lexical_calendar_publisher_stock
43830,11,clara_k16,text_pca64_lexical_calendar_publisher_stock
43846,1,clara_k16,text_pca64_lexical_calendar_publisher_stock
43849,14,clara_k16,text_pca64_lexical_calendar_publisher_stock
43853,1,clara_k16,text_pca64_lexical_calendar_publisher_stock
43855,4,clara_k16,text_pca64_lexical_calendar_publisher_stock
43857,2,clara_k16,text_pca64_lexical_calendar_publisher_stock
43859,0,clara_k16,text_pca64_lexical_calendar_publisher_stock
43885,5,clara_k16,text_pca64_lexical_calendar_publisher_stock
43891,11,clara_k16,text_pca64_lexical_calendar_publisher_stock
43932,4,clara_k16,text_pca64_lexical_calendar_publisher_stock
43941,1,clara_k16,text_pca64_lexical_calendar_publisher_stock
43942,14,clara_k16,text_pca64_lexical_calendar_publisher_stock
43948,0,clara_k16,text_pca64_lexical_calendar_publisher_stock
43956,14,clara_k16,text_pca64_lexical_calendar_publisher_stock
43957,15,clara_k16,text_pca64_lexical_calendar_publisher_stock
43961,0,clara_k16,text_pca64_lexical_calendar_publisher_stock
43971,0,clara_k16,text_pca64_lexical_calendar_publisher_stock
43972,0,clara_k16,text_pca64_lexical_calendar_publisher_stock
43975,2,clara_k16,text_pca64_lexical_calendar_publisher_stock
43987,13,clara_k16,text_pca64_lexical_calendar_publisher_stock
43989,2,clara_k16,text_pca64_lexical_calendar_publisher_stock
43990,0,clara_k16,text_pca64_lexical_calendar_publisher_stock
43999,2,clara_k16,text_pca64_lexical_calendar_publisher_stock
44000,0,clara_k16,text_pca64_lexical_calendar_publisher_stock
44004,13,clara_k16,text_pca64_lexical_calendar_publisher_stock
44005,1,clara_k16,text_pca64_lexical_calendar_publisher_stock
44017,13,clara_k16,text_pca64_lexical_calendar_publisher_stock
44024,0,clara_k16,text_pca64_lexical_calendar_publisher_stock
44025,2,clara_k16,text_pca64_lexical_calendar_publisher_stock
44027,2,clara_k16,text_pca64_lexical_calendar_publisher_stock
44032,0,clara_k16,text_pca64_lexical_calendar_publisher_stock
44034,6,clara_k16,text_pca64_lexical_calendar_publisher_stock
44058,1,clara_k16,text_pca64_lexical_calendar_publisher_stock
44060,0,clara_k16,text_pca64_lexical_calendar_publisher_stock
44062,0,clara_k16,text_pca64_lexical_calendar_publisher_stock
44068,0,clara_k16,text_pca64_lexical_calendar_publisher_stock
44074,13,clara_k16,text_pca64_lexical_calendar_publisher_stock
44076,2,clara_k16,text_pca64_lexical_calendar_publisher_stock
44080,2,clara_k16,text_pca64_lexical_calendar_publisher_stock
44081,6,clara_k16,text_pca64_lexical_calendar_publisher_stock
44090,0,clara_k16,text_pca64_lexical_calendar_publisher_stock
44096,0,clara_k16,text_pca64_lexical_calendar_publisher_stock
44097,1,clara_k16,text_pca64_lexical_calendar_publisher_stock
44098,14,clara_k16,text_pca64_lexical_calendar_publisher_stock
44110,14,clara_k16,text_pca64_lexical_calendar_publisher_stock
44114,13,clara_k16,text_pca64_lexical_calendar_publisher_stock
44118,0,clara_k16,text_pca64_lexical_calendar_publisher_stock
44129,6,clara_k16,text_pca64_lexical_calendar_publisher_stock
44141,0,clara_k16,text_pca64_lexical_calendar_publisher_stock
44147,2,clara_k16,text_pca64_lexical_calendar_publisher_stock
44150,2,clara_k16,text_pca64_lexical_calendar_publisher_stock
44151,6,clara_k16,text_pca64_lexical_calendar_publisher_stock
44155,13,clara_k16,text_pca64_lexical_calendar_publisher_stock
44165,6,clara_k16,text_pca64_lexical_calendar_publisher_stock
44167,4,clara_k16,text_pca64_lexical_calendar_publisher_stock
44172,6,clara_k16,text_pca64_lexical_calendar_publisher_stock
44181,0,clara_k16,text_pca64_lexical_calendar_publisher_stock
44193,13,clara_k16,text_pca64_lexical_calendar_publisher_stock
44196,13,clara_k16,text_pca64_lexical_calendar_publisher_stock
44202,2,clara_k16,text_pca64_lexical_calendar_publisher_stock
44207,0,clara_k16,text_pca64_lexical_calendar_publisher_stock
44208,6,clara_k16,text_pca64_lexical_calendar_publisher_stock
44210,2,clara_k16,text_pca64_lexical_calendar_publisher_stock
44214,14,clara_k16,text_pca64_lexical_calendar_publisher_stock
44224,6,clara_k16,text_pca64_lexical_calendar_publisher_stock
44243,14,clara_k16,text_pca64_lexical_calendar_publisher_stock
44259,0,clara_k16,text_pca64_lexical_calendar_publisher_stock
44263,13,clara_k16,text_pca64_lexical_calendar_publisher_stock
44266,8,clara_k16,text_pca64_lexical_calendar_publisher_stock
44282,0,clara_k16,text_pca64_lexical_calendar_publisher_stock
44283,1,clara_k16,text_pca64_lexical_calendar_publisher_stock
44287,0,clara_k16,text_pca64_lexical_calendar_publisher_stock
44295,7,clara_k16,text_pca64_lexical_calendar_publisher_stock
44299,0,clara_k16,text_pca64_lexical_calendar_publisher_stock
44301,0,clara_k16,text_pca64_lexical_calendar_publisher_stock
44304,4,clara_k16,text_pca64_lexical_calendar_publisher_stock
44315,2,clara_k16,text_pca64_lexical_calendar_publisher_stock
44323,6,clara_k16,text_pca64_lexical_calendar_publisher_stock
44330,6,clara_k16,text_pca64_lexical_calendar_publisher_stock
44343,6,clara_k16,text_pca64_lexical_calendar_publisher_stock
44346,4,clara_k16,text_pca64_lexical_calendar_publisher_stock
44355,4,clara_k16,text_pca64_lexical_calendar_publisher_stock
44359,4,clara_k16,text_pca64_lexical_calendar_publisher_stock
44364,4,clara_k16,text_pca64_lexical_calendar_publisher_stock
44365,4,clara_k16,text_pca64_lexical_calendar_publisher_stock
44368,1,clara_k16,text_pca64_lexical_calendar_publisher_stock
44371,1,clara_k16,text_pca64_lexical_calendar_publisher_stock
44373,0,clara_k16,text_pca64_lexical_calendar_publisher_stock
44375,0,clara_k16,text_pca64_lexical_calendar_publisher_stock
44385,1,clara_k16,text_pca64_lexical_calendar_publisher_stock
44394,8,clara_k16,text_pca64_lexical_calendar_publisher_stock
44399,13,clara_k16,text_pca64_lexical_calendar_publisher_stock
44403,10,clara_k16,text_pca64_lexical_calendar_publisher_stock
44418,13,clara_k16,text_pca64_lexical_calendar_publisher_stock
44424,2,clara_k16,text_pca64_lexical_calendar_publisher_stock
44448,13,clara_k16,text_pca64_lexical_calendar_publisher_stock
44455,14,clara_k16,text_pca64_lexical_calendar_publisher_stock
44457,0,clara_k16,text_pca64_lexical_calendar_publisher_stock
44461,14,clara_k16,text_pca64_lexical_calendar_publisher_stock
44485,0,clara_k16,text_pca64_lexical_calendar_publisher_stock
44491,9,clara_k16,text_pca64_lexical_calendar_publisher_stock
44496,0,clara_k16,text_pca64_lexical_calendar_publisher_stock
44503,14,clara_k16,text_pca64_lexical_calendar_publisher_stock
44519,2,clara_k16,text_pca64_lexical_calendar_publisher_stock
44520,6,clara_k16,text_pca64_lexical_calendar_publisher_stock
44524,5,clara_k16,text_pca64_lexical_calendar_publisher_stock
44526,2,clara_k16,text_pca64_lexical_calendar_publisher_stock
44530,5,clara_k16,text_pca64_lexical_calendar_publisher_stock
44534,8,clara_k16,text_pca64_lexical_calendar_publisher_stock
44542,6,clara_k16,text_pca64_lexical_calendar_publisher_stock
44573,13,clara_k16,text_pca64_lexical_calendar_publisher_stock
44583,0,clara_k16,text_pca64_lexical_calendar_publisher_stock
44593,13,clara_k16,text_pca64_lexical_calendar_publisher_stock
44596,2,clara_k16,text_pca64_lexical_calendar_publisher_stock
44598,2,clara_k16,text_pca64_lexical_calendar_publisher_stock
44600,4,clara_k16,text_pca64_lexical_calendar_publisher_stock
44609,2,clara_k16,text_pca64_lexical_calendar_publisher_stock
44612,1,clara_k16,text_pca64_lexical_calendar_publisher_stock
44613,11,clara_k16,text_pca64_lexical_calendar_publisher_stock
44618,2,clara_k16,text_pca64_lexical_calendar_publisher_stock
44625,0,clara_k16,text_pca64_lexical_calendar_publisher_stock
44627,14,clara_k16,text_pca64_lexical_calendar_publisher_stock
44636,1,clara_k16,text_pca64_lexical_calendar_publisher_stock
44642,4,clara_k16,text_pca64_lexical_calendar_publisher_stock
44643,13,clara_k16,text_pca64_lexical_calendar_publisher_stock
44644,11,clara_k16,text_pca64_lexical_calendar_publisher_stock
44660,2,clara_k16,text_pca64_lexical_calendar_publisher_stock
44668,1,clara_k16,text_pca64_lexical_calendar_publisher_stock
44684,12,clara_k16,text_pca64_lexical_calendar_publisher_stock
44701,1,clara_k16,text_pca64_lexical_calendar_publisher_stock
44707,0,clara_k16,text_pca64_lexical_calendar_publisher_stock
44719,0,clara_k16,text_pca64_lexical_calendar_publisher_stock
44720,6,clara_k16,text_pca64_lexical_calendar_publisher_stock
44723,2,clara_k16,text_pca64_lexical_calendar_publisher_stock
44731,8,clara_k16,text_pca64_lexical_calendar_publisher_stock
44737,0,clara_k16,text_pca64_lexical_calendar_publisher_stock
44742,0,clara_k16,text_pca64_lexical_calendar_publisher_stock
44744,14,clara_k16,text_pca64_lexical_calendar_publisher_stock
44745,14,clara_k16,text_pca64_lexical_calendar_publisher_stock
44749,14,clara_k16,text_pca64_lexical_calendar_publisher_stock
44751,0,clara_k16,text_pca64_lexical_calendar_publisher_stock
44754,0,clara_k16,text_pca64_lexical_calendar_publisher_stock
44796,6,clara_k16,text_pca64_lexical_calendar_publisher_stock
44797,0,clara_k16,text_pca64_lexical_calendar_publisher_stock
44799,9,clara_k16,text_pca64_lexical_calendar_publisher_stock
44806,0,clara_k16,text_pca64_lexical_calendar_publisher_stock
44818,6,clara_k16,text_pca64_lexical_calendar_publisher_stock
44822,12,clara_k16,text_pca64_lexical_calendar_publisher_stock
44823,12,clara_k16,text_pca64_lexical_calendar_publisher_stock
44824,4,clara_k16,text_pca64_lexical_calendar_publisher_stock
44826,1,clara_k16,text_pca64_lexical_calendar_publisher_stock
44829,0,clara_k16,text_pca64_lexical_calendar_publisher_stock
44832,5,clara_k16,text_pca64_lexical_calendar_publisher_stock
44833,0,clara_k16,text_pca64_lexical_calendar_publisher_stock
44842,14,clara_k16,text_pca64_lexical_calendar_publisher_stock
44878,1,clara_k16,text_pca64_lexical_calendar_publisher_stock
44880,0,clara_k16,text_pca64_lexical_calendar_publisher_stock
44882,7,clara_k16,text_pca64_lexical_calendar_publisher_stock
44886,0,clara_k16,text_pca64_lexical_calendar_publisher_stock
44892,4,clara_k16,text_pca64_lexical_calendar_publisher_stock
44907,14,clara_k16,text_pca64_lexical_calendar_publisher_stock
44911,14,clara_k16,text_pca64_lexical_calendar_publisher_stock
44918,4,clara_k16,text_pca64_lexical_calendar_publisher_stock
44922,6,clara_k16,text_pca64_lexical_calendar_publisher_stock
44930,0,clara_k16,text_pca64_lexical_calendar_publisher_stock
44931,1,clara_k16,text_pca64_lexical_calendar_publisher_stock
44937,0,clara_k16,text_pca64_lexical_calendar_publisher_stock
44947,14,clara_k16,text_pca64_lexical_calendar_publisher_stock
44952,6,clara_k16,text_pca64_lexical_calendar_publisher_stock
44958,3,clara_k16,text_pca64_lexical_calendar_publisher_stock
44969,4,clara_k16,text_pca64_lexical_calendar_publisher_stock
44977,0,clara_k16,text_pca64_lexical_calendar_publisher_stock
44982,6,clara_k16,text_pca64_lexical_calendar_publisher_stock
44988,0,clara_k16,text_pca64_lexical_calendar_publisher_stock
44991,6,clara_k16,text_pca64_lexical_calendar_publisher_stock
45007,0,clara_k16,text_pca64_lexical_calendar_publisher_stock
45011,4,clara_k16,text_pca64_lexical_calendar_publisher_stock
45019,7,clara_k16,text_pca64_lexical_calendar_publisher_stock
45025,0,clara_k16,text_pca64_lexical_calendar_publisher_stock
45029,14,clara_k16,text_pca64_lexical_calendar_publisher_stock
45034,0,clara_k16,text_pca64_lexical_calendar_publisher_stock
45044,0,clara_k16,text_pca64_lexical_calendar_publisher_stock
45051,0,clara_k16,text_pca64_lexical_calendar_publisher_stock
45062,14,clara_k16,text_pca64_lexical_calendar_publisher_stock
45067,13,clara_k16,text_pca64_lexical_calendar_publisher_stock
45080,14,clara_k16,text_pca64_lexical_calendar_publisher_stock
45086,12,clara_k16,text_pca64_lexical_calendar_publisher_stock
45088,6,clara_k16,text_pca64_lexical_calendar_publisher_stock
45118,6,clara_k16,text_pca64_lexical_calendar_publisher_stock
45119,6,clara_k16,text_pca64_lexical_calendar_publisher_stock
45122,6,clara_k16,text_pca64_lexical_calendar_publisher_stock
45123,2,clara_k16,text_pca64_lexical_calendar_publisher_stock
45128,14,clara_k16,text_pca64_lexical_calendar_publisher_stock
45131,14,clara_k16,text_pca64_lexical_calendar_publisher_stock
45139,6,clara_k16,text_pca64_lexical_calendar_publisher_stock
45145,6,clara_k16,text_pca64_lexical_calendar_publisher_stock
45146,6,clara_k16,text_pca64_lexical_calendar_publisher_stock
45148,0,clara_k16,text_pca64_lexical_calendar_publisher_stock
45152,6,clara_k16,text_pca64_lexical_calendar_publisher_stock
45157,14,clara_k16,text_pca64_lexical_calendar_publisher_stock
45180,0,clara_k16,text_pca64_lexical_calendar_publisher_stock
45208,0,clara_k16,text_pca64_lexical_calendar_publisher_stock
45218,4,clara_k16,text_pca64_lexical_calendar_publisher_stock
45234,12,clara_k16,text_pca64_lexical_calendar_publisher_stock
45247,9,clara_k16,text_pca64_lexical_calendar_publisher_stock
45274,13,clara_k16,text_pca64_lexical_calendar_publisher_stock
45282,6,clara_k16,text_pca64_lexical_calendar_publisher_stock
45295,0,clara_k16,text_pca64_lexical_calendar_publisher_stock
45297,6,clara_k16,text_pca64_lexical_calendar_publisher_stock
45300,9,clara_k16,text_pca64_lexical_calendar_publisher_stock
45315,0,clara_k16,text_pca64_lexical_calendar_publisher_stock
45325,0,clara_k16,text_pca64_lexical_calendar_publisher_stock
45336,5,clara_k16,text_pca64_lexical_calendar_publisher_stock
45338,14,clara_k16,text_pca64_lexical_calendar_publisher_stock
45346,14,clara_k16,text_pca64_lexical_calendar_publisher_stock
45354,0,clara_k16,text_pca64_lexical_calendar_publisher_stock
45372,5,clara_k16,text_pca64_lexical_calendar_publisher_stock
45383,1,clara_k16,text_pca64_lexical_calendar_publisher_stock
45390,4,clara_k16,text_pca64_lexical_calendar_publisher_stock
45392,7,clara_k16,text_pca64_lexical_calendar_publisher_stock
45393,5,clara_k16,text_pca64_lexical_calendar_publisher_stock
45401,2,clara_k16,text_pca64_lexical_calendar_publisher_stock
45402,12,clara_k16,text_pca64_lexical_calendar_publisher_stock
45407,2,clara_k16,text_pca64_lexical_calendar_publisher_stock
45410,1,clara_k16,text_pca64_lexical_calendar_publisher_stock
45421,6,clara_k16,text_pca64_lexical_calendar_publisher_stock
45429,14,clara_k16,text_pca64_lexical_calendar_publisher_stock
45446,9,clara_k16,text_pca64_lexical_calendar_publisher_stock
45449,12,clara_k16,text_pca64_lexical_calendar_publisher_stock
45451,2,clara_k16,text_pca64_lexical_calendar_publisher_stock
45459,1,clara_k16,text_pca64_lexical_calendar_publisher_stock
45462,0,clara_k16,text_pca64_lexical_calendar_publisher_stock
45465,11,clara_k16,text_pca64_lexical_calendar_publisher_stock
45469,14,clara_k16,text_pca64_lexical_calendar_publisher_stock
45491,0,clara_k16,text_pca64_lexical_calendar_publisher_stock
45492,0,clara_k16,text_pca64_lexical_calendar_publisher_stock
45497,4,clara_k16,text_pca64_lexical_calendar_publisher_stock
45508,1,clara_k16,text_pca64_lexical_calendar_publisher_stock
45509,0,clara_k16,text_pca64_lexical_calendar_publisher_stock
45516,1,clara_k16,text_pca64_lexical_calendar_publisher_stock
45526,0,clara_k16,text_pca64_lexical_calendar_publisher_stock
45529,0,clara_k16,text_pca64_lexical_calendar_publisher_stock
45531,14,clara_k16,text_pca64_lexical_calendar_publisher_stock
45533,1,clara_k16,text_pca64_lexical_calendar_publisher_stock
45535,4,clara_k16,text_pca64_lexical_calendar_publisher_stock
45545,6,clara_k16,text_pca64_lexical_calendar_publisher_stock
45546,0,clara_k16,text_pca64_lexical_calendar_publisher_stock
45548,7,clara_k16,text_pca64_lexical_calendar_publisher_stock
45552,0,clara_k16,text_pca64_lexical_calendar_publisher_stock
45556,14,clara_k16,text_pca64_lexical_calendar_publisher_stock
45559,0,clara_k16,text_pca64_lexical_calendar_publisher_stock
45566,13,clara_k16,text_pca64_lexical_calendar_publisher_stock
45575,2,clara_k16,text_pca64_lexical_calendar_publisher_stock
45582,0,clara_k16,text_pca64_lexical_calendar_publisher_stock
45586,1,clara_k16,text_pca64_lexical_calendar_publisher_stock
45609,4,clara_k16,text_pca64_lexical_calendar_publisher_stock
45616,14,clara_k16,text_pca64_lexical_calendar_publisher_stock
45621,4,clara_k16,text_pca64_lexical_calendar_publisher_stock
45639,4,clara_k16,text_pca64_lexical_calendar_publisher_stock
45651,13,clara_k16,text_pca64_lexical_calendar_publisher_stock
45658,2,clara_k16,text_pca64_lexical_calendar_publisher_stock
45660,4,clara_k16,text_pca64_lexical_calendar_publisher_stock
45664,0,clara_k16,text_pca64_lexical_calendar_publisher_stock
45675,1,clara_k16,text_pca64_lexical_calendar_publisher_stock
45683,6,clara_k16,text_pca64_lexical_calendar_publisher_stock
45691,1,clara_k16,text_pca64_lexical_calendar_publisher_stock
45695,12,clara_k16,text_pca64_lexical_calendar_publisher_stock
45696,1,clara_k16,text_pca64_lexical_calendar_publisher_stock
45698,1,clara_k16,text_pca64_lexical_calendar_publisher_stock
45700,1,clara_k16,text_pca64_lexical_calendar_publisher_stock
45709,1,clara_k16,text_pca64_lexical_calendar_publisher_stock
45711,1,clara_k16,text_pca64_lexical_calendar_publisher_stock
45716,1,clara_k16,text_pca64_lexical_calendar_publisher_stock
45718,4,clara_k16,text_pca64_lexical_calendar_publisher_stock
45726,1,clara_k16,text_pca64_lexical_calendar_publisher_stock
45735,4,clara_k16,text_pca64_lexical_calendar_publisher_stock
45739,3,clara_k16,text_pca64_lexical_calendar_publisher_stock
45746,1,clara_k16,text_pca64_lexical_calendar_publisher_stock
45756,4,clara_k16,text_pca64_lexical_calendar_publisher_stock
45757,14,clara_k16,text_pca64_lexical_calendar_publisher_stock
45762,4,clara_k16,text_pca64_lexical_calendar_publisher_stock
45766,4,clara_k16,text_pca64_lexical_calendar_publisher_stock
45794,12,clara_k16,text_pca64_lexical_calendar_publisher_stock
45801,2,clara_k16,text_pca64_lexical_calendar_publisher_stock
45815,13,clara_k16,text_pca64_lexical_calendar_publisher_stock
45827,0,clara_k16,text_pca64_lexical_calendar_publisher_stock
45828,13,clara_k16,text_pca64_lexical_calendar_publisher_stock
45837,0,clara_k16,text_pca64_lexical_calendar_publisher_stock
45843,14,clara_k16,text_pca64_lexical_calendar_publisher_stock
45855,11,clara_k16,text_pca64_lexical_calendar_publisher_stock
45862,1,clara_k16,text_pca64_lexical_calendar_publisher_stock
45882,1,clara_k16,text_pca64_lexical_calendar_publisher_stock
45899,0,clara_k16,text_pca64_lexical_calendar_publisher_stock
45901,6,clara_k16,text_pca64_lexical_calendar_publisher_stock
45903,7,clara_k16,text_pca64_lexical_calendar_publisher_stock
45912,1,clara_k16,text_pca64_lexical_calendar_publisher_stock
45917,6,clara_k16,text_pca64_lexical_calendar_publisher_stock
45920,0,clara_k16,text_pca64_lexical_calendar_publisher_stock
45931,1,clara_k16,text_pca64_lexical_calendar_publisher_stock
45934,0,clara_k16,text_pca64_lexical_calendar_publisher_stock
45936,6,clara_k16,text_pca64_lexical_calendar_publisher_stock
45943,2,clara_k16,text_pca64_lexical_calendar_publisher_stock
45944,4,clara_k16,text_pca64_lexical_calendar_publisher_stock
45947,4,clara_k16,text_pca64_lexical_calendar_publisher_stock
45948,13,clara_k16,text_pca64_lexical_calendar_publisher_stock
45956,12,clara_k16,text_pca64_lexical_calendar_publisher_stock
45966,0,clara_k16,text_pca64_lexical_calendar_publisher_stock
45979,12,clara_k16,text_pca64_lexical_calendar_publisher_stock
45983,6,clara_k16,text_pca64_lexical_calendar_publisher_stock
45997,4,clara_k16,text_pca64_lexical_calendar_publisher_stock
46016,6,clara_k16,text_pca64_lexical_calendar_publisher_stock
46018,0,clara_k16,text_pca64_lexical_calendar_publisher_stock
46020,6,clara_k16,text_pca64_lexical_calendar_publisher_stock
46028,0,clara_k16,text_pca64_lexical_calendar_publisher_stock
46034,0,clara_k16,text_pca64_lexical_calendar_publisher_stock
46048,1,clara_k16,text_pca64_lexical_calendar_publisher_stock
46050,6,clara_k16,text_pca64_lexical_calendar_publisher_stock
46061,6,clara_k16,text_pca64_lexical_calendar_publisher_stock
46063,6,clara_k16,text_pca64_lexical_calendar_publisher_stock
46065,12,clara_k16,text_pca64_lexical_calendar_publisher_stock
46067,0,clara_k16,text_pca64_lexical_calendar_publisher_stock
46076,2,clara_k16,text_pca64_lexical_calendar_publisher_stock
46079,6,clara_k16,text_pca64_lexical_calendar_publisher_stock
46080,0,clara_k16,text_pca64_lexical_calendar_publisher_stock
46082,1,clara_k16,text_pca64_lexical_calendar_publisher_stock
46088,2,clara_k16,text_pca64_lexical_calendar_publisher_stock
46100,0,clara_k16,text_pca64_lexical_calendar_publisher_stock
46120,6,clara_k16,text_pca64_lexical_calendar_publisher_stock
46122,0,clara_k16,text_pca64_lexical_calendar_publisher_stock
46128,0,clara_k16,text_pca64_lexical_calendar_publisher_stock
46133,0,clara_k16,text_pca64_lexical_calendar_publisher_stock
46143,1,clara_k16,text_pca64_lexical_calendar_publisher_stock
46150,1,clara_k16,text_pca64_lexical_calendar_publisher_stock
46152,0,clara_k16,text_pca64_lexical_calendar_publisher_stock
46153,6,clara_k16,text_pca64_lexical_calendar_publisher_stock
46161,0,clara_k16,text_pca64_lexical_calendar_publisher_stock
46168,6,clara_k16,text_pca64_lexical_calendar_publisher_stock
46183,1,clara_k16,text_pca64_lexical_calendar_publisher_stock
46186,6,clara_k16,text_pca64_lexical_calendar_publisher_stock
46189,13,clara_k16,text_pca64_lexical_calendar_publisher_stock
46194,6,clara_k16,text_pca64_lexical_calendar_publisher_stock
46206,14,clara_k16,text_pca64_lexical_calendar_publisher_stock
46210,1,clara_k16,text_pca64_lexical_calendar_publisher_stock
46217,4,clara_k16,text_pca64_lexical_calendar_publisher_stock
46222,11,clara_k16,text_pca64_lexical_calendar_publisher_stock
46224,14,clara_k16,text_pca64_lexical_calendar_publisher_stock
46226,4,clara_k16,text_pca64_lexical_calendar_publisher_stock
46236,12,clara_k16,text_pca64_lexical_calendar_publisher_stock
46241,11,clara_k16,text_pca64_lexical_calendar_publisher_stock
46249,1,clara_k16,text_pca64_lexical_calendar_publisher_stock
46258,6,clara_k16,text_pca64_lexical_calendar_publisher_stock
46267,6,clara_k16,text_pca64_lexical_calendar_publisher_stock
46272,6,clara_k16,text_pca64_lexical_calendar_publisher_stock
46274,6,clara_k16,text_pca64_lexical_calendar_publisher_stock
46276,12,clara_k16,text_pca64_lexical_calendar_publisher_stock
46279,4,clara_k16,text_pca64_lexical_calendar_publisher_stock
46282,0,clara_k16,text_pca64_lexical_calendar_publisher_stock
46299,6,clara_k16,text_pca64_lexical_calendar_publisher_stock
46307,12,clara_k16,text_pca64_lexical_calendar_publisher_stock
46317,0,clara_k16,text_pca64_lexical_calendar_publisher_stock
46320,0,clara_k16,text_pca64_lexical_calendar_publisher_stock
46329,6,clara_k16,text_pca64_lexical_calendar_publisher_stock
46363,2,clara_k16,text_pca64_lexical_calendar_publisher_stock
46368,6,clara_k16,text_pca64_lexical_calendar_publisher_stock
46370,2,clara_k16,text_pca64_lexical_calendar_publisher_stock
46377,6,clara_k16,text_pca64_lexical_calendar_publisher_stock
46385,0,clara_k16,text_pca64_lexical_calendar_publisher_stock
46391,0,clara_k16,text_pca64_lexical_calendar_publisher_stock
46394,0,clara_k16,text_pca64_lexical_calendar_publisher_stock
46395,14,clara_k16,text_pca64_lexical_calendar_publisher_stock
46398,11,clara_k16,text_pca64_lexical_calendar_publisher_stock
46406,6,clara_k16,text_pca64_lexical_calendar_publisher_stock
46407,0,clara_k16,text_pca64_lexical_calendar_publisher_stock
46410,0,clara_k16,text_pca64_lexical_calendar_publisher_stock
46419,0,clara_k16,text_pca64_lexical_calendar_publisher_stock
46420,4,clara_k16,text_pca64_lexical_calendar_publisher_stock
46426,1,clara_k16,text_pca64_lexical_calendar_publisher_stock
46430,6,clara_k16,text_pca64_lexical_calendar_publisher_stock
46438,1,clara_k16,text_pca64_lexical_calendar_publisher_stock
46441,2,clara_k16,text_pca64_lexical_calendar_publisher_stock
46443,14,clara_k16,text_pca64_lexical_calendar_publisher_stock
46444,6,clara_k16,text_pca64_lexical_calendar_publisher_stock
46447,11,clara_k16,text_pca64_lexical_calendar_publisher_stock
46450,13,clara_k16,text_pca64_lexical_calendar_publisher_stock
46462,1,clara_k16,text_pca64_lexical_calendar_publisher_stock
46463,1,clara_k16,text_pca64_lexical_calendar_publisher_stock
46466,0,clara_k16,text_pca64_lexical_calendar_publisher_stock
46482,8,clara_k16,text_pca64_lexical_calendar_publisher_stock
46494,0,clara_k16,text_pca64_lexical_calendar_publisher_stock
46499,13,clara_k16,text_pca64_lexical_calendar_publisher_stock
46507,6,clara_k16,text_pca64_lexical_calendar_publisher_stock
46516,4,clara_k16,text_pca64_lexical_calendar_publisher_stock
46518,6,clara_k16,text_pca64_lexical_calendar_publisher_stock
46521,6,clara_k16,text_pca64_lexical_calendar_publisher_stock
46527,2,clara_k16,text_pca64_lexical_calendar_publisher_stock
46541,13,clara_k16,text_pca64_lexical_calendar_publisher_stock
46552,4,clara_k16,text_pca64_lexical_calendar_publisher_stock
46555,1,clara_k16,text_pca64_lexical_calendar_publisher_stock
46575,6,clara_k16,text_pca64_lexical_calendar_publisher_stock
46581,1,clara_k16,text_pca64_lexical_calendar_publisher_stock
46583,14,clara_k16,text_pca64_lexical_calendar_publisher_stock
46590,0,clara_k16,text_pca64_lexical_calendar_publisher_stock
46591,0,clara_k16,text_pca64_lexical_calendar_publisher_stock
46592,0,clara_k16,text_pca64_lexical_calendar_publisher_stock
46601,4,clara_k16,text_pca64_lexical_calendar_publisher_stock
46616,12,clara_k16,text_pca64_lexical_calendar_publisher_stock
46631,0,clara_k16,text_pca64_lexical_calendar_publisher_stock
46633,0,clara_k16,text_pca64_lexical_calendar_publisher_stock
46639,0,clara_k16,text_pca64_lexical_calendar_publisher_stock
46640,6,clara_k16,text_pca64_lexical_calendar_publisher_stock
46655,4,clara_k16,text_pca64_lexical_calendar_publisher_stock
46663,0,clara_k16,text_pca64_lexical_calendar_publisher_stock
46673,12,clara_k16,text_pca64_lexical_calendar_publisher_stock
46674,12,clara_k16,text_pca64_lexical_calendar_publisher_stock
46677,6,clara_k16,text_pca64_lexical_calendar_publisher_stock
46685,2,clara_k16,text_pca64_lexical_calendar_publisher_stock
46689,14,clara_k16,text_pca64_lexical_calendar_publisher_stock
46706,1,clara_k16,text_pca64_lexical_calendar_publisher_stock
46708,11,clara_k16,text_pca64_lexical_calendar_publisher_stock
46709,0,clara_k16,text_pca64_lexical_calendar_publisher_stock
46719,4,clara_k16,text_pca64_lexical_calendar_publisher_stock
46724,4,clara_k16,text_pca64_lexical_calendar_publisher_stock
46726,1,clara_k16,text_pca64_lexical_calendar_publisher_stock
46727,6,clara_k16,text_pca64_lexical_calendar_publisher_stock
46736,14,clara_k16,text_pca64_lexical_calendar_publisher_stock
46740,2,clara_k16,text_pca64_lexical_calendar_publisher_stock
46742,6,clara_k16,text_pca64_lexical_calendar_publisher_stock
46744,2,clara_k16,text_pca64_lexical_calendar_publisher_stock
46756,1,clara_k16,text_pca64_lexical_calendar_publisher_stock
46781,0,clara_k16,text_pca64_lexical_calendar_publisher_stock
46784,0,clara_k16,text_pca64_lexical_calendar_publisher_stock
46793,2,clara_k16,text_pca64_lexical_calendar_publisher_stock
46796,0,clara_k16,text_pca64_lexical_calendar_publisher_stock
46800,0,clara_k16,text_pca64_lexical_calendar_publisher_stock
46838,1,clara_k16,text_pca64_lexical_calendar_publisher_stock
46852,1,clara_k16,text_pca64_lexical_calendar_publisher_stock
46856,2,clara_k16,text_pca64_lexical_calendar_publisher_stock
46858,0,clara_k16,text_pca64_lexical_calendar_publisher_stock
46859,14,clara_k16,text_pca64_lexical_calendar_publisher_stock
46864,1,clara_k16,text_pca64_lexical_calendar_publisher_stock
46878,0,clara_k16,text_pca64_lexical_calendar_publisher_stock
46879,6,clara_k16,text_pca64_lexical_calendar_publisher_stock
46884,0,clara_k16,text_pca64_lexical_calendar_publisher_stock
46890,11,clara_k16,text_pca64_lexical_calendar_publisher_stock
46895,1,clara_k16,text_pca64_lexical_calendar_publisher_stock
46911,0,clara_k16,text_pca64_lexical_calendar_publisher_stock
46914,0,clara_k16,text_pca64_lexical_calendar_publisher_stock
46916,6,clara_k16,text_pca64_lexical_calendar_publisher_stock
46918,12,clara_k16,text_pca64_lexical_calendar_publisher_stock
46920,4,clara_k16,text_pca64_lexical_calendar_publisher_stock
46932,6,clara_k16,text_pca64_lexical_calendar_publisher_stock
46933,1,clara_k16,text_pca64_lexical_calendar_publisher_stock
46934,0,clara_k16,text_pca64_lexical_calendar_publisher_stock
46937,2,clara_k16,text_pca64_lexical_calendar_publisher_stock
46938,1,clara_k16,text_pca64_lexical_calendar_publisher_stock
46948,6,clara_k16,text_pca64_lexical_calendar_publisher_stock
46953,0,clara_k16,text_pca64_lexical_calendar_publisher_stock
46961,0,clara_k16,text_pca64_lexical_calendar_publisher_stock
46980,0,clara_k16,text_pca64_lexical_calendar_publisher_stock
46983,1,clara_k16,text_pca64_lexical_calendar_publisher_stock
46990,4,clara_k16,text_pca64_lexical_calendar_publisher_stock
47001,0,clara_k16,text_pca64_lexical_calendar_publisher_stock
47005,6,clara_k16,text_pca64_lexical_calendar_publisher_stock
47010,12,clara_k16,text_pca64_lexical_calendar_publisher_stock
47015,1,clara_k16,text_pca64_lexical_calendar_publisher_stock
47021,12,clara_k16,text_pca64_lexical_calendar_publisher_stock
47029,13,clara_k16,text_pca64_lexical_calendar_publisher_stock
47036,12,clara_k16,text_pca64_lexical_calendar_publisher_stock
47039,14,clara_k16,text_pca64_lexical_calendar_publisher_stock
47045,0,clara_k16,text_pca64_lexical_calendar_publisher_stock
47047,2,clara_k16,text_pca64_lexical_calendar_publisher_stock
47051,0,clara_k16,text_pca64_lexical_calendar_publisher_stock
47063,0,clara_k16,text_pca64_lexical_calendar_publisher_stock
47065,0,clara_k16,text_pca64_lexical_calendar_publisher_stock
47082,2,clara_k16,text_pca64_lexical_calendar_publisher_stock
47089,2,clara_k16,text_pca64_lexical_calendar_publisher_stock
47099,2,clara_k16,text_pca64_lexical_calendar_publisher_stock
47104,2,clara_k16,text_pca64_lexical_calendar_publisher_stock
47107,4,clara_k16,text_pca64_lexical_calendar_publisher_stock
47108,12,clara_k16,text_pca64_lexical_calendar_publisher_stock
47110,2,clara_k16,text_pca64_lexical_calendar_publisher_stock
47123,2,clara_k16,text_pca64_lexical_calendar_publisher_stock
47139,4,clara_k16,text_pca64_lexical_calendar_publisher_stock
47142,14,clara_k16,text_pca64_lexical_calendar_publisher_stock
47149,2,clara_k16,text_pca64_lexical_calendar_publisher_stock
47152,0,clara_k16,text_pca64_lexical_calendar_publisher_stock
47158,0,clara_k16,text_pca64_lexical_calendar_publisher_stock
47164,1,clara_k16,text_pca64_lexical_calendar_publisher_stock
47166,2,clara_k16,text_pca64_lexical_calendar_publisher_stock
47174,11,clara_k16,text_pca64_lexical_calendar_publisher_stock
47194,4,clara_k16,text_pca64_lexical_calendar_publisher_stock
47205,0,clara_k16,text_pca64_lexical_calendar_publisher_stock
47217,1,clara_k16,text_pca64_lexical_calendar_publisher_stock
47220,14,clara_k16,text_pca64_lexical_calendar_publisher_stock
47222,2,clara_k16,text_pca64_lexical_calendar_publisher_stock
47226,4,clara_k16,text_pca64_lexical_calendar_publisher_stock
47228,2,clara_k16,text_pca64_lexical_calendar_publisher_stock
47230,2,clara_k16,text_pca64_lexical_calendar_publisher_stock
47250,2,clara_k16,text_pca64_lexical_calendar_publisher_stock
47251,2,clara_k16,text_pca64_lexical_calendar_publisher_stock
47263,14,clara_k16,text_pca64_lexical_calendar_publisher_stock
47270,2,clara_k16,text_pca64_lexical_calendar_publisher_stock
47282,6,clara_k16,text_pca64_lexical_calendar_publisher_stock
47294,4,clara_k16,text_pca64_lexical_calendar_publisher_stock
47302,13,clara_k16,text_pca64_lexical_calendar_publisher_stock
47311,11,clara_k16,text_pca64_lexical_calendar_publisher_stock
47314,0,clara_k16,text_pca64_lexical_calendar_publisher_stock
47317,13,clara_k16,text_pca64_lexical_calendar_publisher_stock
47327,14,clara_k16,text_pca64_lexical_calendar_publisher_stock
47329,9,clara_k16,text_pca64_lexical_calendar_publisher_stock
47330,2,clara_k16,text_pca64_lexical_calendar_publisher_stock
47334,9,clara_k16,text_pca64_lexical_calendar_publisher_stock
47337,2,clara_k16,text_pca64_lexical_calendar_publisher_stock
47338,0,clara_k16,text_pca64_lexical_calendar_publisher_stock
47339,0,clara_k16,text_pca64_lexical_calendar_publisher_stock
47344,6,clara_k16,text_pca64_lexical_calendar_publisher_stock
47347,9,clara_k16,text_pca64_lexical_calendar_publisher_stock
47370,12,clara_k16,text_pca64_lexical_calendar_publisher_stock
47371,13,clara_k16,text_pca64_lexical_calendar_publisher_stock
47372,6,clara_k16,text_pca64_lexical_calendar_publisher_stock
47386,0,clara_k16,text_pca64_lexical_calendar_publisher_stock
47399,6,clara_k16,text_pca64_lexical_calendar_publisher_stock
47410,3,clara_k16,text_pca64_lexical_calendar_publisher_stock
47422,13,clara_k16,text_pca64_lexical_calendar_publisher_stock
47432,2,clara_k16,text_pca64_lexical_calendar_publisher_stock
47436,14,clara_k16,text_pca64_lexical_calendar_publisher_stock
47437,0,clara_k16,text_pca64_lexical_calendar_publisher_stock
47439,0,clara_k16,text_pca64_lexical_calendar_publisher_stock
47441,14,clara_k16,text_pca64_lexical_calendar_publisher_stock
47446,0,clara_k16,text_pca64_lexical_calendar_publisher_stock
47449,6,clara_k16,text_pca64_lexical_calendar_publisher_stock
47453,12,clara_k16,text_pca64_lexical_calendar_publisher_stock
47454,4,clara_k16,text_pca64_lexical_calendar_publisher_stock
47461,4,clara_k16,text_pca64_lexical_calendar_publisher_stock
47472,2,clara_k16,text_pca64_lexical_calendar_publisher_stock
47474,0,clara_k16,text_pca64_lexical_calendar_publisher_stock
47477,6,clara_k16,text_pca64_lexical_calendar_publisher_stock
47483,4,clara_k16,text_pca64_lexical_calendar_publisher_stock
47493,0,clara_k16,text_pca64_lexical_calendar_publisher_stock
47509,0,clara_k16,text_pca64_lexical_calendar_publisher_stock
47513,14,clara_k16,text_pca64_lexical_calendar_publisher_stock
47520,12,clara_k16,text_pca64_lexical_calendar_publisher_stock
47521,6,clara_k16,text_pca64_lexical_calendar_publisher_stock
47528,1,clara_k16,text_pca64_lexical_calendar_publisher_stock
47534,0,clara_k16,text_pca64_lexical_calendar_publisher_stock
47537,0,clara_k16,text_pca64_lexical_calendar_publisher_stock
47542,9,clara_k16,text_pca64_lexical_calendar_publisher_stock
47555,9,clara_k16,text_pca64_lexical_calendar_publisher_stock
47557,12,clara_k16,text_pca64_lexical_calendar_publisher_stock
47564,13,clara_k16,text_pca64_lexical_calendar_publisher_stock
47567,9,clara_k16,text_pca64_lexical_calendar_publisher_stock
47571,4,clara_k16,text_pca64_lexical_calendar_publisher_stock
47587,12,clara_k16,text_pca64_lexical_calendar_publisher_stock
47593,0,clara_k16,text_pca64_lexical_calendar_publisher_stock
47600,12,clara_k16,text_pca64_lexical_calendar_publisher_stock
47608,6,clara_k16,text_pca64_lexical_calendar_publisher_stock
47613,0,clara_k16,text_pca64_lexical_calendar_publisher_stock
47615,6,clara_k16,text_pca64_lexical_calendar_publisher_stock
47623,6,clara_k16,text_pca64_lexical_calendar_publisher_stock
47630,2,clara_k16,text_pca64_lexical_calendar_publisher_stock
47640,14,clara_k16,text_pca64_lexical_calendar_publisher_stock
47641,6,clara_k16,text_pca64_lexical_calendar_publisher_stock
47643,11,clara_k16,text_pca64_lexical_calendar_publisher_stock
47649,9,clara_k16,text_pca64_lexical_calendar_publisher_stock
47651,14,clara_k16,text_pca64_lexical_calendar_publisher_stock
47658,2,clara_k16,text_pca64_lexical_calendar_publisher_stock
47661,14,clara_k16,text_pca64_lexical_calendar_publisher_stock
47666,0,clara_k16,text_pca64_lexical_calendar_publisher_stock
47667,0,clara_k16,text_pca64_lexical_calendar_publisher_stock
47676,0,clara_k16,text_pca64_lexical_calendar_publisher_stock
47677,0,clara_k16,text_pca64_lexical_calendar_publisher_stock
47680,0,clara_k16,text_pca64_lexical_calendar_publisher_stock
47692,4,clara_k16,text_pca64_lexical_calendar_publisher_stock
47694,4,clara_k16,text_pca64_lexical_calendar_publisher_stock
47699,0,clara_k16,text_pca64_lexical_calendar_publisher_stock
47704,0,clara_k16,text_pca64_lexical_calendar_publisher_stock
47706,4,clara_k16,text_pca64_lexical_calendar_publisher_stock
47714,4,clara_k16,text_pca64_lexical_calendar_publisher_stock
47720,6,clara_k16,text_pca64_lexical_calendar_publisher_stock
47722,6,clara_k16,text_pca64_lexical_calendar_publisher_stock
47742,0,clara_k16,text_pca64_lexical_calendar_publisher_stock
47744,2,clara_k16,text_pca64_lexical_calendar_publisher_stock
47745,6,clara_k16,text_pca64_lexical_calendar_publisher_stock
47750,1,clara_k16,text_pca64_lexical_calendar_publisher_stock
47757,5,clara_k16,text_pca64_lexical_calendar_publisher_stock
47758,0,clara_k16,text_pca64_lexical_calendar_publisher_stock
47765,6,clara_k16,text_pca64_lexical_calendar_publisher_stock
47772,6,clara_k16,text_pca64_lexical_calendar_publisher_stock
47784,0,clara_k16,text_pca64_lexical_calendar_publisher_stock
47789,2,clara_k16,text_pca64_lexical_calendar_publisher_stock
47793,0,clara_k16,text_pca64_lexical_calendar_publisher_stock
47794,4,clara_k16,text_pca64_lexical_calendar_publisher_stock
47795,6,clara_k16,text_pca64_lexical_calendar_publisher_stock
47805,0,clara_k16,text_pca64_lexical_calendar_publisher_stock
47806,2,clara_k16,text_pca64_lexical_calendar_publisher_stock
47810,0,clara_k16,text_pca64_lexical_calendar_publisher_stock
47811,13,clara_k16,text_pca64_lexical_calendar_publisher_stock
47823,12,clara_k16,text_pca64_lexical_calendar_publisher_stock
47827,0,clara_k16,text_pca64_lexical_calendar_publisher_stock
47835,1,clara_k16,text_pca64_lexical_calendar_publisher_stock
47844,1,clara_k16,text_pca64_lexical_calendar_publisher_stock
47849,13,clara_k16,text_pca64_lexical_calendar_publisher_stock
47856,0,clara_k16,text_pca64_lexical_calendar_publisher_stock
47868,6,clara_k16,text_pca64_lexical_calendar_publisher_stock
47870,0,clara_k16,text_pca64_lexical_calendar_publisher_stock
47875,2,clara_k16,text_pca64_lexical_calendar_publisher_stock
47876,9,clara_k16,text_pca64_lexical_calendar_publisher_stock
47884,1,clara_k16,text_pca64_lexical_calendar_publisher_stock
47889,4,clara_k16,text_pca64_lexical_calendar_publisher_stock
47895,4,clara_k16,text_pca64_lexical_calendar_publisher_stock
47909,4,clara_k16,text_pca64_lexical_calendar_publisher_stock
47925,1,clara_k16,text_pca64_lexical_calendar_publisher_stock
47932,1,clara_k16,text_pca64_lexical_calendar_publisher_stock
47933,4,clara_k16,text_pca64_lexical_calendar_publisher_stock
47939,2,clara_k16,text_pca64_lexical_calendar_publisher_stock
47943,2,clara_k16,text_pca64_lexical_calendar_publisher_stock
47944,1,clara_k16,text_pca64_lexical_calendar_publisher_stock
47948,1,clara_k16,text_pca64_lexical_calendar_publisher_stock
47949,4,clara_k16,text_pca64_lexical_calendar_publisher_stock
47955,6,clara_k16,text_pca64_lexical_calendar_publisher_stock
47967,5,clara_k16,text_pca64_lexical_calendar_publisher_stock
47978,4,clara_k16,text_pca64_lexical_calendar_publisher_stock
47983,0,clara_k16,text_pca64_lexical_calendar_publisher_stock
47987,4,clara_k16,text_pca64_lexical_calendar_publisher_stock
47990,4,clara_k16,text_pca64_lexical_calendar_publisher_stock
47992,6,clara_k16,text_pca64_lexical_calendar_publisher_stock
48000,14,clara_k16,text_pca64_lexical_calendar_publisher_stock
48007,4,clara_k16,text_pca64_lexical_calendar_publisher_stock
48013,0,clara_k16,text_pca64_lexical_calendar_publisher_stock
48027,1,clara_k16,text_pca64_lexical_calendar_publisher_stock
48036,4,clara_k16,text_pca64_lexical_calendar_publisher_stock
48038,1,clara_k16,text_pca64_lexical_calendar_publisher_stock
48062,0,clara_k16,text_pca64_lexical_calendar_publisher_stock
48064,4,clara_k16,text_pca64_lexical_calendar_publisher_stock
48066,0,clara_k16,text_pca64_lexical_calendar_publisher_stock
48072,6,clara_k16,text_pca64_lexical_calendar_publisher_stock
48074,6,clara_k16,text_pca64_lexical_calendar_publisher_stock
48078,4,clara_k16,text_pca64_lexical_calendar_publisher_stock
48080,0,clara_k16,text_pca64_lexical_calendar_publisher_stock
48090,6,clara_k16,text_pca64_lexical_calendar_publisher_stock
48096,1,clara_k16,text_pca64_lexical_calendar_publisher_stock
48107,1,clara_k16,text_pca64_lexical_calendar_publisher_stock
48111,4,clara_k16,text_pca64_lexical_calendar_publisher_stock
48129,4,clara_k16,text_pca64_lexical_calendar_publisher_stock
48130,0,clara_k16,text_pca64_lexical_calendar_publisher_stock
48143,14,clara_k16,text_pca64_lexical_calendar_publisher_stock
48151,11,clara_k16,text_pca64_lexical_calendar_publisher_stock
48153,0,clara_k16,text_pca64_lexical_calendar_publisher_stock
48154,0,clara_k16,text_pca64_lexical_calendar_publisher_stock
48158,15,clara_k16,text_pca64_lexical_calendar_publisher_stock
48161,4,clara_k16,text_pca64_lexical_calendar_publisher_stock
48163,15,clara_k16,text_pca64_lexical_calendar_publisher_stock
48174,2,clara_k16,text_pca64_lexical_calendar_publisher_stock
48178,2,clara_k16,text_pca64_lexical_calendar_publisher_stock
48184,6,clara_k16,text_pca64_lexical_calendar_publisher_stock
48185,12,clara_k16,text_pca64_lexical_calendar_publisher_stock
48204,4,clara_k16,text_pca64_lexical_calendar_publisher_stock
48209,1,clara_k16,text_pca64_lexical_calendar_publisher_stock
48212,6,clara_k16,text_pca64_lexical_calendar_publisher_stock
48214,6,clara_k16,text_pca64_lexical_calendar_publisher_stock
48221,1,clara_k16,text_pca64_lexical_calendar_publisher_stock
48247,2,clara_k16,text_pca64_lexical_calendar_publisher_stock
48252,11,clara_k16,text_pca64_lexical_calendar_publisher_stock
48253,6,clara_k16,text_pca64_lexical_calendar_publisher_stock
48259,0,clara_k16,text_pca64_lexical_calendar_publisher_stock
48261,2,clara_k16,text_pca64_lexical_calendar_publisher_stock
48271,1,clara_k16,text_pca64_lexical_calendar_publisher_stock
48272,1,clara_k16,text_pca64_lexical_calendar_publisher_stock
48274,2,clara_k16,text_pca64_lexical_calendar_publisher_stock
48278,6,clara_k16,text_pca64_lexical_calendar_publisher_stock
48297,2,clara_k16,text_pca64_lexical_calendar_publisher_stock
48299,11,clara_k16,text_pca64_lexical_calendar_publisher_stock
48306,2,clara_k16,text_pca64_lexical_calendar_publisher_stock
48310,1,clara_k16,text_pca64_lexical_calendar_publisher_stock
48331,0,clara_k16,text_pca64_lexical_calendar_publisher_stock
48333,4,clara_k16,text_pca64_lexical_calendar_publisher_stock
48334,14,clara_k16,text_pca64_lexical_calendar_publisher_stock
48336,0,clara_k16,text_pca64_lexical_calendar_publisher_stock
48344,15,clara_k16,text_pca64_lexical_calendar_publisher_stock
48357,0,clara_k16,text_pca64_lexical_calendar_publisher_stock
48383,2,clara_k16,text_pca64_lexical_calendar_publisher_stock
48386,1,clara_k16,text_pca64_lexical_calendar_publisher_stock
48387,4,clara_k16,text_pca64_lexical_calendar_publisher_stock
48388,1,clara_k16,text_pca64_lexical_calendar_publisher_stock
48389,13,clara_k16,text_pca64_lexical_calendar_publisher_stock
48403,2,clara_k16,text_pca64_lexical_calendar_publisher_stock
48418,2,clara_k16,text_pca64_lexical_calendar_publisher_stock
48421,0,clara_k16,text_pca64_lexical_calendar_publisher_stock
48433,2,clara_k16,text_pca64_lexical_calendar_publisher_stock
48449,2,clara_k16,text_pca64_lexical_calendar_publisher_stock
48459,0,clara_k16,text_pca64_lexical_calendar_publisher_stock
48462,9,clara_k16,text_pca64_lexical_calendar_publisher_stock
48466,0,clara_k16,text_pca64_lexical_calendar_publisher_stock
48472,0,clara_k16,text_pca64_lexical_calendar_publisher_stock
48475,6,clara_k16,text_pca64_lexical_calendar_publisher_stock
48488,0,clara_k16,text_pca64_lexical_calendar_publisher_stock
48496,8,clara_k16,text_pca64_lexical_calendar_publisher_stock
48502,4,clara_k16,text_pca64_lexical_calendar_publisher_stock
48527,1,clara_k16,text_pca64_lexical_calendar_publisher_stock
48530,8,clara_k16,text_pca64_lexical_calendar_publisher_stock
48540,0,clara_k16,text_pca64_lexical_calendar_publisher_stock
48541,0,clara_k16,text_pca64_lexical_calendar_publisher_stock
48546,2,clara_k16,text_pca64_lexical_calendar_publisher_stock
48549,12,clara_k16,text_pca64_lexical_calendar_publisher_stock
48550,0,clara_k16,text_pca64_lexical_calendar_publisher_stock
48553,5,clara_k16,text_pca64_lexical_calendar_publisher_stock
48578,9,clara_k16,text_pca64_lexical_calendar_publisher_stock
48580,4,clara_k16,text_pca64_lexical_calendar_publisher_stock
48587,15,clara_k16,text_pca64_lexical_calendar_publisher_stock
48590,0,clara_k16,text_pca64_lexical_calendar_publisher_stock
48593,2,clara_k16,text_pca64_lexical_calendar_publisher_stock
48594,2,clara_k16,text_pca64_lexical_calendar_publisher_stock
48600,2,clara_k16,text_pca64_lexical_calendar_publisher_stock
48611,2,clara_k16,text_pca64_lexical_calendar_publisher_stock
48614,2,clara_k16,text_pca64_lexical_calendar_publisher_stock
48618,2,clara_k16,text_pca64_lexical_calendar_publisher_stock
48619,12,clara_k16,text_pca64_lexical_calendar_publisher_stock
48620,2,clara_k16,text_pca64_lexical_calendar_publisher_stock
48641,2,clara_k16,text_pca64_lexical_calendar_publisher_stock
48654,14,clara_k16,text_pca64_lexical_calendar_publisher_stock
48655,0,clara_k16,text_pca64_lexical_calendar_publisher_stock
48660,4,clara_k16,text_pca64_lexical_calendar_publisher_stock
48668,6,clara_k16,text_pca64_lexical_calendar_publisher_stock
48672,6,clara_k16,text_pca64_lexical_calendar_publisher_stock
48677,6,clara_k16,text_pca64_lexical_calendar_publisher_stock
48680,6,clara_k16,text_pca64_lexical_calendar_publisher_stock
48682,0,clara_k16,text_pca64_lexical_calendar_publisher_stock
48683,9,clara_k16,text_pca64_lexical_calendar_publisher_stock
48711,2,clara_k16,text_pca64_lexical_calendar_publisher_stock
48717,13,clara_k16,text_pca64_lexical_calendar_publisher_stock
48740,1,clara_k16,text_pca64_lexical_calendar_publisher_stock
48746,4,clara_k16,text_pca64_lexical_calendar_publisher_stock
48763,13,clara_k16,text_pca64_lexical_calendar_publisher_stock
48767,12,clara_k16,text_pca64_lexical_calendar_publisher_stock
48772,14,clara_k16,text_pca64_lexical_calendar_publisher_stock
48782,14,clara_k16,text_pca64_lexical_calendar_publisher_stock
48790,4,clara_k16,text_pca64_lexical_calendar_publisher_stock
48802,0,clara_k16,text_pca64_lexical_calendar_publisher_stock
48808,2,clara_k16,text_pca64_lexical_calendar_publisher_stock
48813,0,clara_k16,text_pca64_lexical_calendar_publisher_stock
48816,0,clara_k16,text_pca64_lexical_calendar_publisher_stock
48832,5,clara_k16,text_pca64_lexical_calendar_publisher_stock
48833,6,clara_k16,text_pca64_lexical_calendar_publisher_stock
48857,12,clara_k16,text_pca64_lexical_calendar_publisher_stock
48858,5,clara_k16,text_pca64_lexical_calendar_publisher_stock
48869,0,clara_k16,text_pca64_lexical_calendar_publisher_stock
48871,4,clara_k16,text_pca64_lexical_calendar_publisher_stock
48881,0,clara_k16,text_pca64_lexical_calendar_publisher_stock
48884,0,clara_k16,text_pca64_lexical_calendar_publisher_stock
48885,0,clara_k16,text_pca64_lexical_calendar_publisher_stock
48891,13,clara_k16,text_pca64_lexical_calendar_publisher_stock
48909,1,clara_k16,text_pca64_lexical_calendar_publisher_stock
48911,13,clara_k16,text_pca64_lexical_calendar_publisher_stock
48918,4,clara_k16,text_pca64_lexical_calendar_publisher_stock
48927,0,clara_k16,text_pca64_lexical_calendar_publisher_stock
48936,2,clara_k16,text_pca64_lexical_calendar_publisher_stock
48941,12,clara_k16,text_pca64_lexical_calendar_publisher_stock
48953,6,clara_k16,text_pca64_lexical_calendar_publisher_stock
48958,0,clara_k16,text_pca64_lexical_calendar_publisher_stock
48970,2,clara_k16,text_pca64_lexical_calendar_publisher_stock
48976,11,clara_k16,text_pca64_lexical_calendar_publisher_stock
48983,4,clara_k16,text_pca64_lexical_calendar_publisher_stock
48986,6,clara_k16,text_pca64_lexical_calendar_publisher_stock
49019,2,clara_k16,text_pca64_lexical_calendar_publisher_stock
49020,12,clara_k16,text_pca64_lexical_calendar_publisher_stock
49024,6,clara_k16,text_pca64_lexical_calendar_publisher_stock
49026,12,clara_k16,text_pca64_lexical_calendar_publisher_stock
49035,0,clara_k16,text_pca64_lexical_calendar_publisher_stock
49042,0,clara_k16,text_pca64_lexical_calendar_publisher_stock
49043,1,clara_k16,text_pca64_lexical_calendar_publisher_stock
49048,9,clara_k16,text_pca64_lexical_calendar_publisher_stock
49055,2,clara_k16,text_pca64_lexical_calendar_publisher_stock
49077,12,clara_k16,text_pca64_lexical_calendar_publisher_stock
49078,4,clara_k16,text_pca64_lexical_calendar_publisher_stock
49090,1,clara_k16,text_pca64_lexical_calendar_publisher_stock
49141,12,clara_k16,text_pca64_lexical_calendar_publisher_stock
49142,0,clara_k16,text_pca64_lexical_calendar_publisher_stock
49147,9,clara_k16,text_pca64_lexical_calendar_publisher_stock
49148,9,clara_k16,text_pca64_lexical_calendar_publisher_stock
49160,0,clara_k16,text_pca64_lexical_calendar_publisher_stock
49182,4,clara_k16,text_pca64_lexical_calendar_publisher_stock
49187,8,clara_k16,text_pca64_lexical_calendar_publisher_stock
49193,1,clara_k16,text_pca64_lexical_calendar_publisher_stock
49195,1,clara_k16,text_pca64_lexical_calendar_publisher_stock
49197,0,clara_k16,text_pca64_lexical_calendar_publisher_stock
49205,0,clara_k16,text_pca64_lexical_calendar_publisher_stock
49209,1,clara_k16,text_pca64_lexical_calendar_publisher_stock
49215,6,clara_k16,text_pca64_lexical_calendar_publisher_stock
49218,6,clara_k16,text_pca64_lexical_calendar_publisher_stock
49219,12,clara_k16,text_pca64_lexical_calendar_publisher_stock
49226,1,clara_k16,text_pca64_lexical_calendar_publisher_stock
49227,1,clara_k16,text_pca64_lexical_calendar_publisher_stock
49232,0,clara_k16,text_pca64_lexical_calendar_publisher_stock
49238,1,clara_k16,text_pca64_lexical_calendar_publisher_stock
49242,1,clara_k16,text_pca64_lexical_calendar_publisher_stock
49243,8,clara_k16,text_pca64_lexical_calendar_publisher_stock
49248,0,clara_k16,text_pca64_lexical_calendar_publisher_stock
49254,5,clara_k16,text_pca64_lexical_calendar_publisher_stock
49256,12,clara_k16,text_pca64_lexical_calendar_publisher_stock
49261,0,clara_k16,text_pca64_lexical_calendar_publisher_stock
49265,5,clara_k16,text_pca64_lexical_calendar_publisher_stock
49301,7,clara_k16,text_pca64_lexical_calendar_publisher_stock
49317,13,clara_k16,text_pca64_lexical_calendar_publisher_stock
49321,0,clara_k16,text_pca64_lexical_calendar_publisher_stock
49328,6,clara_k16,text_pca64_lexical_calendar_publisher_stock
49332,14,clara_k16,text_pca64_lexical_calendar_publisher_stock
49333,5,clara_k16,text_pca64_lexical_calendar_publisher_stock
49335,6,clara_k16,text_pca64_lexical_calendar_publisher_stock
49337,0,clara_k16,text_pca64_lexical_calendar_publisher_stock
49340,12,clara_k16,text_pca64_lexical_calendar_publisher_stock
49342,1,clara_k16,text_pca64_lexical_calendar_publisher_stock
49344,6,clara_k16,text_pca64_lexical_calendar_publisher_stock
49358,0,clara_k16,text_pca64_lexical_calendar_publisher_stock
49362,5,clara_k16,text_pca64_lexical_calendar_publisher_stock
49368,0,clara_k16,text_pca64_lexical_calendar_publisher_stock
49379,1,clara_k16,text_pca64_lexical_calendar_publisher_stock
49382,4,clara_k16,text_pca64_lexical_calendar_publisher_stock
49399,8,clara_k16,text_pca64_lexical_calendar_publisher_stock
49404,3,clara_k16,text_pca64_lexical_calendar_publisher_stock
49414,2,clara_k16,text_pca64_lexical_calendar_publisher_stock
49417,2,clara_k16,text_pca64_lexical_calendar_publisher_stock
49425,11,clara_k16,text_pca64_lexical_calendar_publisher_stock
49428,12,clara_k16,text_pca64_lexical_calendar_publisher_stock
49435,1,clara_k16,text_pca64_lexical_calendar_publisher_stock
49440,13,clara_k16,text_pca64_lexical_calendar_publisher_stock
49447,1,clara_k16,text_pca64_lexical_calendar_publisher_stock
49453,13,clara_k16,text_pca64_lexical_calendar_publisher_stock
49458,11,clara_k16,text_pca64_lexical_calendar_publisher_stock
49463,5,clara_k16,text_pca64_lexical_calendar_publisher_stock
49468,7,clara_k16,text_pca64_lexical_calendar_publisher_stock
49470,13,clara_k16,text_pca64_lexical_calendar_publisher_stock
49471,6,clara_k16,text_pca64_lexical_calendar_publisher_stock
49472,6,clara_k16,text_pca64_lexical_calendar_publisher_stock
49482,9,clara_k16,text_pca64_lexical_calendar_publisher_stock
49495,2,clara_k16,text_pca64_lexical_calendar_publisher_stock
49498,13,clara_k16,text_pca64_lexical_calendar_publisher_stock
49512,4,clara_k16,text_pca64_lexical_calendar_publisher_stock
49516,5,clara_k16,text_pca64_lexical_calendar_publisher_stock
49528,11,clara_k16,text_pca64_lexical_calendar_publisher_stock
49532,4,clara_k16,text_pca64_lexical_calendar_publisher_stock
49533,0,clara_k16,text_pca64_lexical_calendar_publisher_stock
49540,6,clara_k16,text_pca64_lexical_calendar_publisher_stock
49552,2,clara_k16,text_pca64_lexical_calendar_publisher_stock
49560,11,clara_k16,text_pca64_lexical_calendar_publisher_stock
49562,5,clara_k16,text_pca64_lexical_calendar_publisher_stock
49571,9,clara_k16,text_pca64_lexical_calendar_publisher_stock
49585,6,clara_k16,text_pca64_lexical_calendar_publisher_stock
49598,7,clara_k16,text_pca64_lexical_calendar_publisher_stock
49611,1,clara_k16,text_pca64_lexical_calendar_publisher_stock
49618,4,clara_k16,text_pca64_lexical_calendar_publisher_stock
49627,14,clara_k16,text_pca64_lexical_calendar_publisher_stock
49638,1,clara_k16,text_pca64_lexical_calendar_publisher_stock
49640,1,clara_k16,text_pca64_lexical_calendar_publisher_stock
49660,0,clara_k16,text_pca64_lexical_calendar_publisher_stock
49661,4,clara_k16,text_pca64_lexical_calendar_publisher_stock
49667,13,clara_k16,text_pca64_lexical_calendar_publisher_stock
49673,1,clara_k16,text_pca64_lexical_calendar_publisher_stock
49682,4,clara_k16,text_pca64_lexical_calendar_publisher_stock
49686,13,clara_k16,text_pca64_lexical_calendar_publisher_stock
49705,1,clara_k16,text_pca64_lexical_calendar_publisher_stock
49706,1,clara_k16,text_pca64_lexical_calendar_publisher_stock
49716,0,clara_k16,text_pca64_lexical_calendar_publisher_stock
49718,1,clara_k16,text_pca64_lexical_calendar_publisher_stock
49719,4,clara_k16,text_pca64_lexical_calendar_publisher_stock
49727,1,clara_k16,text_pca64_lexical_calendar_publisher_stock
49728,1,clara_k16,text_pca64_lexical_calendar_publisher_stock
49732,4,clara_k16,text_pca64_lexical_calendar_publisher_stock
49734,1,clara_k16,text_pca64_lexical_calendar_publisher_stock
49749,1,clara_k16,text_pca64_lexical_calendar_publisher_stock
49758,1,clara_k16,text_pca64_lexical_calendar_publisher_stock
49764,4,clara_k16,text_pca64_lexical_calendar_publisher_stock
49765,4,clara_k16,text_pca64_lexical_calendar_publisher_stock
49771,4,clara_k16,text_pca64_lexical_calendar_publisher_stock
49774,0,clara_k16,text_pca64_lexical_calendar_publisher_stock
49779,11,clara_k16,text_pca64_lexical_calendar_publisher_stock
49783,13,clara_k16,text_pca64_lexical_calendar_publisher_stock
49785,0,clara_k16,text_pca64_lexical_calendar_publisher_stock
49787,12,clara_k16,text_pca64_lexical_calendar_publisher_stock
49789,11,clara_k16,text_pca64_lexical_calendar_publisher_stock
49791,0,clara_k16,text_pca64_lexical_calendar_publisher_stock
49796,6,clara_k16,text_pca64_lexical_calendar_publisher_stock
49797,0,clara_k16,text_pca64_lexical_calendar_publisher_stock
49802,15,clara_k16,text_pca64_lexical_calendar_publisher_stock
49806,13,clara_k16,text_pca64_lexical_calendar_publisher_stock
49808,15,clara_k16,text_pca64_lexical_calendar_publisher_stock
49809,1,clara_k16,text_pca64_lexical_calendar_publisher_stock
49825,2,clara_k16,text_pca64_lexical_calendar_publisher_stock
49834,11,clara_k16,text_pca64_lexical_calendar_publisher_stock
49836,13,clara_k16,text_pca64_lexical_calendar_publisher_stock
49848,9,clara_k16,text_pca64_lexical_calendar_publisher_stock
49856,4,clara_k16,text_pca64_lexical_calendar_publisher_stock
49859,0,clara_k16,text_pca64_lexical_calendar_publisher_stock
49860,0,clara_k16,text_pca64_lexical_calendar_publisher_stock
49870,1,clara_k16,text_pca64_lexical_calendar_publisher_stock
49872,5,clara_k16,text_pca64_lexical_calendar_publisher_stock
49873,6,clara_k16,text_pca64_lexical_calendar_publisher_stock
49878,14,clara_k16,text_pca64_lexical_calendar_publisher_stock
49881,2,clara_k16,text_pca64_lexical_calendar_publisher_stock
49883,5,clara_k16,text_pca64_lexical_calendar_publisher_stock
49901,1,clara_k16,text_pca64_lexical_calendar_publisher_stock
49908,2,clara_k16,text_pca64_lexical_calendar_publisher_stock
49919,0,clara_k16,text_pca64_lexical_calendar_publisher_stock
49921,2,clara_k16,text_pca64_lexical_calendar_publisher_stock
49931,1,clara_k16,text_pca64_lexical_calendar_publisher_stock
49935,14,clara_k16,text_pca64_lexical_calendar_publisher_stock
49937,4,clara_k16,text_pca64_lexical_calendar_publisher_stock
49943,2,clara_k16,text_pca64_lexical_calendar_publisher_stock
49945,1,clara_k16,text_pca64_lexical_calendar_publisher_stock
49959,6,clara_k16,text_pca64_lexical_calendar_publisher_stock
49960,6,clara_k16,text_pca64_lexical_calendar_publisher_stock
49963,13,clara_k16,text_pca64_lexical_calendar_publisher_stock
49969,4,clara_k16,text_pca64_lexical_calendar_publisher_stock
49971,6,clara_k16,text_pca64_lexical_calendar_publisher_stock
49973,1,clara_k16,text_pca64_lexical_calendar_publisher_stock
49983,1,clara_k16,text_pca64_lexical_calendar_publisher_stock
49992,12,clara_k16,text_pca64_lexical_calendar_publisher_stock
49995,2,clara_k16,text_pca64_lexical_calendar_publisher_stock
50005,8,clara_k16,text_pca64_lexical_calendar_publisher_stock
50007,0,clara_k16,text_pca64_lexical_calendar_publisher_stock
50011,2,clara_k16,text_pca64_lexical_calendar_publisher_stock
50024,14,clara_k16,text_pca64_lexical_calendar_publisher_stock
50025,0,clara_k16,text_pca64_lexical_calendar_publisher_stock
50032,9,clara_k16,text_pca64_lexical_calendar_publisher_stock
50033,0,clara_k16,text_pca64_lexical_calendar_publisher_stock
50038,0,clara_k16,text_pca64_lexical_calendar_publisher_stock
50043,0,clara_k16,text_pca64_lexical_calendar_publisher_stock
50046,0,clara_k16,text_pca64_lexical_calendar_publisher_stock
50048,6,clara_k16,text_pca64_lexical_calendar_publisher_stock
50074,12,clara_k16,text_pca64_lexical_calendar_publisher_stock
50078,12,clara_k16,text_pca64_lexical_calendar_publisher_stock
50086,11,clara_k16,text_pca64_lexical_calendar_publisher_stock
50088,6,clara_k16,text_pca64_lexical_calendar_publisher_stock
50090,2,clara_k16,text_pca64_lexical_calendar_publisher_stock
50103,1,clara_k16,text_pca64_lexical_calendar_publisher_stock
50104,4,clara_k16,text_pca64_lexical_calendar_publisher_stock
50112,1,clara_k16,text_pca64_lexical_calendar_publisher_stock
50114,14,clara_k16,text_pca64_lexical_calendar_publisher_stock
50130,12,clara_k16,text_pca64_lexical_calendar_publisher_stock
50132,5,clara_k16,text_pca64_lexical_calendar_publisher_stock
50137,6,clara_k16,text_pca64_lexical_calendar_publisher_stock
50140,6,clara_k16,text_pca64_lexical_calendar_publisher_stock
50149,0,clara_k16,text_pca64_lexical_calendar_publisher_stock
50156,13,clara_k16,text_pca64_lexical_calendar_publisher_stock
50178,1,clara_k16,text_pca64_lexical_calendar_publisher_stock
50186,1,clara_k16,text_pca64_lexical_calendar_publisher_stock
50191,12,clara_k16,text_pca64_lexical_calendar_publisher_stock
50194,9,clara_k16,text_pca64_lexical_calendar_publisher_stock
50198,0,clara_k16,text_pca64_lexical_calendar_publisher_stock
50201,13,clara_k16,text_pca64_lexical_calendar_publisher_stock
50206,11,clara_k16,text_pca64_lexical_calendar_publisher_stock
50211,0,clara_k16,text_pca64_lexical_calendar_publisher_stock
50215,9,clara_k16,text_pca64_lexical_calendar_publisher_stock
50242,14,clara_k16,text_pca64_lexical_calendar_publisher_stock
50247,4,clara_k16,text_pca64_lexical_calendar_publisher_stock
50269,4,clara_k16,text_pca64_lexical_calendar_publisher_stock
50275,0,clara_k16,text_pca64_lexical_calendar_publisher_stock
50282,2,clara_k16,text_pca64_lexical_calendar_publisher_stock
50286,14,clara_k16,text_pca64_lexical_calendar_publisher_stock
50287,0,clara_k16,text_pca64_lexical_calendar_publisher_stock
50303,2,clara_k16,text_pca64_lexical_calendar_publisher_stock
50305,13,clara_k16,text_pca64_lexical_calendar_publisher_stock
50308,0,clara_k16,text_pca64_lexical_calendar_publisher_stock
50310,14,clara_k16,text_pca64_lexical_calendar_publisher_stock
50322,1,clara_k16,text_pca64_lexical_calendar_publisher_stock
50334,12,clara_k16,text_pca64_lexical_calendar_publisher_stock
50358,2,clara_k16,text_pca64_lexical_calendar_publisher_stock
50359,0,clara_k16,text_pca64_lexical_calendar_publisher_stock
50361,6,clara_k16,text_pca64_lexical_calendar_publisher_stock
50364,1,clara_k16,text_pca64_lexical_calendar_publisher_stock
50380,1,clara_k16,text_pca64_lexical_calendar_publisher_stock
50398,1,clara_k16,text_pca64_lexical_calendar_publisher_stock
50399,6,clara_k16,text_pca64_lexical_calendar_publisher_stock
50402,0,clara_k16,text_pca64_lexical_calendar_publisher_stock
50405,0,clara_k16,text_pca64_lexical_calendar_publisher_stock
50407,1,clara_k16,text_pca64_lexical_calendar_publisher_stock
50412,1,clara_k16,text_pca64_lexical_calendar_publisher_stock
50439,4,clara_k16,text_pca64_lexical_calendar_publisher_stock
50449,1,clara_k16,text_pca64_lexical_calendar_publisher_stock
50451,12,clara_k16,text_pca64_lexical_calendar_publisher_stock
50452,12,clara_k16,text_pca64_lexical_calendar_publisher_stock
50463,1,clara_k16,text_pca64_lexical_calendar_publisher_stock
50471,0,clara_k16,text_pca64_lexical_calendar_publisher_stock
50473,2,clara_k16,text_pca64_lexical_calendar_publisher_stock
50490,1,clara_k16,text_pca64_lexical_calendar_publisher_stock
50501,8,clara_k16,text_pca64_lexical_calendar_publisher_stock
50505,12,clara_k16,text_pca64_lexical_calendar_publisher_stock
50506,1,clara_k16,text_pca64_lexical_calendar_publisher_stock
50514,4,clara_k16,text_pca64_lexical_calendar_publisher_stock
50518,14,clara_k16,text_pca64_lexical_calendar_publisher_stock
50524,1,clara_k16,text_pca64_lexical_calendar_publisher_stock
50536,13,clara_k16,text_pca64_lexical_calendar_publisher_stock
50552,13,clara_k16,text_pca64_lexical_calendar_publisher_stock
50556,0,clara_k16,text_pca64_lexical_calendar_publisher_stock
50562,4,clara_k16,text_pca64_lexical_calendar_publisher_stock
50563,1,clara_k16,text_pca64_lexical_calendar_publisher_stock
50579,1,clara_k16,text_pca64_lexical_calendar_publisher_stock
50585,0,clara_k16,text_pca64_lexical_calendar_publisher_stock
50586,1,clara_k16,text_pca64_lexical_calendar_publisher_stock
50596,1,clara_k16,text_pca64_lexical_calendar_publisher_stock
50600,3,clara_k16,text_pca64_lexical_calendar_publisher_stock
50614,1,clara_k16,text_pca64_lexical_calendar_publisher_stock
50619,1,clara_k16,text_pca64_lexical_calendar_publisher_stock
50651,15,clara_k16,text_pca64_lexical_calendar_publisher_stock
50656,15,clara_k16,text_pca64_lexical_calendar_publisher_stock
50657,15,clara_k16,text_pca64_lexical_calendar_publisher_stock
50671,2,clara_k16,text_pca64_lexical_calendar_publisher_stock
50673,0,clara_k16,text_pca64_lexical_calendar_publisher_stock
50674,6,clara_k16,text_pca64_lexical_calendar_publisher_stock
50680,12,clara_k16,text_pca64_lexical_calendar_publisher_stock
50687,12,clara_k16,text_pca64_lexical_calendar_publisher_stock
50714,12,clara_k16,text_pca64_lexical_calendar_publisher_stock
50718,2,clara_k16,text_pca64_lexical_calendar_publisher_stock
50725,0,clara_k16,text_pca64_lexical_calendar_publisher_stock
50730,12,clara_k16,text_pca64_lexical_calendar_publisher_stock
50732,0,clara_k16,text_pca64_lexical_calendar_publisher_stock
50754,0,clara_k16,text_pca64_lexical_calendar_publisher_stock
50763,6,clara_k16,text_pca64_lexical_calendar_publisher_stock
50766,14,clara_k16,text_pca64_lexical_calendar_publisher_stock
50770,2,clara_k16,text_pca64_lexical_calendar_publisher_stock
50776,12,clara_k16,text_pca64_lexical_calendar_publisher_stock
50780,12,clara_k16,text_pca64_lexical_calendar_publisher_stock
50783,2,clara_k16,text_pca64_lexical_calendar_publisher_stock
50792,12,clara_k16,text_pca64_lexical_calendar_publisher_stock
50796,14,clara_k16,text_pca64_lexical_calendar_publisher_stock
50798,12,clara_k16,text_pca64_lexical_calendar_publisher_stock
50804,12,clara_k16,text_pca64_lexical_calendar_publisher_stock
50810,2,clara_k16,text_pca64_lexical_calendar_publisher_stock
50815,14,clara_k16,text_pca64_lexical_calendar_publisher_stock
50816,2,clara_k16,text_pca64_lexical_calendar_publisher_stock
50828,2,clara_k16,text_pca64_lexical_calendar_publisher_stock
50835,2,clara_k16,text_pca64_lexical_calendar_publisher_stock
50843,12,clara_k16,text_pca64_lexical_calendar_publisher_stock
50844,14,clara_k16,text_pca64_lexical_calendar_publisher_stock
50847,8,clara_k16,text_pca64_lexical_calendar_publisher_stock
50855,2,clara_k16,text_pca64_lexical_calendar_publisher_stock
50860,8,clara_k16,text_pca64_lexical_calendar_publisher_stock
50862,0,clara_k16,text_pca64_lexical_calendar_publisher_stock
50871,13,clara_k16,text_pca64_lexical_calendar_publisher_stock
50909,1,clara_k16,text_pca64_lexical_calendar_publisher_stock
50922,13,clara_k16,text_pca64_lexical_calendar_publisher_stock
50923,0,clara_k16,text_pca64_lexical_calendar_publisher_stock
50925,5,clara_k16,text_pca64_lexical_calendar_publisher_stock
50942,14,clara_k16,text_pca64_lexical_calendar_publisher_stock
50943,14,clara_k16,text_pca64_lexical_calendar_publisher_stock
50950,0,clara_k16,text_pca64_lexical_calendar_publisher_stock
50960,1,clara_k16,text_pca64_lexical_calendar_publisher_stock
50963,5,clara_k16,text_pca64_lexical_calendar_publisher_stock
50972,12,clara_k16,text_pca64_lexical_calendar_publisher_stock
50976,0,clara_k16,text_pca64_lexical_calendar_publisher_stock
50980,13,clara_k16,text_pca64_lexical_calendar_publisher_stock
50995,0,clara_k16,text_pca64_lexical_calendar_publisher_stock
50999,6,clara_k16,text_pca64_lexical_calendar_publisher_stock
51002,6,clara_k16,text_pca64_lexical_calendar_publisher_stock
51008,0,clara_k16,text_pca64_lexical_calendar_publisher_stock
51010,0,clara_k16,text_pca64_lexical_calendar_publisher_stock
51019,8,clara_k16,text_pca64_lexical_calendar_publisher_stock
51032,0,clara_k16,text_pca64_lexical_calendar_publisher_stock
51041,0,clara_k16,text_pca64_lexical_calendar_publisher_stock
51061,0,clara_k16,text_pca64_lexical_calendar_publisher_stock
51062,12,clara_k16,text_pca64_lexical_calendar_publisher_stock
51073,0,clara_k16,text_pca64_lexical_calendar_publisher_stock
51075,6,clara_k16,text_pca64_lexical_calendar_publisher_stock
51085,14,clara_k16,text_pca64_lexical_calendar_publisher_stock
51089,13,clara_k16,text_pca64_lexical_calendar_publisher_stock
51092,0,clara_k16,text_pca64_lexical_calendar_publisher_stock
51096,6,clara_k16,text_pca64_lexical_calendar_publisher_stock
51100,14,clara_k16,text_pca64_lexical_calendar_publisher_stock
51102,12,clara_k16,text_pca64_lexical_calendar_publisher_stock
51109,14,clara_k16,text_pca64_lexical_calendar_publisher_stock
51110,13,clara_k16,text_pca64_lexical_calendar_publisher_stock
51126,8,clara_k16,text_pca64_lexical_calendar_publisher_stock
51130,12,clara_k16,text_pca64_lexical_calendar_publisher_stock
51132,0,clara_k16,text_pca64_lexical_calendar_publisher_stock
51154,6,clara_k16,text_pca64_lexical_calendar_publisher_stock
51181,0,clara_k16,text_pca64_lexical_calendar_publisher_stock
51190,0,clara_k16,text_pca64_lexical_calendar_publisher_stock
51193,1,clara_k16,text_pca64_lexical_calendar_publisher_stock
51201,6,clara_k16,text_pca64_lexical_calendar_publisher_stock
51202,12,clara_k16,text_pca64_lexical_calendar_publisher_stock
51204,0,clara_k16,text_pca64_lexical_calendar_publisher_stock
51208,12,clara_k16,text_pca64_lexical_calendar_publisher_stock
51220,12,clara_k16,text_pca64_lexical_calendar_publisher_stock
51229,0,clara_k16,text_pca64_lexical_calendar_publisher_stock
51244,6,clara_k16,text_pca64_lexical_calendar_publisher_stock
51246,12,clara_k16,text_pca64_lexical_calendar_publisher_stock
51247,6,clara_k16,text_pca64_lexical_calendar_publisher_stock
51250,12,clara_k16,text_pca64_lexical_calendar_publisher_stock
51260,9,clara_k16,text_pca64_lexical_calendar_publisher_stock
51262,0,clara_k16,text_pca64_lexical_calendar_publisher_stock
51263,12,clara_k16,text_pca64_lexical_calendar_publisher_stock
51266,6,clara_k16,text_pca64_lexical_calendar_publisher_stock
51276,6,clara_k16,text_pca64_lexical_calendar_publisher_stock
51281,2,clara_k16,text_pca64_lexical_calendar_publisher_stock
51288,4,clara_k16,text_pca64_lexical_calendar_publisher_stock
51336,12,clara_k16,text_pca64_lexical_calendar_publisher_stock
51358,12,clara_k16,text_pca64_lexical_calendar_publisher_stock
51361,1,clara_k16,text_pca64_lexical_calendar_publisher_stock
51373,0,clara_k16,text_pca64_lexical_calendar_publisher_stock
51379,3,clara_k16,text_pca64_lexical_calendar_publisher_stock
51381,0,clara_k16,text_pca64_lexical_calendar_publisher_stock
51384,6,clara_k16,text_pca64_lexical_calendar_publisher_stock
51386,1,clara_k16,text_pca64_lexical_calendar_publisher_stock
51387,6,clara_k16,text_pca64_lexical_calendar_publisher_stock
51388,0,clara_k16,text_pca64_lexical_calendar_publisher_stock
51391,0,clara_k16,text_pca64_lexical_calendar_publisher_stock
51393,0,clara_k16,text_pca64_lexical_calendar_publisher_stock
51395,0,clara_k16,text_pca64_lexical_calendar_publisher_stock
51402,1,clara_k16,text_pca64_lexical_calendar_publisher_stock
51405,4,clara_k16,text_pca64_lexical_calendar_publisher_stock
51409,4,clara_k16,text_pca64_lexical_calendar_publisher_stock
51414,0,clara_k16,text_pca64_lexical_calendar_publisher_stock
51416,1,clara_k16,text_pca64_lexical_calendar_publisher_stock
51420,1,clara_k16,text_pca64_lexical_calendar_publisher_stock
51427,1,clara_k16,text_pca64_lexical_calendar_publisher_stock
51433,1,clara_k16,text_pca64_lexical_calendar_publisher_stock
51436,0,clara_k16,text_pca64_lexical_calendar_publisher_stock
51449,3,clara_k16,text_pca64_lexical_calendar_publisher_stock
51451,14,clara_k16,text_pca64_lexical_calendar_publisher_stock
51460,1,clara_k16,text_pca64_lexical_calendar_publisher_stock
51461,3,clara_k16,text_pca64_lexical_calendar_publisher_stock
51463,0,clara_k16,text_pca64_lexical_calendar_publisher_stock
51470,2,clara_k16,text_pca64_lexical_calendar_publisher_stock
51471,2,clara_k16,text_pca64_lexical_calendar_publisher_stock
51472,0,clara_k16,text_pca64_lexical_calendar_publisher_stock
51477,0,clara_k16,text_pca64_lexical_calendar_publisher_stock
51483,12,clara_k16,text_pca64_lexical_calendar_publisher_stock
51485,11,clara_k16,text_pca64_lexical_calendar_publisher_stock
51490,14,clara_k16,text_pca64_lexical_calendar_publisher_stock
51503,14,clara_k16,text_pca64_lexical_calendar_publisher_stock
51508,12,clara_k16,text_pca64_lexical_calendar_publisher_stock
51521,0,clara_k16,text_pca64_lexical_calendar_publisher_stock
51537,0,clara_k16,text_pca64_lexical_calendar_publisher_stock
51541,4,clara_k16,text_pca64_lexical_calendar_publisher_stock
51547,1,clara_k16,text_pca64_lexical_calendar_publisher_stock
51555,0,clara_k16,text_pca64_lexical_calendar_publisher_stock
51561,14,clara_k16,text_pca64_lexical_calendar_publisher_stock
51565,0,clara_k16,text_pca64_lexical_calendar_publisher_stock
51582,5,clara_k16,text_pca64_lexical_calendar_publisher_stock
51583,0,clara_k16,text_pca64_lexical_calendar_publisher_stock
51589,13,clara_k16,text_pca64_lexical_calendar_publisher_stock
51613,0,clara_k16,text_pca64_lexical_calendar_publisher_stock
51615,0,clara_k16,text_pca64_lexical_calendar_publisher_stock
51617,0,clara_k16,text_pca64_lexical_calendar_publisher_stock
51620,0,clara_k16,text_pca64_lexical_calendar_publisher_stock
51621,14,clara_k16,text_pca64_lexical_calendar_publisher_stock
51624,14,clara_k16,text_pca64_lexical_calendar_publisher_stock
51625,0,clara_k16,text_pca64_lexical_calendar_publisher_stock
51636,5,clara_k16,text_pca64_lexical_calendar_publisher_stock
51640,14,clara_k16,text_pca64_lexical_calendar_publisher_stock
51643,0,clara_k16,text_pca64_lexical_calendar_publisher_stock
51646,0,clara_k16,text_pca64_lexical_calendar_publisher_stock
51648,0,clara_k16,text_pca64_lexical_calendar_publisher_stock
51654,0,clara_k16,text_pca64_lexical_calendar_publisher_stock
51677,12,clara_k16,text_pca64_lexical_calendar_publisher_stock
51678,14,clara_k16,text_pca64_lexical_calendar_publisher_stock
51680,6,clara_k16,text_pca64_lexical_calendar_publisher_stock
51682,0,clara_k16,text_pca64_lexical_calendar_publisher_stock
51685,14,clara_k16,text_pca64_lexical_calendar_publisher_stock
51687,5,clara_k16,text_pca64_lexical_calendar_publisher_stock
51698,6,clara_k16,text_pca64_lexical_calendar_publisher_stock
51705,0,clara_k16,text_pca64_lexical_calendar_publisher_stock
51718,1,clara_k16,text_pca64_lexical_calendar_publisher_stock
51725,0,clara_k16,text_pca64_lexical_calendar_publisher_stock
51731,14,clara_k16,text_pca64_lexical_calendar_publisher_stock
51735,14,clara_k16,text_pca64_lexical_calendar_publisher_stock
51743,0,clara_k16,text_pca64_lexical_calendar_publisher_stock
51749,4,clara_k16,text_pca64_lexical_calendar_publisher_stock
51751,13,clara_k16,text_pca64_lexical_calendar_publisher_stock
51757,13,clara_k16,text_pca64_lexical_calendar_publisher_stock
51758,13,clara_k16,text_pca64_lexical_calendar_publisher_stock
51760,0,clara_k16,text_pca64_lexical_calendar_publisher_stock
51762,2,clara_k16,text_pca64_lexical_calendar_publisher_stock
51781,14,clara_k16,text_pca64_lexical_calendar_publisher_stock
51784,5,clara_k16,text_pca64_lexical_calendar_publisher_stock
51800,14,clara_k16,text_pca64_lexical_calendar_publisher_stock
51811,12,clara_k16,text_pca64_lexical_calendar_publisher_stock
51817,1,clara_k16,text_pca64_lexical_calendar_publisher_stock
51824,0,clara_k16,text_pca64_lexical_calendar_publisher_stock
51835,1,clara_k16,text_pca64_lexical_calendar_publisher_stock
51842,14,clara_k16,text_pca64_lexical_calendar_publisher_stock
51844,0,clara_k16,text_pca64_lexical_calendar_publisher_stock
51848,6,clara_k16,text_pca64_lexical_calendar_publisher_stock
51849,5,clara_k16,text_pca64_lexical_calendar_publisher_stock
51876,1,clara_k16,text_pca64_lexical_calendar_publisher_stock
51878,0,clara_k16,text_pca64_lexical_calendar_publisher_stock
51891,0,clara_k16,text_pca64_lexical_calendar_publisher_stock
51895,4,clara_k16,text_pca64_lexical_calendar_publisher_stock
51898,0,clara_k16,text_pca64_lexical_calendar_publisher_stock
51916,0,clara_k16,text_pca64_lexical_calendar_publisher_stock
51917,1,clara_k16,text_pca64_lexical_calendar_publisher_stock
51927,0,clara_k16,text_pca64_lexical_calendar_publisher_stock
51937,5,clara_k16,text_pca64_lexical_calendar_publisher_stock
51941,0,clara_k16,text_pca64_lexical_calendar_publisher_stock
51961,0,clara_k16,text_pca64_lexical_calendar_publisher_stock
51963,0,clara_k16,text_pca64_lexical_calendar_publisher_stock
51972,0,clara_k16,text_pca64_lexical_calendar_publisher_stock
51976,1,clara_k16,text_pca64_lexical_calendar_publisher_stock
51982,4,clara_k16,text_pca64_lexical_calendar_publisher_stock
51987,4,clara_k16,text_pca64_lexical_calendar_publisher_stock
51994,13,clara_k16,text_pca64_lexical_calendar_publisher_stock
51995,0,clara_k16,text_pca64_lexical_calendar_publisher_stock
51997,0,clara_k16,text_pca64_lexical_calendar_publisher_stock
52002,6,clara_k16,text_pca64_lexical_calendar_publisher_stock
52010,1,clara_k16,text_pca64_lexical_calendar_publisher_stock
52015,5,clara_k16,text_pca64_lexical_calendar_publisher_stock
52026,0,clara_k16,text_pca64_lexical_calendar_publisher_stock
52028,0,clara_k16,text_pca64_lexical_calendar_publisher_stock
52038,6,clara_k16,text_pca64_lexical_calendar_publisher_stock
52039,4,clara_k16,text_pca64_lexical_calendar_publisher_stock
52040,6,clara_k16,text_pca64_lexical_calendar_publisher_stock
52042,13,clara_k16,text_pca64_lexical_calendar_publisher_stock
52045,5,clara_k16,text_pca64_lexical_calendar_publisher_stock
52053,0,clara_k16,text_pca64_lexical_calendar_publisher_stock
52054,0,clara_k16,text_pca64_lexical_calendar_publisher_stock
52058,13,clara_k16,text_pca64_lexical_calendar_publisher_stock
52060,5,clara_k16,text_pca64_lexical_calendar_publisher_stock
52069,0,clara_k16,text_pca64_lexical_calendar_publisher_stock
52071,5,clara_k16,text_pca64_lexical_calendar_publisher_stock
52080,4,clara_k16,text_pca64_lexical_calendar_publisher_stock
52081,0,clara_k16,text_pca64_lexical_calendar_publisher_stock
52093,0,clara_k16,text_pca64_lexical_calendar_publisher_stock
52094,6,clara_k16,text_pca64_lexical_calendar_publisher_stock
52108,0,clara_k16,text_pca64_lexical_calendar_publisher_stock
52110,0,clara_k16,text_pca64_lexical_calendar_publisher_stock
52112,4,clara_k16,text_pca64_lexical_calendar_publisher_stock
52117,0,clara_k16,text_pca64_lexical_calendar_publisher_stock
52120,4,clara_k16,text_pca64_lexical_calendar_publisher_stock
52124,4,clara_k16,text_pca64_lexical_calendar_publisher_stock
52126,4,clara_k16,text_pca64_lexical_calendar_publisher_stock
52128,0,clara_k16,text_pca64_lexical_calendar_publisher_stock
52141,6,clara_k16,text_pca64_lexical_calendar_publisher_stock
52144,0,clara_k16,text_pca64_lexical_calendar_publisher_stock
52146,1,clara_k16,text_pca64_lexical_calendar_publisher_stock
52150,0,clara_k16,text_pca64_lexical_calendar_publisher_stock
52163,0,clara_k16,text_pca64_lexical_calendar_publisher_stock
52172,0,clara_k16,text_pca64_lexical_calendar_publisher_stock
52176,1,clara_k16,text_pca64_lexical_calendar_publisher_stock
52177,11,clara_k16,text_pca64_lexical_calendar_publisher_stock
52180,1,clara_k16,text_pca64_lexical_calendar_publisher_stock
52190,4,clara_k16,text_pca64_lexical_calendar_publisher_stock
52192,14,clara_k16,text_pca64_lexical_calendar_publisher_stock
52193,11,clara_k16,text_pca64_lexical_calendar_publisher_stock
52209,13,clara_k16,text_pca64_lexical_calendar_publisher_stock
52212,0,clara_k16,text_pca64_lexical_calendar_publisher_stock
52216,11,clara_k16,text_pca64_lexical_calendar_publisher_stock
52226,12,clara_k16,text_pca64_lexical_calendar_publisher_stock
52230,12,clara_k16,text_pca64_lexical_calendar_publisher_stock
52240,0,clara_k16,text_pca64_lexical_calendar_publisher_stock
52252,1,clara_k16,text_pca64_lexical_calendar_publisher_stock
52258,13,clara_k16,text_pca64_lexical_calendar_publisher_stock
52259,12,clara_k16,text_pca64_lexical_calendar_publisher_stock
52261,13,clara_k16,text_pca64_lexical_calendar_publisher_stock
52272,14,clara_k16,text_pca64_lexical_calendar_publisher_stock
52274,1,clara_k16,text_pca64_lexical_calendar_publisher_stock
52291,4,clara_k16,text_pca64_lexical_calendar_publisher_stock
52293,0,clara_k16,text_pca64_lexical_calendar_publisher_stock
52294,14,clara_k16,text_pca64_lexical_calendar_publisher_stock
52298,1,clara_k16,text_pca64_lexical_calendar_publisher_stock
52301,0,clara_k16,text_pca64_lexical_calendar_publisher_stock
52316,14,clara_k16,text_pca64_lexical_calendar_publisher_stock
52319,0,clara_k16,text_pca64_lexical_calendar_publisher_stock
52325,12,clara_k16,text_pca64_lexical_calendar_publisher_stock
52336,6,clara_k16,text_pca64_lexical_calendar_publisher_stock
52346,14,clara_k16,text_pca64_lexical_calendar_publisher_stock
52353,2,clara_k16,text_pca64_lexical_calendar_publisher_stock
52354,0,clara_k16,text_pca64_lexical_calendar_publisher_stock
52366,1,clara_k16,text_pca64_lexical_calendar_publisher_stock
52373,14,clara_k16,text_pca64_lexical_calendar_publisher_stock
52377,13,clara_k16,text_pca64_lexical_calendar_publisher_stock
52386,2,clara_k16,text_pca64_lexical_calendar_publisher_stock
52411,0,clara_k16,text_pca64_lexical_calendar_publisher_stock
52412,2,clara_k16,text_pca64_lexical_calendar_publisher_stock
52420,4,clara_k16,text_pca64_lexical_calendar_publisher_stock
52422,0,clara_k16,text_pca64_lexical_calendar_publisher_stock
52423,13,clara_k16,text_pca64_lexical_calendar_publisher_stock
52424,2,clara_k16,text_pca64_lexical_calendar_publisher_stock
52438,5,clara_k16,text_pca64_lexical_calendar_publisher_stock
52444,11,clara_k16,text_pca64_lexical_calendar_publisher_stock
52447,11,clara_k16,text_pca64_lexical_calendar_publisher_stock
52450,11,clara_k16,text_pca64_lexical_calendar_publisher_stock
52456,5,clara_k16,text_pca64_lexical_calendar_publisher_stock
52458,2,clara_k16,text_pca64_lexical_calendar_publisher_stock
52468,0,clara_k16,text_pca64_lexical_calendar_publisher_stock
52475,6,clara_k16,text_pca64_lexical_calendar_publisher_stock
52489,0,clara_k16,text_pca64_lexical_calendar_publisher_stock
52490,0,clara_k16,text_pca64_lexical_calendar_publisher_stock
52496,1,clara_k16,text_pca64_lexical_calendar_publisher_stock
52498,1,clara_k16,text_pca64_lexical_calendar_publisher_stock
52502,4,clara_k16,text_pca64_lexical_calendar_publisher_stock
52506,2,clara_k16,text_pca64_lexical_calendar_publisher_stock
52525,1,clara_k16,text_pca64_lexical_calendar_publisher_stock
52529,14,clara_k16,text_pca64_lexical_calendar_publisher_stock
52539,12,clara_k16,text_pca64_lexical_calendar_publisher_stock
52543,14,clara_k16,text_pca64_lexical_calendar_publisher_stock
52548,4,clara_k16,text_pca64_lexical_calendar_publisher_stock
52554,5,clara_k16,text_pca64_lexical_calendar_publisher_stock
52558,0,clara_k16,text_pca64_lexical_calendar_publisher_stock
52559,0,clara_k16,text_pca64_lexical_calendar_publisher_stock
52561,1,clara_k16,text_pca64_lexical_calendar_publisher_stock
52565,2,clara_k16,text_pca64_lexical_calendar_publisher_stock
52569,4,clara_k16,text_pca64_lexical_calendar_publisher_stock
52577,6,clara_k16,text_pca64_lexical_calendar_publisher_stock
52580,7,clara_k16,text_pca64_lexical_calendar_publisher_stock
52585,6,clara_k16,text_pca64_lexical_calendar_publisher_stock
52601,6,clara_k16,text_pca64_lexical_calendar_publisher_stock
52610,0,clara_k16,text_pca64_lexical_calendar_publisher_stock
52618,4,clara_k16,text_pca64_lexical_calendar_publisher_stock
52629,2,clara_k16,text_pca64_lexical_calendar_publisher_stock
52639,0,clara_k16,text_pca64_lexical_calendar_publisher_stock
52658,0,clara_k16,text_pca64_lexical_calendar_publisher_stock
52660,4,clara_k16,text_pca64_lexical_calendar_publisher_stock
52665,2,clara_k16,text_pca64_lexical_calendar_publisher_stock
52666,1,clara_k16,text_pca64_lexical_calendar_publisher_stock
52677,0,clara_k16,text_pca64_lexical_calendar_publisher_stock
52695,1,clara_k16,text_pca64_lexical_calendar_publisher_stock
52707,0,clara_k16,text_pca64_lexical_calendar_publisher_stock
52715,0,clara_k16,text_pca64_lexical_calendar_publisher_stock
52738,13,clara_k16,text_pca64_lexical_calendar_publisher_stock
52746,0,clara_k16,text_pca64_lexical_calendar_publisher_stock
52757,2,clara_k16,text_pca64_lexical_calendar_publisher_stock
52765,0,clara_k16,text_pca64_lexical_calendar_publisher_stock
52768,0,clara_k16,text_pca64_lexical_calendar_publisher_stock
52786,12,clara_k16,text_pca64_lexical_calendar_publisher_stock
52787,1,clara_k16,text_pca64_lexical_calendar_publisher_stock
52806,12,clara_k16,text_pca64_lexical_calendar_publisher_stock
52818,0,clara_k16,text_pca64_lexical_calendar_publisher_stock
52819,5,clara_k16,text_pca64_lexical_calendar_publisher_stock
52825,2,clara_k16,text_pca64_lexical_calendar_publisher_stock
52826,0,clara_k16,text_pca64_lexical_calendar_publisher_stock
52827,0,clara_k16,text_pca64_lexical_calendar_publisher_stock
52841,0,clara_k16,text_pca64_lexical_calendar_publisher_stock
52849,5,clara_k16,text_pca64_lexical_calendar_publisher_stock
52852,0,clara_k16,text_pca64_lexical_calendar_publisher_stock
52857,11,clara_k16,text_pca64_lexical_calendar_publisher_stock
52864,13,clara_k16,text_pca64_lexical_calendar_publisher_stock
52876,0,clara_k16,text_pca64_lexical_calendar_publisher_stock
52881,1,clara_k16,text_pca64_lexical_calendar_publisher_stock
52884,9,clara_k16,text_pca64_lexical_calendar_publisher_stock
52886,5,clara_k16,text_pca64_lexical_calendar_publisher_stock
52894,1,clara_k16,text_pca64_lexical_calendar_publisher_stock
52910,4,clara_k16,text_pca64_lexical_calendar_publisher_stock
52911,4,clara_k16,text_pca64_lexical_calendar_publisher_stock
52912,1,clara_k16,text_pca64_lexical_calendar_publisher_stock
52920,6,clara_k16,text_pca64_lexical_calendar_publisher_stock
52925,13,clara_k16,text_pca64_lexical_calendar_publisher_stock
52936,12,clara_k16,text_pca64_lexical_calendar_publisher_stock
52970,0,clara_k16,text_pca64_lexical_calendar_publisher_stock
52978,4,clara_k16,text_pca64_lexical_calendar_publisher_stock
52983,0,clara_k16,text_pca64_lexical_calendar_publisher_stock
52987,2,clara_k16,text_pca64_lexical_calendar_publisher_stock
52991,2,clara_k16,text_pca64_lexical_calendar_publisher_stock
53018,0,clara_k16,text_pca64_lexical_calendar_publisher_stock
53022,0,clara_k16,text_pca64_lexical_calendar_publisher_stock
53038,2,clara_k16,text_pca64_lexical_calendar_publisher_stock
53040,6,clara_k16,text_pca64_lexical_calendar_publisher_stock
53041,8,clara_k16,text_pca64_lexical_calendar_publisher_stock
53042,9,clara_k16,text_pca64_lexical_calendar_publisher_stock
53055,1,clara_k16,text_pca64_lexical_calendar_publisher_stock
53056,1,clara_k16,text_pca64_lexical_calendar_publisher_stock
53057,0,clara_k16,text_pca64_lexical_calendar_publisher_stock
53063,0,clara_k16,text_pca64_lexical_calendar_publisher_stock
53064,0,clara_k16,text_pca64_lexical_calendar_publisher_stock
53067,2,clara_k16,text_pca64_lexical_calendar_publisher_stock
53068,0,clara_k16,text_pca64_lexical_calendar_publisher_stock
53070,11,clara_k16,text_pca64_lexical_calendar_publisher_stock
53081,1,clara_k16,text_pca64_lexical_calendar_publisher_stock
53082,0,clara_k16,text_pca64_lexical_calendar_publisher_stock
53083,0,clara_k16,text_pca64_lexical_calendar_publisher_stock
53088,12,clara_k16,text_pca64_lexical_calendar_publisher_stock
53089,0,clara_k16,text_pca64_lexical_calendar_publisher_stock
53090,11,clara_k16,text_pca64_lexical_calendar_publisher_stock
53109,11,clara_k16,text_pca64_lexical_calendar_publisher_stock
53110,6,clara_k16,text_pca64_lexical_calendar_publisher_stock
53123,0,clara_k16,text_pca64_lexical_calendar_publisher_stock
53128,0,clara_k16,text_pca64_lexical_calendar_publisher_stock
53133,0,clara_k16,text_pca64_lexical_calendar_publisher_stock
53138,1,clara_k16,text_pca64_lexical_calendar_publisher_stock
53141,0,clara_k16,text_pca64_lexical_calendar_publisher_stock
53142,6,clara_k16,text_pca64_lexical_calendar_publisher_stock
53145,0,clara_k16,text_pca64_lexical_calendar_publisher_stock
53157,12,clara_k16,text_pca64_lexical_calendar_publisher_stock
53163,12,clara_k16,text_pca64_lexical_calendar_publisher_stock
53169,0,clara_k16,text_pca64_lexical_calendar_publisher_stock
53172,6,clara_k16,text_pca64_lexical_calendar_publisher_stock
53182,0,clara_k16,text_pca64_lexical_calendar_publisher_stock
53185,0,clara_k16,text_pca64_lexical_calendar_publisher_stock
53190,6,clara_k16,text_pca64_lexical_calendar_publisher_stock
53200,15,clara_k16,text_pca64_lexical_calendar_publisher_stock
53204,15,clara_k16,text_pca64_lexical_calendar_publisher_stock
53207,1,clara_k16,text_pca64_lexical_calendar_publisher_stock
53215,0,clara_k16,text_pca64_lexical_calendar_publisher_stock
53229,2,clara_k16,text_pca64_lexical_calendar_publisher_stock
53230,2,clara_k16,text_pca64_lexical_calendar_publisher_stock
53236,4,clara_k16,text_pca64_lexical_calendar_publisher_stock
53241,4,clara_k16,text_pca64_lexical_calendar_publisher_stock
53244,0,clara_k16,text_pca64_lexical_calendar_publisher_stock
53248,13,clara_k16,text_pca64_lexical_calendar_publisher_stock
53249,13,clara_k16,text_pca64_lexical_calendar_publisher_stock
53253,12,clara_k16,text_pca64_lexical_calendar_publisher_stock
53254,2,clara_k16,text_pca64_lexical_calendar_publisher_stock
53259,1,clara_k16,text_pca64_lexical_calendar_publisher_stock
53265,2,clara_k16,text_pca64_lexical_calendar_publisher_stock
53272,6,clara_k16,text_pca64_lexical_calendar_publisher_stock
53277,6,clara_k16,text_pca64_lexical_calendar_publisher_stock
53280,1,clara_k16,text_pca64_lexical_calendar_publisher_stock
53287,13,clara_k16,text_pca64_lexical_calendar_publisher_stock
53288,12,clara_k16,text_pca64_lexical_calendar_publisher_stock
53289,12,clara_k16,text_pca64_lexical_calendar_publisher_stock
53299,2,clara_k16,text_pca64_lexical_calendar_publisher_stock
53300,2,clara_k16,text_pca64_lexical_calendar_publisher_stock
53307,7,clara_k16,text_pca64_lexical_calendar_publisher_stock
53308,0,clara_k16,text_pca64_lexical_calendar_publisher_stock
53310,1,clara_k16,text_pca64_lexical_calendar_publisher_stock
53334,0,clara_k16,text_pca64_lexical_calendar_publisher_stock
53336,13,clara_k16,text_pca64_lexical_calendar_publisher_stock
53342,2,clara_k16,text_pca64_lexical_calendar_publisher_stock
53345,0,clara_k16,text_pca64_lexical_calendar_publisher_stock
53346,9,clara_k16,text_pca64_lexical_calendar_publisher_stock
53357,12,clara_k16,text_pca64_lexical_calendar_publisher_stock
53360,1,clara_k16,text_pca64_lexical_calendar_publisher_stock
53367,4,clara_k16,text_pca64_lexical_calendar_publisher_stock
53381,6,clara_k16,text_pca64_lexical_calendar_publisher_stock
53385,1,clara_k16,text_pca64_lexical_calendar_publisher_stock
53388,0,clara_k16,text_pca64_lexical_calendar_publisher_stock
53390,2,clara_k16,text_pca64_lexical_calendar_publisher_stock
53392,5,clara_k16,text_pca64_lexical_calendar_publisher_stock
53393,9,clara_k16,text_pca64_lexical_calendar_publisher_stock
53402,0,clara_k16,text_pca64_lexical_calendar_publisher_stock
53418,0,clara_k16,text_pca64_lexical_calendar_publisher_stock
53422,0,clara_k16,text_pca64_lexical_calendar_publisher_stock
53434,13,clara_k16,text_pca64_lexical_calendar_publisher_stock
53443,1,clara_k16,text_pca64_lexical_calendar_publisher_stock
53449,7,clara_k16,text_pca64_lexical_calendar_publisher_stock
53456,0,clara_k16,text_pca64_lexical_calendar_publisher_stock
53457,0,clara_k16,text_pca64_lexical_calendar_publisher_stock
53464,0,clara_k16,text_pca64_lexical_calendar_publisher_stock
53474,0,clara_k16,text_pca64_lexical_calendar_publisher_stock
53479,9,clara_k16,text_pca64_lexical_calendar_publisher_stock
53480,7,clara_k16,text_pca64_lexical_calendar_publisher_stock
53484,2,clara_k16,text_pca64_lexical_calendar_publisher_stock
53499,9,clara_k16,text_pca64_lexical_calendar_publisher_stock
53500,7,clara_k16,text_pca64_lexical_calendar_publisher_stock
53515,0,clara_k16,text_pca64_lexical_calendar_publisher_stock
53519,0,clara_k16,text_pca64_lexical_calendar_publisher_stock
53524,11,clara_k16,text_pca64_lexical_calendar_publisher_stock
53525,13,clara_k16,text_pca64_lexical_calendar_publisher_stock
53527,0,clara_k16,text_pca64_lexical_calendar_publisher_stock
53530,11,clara_k16,text_pca64_lexical_calendar_publisher_stock
53541,1,clara_k16,text_pca64_lexical_calendar_publisher_stock
53548,2,clara_k16,text_pca64_lexical_calendar_publisher_stock
53569,1,clara_k16,text_pca64_lexical_calendar_publisher_stock
53575,12,clara_k16,text_pca64_lexical_calendar_publisher_stock
53580,3,clara_k16,text_pca64_lexical_calendar_publisher_stock
53596,4,clara_k16,text_pca64_lexical_calendar_publisher_stock
53598,3,clara_k16,text_pca64_lexical_calendar_publisher_stock
53607,1,clara_k16,text_pca64_lexical_calendar_publisher_stock
53608,1,clara_k16,text_pca64_lexical_calendar_publisher_stock
53615,4,clara_k16,text_pca64_lexical_calendar_publisher_stock
53620,2,clara_k16,text_pca64_lexical_calendar_publisher_stock
53623,1,clara_k16,text_pca64_lexical_calendar_publisher_stock
53633,1,clara_k16,text_pca64_lexical_calendar_publisher_stock
53637,1,clara_k16,text_pca64_lexical_calendar_publisher_stock
53647,4,clara_k16,text_pca64_lexical_calendar_publisher_stock
53653,1,clara_k16,text_pca64_lexical_calendar_publisher_stock
53657,1,clara_k16,text_pca64_lexical_calendar_publisher_stock
53659,0,clara_k16,text_pca64_lexical_calendar_publisher_stock
53660,1,clara_k16,text_pca64_lexical_calendar_publisher_stock
53666,1,clara_k16,text_pca64_lexical_calendar_publisher_stock
53669,2,clara_k16,text_pca64_lexical_calendar_publisher_stock
53670,0,clara_k16,text_pca64_lexical_calendar_publisher_stock
53674,1,clara_k16,text_pca64_lexical_calendar_publisher_stock
53677,13,clara_k16,text_pca64_lexical_calendar_publisher_stock
53683,6,clara_k16,text_pca64_lexical_calendar_publisher_stock
53684,3,clara_k16,text_pca64_lexical_calendar_publisher_stock
53690,2,clara_k16,text_pca64_lexical_calendar_publisher_stock
53691,0,clara_k16,text_pca64_lexical_calendar_publisher_stock
53701,15,clara_k16,text_pca64_lexical_calendar_publisher_stock
53708,0,clara_k16,text_pca64_lexical_calendar_publisher_stock
53710,2,clara_k16,text_pca64_lexical_calendar_publisher_stock
53712,1,clara_k16,text_pca64_lexical_calendar_publisher_stock
53717,1,clara_k16,text_pca64_lexical_calendar_publisher_stock
53726,1,clara_k16,text_pca64_lexical_calendar_publisher_stock
53727,1,clara_k16,text_pca64_lexical_calendar_publisher_stock
53733,0,clara_k16,text_pca64_lexical_calendar_publisher_stock
53737,0,clara_k16,text_pca64_lexical_calendar_publisher_stock
53745,0,clara_k16,text_pca64_lexical_calendar_publisher_stock
53752,1,clara_k16,text_pca64_lexical_calendar_publisher_stock
53754,7,clara_k16,text_pca64_lexical_calendar_publisher_stock
53758,9,clara_k16,text_pca64_lexical_calendar_publisher_stock
53776,0,clara_k16,text_pca64_lexical_calendar_publisher_stock
53779,1,clara_k16,text_pca64_lexical_calendar_publisher_stock
53786,0,clara_k16,text_pca64_lexical_calendar_publisher_stock
53789,0,clara_k16,text_pca64_lexical_calendar_publisher_stock
53818,4,clara_k16,text_pca64_lexical_calendar_publisher_stock
53825,0,clara_k16,text_pca64_lexical_calendar_publisher_stock
53829,0,clara_k16,text_pca64_lexical_calendar_publisher_stock
53831,12,clara_k16,text_pca64_lexical_calendar_publisher_stock
53835,13,clara_k16,text_pca64_lexical_calendar_publisher_stock
53841,4,clara_k16,text_pca64_lexical_calendar_publisher_stock
53843,2,clara_k16,text_pca64_lexical_calendar_publisher_stock
53850,0,clara_k16,text_pca64_lexical_calendar_publisher_stock
53854,12,clara_k16,text_pca64_lexical_calendar_publisher_stock
53859,0,clara_k16,text_pca64_lexical_calendar_publisher_stock
53868,0,clara_k16,text_pca64_lexical_calendar_publisher_stock
53869,2,clara_k16,text_pca64_lexical_calendar_publisher_stock
53876,1,clara_k16,text_pca64_lexical_calendar_publisher_stock
53880,13,clara_k16,text_pca64_lexical_calendar_publisher_stock
53889,0,clara_k16,text_pca64_lexical_calendar_publisher_stock
53890,0,clara_k16,text_pca64_lexical_calendar_publisher_stock
53893,0,clara_k16,text_pca64_lexical_calendar_publisher_stock
53899,0,clara_k16,text_pca64_lexical_calendar_publisher_stock
53905,0,clara_k16,text_pca64_lexical_calendar_publisher_stock
53914,0,clara_k16,text_pca64_lexical_calendar_publisher_stock
53916,4,clara_k16,text_pca64_lexical_calendar_publisher_stock
53921,0,clara_k16,text_pca64_lexical_calendar_publisher_stock
53925,12,clara_k16,text_pca64_lexical_calendar_publisher_stock
53929,2,clara_k16,text_pca64_lexical_calendar_publisher_stock
53955,12,clara_k16,text_pca64_lexical_calendar_publisher_stock
53962,1,clara_k16,text_pca64_lexical_calendar_publisher_stock
53971,13,clara_k16,text_pca64_lexical_calendar_publisher_stock
53978,4,clara_k16,text_pca64_lexical_calendar_publisher_stock
53980,1,clara_k16,text_pca64_lexical_calendar_publisher_stock
53982,4,clara_k16,text_pca64_lexical_calendar_publisher_stock
53985,4,clara_k16,text_pca64_lexical_calendar_publisher_stock
53988,0,clara_k16,text_pca64_lexical_calendar_publisher_stock
53992,5,clara_k16,text_pca64_lexical_calendar_publisher_stock
54001,9,clara_k16,text_pca64_lexical_calendar_publisher_stock
54010,12,clara_k16,text_pca64_lexical_calendar_publisher_stock
54016,4,clara_k16,text_pca64_lexical_calendar_publisher_stock
54050,2,clara_k16,text_pca64_lexical_calendar_publisher_stock
54064,12,clara_k16,text_pca64_lexical_calendar_publisher_stock
54084,6,clara_k16,text_pca64_lexical_calendar_publisher_stock
54085,4,clara_k16,text_pca64_lexical_calendar_publisher_stock
54116,6,clara_k16,text_pca64_lexical_calendar_publisher_stock
54119,4,clara_k16,text_pca64_lexical_calendar_publisher_stock
54126,5,clara_k16,text_pca64_lexical_calendar_publisher_stock
54127,9,clara_k16,text_pca64_lexical_calendar_publisher_stock
54128,7,clara_k16,text_pca64_lexical_calendar_publisher_stock
54132,4,clara_k16,text_pca64_lexical_calendar_publisher_stock
54148,0,clara_k16,text_pca64_lexical_calendar_publisher_stock
54155,7,clara_k16,text_pca64_lexical_calendar_publisher_stock
54162,12,clara_k16,text_pca64_lexical_calendar_publisher_stock
54167,7,clara_k16,text_pca64_lexical_calendar_publisher_stock
54170,0,clara_k16,text_pca64_lexical_calendar_publisher_stock
54172,5,clara_k16,text_pca64_lexical_calendar_publisher_stock
54175,5,clara_k16,text_pca64_lexical_calendar_publisher_stock
54177,7,clara_k16,text_pca64_lexical_calendar_publisher_stock
54179,0,clara_k16,text_pca64_lexical_calendar_publisher_stock
54180,1,clara_k16,text_pca64_lexical_calendar_publisher_stock
54188,7,clara_k16,text_pca64_lexical_calendar_publisher_stock
54191,1,clara_k16,text_pca64_lexical_calendar_publisher_stock
54197,4,clara_k16,text_pca64_lexical_calendar_publisher_stock
54198,2,clara_k16,text_pca64_lexical_calendar_publisher_stock
54204,15,clara_k16,text_pca64_lexical_calendar_publisher_stock
54206,0,clara_k16,text_pca64_lexical_calendar_publisher_stock
54207,15,clara_k16,text_pca64_lexical_calendar_publisher_stock
54212,4,clara_k16,text_pca64_lexical_calendar_publisher_stock
54217,12,clara_k16,text_pca64_lexical_calendar_publisher_stock
54233,0,clara_k16,text_pca64_lexical_calendar_publisher_stock
54234,0,clara_k16,text_pca64_lexical_calendar_publisher_stock
54246,4,clara_k16,text_pca64_lexical_calendar_publisher_stock
54264,2,clara_k16,text_pca64_lexical_calendar_publisher_stock
54266,0,clara_k16,text_pca64_lexical_calendar_publisher_stock
54267,4,clara_k16,text_pca64_lexical_calendar_publisher_stock
54270,14,clara_k16,text_pca64_lexical_calendar_publisher_stock
54308,0,clara_k16,text_pca64_lexical_calendar_publisher_stock
54314,2,clara_k16,text_pca64_lexical_calendar_publisher_stock
54315,4,clara_k16,text_pca64_lexical_calendar_publisher_stock
54326,0,clara_k16,text_pca64_lexical_calendar_publisher_stock
54342,5,clara_k16,text_pca64_lexical_calendar_publisher_stock
54344,0,clara_k16,text_pca64_lexical_calendar_publisher_stock
54352,6,clara_k16,text_pca64_lexical_calendar_publisher_stock
54356,12,clara_k16,text_pca64_lexical_calendar_publisher_stock
54368,4,clara_k16,text_pca64_lexical_calendar_publisher_stock
54370,13,clara_k16,text_pca64_lexical_calendar_publisher_stock
54371,1,clara_k16,text_pca64_lexical_calendar_publisher_stock
54372,14,clara_k16,text_pca64_lexical_calendar_publisher_stock
54373,12,clara_k16,text_pca64_lexical_calendar_publisher_stock
54374,0,clara_k16,text_pca64_lexical_calendar_publisher_stock
54382,4,clara_k16,text_pca64_lexical_calendar_publisher_stock
54393,6,clara_k16,text_pca64_lexical_calendar_publisher_stock
54396,4,clara_k16,text_pca64_lexical_calendar_publisher_stock
54402,9,clara_k16,text_pca64_lexical_calendar_publisher_stock
54403,12,clara_k16,text_pca64_lexical_calendar_publisher_stock
54406,4,clara_k16,text_pca64_lexical_calendar_publisher_stock
54408,0,clara_k16,text_pca64_lexical_calendar_publisher_stock
54409,5,clara_k16,text_pca64_lexical_calendar_publisher_stock
54416,0,clara_k16,text_pca64_lexical_calendar_publisher_stock
54436,6,clara_k16,text_pca64_lexical_calendar_publisher_stock
54443,9,clara_k16,text_pca64_lexical_calendar_publisher_stock
54446,0,clara_k16,text_pca64_lexical_calendar_publisher_stock
54448,2,clara_k16,text_pca64_lexical_calendar_publisher_stock
54449,0,clara_k16,text_pca64_lexical_calendar_publisher_stock
54450,12,clara_k16,text_pca64_lexical_calendar_publisher_stock
54456,1,clara_k16,text_pca64_lexical_calendar_publisher_stock
54468,5,clara_k16,text_pca64_lexical_calendar_publisher_stock
54483,1,clara_k16,text_pca64_lexical_calendar_publisher_stock
54493,2,clara_k16,text_pca64_lexical_calendar_publisher_stock
54495,4,clara_k16,text_pca64_lexical_calendar_publisher_stock
54506,4,clara_k16,text_pca64_lexical_calendar_publisher_stock
54521,5,clara_k16,text_pca64_lexical_calendar_publisher_stock
54539,1,clara_k16,text_pca64_lexical_calendar_publisher_stock
54543,1,clara_k16,text_pca64_lexical_calendar_publisher_stock
54552,9,clara_k16,text_pca64_lexical_calendar_publisher_stock
54559,6,clara_k16,text_pca64_lexical_calendar_publisher_stock
54568,6,clara_k16,text_pca64_lexical_calendar_publisher_stock
54571,7,clara_k16,text_pca64_lexical_calendar_publisher_stock
54579,2,clara_k16,text_pca64_lexical_calendar_publisher_stock
54580,0,clara_k16,text_pca64_lexical_calendar_publisher_stock
54581,12,clara_k16,text_pca64_lexical_calendar_publisher_stock
54584,0,clara_k16,text_pca64_lexical_calendar_publisher_stock
54585,14,clara_k16,text_pca64_lexical_calendar_publisher_stock
54593,13,clara_k16,text_pca64_lexical_calendar_publisher_stock
54595,6,clara_k16,text_pca64_lexical_calendar_publisher_stock
54597,6,clara_k16,text_pca64_lexical_calendar_publisher_stock
54599,7,clara_k16,text_pca64_lexical_calendar_publisher_stock
54608,1,clara_k16,text_pca64_lexical_calendar_publisher_stock
54609,2,clara_k16,text_pca64_lexical_calendar_publisher_stock
54619,4,clara_k16,text_pca64_lexical_calendar_publisher_stock
54622,2,clara_k16,text_pca64_lexical_calendar_publisher_stock
54623,1,clara_k16,text_pca64_lexical_calendar_publisher_stock
54637,2,clara_k16,text_pca64_lexical_calendar_publisher_stock
54647,0,clara_k16,text_pca64_lexical_calendar_publisher_stock
54655,6,clara_k16,text_pca64_lexical_calendar_publisher_stock
54657,2,clara_k16,text_pca64_lexical_calendar_publisher_stock
54660,1,clara_k16,text_pca64_lexical_calendar_publisher_stock
54661,13,clara_k16,text_pca64_lexical_calendar_publisher_stock
54662,6,clara_k16,text_pca64_lexical_calendar_publisher_stock
54665,6,clara_k16,text_pca64_lexical_calendar_publisher_stock
54667,14,clara_k16,text_pca64_lexical_calendar_publisher_stock
54684,0,clara_k16,text_pca64_lexical_calendar_publisher_stock
54687,0,clara_k16,text_pca64_lexical_calendar_publisher_stock
54690,1,clara_k16,text_pca64_lexical_calendar_publisher_stock
54706,0,clara_k16,text_pca64_lexical_calendar_publisher_stock
54709,4,clara_k16,text_pca64_lexical_calendar_publisher_stock
54717,12,clara_k16,text_pca64_lexical_calendar_publisher_stock
54724,0,clara_k16,text_pca64_lexical_calendar_publisher_stock
54727,6,clara_k16,text_pca64_lexical_calendar_publisher_stock
54736,0,clara_k16,text_pca64_lexical_calendar_publisher_stock
54751,1,clara_k16,text_pca64_lexical_calendar_publisher_stock
54764,6,clara_k16,text_pca64_lexical_calendar_publisher_stock
54767,0,clara_k16,text_pca64_lexical_calendar_publisher_stock
54785,7,clara_k16,text_pca64_lexical_calendar_publisher_stock
54794,5,clara_k16,text_pca64_lexical_calendar_publisher_stock
54804,6,clara_k16,text_pca64_lexical_calendar_publisher_stock
54806,4,clara_k16,text_pca64_lexical_calendar_publisher_stock
54814,4,clara_k16,text_pca64_lexical_calendar_publisher_stock
54817,1,clara_k16,text_pca64_lexical_calendar_publisher_stock
54825,6,clara_k16,text_pca64_lexical_calendar_publisher_stock
54831,0,clara_k16,text_pca64_lexical_calendar_publisher_stock
54835,2,clara_k16,text_pca64_lexical_calendar_publisher_stock
54866,4,clara_k16,text_pca64_lexical_calendar_publisher_stock
54873,14,clara_k16,text_pca64_lexical_calendar_publisher_stock
54887,4,clara_k16,text_pca64_lexical_calendar_publisher_stock
54891,7,clara_k16,text_pca64_lexical_calendar_publisher_stock
54893,0,clara_k16,text_pca64_lexical_calendar_publisher_stock
54898,4,clara_k16,text_pca64_lexical_calendar_publisher_stock
54900,4,clara_k16,text_pca64_lexical_calendar_publisher_stock
54902,4,clara_k16,text_pca64_lexical_calendar_publisher_stock
54908,0,clara_k16,text_pca64_lexical_calendar_publisher_stock
54914,2,clara_k16,text_pca64_lexical_calendar_publisher_stock
54915,4,clara_k16,text_pca64_lexical_calendar_publisher_stock
54925,1,clara_k16,text_pca64_lexical_calendar_publisher_stock
54934,0,clara_k16,text_pca64_lexical_calendar_publisher_stock
54940,8,clara_k16,text_pca64_lexical_calendar_publisher_stock
54944,7,clara_k16,text_pca64_lexical_calendar_publisher_stock
54950,0,clara_k16,text_pca64_lexical_calendar_publisher_stock
54959,9,clara_k16,text_pca64_lexical_calendar_publisher_stock
54960,7,clara_k16,text_pca64_lexical_calendar_publisher_stock
54963,13,clara_k16,text_pca64_lexical_calendar_publisher_stock
54966,12,clara_k16,text_pca64_lexical_calendar_publisher_stock
54972,4,clara_k16,text_pca64_lexical_calendar_publisher_stock
54977,6,clara_k16,text_pca64_lexical_calendar_publisher_stock
55004,1,clara_k16,text_pca64_lexical_calendar_publisher_stock
55005,1,clara_k16,text_pca64_lexical_calendar_publisher_stock
55012,0,clara_k16,text_pca64_lexical_calendar_publisher_stock
55023,2,clara_k16,text_pca64_lexical_calendar_publisher_stock
55033,0,clara_k16,text_pca64_lexical_calendar_publisher_stock
55039,7,clara_k16,text_pca64_lexical_calendar_publisher_stock
55042,14,clara_k16,text_pca64_lexical_calendar_publisher_stock
55045,1,clara_k16,text_pca64_lexical_calendar_publisher_stock
55051,0,clara_k16,text_pca64_lexical_calendar_publisher_stock
55053,1,clara_k16,text_pca64_lexical_calendar_publisher_stock
55056,0,clara_k16,text_pca64_lexical_calendar_publisher_stock
55060,4,clara_k16,text_pca64_lexical_calendar_publisher_stock
55080,0,clara_k16,text_pca64_lexical_calendar_publisher_stock
55095,1,clara_k16,text_pca64_lexical_calendar_publisher_stock
55101,1,clara_k16,text_pca64_lexical_calendar_publisher_stock
55108,1,clara_k16,text_pca64_lexical_calendar_publisher_stock
55112,4,clara_k16,text_pca64_lexical_calendar_publisher_stock
55116,4,clara_k16,text_pca64_lexical_calendar_publisher_stock
55117,4,clara_k16,text_pca64_lexical_calendar_publisher_stock
55138,4,clara_k16,text_pca64_lexical_calendar_publisher_stock
55170,4,clara_k16,text_pca64_lexical_calendar_publisher_stock
55181,4,clara_k16,text_pca64_lexical_calendar_publisher_stock
55193,4,clara_k16,text_pca64_lexical_calendar_publisher_stock
55196,1,clara_k16,text_pca64_lexical_calendar_publisher_stock
55203,4,clara_k16,text_pca64_lexical_calendar_publisher_stock
55207,14,clara_k16,text_pca64_lexical_calendar_publisher_stock
55212,1,clara_k16,text_pca64_lexical_calendar_publisher_stock
55223,1,clara_k16,text_pca64_lexical_calendar_publisher_stock
55225,1,clara_k16,text_pca64_lexical_calendar_publisher_stock
55226,11,clara_k16,text_pca64_lexical_calendar_publisher_stock
55238,1,clara_k16,text_pca64_lexical_calendar_publisher_stock
55254,0,clara_k16,text_pca64_lexical_calendar_publisher_stock
55273,14,clara_k16,text_pca64_lexical_calendar_publisher_stock
55281,1,clara_k16,text_pca64_lexical_calendar_publisher_stock
55285,4,clara_k16,text_pca64_lexical_calendar_publisher_stock
55295,4,clara_k16,text_pca64_lexical_calendar_publisher_stock
55303,4,clara_k16,text_pca64_lexical_calendar_publisher_stock
55306,1,clara_k16,text_pca64_lexical_calendar_publisher_stock
55307,1,clara_k16,text_pca64_lexical_calendar_publisher_stock
55317,1,clara_k16,text_pca64_lexical_calendar_publisher_stock
55325,12,clara_k16,text_pca64_lexical_calendar_publisher_stock
55334,2,clara_k16,text_pca64_lexical_calendar_publisher_stock
55340,0,clara_k16,text_pca64_lexical_calendar_publisher_stock
55345,2,clara_k16,text_pca64_lexical_calendar_publisher_stock
55346,14,clara_k16,text_pca64_lexical_calendar_publisher_stock
55348,0,clara_k16,text_pca64_lexical_calendar_publisher_stock
55353,1,clara_k16,text_pca64_lexical_calendar_publisher_stock
55359,2,clara_k16,text_pca64_lexical_calendar_publisher_stock
55364,6,clara_k16,text_pca64_lexical_calendar_publisher_stock
55367,14,clara_k16,text_pca64_lexical_calendar_publisher_stock
55369,2,clara_k16,text_pca64_lexical_calendar_publisher_stock
55370,2,clara_k16,text_pca64_lexical_calendar_publisher_stock
55373,5,clara_k16,text_pca64_lexical_calendar_publisher_stock
55374,4,clara_k16,text_pca64_lexical_calendar_publisher_stock
55375,2,clara_k16,text_pca64_lexical_calendar_publisher_stock
55376,0,clara_k16,text_pca64_lexical_calendar_publisher_stock
55377,12,clara_k16,text_pca64_lexical_calendar_publisher_stock
55379,2,clara_k16,text_pca64_lexical_calendar_publisher_stock
55380,14,clara_k16,text_pca64_lexical_calendar_publisher_stock
55386,2,clara_k16,text_pca64_lexical_calendar_publisher_stock
55404,4,clara_k16,text_pca64_lexical_calendar_publisher_stock
55405,0,clara_k16,text_pca64_lexical_calendar_publisher_stock
55410,4,clara_k16,text_pca64_lexical_calendar_publisher_stock
55414,4,clara_k16,text_pca64_lexical_calendar_publisher_stock
55431,14,clara_k16,text_pca64_lexical_calendar_publisher_stock
55434,2,clara_k16,text_pca64_lexical_calendar_publisher_stock
55440,12,clara_k16,text_pca64_lexical_calendar_publisher_stock
55446,2,clara_k16,text_pca64_lexical_calendar_publisher_stock
55447,0,clara_k16,text_pca64_lexical_calendar_publisher_stock
55449,2,clara_k16,text_pca64_lexical_calendar_publisher_stock
55458,0,clara_k16,text_pca64_lexical_calendar_publisher_stock
55484,1,clara_k16,text_pca64_lexical_calendar_publisher_stock
55490,12,clara_k16,text_pca64_lexical_calendar_publisher_stock
55492,1,clara_k16,text_pca64_lexical_calendar_publisher_stock
55493,2,clara_k16,text_pca64_lexical_calendar_publisher_stock
55516,0,clara_k16,text_pca64_lexical_calendar_publisher_stock
55526,4,clara_k16,text_pca64_lexical_calendar_publisher_stock
55530,2,clara_k16,text_pca64_lexical_calendar_publisher_stock
55536,4,clara_k16,text_pca64_lexical_calendar_publisher_stock
55537,4,clara_k16,text_pca64_lexical_calendar_publisher_stock
55559,0,clara_k16,text_pca64_lexical_calendar_publisher_stock
55563,12,clara_k16,text_pca64_lexical_calendar_publisher_stock
55567,2,clara_k16,text_pca64_lexical_calendar_publisher_stock
55576,2,clara_k16,text_pca64_lexical_calendar_publisher_stock
55583,1,clara_k16,text_pca64_lexical_calendar_publisher_stock
55593,6,clara_k16,text_pca64_lexical_calendar_publisher_stock
55603,0,clara_k16,text_pca64_lexical_calendar_publisher_stock
55608,1,clara_k16,text_pca64_lexical_calendar_publisher_stock
55616,2,clara_k16,text_pca64_lexical_calendar_publisher_stock
55624,2,clara_k16,text_pca64_lexical_calendar_publisher_stock
55628,0,clara_k16,text_pca64_lexical_calendar_publisher_stock
55640,2,clara_k16,text_pca64_lexical_calendar_publisher_stock
55650,1,clara_k16,text_pca64_lexical_calendar_publisher_stock
55663,14,clara_k16,text_pca64_lexical_calendar_publisher_stock
55671,0,clara_k16,text_pca64_lexical_calendar_publisher_stock
55676,5,clara_k16,text_pca64_lexical_calendar_publisher_stock
55684,1,clara_k16,text_pca64_lexical_calendar_publisher_stock
55695,2,clara_k16,text_pca64_lexical_calendar_publisher_stock
55699,0,clara_k16,text_pca64_lexical_calendar_publisher_stock
55706,6,clara_k16,text_pca64_lexical_calendar_publisher_stock
55722,4,clara_k16,text_pca64_lexical_calendar_publisher_stock
55726,1,clara_k16,text_pca64_lexical_calendar_publisher_stock
55732,2,clara_k16,text_pca64_lexical_calendar_publisher_stock
55740,2,clara_k16,text_pca64_lexical_calendar_publisher_stock
55767,5,clara_k16,text_pca64_lexical_calendar_publisher_stock
55774,7,clara_k16,text_pca64_lexical_calendar_publisher_stock
55788,5,clara_k16,text_pca64_lexical_calendar_publisher_stock
55795,5,clara_k16,text_pca64_lexical_calendar_publisher_stock
55806,4,clara_k16,text_pca64_lexical_calendar_publisher_stock
55815,1,clara_k16,text_pca64_lexical_calendar_publisher_stock
55821,1,clara_k16,text_pca64_lexical_calendar_publisher_stock
55834,15,clara_k16,text_pca64_lexical_calendar_publisher_stock
55837,4,clara_k16,text_pca64_lexical_calendar_publisher_stock
55845,0,clara_k16,text_pca64_lexical_calendar_publisher_stock
55851,1,clara_k16,text_pca64_lexical_calendar_publisher_stock
55857,0,clara_k16,text_pca64_lexical_calendar_publisher_stock
55861,0,clara_k16,text_pca64_lexical_calendar_publisher_stock
55879,0,clara_k16,text_pca64_lexical_calendar_publisher_stock
55895,1,clara_k16,text_pca64_lexical_calendar_publisher_stock
55908,1,clara_k16,text_pca64_lexical_calendar_publisher_stock
55925,4,clara_k16,text_pca64_lexical_calendar_publisher_stock
55927,4,clara_k16,text_pca64_lexical_calendar_publisher_stock
55929,1,clara_k16,text_pca64_lexical_calendar_publisher_stock
55930,1,clara_k16,text_pca64_lexical_calendar_publisher_stock
55938,1,clara_k16,text_pca64_lexical_calendar_publisher_stock
55940,1,clara_k16,text_pca64_lexical_calendar_publisher_stock
55952,1,clara_k16,text_pca64_lexical_calendar_publisher_stock
55953,0,clara_k16,text_pca64_lexical_calendar_publisher_stock
55955,1,clara_k16,text_pca64_lexical_calendar_publisher_stock
55968,2,clara_k16,text_pca64_lexical_calendar_publisher_stock
55970,1,clara_k16,text_pca64_lexical_calendar_publisher_stock
55987,2,clara_k16,text_pca64_lexical_calendar_publisher_stock
55990,1,clara_k16,text_pca64_lexical_calendar_publisher_stock
55996,1,clara_k16,text_pca64_lexical_calendar_publisher_stock
56007,2,clara_k16,text_pca64_lexical_calendar_publisher_stock
56013,2,clara_k16,text_pca64_lexical_calendar_publisher_stock
56014,0,clara_k16,text_pca64_lexical_calendar_publisher_stock
56018,0,clara_k16,text_pca64_lexical_calendar_publisher_stock
56019,0,clara_k16,text_pca64_lexical_calendar_publisher_stock
56024,0,clara_k16,text_pca64_lexical_calendar_publisher_stock
56029,12,clara_k16,text_pca64_lexical_calendar_publisher_stock
56036,2,clara_k16,text_pca64_lexical_calendar_publisher_stock
56038,2,clara_k16,text_pca64_lexical_calendar_publisher_stock
56041,13,clara_k16,text_pca64_lexical_calendar_publisher_stock
56047,2,clara_k16,text_pca64_lexical_calendar_publisher_stock
56048,2,clara_k16,text_pca64_lexical_calendar_publisher_stock
56056,13,clara_k16,text_pca64_lexical_calendar_publisher_stock
56075,2,clara_k16,text_pca64_lexical_calendar_publisher_stock
56089,1,clara_k16,text_pca64_lexical_calendar_publisher_stock
56097,1,clara_k16,text_pca64_lexical_calendar_publisher_stock
56098,2,clara_k16,text_pca64_lexical_calendar_publisher_stock
56101,4,clara_k16,text_pca64_lexical_calendar_publisher_stock
56107,0,clara_k16,text_pca64_lexical_calendar_publisher_stock
56129,2,clara_k16,text_pca64_lexical_calendar_publisher_stock
56130,12,clara_k16,text_pca64_lexical_calendar_publisher_stock
56135,2,clara_k16,text_pca64_lexical_calendar_publisher_stock
56145,6,clara_k16,text_pca64_lexical_calendar_publisher_stock
56156,1,clara_k16,text_pca64_lexical_calendar_publisher_stock
56158,2,clara_k16,text_pca64_lexical_calendar_publisher_stock
56166,12,clara_k16,text_pca64_lexical_calendar_publisher_stock
56177,2,clara_k16,text_pca64_lexical_calendar_publisher_stock
56180,2,clara_k16,text_pca64_lexical_calendar_publisher_stock
56183,12,clara_k16,text_pca64_lexical_calendar_publisher_stock
56192,2,clara_k16,text_pca64_lexical_calendar_publisher_stock
56197,0,clara_k16,text_pca64_lexical_calendar_publisher_stock
56201,4,clara_k16,text_pca64_lexical_calendar_publisher_stock
56217,1,clara_k16,text_pca64_lexical_calendar_publisher_stock
56237,2,clara_k16,text_pca64_lexical_calendar_publisher_stock
56248,2,clara_k16,text_pca64_lexical_calendar_publisher_stock
56266,0,clara_k16,text_pca64_lexical_calendar_publisher_stock
56275,0,clara_k16,text_pca64_lexical_calendar_publisher_stock
56279,6,clara_k16,text_pca64_lexical_calendar_publisher_stock
56281,6,clara_k16,text_pca64_lexical_calendar_publisher_stock
56285,8,clara_k16,text_pca64_lexical_calendar_publisher_stock
56286,13,clara_k16,text_pca64_lexical_calendar_publisher_stock
56287,0,clara_k16,text_pca64_lexical_calendar_publisher_stock
56293,6,clara_k16,text_pca64_lexical_calendar_publisher_stock
56299,0,clara_k16,text_pca64_lexical_calendar_publisher_stock
56300,9,clara_k16,text_pca64_lexical_calendar_publisher_stock
56302,1,clara_k16,text_pca64_lexical_calendar_publisher_stock
56311,14,clara_k16,text_pca64_lexical_calendar_publisher_stock
56320,0,clara_k16,text_pca64_lexical_calendar_publisher_stock
56322,0,clara_k16,text_pca64_lexical_calendar_publisher_stock
56324,8,clara_k16,text_pca64_lexical_calendar_publisher_stock
56336,13,clara_k16,text_pca64_lexical_calendar_publisher_stock
56337,0,clara_k16,text_pca64_lexical_calendar_publisher_stock
56338,0,clara_k16,text_pca64_lexical_calendar_publisher_stock
56345,6,clara_k16,text_pca64_lexical_calendar_publisher_stock
56347,6,clara_k16,text_pca64_lexical_calendar_publisher_stock
56349,4,clara_k16,text_pca64_lexical_calendar_publisher_stock
56351,0,clara_k16,text_pca64_lexical_calendar_publisher_stock
56353,8,clara_k16,text_pca64_lexical_calendar_publisher_stock
56355,1,clara_k16,text_pca64_lexical_calendar_publisher_stock
56374,0,clara_k16,text_pca64_lexical_calendar_publisher_stock
56376,1,clara_k16,text_pca64_lexical_calendar_publisher_stock
56405,8,clara_k16,text_pca64_lexical_calendar_publisher_stock
56417,0,clara_k16,text_pca64_lexical_calendar_publisher_stock
56418,0,clara_k16,text_pca64_lexical_calendar_publisher_stock
56420,8,clara_k16,text_pca64_lexical_calendar_publisher_stock
56424,6,clara_k16,text_pca64_lexical_calendar_publisher_stock
56429,0,clara_k16,text_pca64_lexical_calendar_publisher_stock
56432,13,clara_k16,text_pca64_lexical_calendar_publisher_stock
56434,6,clara_k16,text_pca64_lexical_calendar_publisher_stock
56442,10,clara_k16,text_pca64_lexical_calendar_publisher_stock
56443,10,clara_k16,text_pca64_lexical_calendar_publisher_stock
56449,2,clara_k16,text_pca64_lexical_calendar_publisher_stock
56451,6,clara_k16,text_pca64_lexical_calendar_publisher_stock
56454,0,clara_k16,text_pca64_lexical_calendar_publisher_stock
56457,9,clara_k16,text_pca64_lexical_calendar_publisher_stock
56461,12,clara_k16,text_pca64_lexical_calendar_publisher_stock
56464,0,clara_k16,text_pca64_lexical_calendar_publisher_stock
56466,2,clara_k16,text_pca64_lexical_calendar_publisher_stock
56474,13,clara_k16,text_pca64_lexical_calendar_publisher_stock
56477,2,clara_k16,text_pca64_lexical_calendar_publisher_stock
56483,0,clara_k16,text_pca64_lexical_calendar_publisher_stock
56489,1,clara_k16,text_pca64_lexical_calendar_publisher_stock
56496,4,clara_k16,text_pca64_lexical_calendar_publisher_stock
56497,0,clara_k16,text_pca64_lexical_calendar_publisher_stock
56498,4,clara_k16,text_pca64_lexical_calendar_publisher_stock
56512,1,clara_k16,text_pca64_lexical_calendar_publisher_stock
56514,0,clara_k16,text_pca64_lexical_calendar_publisher_stock
56517,6,clara_k16,text_pca64_lexical_calendar_publisher_stock
56518,11,clara_k16,text_pca64_lexical_calendar_publisher_stock
56520,13,clara_k16,text_pca64_lexical_calendar_publisher_stock
56522,2,clara_k16,text_pca64_lexical_calendar_publisher_stock
56530,13,clara_k16,text_pca64_lexical_calendar_publisher_stock
56538,6,clara_k16,text_pca64_lexical_calendar_publisher_stock
56540,1,clara_k16,text_pca64_lexical_calendar_publisher_stock
56542,1,clara_k16,text_pca64_lexical_calendar_publisher_stock
56544,4,clara_k16,text_pca64_lexical_calendar_publisher_stock
56579,0,clara_k16,text_pca64_lexical_calendar_publisher_stock
56584,2,clara_k16,text_pca64_lexical_calendar_publisher_stock
56596,0,clara_k16,text_pca64_lexical_calendar_publisher_stock
56598,4,clara_k16,text_pca64_lexical_calendar_publisher_stock
56602,6,clara_k16,text_pca64_lexical_calendar_publisher_stock
56608,12,clara_k16,text_pca64_lexical_calendar_publisher_stock
56612,6,clara_k16,text_pca64_lexical_calendar_publisher_stock
56619,0,clara_k16,text_pca64_lexical_calendar_publisher_stock
56631,0,clara_k16,text_pca64_lexical_calendar_publisher_stock
56640,8,clara_k16,text_pca64_lexical_calendar_publisher_stock
56649,8,clara_k16,text_pca64_lexical_calendar_publisher_stock
56650,6,clara_k16,text_pca64_lexical_calendar_publisher_stock
56654,0,clara_k16,text_pca64_lexical_calendar_publisher_stock
56658,0,clara_k16,text_pca64_lexical_calendar_publisher_stock
56659,6,clara_k16,text_pca64_lexical_calendar_publisher_stock
56660,0,clara_k16,text_pca64_lexical_calendar_publisher_stock
56669,8,clara_k16,text_pca64_lexical_calendar_publisher_stock
56672,6,clara_k16,text_pca64_lexical_calendar_publisher_stock
56687,6,clara_k16,text_pca64_lexical_calendar_publisher_stock
56709,0,clara_k16,text_pca64_lexical_calendar_publisher_stock
56710,12,clara_k16,text_pca64_lexical_calendar_publisher_stock
56711,6,clara_k16,text_pca64_lexical_calendar_publisher_stock
56712,4,clara_k16,text_pca64_lexical_calendar_publisher_stock
56716,0,clara_k16,text_pca64_lexical_calendar_publisher_stock
56717,0,clara_k16,text_pca64_lexical_calendar_publisher_stock
56729,0,clara_k16,text_pca64_lexical_calendar_publisher_stock
56734,6,clara_k16,text_pca64_lexical_calendar_publisher_stock
56743,6,clara_k16,text_pca64_lexical_calendar_publisher_stock
56748,12,clara_k16,text_pca64_lexical_calendar_publisher_stock
56749,0,clara_k16,text_pca64_lexical_calendar_publisher_stock
56753,9,clara_k16,text_pca64_lexical_calendar_publisher_stock
56755,1,clara_k16,text_pca64_lexical_calendar_publisher_stock
56761,0,clara_k16,text_pca64_lexical_calendar_publisher_stock
56767,12,clara_k16,text_pca64_lexical_calendar_publisher_stock
56774,9,clara_k16,text_pca64_lexical_calendar_publisher_stock
56780,12,clara_k16,text_pca64_lexical_calendar_publisher_stock
56803,12,clara_k16,text_pca64_lexical_calendar_publisher_stock
56814,12,clara_k16,text_pca64_lexical_calendar_publisher_stock
56818,12,clara_k16,text_pca64_lexical_calendar_publisher_stock
56825,12,clara_k16,text_pca64_lexical_calendar_publisher_stock
56829,12,clara_k16,text_pca64_lexical_calendar_publisher_stock
56832,6,clara_k16,text_pca64_lexical_calendar_publisher_stock
56833,0,clara_k16,text_pca64_lexical_calendar_publisher_stock
56834,13,clara_k16,text_pca64_lexical_calendar_publisher_stock
56838,8,clara_k16,text_pca64_lexical_calendar_publisher_stock
56839,1,clara_k16,text_pca64_lexical_calendar_publisher_stock
56847,6,clara_k16,text_pca64_lexical_calendar_publisher_stock
56860,13,clara_k16,text_pca64_lexical_calendar_publisher_stock
56867,13,clara_k16,text_pca64_lexical_calendar_publisher_stock
56874,2,clara_k16,text_pca64_lexical_calendar_publisher_stock
56877,0,clara_k16,text_pca64_lexical_calendar_publisher_stock
56883,2,clara_k16,text_pca64_lexical_calendar_publisher_stock
56891,6,clara_k16,text_pca64_lexical_calendar_publisher_stock
56897,4,clara_k16,text_pca64_lexical_calendar_publisher_stock
56930,1,clara_k16,text_pca64_lexical_calendar_publisher_stock
56931,14,clara_k16,text_pca64_lexical_calendar_publisher_stock
56933,1,clara_k16,text_pca64_lexical_calendar_publisher_stock
56948,13,clara_k16,text_pca64_lexical_calendar_publisher_stock
56983,2,clara_k16,text_pca64_lexical_calendar_publisher_stock
57001,15,clara_k16,text_pca64_lexical_calendar_publisher_stock
57006,13,clara_k16,text_pca64_lexical_calendar_publisher_stock
57015,0,clara_k16,text_pca64_lexical_calendar_publisher_stock
57023,6,clara_k16,text_pca64_lexical_calendar_publisher_stock
57025,0,clara_k16,text_pca64_lexical_calendar_publisher_stock
57044,2,clara_k16,text_pca64_lexical_calendar_publisher_stock
57048,12,clara_k16,text_pca64_lexical_calendar_publisher_stock
57051,1,clara_k16,text_pca64_lexical_calendar_publisher_stock
57058,2,clara_k16,text_pca64_lexical_calendar_publisher_stock
57067,9,clara_k16,text_pca64_lexical_calendar_publisher_stock
57078,6,clara_k16,text_pca64_lexical_calendar_publisher_stock
57082,0,clara_k16,text_pca64_lexical_calendar_publisher_stock
57095,4,clara_k16,text_pca64_lexical_calendar_publisher_stock
57098,6,clara_k16,text_pca64_lexical_calendar_publisher_stock
57099,4,clara_k16,text_pca64_lexical_calendar_publisher_stock
57101,4,clara_k16,text_pca64_lexical_calendar_publisher_stock
57112,0,clara_k16,text_pca64_lexical_calendar_publisher_stock
57113,5,clara_k16,text_pca64_lexical_calendar_publisher_stock
57118,9,clara_k16,text_pca64_lexical_calendar_publisher_stock
57123,0,clara_k16,text_pca64_lexical_calendar_publisher_stock
57140,2,clara_k16,text_pca64_lexical_calendar_publisher_stock
57143,4,clara_k16,text_pca64_lexical_calendar_publisher_stock
57144,0,clara_k16,text_pca64_lexical_calendar_publisher_stock
57151,6,clara_k16,text_pca64_lexical_calendar_publisher_stock
57171,14,clara_k16,text_pca64_lexical_calendar_publisher_stock
57182,12,clara_k16,text_pca64_lexical_calendar_publisher_stock
57188,0,clara_k16,text_pca64_lexical_calendar_publisher_stock
57208,7,clara_k16,text_pca64_lexical_calendar_publisher_stock
57212,2,clara_k16,text_pca64_lexical_calendar_publisher_stock
57222,1,clara_k16,text_pca64_lexical_calendar_publisher_stock
57224,0,clara_k16,text_pca64_lexical_calendar_publisher_stock
57234,4,clara_k16,text_pca64_lexical_calendar_publisher_stock
57249,13,clara_k16,text_pca64_lexical_calendar_publisher_stock
57258,6,clara_k16,text_pca64_lexical_calendar_publisher_stock
57271,1,clara_k16,text_pca64_lexical_calendar_publisher_stock
57273,1,clara_k16,text_pca64_lexical_calendar_publisher_stock
57280,4,clara_k16,text_pca64_lexical_calendar_publisher_stock
57283,1,clara_k16,text_pca64_lexical_calendar_publisher_stock
57292,2,clara_k16,text_pca64_lexical_calendar_publisher_stock
57310,1,clara_k16,text_pca64_lexical_calendar_publisher_stock
57316,1,clara_k16,text_pca64_lexical_calendar_publisher_stock
57322,1,clara_k16,text_pca64_lexical_calendar_publisher_stock
57323,13,clara_k16,text_pca64_lexical_calendar_publisher_stock
57335,1,clara_k16,text_pca64_lexical_calendar_publisher_stock
57343,4,clara_k16,text_pca64_lexical_calendar_publisher_stock
57345,1,clara_k16,text_pca64_lexical_calendar_publisher_stock
57348,6,clara_k16,text_pca64_lexical_calendar_publisher_stock
57354,4,clara_k16,text_pca64_lexical_calendar_publisher_stock
57355,1,clara_k16,text_pca64_lexical_calendar_publisher_stock
57359,1,clara_k16,text_pca64_lexical_calendar_publisher_stock
57368,9,clara_k16,text_pca64_lexical_calendar_publisher_stock
57375,1,clara_k16,text_pca64_lexical_calendar_publisher_stock
57379,1,clara_k16,text_pca64_lexical_calendar_publisher_stock
57380,6,clara_k16,text_pca64_lexical_calendar_publisher_stock
57394,6,clara_k16,text_pca64_lexical_calendar_publisher_stock
57397,13,clara_k16,text_pca64_lexical_calendar_publisher_stock
57400,6,clara_k16,text_pca64_lexical_calendar_publisher_stock
57404,12,clara_k16,text_pca64_lexical_calendar_publisher_stock
57406,4,clara_k16,text_pca64_lexical_calendar_publisher_stock
57419,0,clara_k16,text_pca64_lexical_calendar_publisher_stock
57420,0,clara_k16,text_pca64_lexical_calendar_publisher_stock
57421,0,clara_k16,text_pca64_lexical_calendar_publisher_stock
57422,11,clara_k16,text_pca64_lexical_calendar_publisher_stock
57425,12,clara_k16,text_pca64_lexical_calendar_publisher_stock
57444,0,clara_k16,text_pca64_lexical_calendar_publisher_stock
57446,0,clara_k16,text_pca64_lexical_calendar_publisher_stock
57460,1,clara_k16,text_pca64_lexical_calendar_publisher_stock
57463,0,clara_k16,text_pca64_lexical_calendar_publisher_stock
57466,12,clara_k16,text_pca64_lexical_calendar_publisher_stock
57476,8,clara_k16,text_pca64_lexical_calendar_publisher_stock
57481,6,clara_k16,text_pca64_lexical_calendar_publisher_stock
57488,6,clara_k16,text_pca64_lexical_calendar_publisher_stock
57489,12,clara_k16,text_pca64_lexical_calendar_publisher_stock
57491,0,clara_k16,text_pca64_lexical_calendar_publisher_stock
57495,6,clara_k16,text_pca64_lexical_calendar_publisher_stock
57503,0,clara_k16,text_pca64_lexical_calendar_publisher_stock
57504,0,clara_k16,text_pca64_lexical_calendar_publisher_stock
57511,0,clara_k16,text_pca64_lexical_calendar_publisher_stock
57512,2,clara_k16,text_pca64_lexical_calendar_publisher_stock
57515,6,clara_k16,text_pca64_lexical_calendar_publisher_stock
57516,1,clara_k16,text_pca64_lexical_calendar_publisher_stock
57525,1,clara_k16,text_pca64_lexical_calendar_publisher_stock
57536,12,clara_k16,text_pca64_lexical_calendar_publisher_stock
57537,6,clara_k16,text_pca64_lexical_calendar_publisher_stock
57578,10,clara_k16,text_pca64_lexical_calendar_publisher_stock
57604,12,clara_k16,text_pca64_lexical_calendar_publisher_stock
57605,14,clara_k16,text_pca64_lexical_calendar_publisher_stock
57606,10,clara_k16,text_pca64_lexical_calendar_publisher_stock
57610,0,clara_k16,text_pca64_lexical_calendar_publisher_stock
57621,0,clara_k16,text_pca64_lexical_calendar_publisher_stock
57626,0,clara_k16,text_pca64_lexical_calendar_publisher_stock
57633,0,clara_k16,text_pca64_lexical_calendar_publisher_stock
57634,4,clara_k16,text_pca64_lexical_calendar_publisher_stock
57640,1,clara_k16,text_pca64_lexical_calendar_publisher_stock
57644,7,clara_k16,text_pca64_lexical_calendar_publisher_stock
57651,0,clara_k16,text_pca64_lexical_calendar_publisher_stock
57652,1,clara_k16,text_pca64_lexical_calendar_publisher_stock
57661,0,clara_k16,text_pca64_lexical_calendar_publisher_stock
57663,0,clara_k16,text_pca64_lexical_calendar_publisher_stock
57667,0,clara_k16,text_pca64_lexical_calendar_publisher_stock
57669,4,clara_k16,text_pca64_lexical_calendar_publisher_stock
57670,6,clara_k16,text_pca64_lexical_calendar_publisher_stock
57672,0,clara_k16,text_pca64_lexical_calendar_publisher_stock
57675,13,clara_k16,text_pca64_lexical_calendar_publisher_stock
57687,12,clara_k16,text_pca64_lexical_calendar_publisher_stock
57695,13,clara_k16,text_pca64_lexical_calendar_publisher_stock
57697,12,clara_k16,text_pca64_lexical_calendar_publisher_stock
57706,0,clara_k16,text_pca64_lexical_calendar_publisher_stock
57709,13,clara_k16,text_pca64_lexical_calendar_publisher_stock
57718,13,clara_k16,text_pca64_lexical_calendar_publisher_stock
57721,2,clara_k16,text_pca64_lexical_calendar_publisher_stock
57723,0,clara_k16,text_pca64_lexical_calendar_publisher_stock
57729,8,clara_k16,text_pca64_lexical_calendar_publisher_stock
57738,1,clara_k16,text_pca64_lexical_calendar_publisher_stock
57747,13,clara_k16,text_pca64_lexical_calendar_publisher_stock
57750,0,clara_k16,text_pca64_lexical_calendar_publisher_stock
57768,1,clara_k16,text_pca64_lexical_calendar_publisher_stock
57770,4,clara_k16,text_pca64_lexical_calendar_publisher_stock
57787,1,clara_k16,text_pca64_lexical_calendar_publisher_stock
57792,13,clara_k16,text_pca64_lexical_calendar_publisher_stock
57809,13,clara_k16,text_pca64_lexical_calendar_publisher_stock
57818,6,clara_k16,text_pca64_lexical_calendar_publisher_stock
57834,12,clara_k16,text_pca64_lexical_calendar_publisher_stock
57843,13,clara_k16,text_pca64_lexical_calendar_publisher_stock
57850,4,clara_k16,text_pca64_lexical_calendar_publisher_stock
57862,12,clara_k16,text_pca64_lexical_calendar_publisher_stock
57881,13,clara_k16,text_pca64_lexical_calendar_publisher_stock
57884,13,clara_k16,text_pca64_lexical_calendar_publisher_stock
57887,13,clara_k16,text_pca64_lexical_calendar_publisher_stock
57903,1,clara_k16,text_pca64_lexical_calendar_publisher_stock
57910,2,clara_k16,text_pca64_lexical_calendar_publisher_stock
57925,4,clara_k16,text_pca64_lexical_calendar_publisher_stock
57933,4,clara_k16,text_pca64_lexical_calendar_publisher_stock
57936,12,clara_k16,text_pca64_lexical_calendar_publisher_stock
57938,12,clara_k16,text_pca64_lexical_calendar_publisher_stock
57945,12,clara_k16,text_pca64_lexical_calendar_publisher_stock
57947,6,clara_k16,text_pca64_lexical_calendar_publisher_stock
57960,0,clara_k16,text_pca64_lexical_calendar_publisher_stock
57967,4,clara_k16,text_pca64_lexical_calendar_publisher_stock
57976,4,clara_k16,text_pca64_lexical_calendar_publisher_stock
57982,2,clara_k16,text_pca64_lexical_calendar_publisher_stock
57984,6,clara_k16,text_pca64_lexical_calendar_publisher_stock
57990,2,clara_k16,text_pca64_lexical_calendar_publisher_stock
57991,13,clara_k16,text_pca64_lexical_calendar_publisher_stock
57992,4,clara_k16,text_pca64_lexical_calendar_publisher_stock
57997,4,clara_k16,text_pca64_lexical_calendar_publisher_stock
58011,4,clara_k16,text_pca64_lexical_calendar_publisher_stock
58021,1,clara_k16,text_pca64_lexical_calendar_publisher_stock
58023,13,clara_k16,text_pca64_lexical_calendar_publisher_stock
58034,12,clara_k16,text_pca64_lexical_calendar_publisher_stock
58042,4,clara_k16,text_pca64_lexical_calendar_publisher_stock
58060,4,clara_k16,text_pca64_lexical_calendar_publisher_stock
58064,0,clara_k16,text_pca64_lexical_calendar_publisher_stock
58072,4,clara_k16,text_pca64_lexical_calendar_publisher_stock
58076,0,clara_k16,text_pca64_lexical_calendar_publisher_stock
58079,15,clara_k16,text_pca64_lexical_calendar_publisher_stock
58088,6,clara_k16,text_pca64_lexical_calendar_publisher_stock
58093,4,clara_k16,text_pca64_lexical_calendar_publisher_stock
58094,14,clara_k16,text_pca64_lexical_calendar_publisher_stock
58106,4,clara_k16,text_pca64_lexical_calendar_publisher_stock
58111,12,clara_k16,text_pca64_lexical_calendar_publisher_stock
58113,1,clara_k16,text_pca64_lexical_calendar_publisher_stock
58114,1,clara_k16,text_pca64_lexical_calendar_publisher_stock
58116,0,clara_k16,text_pca64_lexical_calendar_publisher_stock
58118,1,clara_k16,text_pca64_lexical_calendar_publisher_stock
58124,1,clara_k16,text_pca64_lexical_calendar_publisher_stock
58131,1,clara_k16,text_pca64_lexical_calendar_publisher_stock
58134,4,clara_k16,text_pca64_lexical_calendar_publisher_stock
58145,2,clara_k16,text_pca64_lexical_calendar_publisher_stock
58152,6,clara_k16,text_pca64_lexical_calendar_publisher_stock
58155,4,clara_k16,text_pca64_lexical_calendar_publisher_stock
58156,4,clara_k16,text_pca64_lexical_calendar_publisher_stock
58162,0,clara_k16,text_pca64_lexical_calendar_publisher_stock
58170,2,clara_k16,text_pca64_lexical_calendar_publisher_stock
58173,4,clara_k16,text_pca64_lexical_calendar_publisher_stock
58174,11,clara_k16,text_pca64_lexical_calendar_publisher_stock
58178,0,clara_k16,text_pca64_lexical_calendar_publisher_stock
58189,1,clara_k16,text_pca64_lexical_calendar_publisher_stock
58200,6,clara_k16,text_pca64_lexical_calendar_publisher_stock
58203,6,clara_k16,text_pca64_lexical_calendar_publisher_stock
58205,1,clara_k16,text_pca64_lexical_calendar_publisher_stock
58207,2,clara_k16,text_pca64_lexical_calendar_publisher_stock
58210,4,clara_k16,text_pca64_lexical_calendar_publisher_stock
58214,6,clara_k16,text_pca64_lexical_calendar_publisher_stock
58222,1,clara_k16,text_pca64_lexical_calendar_publisher_stock
58231,1,clara_k16,text_pca64_lexical_calendar_publisher_stock
58242,13,clara_k16,text_pca64_lexical_calendar_publisher_stock
58244,0,clara_k16,text_pca64_lexical_calendar_publisher_stock
58252,9,clara_k16,text_pca64_lexical_calendar_publisher_stock
58275,11,clara_k16,text_pca64_lexical_calendar_publisher_stock
58280,4,clara_k16,text_pca64_lexical_calendar_publisher_stock
58288,0,clara_k16,text_pca64_lexical_calendar_publisher_stock
58299,1,clara_k16,text_pca64_lexical_calendar_publisher_stock
58302,0,clara_k16,text_pca64_lexical_calendar_publisher_stock
58309,0,clara_k16,text_pca64_lexical_calendar_publisher_stock
58313,13,clara_k16,text_pca64_lexical_calendar_publisher_stock
58317,12,clara_k16,text_pca64_lexical_calendar_publisher_stock
58322,2,clara_k16,text_pca64_lexical_calendar_publisher_stock
58343,9,clara_k16,text_pca64_lexical_calendar_publisher_stock
58347,6,clara_k16,text_pca64_lexical_calendar_publisher_stock
58355,1,clara_k16,text_pca64_lexical_calendar_publisher_stock
58357,4,clara_k16,text_pca64_lexical_calendar_publisher_stock
58364,4,clara_k16,text_pca64_lexical_calendar_publisher_stock
58373,6,clara_k16,text_pca64_lexical_calendar_publisher_stock
58377,4,clara_k16,text_pca64_lexical_calendar_publisher_stock
58380,0,clara_k16,text_pca64_lexical_calendar_publisher_stock
58385,13,clara_k16,text_pca64_lexical_calendar_publisher_stock
58388,13,clara_k16,text_pca64_lexical_calendar_publisher_stock
58395,12,clara_k16,text_pca64_lexical_calendar_publisher_stock
58402,0,clara_k16,text_pca64_lexical_calendar_publisher_stock
58409,0,clara_k16,text_pca64_lexical_calendar_publisher_stock
58424,6,clara_k16,text_pca64_lexical_calendar_publisher_stock
58435,4,clara_k16,text_pca64_lexical_calendar_publisher_stock
58439,1,clara_k16,text_pca64_lexical_calendar_publisher_stock
58452,0,clara_k16,text_pca64_lexical_calendar_publisher_stock
58455,7,clara_k16,text_pca64_lexical_calendar_publisher_stock
58462,2,clara_k16,text_pca64_lexical_calendar_publisher_stock
58463,6,clara_k16,text_pca64_lexical_calendar_publisher_stock
58468,11,clara_k16,text_pca64_lexical_calendar_publisher_stock
58471,6,clara_k16,text_pca64_lexical_calendar_publisher_stock
58484,6,clara_k16,text_pca64_lexical_calendar_publisher_stock
58487,0,clara_k16,text_pca64_lexical_calendar_publisher_stock
58488,1,clara_k16,text_pca64_lexical_calendar_publisher_stock
58503,6,clara_k16,text_pca64_lexical_calendar_publisher_stock
58508,6,clara_k16,text_pca64_lexical_calendar_publisher_stock
58509,0,clara_k16,text_pca64_lexical_calendar_publisher_stock
58522,12,clara_k16,text_pca64_lexical_calendar_publisher_stock
58525,13,clara_k16,text_pca64_lexical_calendar_publisher_stock
58532,10,clara_k16,text_pca64_lexical_calendar_publisher_stock
58533,1,clara_k16,text_pca64_lexical_calendar_publisher_stock
58534,1,clara_k16,text_pca64_lexical_calendar_publisher_stock
58538,1,clara_k16,text_pca64_lexical_calendar_publisher_stock
58556,1,clara_k16,text_pca64_lexical_calendar_publisher_stock
58558,8,clara_k16,text_pca64_lexical_calendar_publisher_stock
58562,1,clara_k16,text_pca64_lexical_calendar_publisher_stock
58572,0,clara_k16,text_pca64_lexical_calendar_publisher_stock
58575,7,clara_k16,text_pca64_lexical_calendar_publisher_stock
58577,2,clara_k16,text_pca64_lexical_calendar_publisher_stock
58591,1,clara_k16,text_pca64_lexical_calendar_publisher_stock
58593,0,clara_k16,text_pca64_lexical_calendar_publisher_stock
58599,4,clara_k16,text_pca64_lexical_calendar_publisher_stock
58622,2,clara_k16,text_pca64_lexical_calendar_publisher_stock
58625,14,clara_k16,text_pca64_lexical_calendar_publisher_stock
58631,0,clara_k16,text_pca64_lexical_calendar_publisher_stock
58635,14,clara_k16,text_pca64_lexical_calendar_publisher_stock
58638,0,clara_k16,text_pca64_lexical_calendar_publisher_stock
58658,10,clara_k16,text_pca64_lexical_calendar_publisher_stock
58665,1,clara_k16,text_pca64_lexical_calendar_publisher_stock
58670,15,clara_k16,text_pca64_lexical_calendar_publisher_stock
58673,6,clara_k16,text_pca64_lexical_calendar_publisher_stock
58695,2,clara_k16,text_pca64_lexical_calendar_publisher_stock
58698,4,clara_k16,text_pca64_lexical_calendar_publisher_stock
58705,6,clara_k16,text_pca64_lexical_calendar_publisher_stock
58713,2,clara_k16,text_pca64_lexical_calendar_publisher_stock
58716,12,clara_k16,text_pca64_lexical_calendar_publisher_stock
58721,2,clara_k16,text_pca64_lexical_calendar_publisher_stock
58731,11,clara_k16,text_pca64_lexical_calendar_publisher_stock
58746,4,clara_k16,text_pca64_lexical_calendar_publisher_stock
58747,1,clara_k16,text_pca64_lexical_calendar_publisher_stock
58753,1,clara_k16,text_pca64_lexical_calendar_publisher_stock
58771,10,clara_k16,text_pca64_lexical_calendar_publisher_stock
58774,10,clara_k16,text_pca64_lexical_calendar_publisher_stock
58777,0,clara_k16,text_pca64_lexical_calendar_publisher_stock
58778,11,clara_k16,text_pca64_lexical_calendar_publisher_stock
58779,10,clara_k16,text_pca64_lexical_calendar_publisher_stock
58780,0,clara_k16,text_pca64_lexical_calendar_publisher_stock
58781,0,clara_k16,text_pca64_lexical_calendar_publisher_stock
58794,0,clara_k16,text_pca64_lexical_calendar_publisher_stock
58805,6,clara_k16,text_pca64_lexical_calendar_publisher_stock
58807,10,clara_k16,text_pca64_lexical_calendar_publisher_stock
58814,13,clara_k16,text_pca64_lexical_calendar_publisher_stock
58831,14,clara_k16,text_pca64_lexical_calendar_publisher_stock
58833,6,clara_k16,text_pca64_lexical_calendar_publisher_stock
58840,1,clara_k16,text_pca64_lexical_calendar_publisher_stock
58845,2,clara_k16,text_pca64_lexical_calendar_publisher_stock
58850,12,clara_k16,text_pca64_lexical_calendar_publisher_stock
58868,0,clara_k16,text_pca64_lexical_calendar_publisher_stock
58869,0,clara_k16,text_pca64_lexical_calendar_publisher_stock
58878,2,clara_k16,text_pca64_lexical_calendar_publisher_stock
58881,4,clara_k16,text_pca64_lexical_calendar_publisher_stock
58883,11,clara_k16,text_pca64_lexical_calendar_publisher_stock
58885,12,clara_k16,text_pca64_lexical_calendar_publisher_stock
58887,1,clara_k16,text_pca64_lexical_calendar_publisher_stock
58888,10,clara_k16,text_pca64_lexical_calendar_publisher_stock
58891,2,clara_k16,text_pca64_lexical_calendar_publisher_stock
58903,12,clara_k16,text_pca64_lexical_calendar_publisher_stock
58912,0,clara_k16,text_pca64_lexical_calendar_publisher_stock
58913,10,clara_k16,text_pca64_lexical_calendar_publisher_stock
58925,2,clara_k16,text_pca64_lexical_calendar_publisher_stock
58930,6,clara_k16,text_pca64_lexical_calendar_publisher_stock
58937,1,clara_k16,text_pca64_lexical_calendar_publisher_stock
58964,14,clara_k16,text_pca64_lexical_calendar_publisher_stock
58974,4,clara_k16,text_pca64_lexical_calendar_publisher_stock
58980,4,clara_k16,text_pca64_lexical_calendar_publisher_stock
58982,12,clara_k16,text_pca64_lexical_calendar_publisher_stock
58991,1,clara_k16,text_pca64_lexical_calendar_publisher_stock
58998,4,clara_k16,text_pca64_lexical_calendar_publisher_stock
59007,12,clara_k16,text_pca64_lexical_calendar_publisher_stock
59009,0,clara_k16,text_pca64_lexical_calendar_publisher_stock
59017,1,clara_k16,text_pca64_lexical_calendar_publisher_stock
59034,1,clara_k16,text_pca64_lexical_calendar_publisher_stock
59038,13,clara_k16,text_pca64_lexical_calendar_publisher_stock
59039,3,clara_k16,text_pca64_lexical_calendar_publisher_stock
59054,4,clara_k16,text_pca64_lexical_calendar_publisher_stock
59062,1,clara_k16,text_pca64_lexical_calendar_publisher_stock
59093,0,clara_k16,text_pca64_lexical_calendar_publisher_stock
59098,6,clara_k16,text_pca64_lexical_calendar_publisher_stock
59100,13,clara_k16,text_pca64_lexical_calendar_publisher_stock
59103,9,clara_k16,text_pca64_lexical_calendar_publisher_stock
59106,6,clara_k16,text_pca64_lexical_calendar_publisher_stock
59110,1,clara_k16,text_pca64_lexical_calendar_publisher_stock
59116,1,clara_k16,text_pca64_lexical_calendar_publisher_stock
59122,6,clara_k16,text_pca64_lexical_calendar_publisher_stock
59128,1,clara_k16,text_pca64_lexical_calendar_publisher_stock
59134,0,clara_k16,text_pca64_lexical_calendar_publisher_stock
59137,1,clara_k16,text_pca64_lexical_calendar_publisher_stock
59147,1,clara_k16,text_pca64_lexical_calendar_publisher_stock
59149,0,clara_k16,text_pca64_lexical_calendar_publisher_stock
59152,0,clara_k16,text_pca64_lexical_calendar_publisher_stock
59154,1,clara_k16,text_pca64_lexical_calendar_publisher_stock
59160,1,clara_k16,text_pca64_lexical_calendar_publisher_stock
59161,4,clara_k16,text_pca64_lexical_calendar_publisher_stock
59168,0,clara_k16,text_pca64_lexical_calendar_publisher_stock
59186,13,clara_k16,text_pca64_lexical_calendar_publisher_stock
59194,1,clara_k16,text_pca64_lexical_calendar_publisher_stock
59208,1,clara_k16,text_pca64_lexical_calendar_publisher_stock
59209,13,clara_k16,text_pca64_lexical_calendar_publisher_stock
59239,1,clara_k16,text_pca64_lexical_calendar_publisher_stock
59240,13,clara_k16,text_pca64_lexical_calendar_publisher_stock
59250,1,clara_k16,text_pca64_lexical_calendar_publisher_stock
59268,4,clara_k16,text_pca64_lexical_calendar_publisher_stock
59276,13,clara_k16,text_pca64_lexical_calendar_publisher_stock
59277,1,clara_k16,text_pca64_lexical_calendar_publisher_stock
59296,1,clara_k16,text_pca64_lexical_calendar_publisher_stock
59307,1,clara_k16,text_pca64_lexical_calendar_publisher_stock
59318,4,clara_k16,text_pca64_lexical_calendar_publisher_stock
59338,1,clara_k16,text_pca64_lexical_calendar_publisher_stock
59339,13,clara_k16,text_pca64_lexical_calendar_publisher_stock
59357,1,clara_k16,text_pca64_lexical_calendar_publisher_stock
59359,6,clara_k16,text_pca64_lexical_calendar_publisher_stock
59369,1,clara_k16,text_pca64_lexical_calendar_publisher_stock
59380,4,clara_k16,text_pca64_lexical_calendar_publisher_stock
59385,1,clara_k16,text_pca64_lexical_calendar_publisher_stock
59390,1,clara_k16,text_pca64_lexical_calendar_publisher_stock
59394,6,clara_k16,text_pca64_lexical_calendar_publisher_stock
59396,1,clara_k16,text_pca64_lexical_calendar_publisher_stock
59400,6,clara_k16,text_pca64_lexical_calendar_publisher_stock
59411,14,clara_k16,text_pca64_lexical_calendar_publisher_stock
59419,1,clara_k16,text_pca64_lexical_calendar_publisher_stock
59420,1,clara_k16,text_pca64_lexical_calendar_publisher_stock
59425,2,clara_k16,text_pca64_lexical_calendar_publisher_stock
59433,13,clara_k16,text_pca64_lexical_calendar_publisher_stock
59438,12,clara_k16,text_pca64_lexical_calendar_publisher_stock
59445,4,clara_k16,text_pca64_lexical_calendar_publisher_stock
59446,0,clara_k16,text_pca64_lexical_calendar_publisher_stock
59452,0,clara_k16,text_pca64_lexical_calendar_publisher_stock
59455,1,clara_k16,text_pca64_lexical_calendar_publisher_stock
59464,12,clara_k16,text_pca64_lexical_calendar_publisher_stock
59492,0,clara_k16,text_pca64_lexical_calendar_publisher_stock
59521,13,clara_k16,text_pca64_lexical_calendar_publisher_stock
59527,6,clara_k16,text_pca64_lexical_calendar_publisher_stock
59528,1,clara_k16,text_pca64_lexical_calendar_publisher_stock
59540,12,clara_k16,text_pca64_lexical_calendar_publisher_stock
59541,1,clara_k16,text_pca64_lexical_calendar_publisher_stock
59548,1,clara_k16,text_pca64_lexical_calendar_publisher_stock
59554,12,clara_k16,text_pca64_lexical_calendar_publisher_stock
59559,1,clara_k16,text_pca64_lexical_calendar_publisher_stock
59562,1,clara_k16,text_pca64_lexical_calendar_publisher_stock
59565,1,clara_k16,text_pca64_lexical_calendar_publisher_stock
59578,1,clara_k16,text_pca64_lexical_calendar_publisher_stock
59585,0,clara_k16,text_pca64_lexical_calendar_publisher_stock
59589,1,clara_k16,text_pca64_lexical_calendar_publisher_stock
59597,2,clara_k16,text_pca64_lexical_calendar_publisher_stock
59601,4,clara_k16,text_pca64_lexical_calendar_publisher_stock
59609,0,clara_k16,text_pca64_lexical_calendar_publisher_stock
59616,0,clara_k16,text_pca64_lexical_calendar_publisher_stock
59623,1,clara_k16,text_pca64_lexical_calendar_publisher_stock
59626,6,clara_k16,text_pca64_lexical_calendar_publisher_stock
59631,1,clara_k16,text_pca64_lexical_calendar_publisher_stock
59642,1,clara_k16,text_pca64_lexical_calendar_publisher_stock
59646,13,clara_k16,text_pca64_lexical_calendar_publisher_stock
59647,1,clara_k16,text_pca64_lexical_calendar_publisher_stock
59649,1,clara_k16,text_pca64_lexical_calendar_publisher_stock
59656,0,clara_k16,text_pca64_lexical_calendar_publisher_stock
59663,4,clara_k16,text_pca64_lexical_calendar_publisher_stock
59672,12,clara_k16,text_pca64_lexical_calendar_publisher_stock
59685,1,clara_k16,text_pca64_lexical_calendar_publisher_stock
59689,0,clara_k16,text_pca64_lexical_calendar_publisher_stock
59692,12,clara_k16,text_pca64_lexical_calendar_publisher_stock
59695,1,clara_k16,text_pca64_lexical_calendar_publisher_stock
59699,1,clara_k16,text_pca64_lexical_calendar_publisher_stock
59702,6,clara_k16,text_pca64_lexical_calendar_publisher_stock
59703,12,clara_k16,text_pca64_lexical_calendar_publisher_stock
59705,1,clara_k16,text_pca64_lexical_calendar_publisher_stock
59706,12,clara_k16,text_pca64_lexical_calendar_publisher_stock
59725,4,clara_k16,text_pca64_lexical_calendar_publisher_stock
59726,0,clara_k16,text_pca64_lexical_calendar_publisher_stock
59729,2,clara_k16,text_pca64_lexical_calendar_publisher_stock
59731,12,clara_k16,text_pca64_lexical_calendar_publisher_stock
59745,1,clara_k16,text_pca64_lexical_calendar_publisher_stock
59776,2,clara_k16,text_pca64_lexical_calendar_publisher_stock
59777,6,clara_k16,text_pca64_lexical_calendar_publisher_stock
59779,1,clara_k16,text_pca64_lexical_calendar_publisher_stock
59780,0,clara_k16,text_pca64_lexical_calendar_publisher_stock
59795,1,clara_k16,text_pca64_lexical_calendar_publisher_stock
59800,6,clara_k16,text_pca64_lexical_calendar_publisher_stock
59803,4,clara_k16,text_pca64_lexical_calendar_publisher_stock
59806,6,clara_k16,text_pca64_lexical_calendar_publisher_stock
59808,4,clara_k16,text_pca64_lexical_calendar_publisher_stock
59822,0,clara_k16,text_pca64_lexical_calendar_publisher_stock
59832,6,clara_k16,text_pca64_lexical_calendar_publisher_stock
59845,12,clara_k16,text_pca64_lexical_calendar_publisher_stock
59847,6,clara_k16,text_pca64_lexical_calendar_publisher_stock
59856,2,clara_k16,text_pca64_lexical_calendar_publisher_stock
59865,0,clara_k16,text_pca64_lexical_calendar_publisher_stock
59880,2,clara_k16,text_pca64_lexical_calendar_publisher_stock
59907,0,clara_k16,text_pca64_lexical_calendar_publisher_stock
59908,12,clara_k16,text_pca64_lexical_calendar_publisher_stock
59915,0,clara_k16,text_pca64_lexical_calendar_publisher_stock
59920,8,clara_k16,text_pca64_lexical_calendar_publisher_stock
59922,2,clara_k16,text_pca64_lexical_calendar_publisher_stock
59934,1,clara_k16,text_pca64_lexical_calendar_publisher_stock
59950,0,clara_k16,text_pca64_lexical_calendar_publisher_stock
59955,4,clara_k16,text_pca64_lexical_calendar_publisher_stock
59960,0,clara_k16,text_pca64_lexical_calendar_publisher_stock
59963,0,clara_k16,text_pca64_lexical_calendar_publisher_stock
59964,12,clara_k16,text_pca64_lexical_calendar_publisher_stock
59971,1,clara_k16,text_pca64_lexical_calendar_publisher_stock
59975,0,clara_k16,text_pca64_lexical_calendar_publisher_stock
59982,6,clara_k16,text_pca64_lexical_calendar_publisher_stock
59985,6,clara_k16,text_pca64_lexical_calendar_publisher_stock
59994,1,clara_k16,text_pca64_lexical_calendar_publisher_stock
59996,2,clara_k16,text_pca64_lexical_calendar_publisher_stock
60008,2,clara_k16,text_pca64_lexical_calendar_publisher_stock
60009,0,clara_k16,text_pca64_lexical_calendar_publisher_stock
60014,0,clara_k16,text_pca64_lexical_calendar_publisher_stock
60015,6,clara_k16,text_pca64_lexical_calendar_publisher_stock
60023,1,clara_k16,text_pca64_lexical_calendar_publisher_stock
60025,4,clara_k16,text_pca64_lexical_calendar_publisher_stock
60033,1,clara_k16,text_pca64_lexical_calendar_publisher_stock
60041,7,clara_k16,text_pca64_lexical_calendar_publisher_stock
60042,6,clara_k16,text_pca64_lexical_calendar_publisher_stock
60055,1,clara_k16,text_pca64_lexical_calendar_publisher_stock
60056,13,clara_k16,text_pca64_lexical_calendar_publisher_stock
60066,4,clara_k16,text_pca64_lexical_calendar_publisher_stock
60073,2,clara_k16,text_pca64_lexical_calendar_publisher_stock
60080,11,clara_k16,text_pca64_lexical_calendar_publisher_stock
60087,4,clara_k16,text_pca64_lexical_calendar_publisher_stock
60090,0,clara_k16,text_pca64_lexical_calendar_publisher_stock
60097,13,clara_k16,text_pca64_lexical_calendar_publisher_stock
60099,12,clara_k16,text_pca64_lexical_calendar_publisher_stock
60106,0,clara_k16,text_pca64_lexical_calendar_publisher_stock
60116,0,clara_k16,text_pca64_lexical_calendar_publisher_stock
60121,13,clara_k16,text_pca64_lexical_calendar_publisher_stock
60133,0,clara_k16,text_pca64_lexical_calendar_publisher_stock
60144,2,clara_k16,text_pca64_lexical_calendar_publisher_stock
60146,2,clara_k16,text_pca64_lexical_calendar_publisher_stock
60147,1,clara_k16,text_pca64_lexical_calendar_publisher_stock
60158,0,clara_k16,text_pca64_lexical_calendar_publisher_stock
60166,4,clara_k16,text_pca64_lexical_calendar_publisher_stock
60169,6,clara_k16,text_pca64_lexical_calendar_publisher_stock
60170,12,clara_k16,text_pca64_lexical_calendar_publisher_stock
60171,14,clara_k16,text_pca64_lexical_calendar_publisher_stock
60172,0,clara_k16,text_pca64_lexical_calendar_publisher_stock
60173,4,clara_k16,text_pca64_lexical_calendar_publisher_stock
60177,6,clara_k16,text_pca64_lexical_calendar_publisher_stock
60182,5,clara_k16,text_pca64_lexical_calendar_publisher_stock
60192,1,clara_k16,text_pca64_lexical_calendar_publisher_stock
60198,1,clara_k16,text_pca64_lexical_calendar_publisher_stock
60199,0,clara_k16,text_pca64_lexical_calendar_publisher_stock
60203,7,clara_k16,text_pca64_lexical_calendar_publisher_stock
60215,1,clara_k16,text_pca64_lexical_calendar_publisher_stock
60227,6,clara_k16,text_pca64_lexical_calendar_publisher_stock
60228,1,clara_k16,text_pca64_lexical_calendar_publisher_stock
60234,2,clara_k16,text_pca64_lexical_calendar_publisher_stock
60243,10,clara_k16,text_pca64_lexical_calendar_publisher_stock
60248,6,clara_k16,text_pca64_lexical_calendar_publisher_stock
60249,0,clara_k16,text_pca64_lexical_calendar_publisher_stock
60255,0,clara_k16,text_pca64_lexical_calendar_publisher_stock
60265,1,clara_k16,text_pca64_lexical_calendar_publisher_stock
60266,12,clara_k16,text_pca64_lexical_calendar_publisher_stock
60273,4,clara_k16,text_pca64_lexical_calendar_publisher_stock
60283,6,clara_k16,text_pca64_lexical_calendar_publisher_stock
60284,9,clara_k16,text_pca64_lexical_calendar_publisher_stock
60288,10,clara_k16,text_pca64_lexical_calendar_publisher_stock
60291,3,clara_k16,text_pca64_lexical_calendar_publisher_stock
60297,4,clara_k16,text_pca64_lexical_calendar_publisher_stock
60299,3,clara_k16,text_pca64_lexical_calendar_publisher_stock
60300,12,clara_k16,text_pca64_lexical_calendar_publisher_stock
60305,0,clara_k16,text_pca64_lexical_calendar_publisher_stock
60307,1,clara_k16,text_pca64_lexical_calendar_publisher_stock
60330,3,clara_k16,text_pca64_lexical_calendar_publisher_stock
60339,0,clara_k16,text_pca64_lexical_calendar_publisher_stock
60366,0,clara_k16,text_pca64_lexical_calendar_publisher_stock
60374,12,clara_k16,text_pca64_lexical_calendar_publisher_stock
60376,4,clara_k16,text_pca64_lexical_calendar_publisher_stock
60396,1,clara_k16,text_pca64_lexical_calendar_publisher_stock
60397,2,clara_k16,text_pca64_lexical_calendar_publisher_stock
60412,1,clara_k16,text_pca64_lexical_calendar_publisher_stock
60414,4,clara_k16,text_pca64_lexical_calendar_publisher_stock
60415,6,clara_k16,text_pca64_lexical_calendar_publisher_stock
60416,13,clara_k16,text_pca64_lexical_calendar_publisher_stock
60418,0,clara_k16,text_pca64_lexical_calendar_publisher_stock
60419,1,clara_k16,text_pca64_lexical_calendar_publisher_stock
60421,1,clara_k16,text_pca64_lexical_calendar_publisher_stock
60446,0,clara_k16,text_pca64_lexical_calendar_publisher_stock
60456,2,clara_k16,text_pca64_lexical_calendar_publisher_stock
60463,6,clara_k16,text_pca64_lexical_calendar_publisher_stock
60467,0,clara_k16,text_pca64_lexical_calendar_publisher_stock
60476,14,clara_k16,text_pca64_lexical_calendar_publisher_stock
60479,2,clara_k16,text_pca64_lexical_calendar_publisher_stock
60486,14,clara_k16,text_pca64_lexical_calendar_publisher_stock
60493,4,clara_k16,text_pca64_lexical_calendar_publisher_stock
60499,13,clara_k16,text_pca64_lexical_calendar_publisher_stock
60507,0,clara_k16,text_pca64_lexical_calendar_publisher_stock
60511,1,clara_k16,text_pca64_lexical_calendar_publisher_stock
60524,14,clara_k16,text_pca64_lexical_calendar_publisher_stock
60525,0,clara_k16,text_pca64_lexical_calendar_publisher_stock
60537,1,clara_k16,text_pca64_lexical_calendar_publisher_stock
60549,12,clara_k16,text_pca64_lexical_calendar_publisher_stock
60567,0,clara_k16,text_pca64_lexical_calendar_publisher_stock
60590,1,clara_k16,text_pca64_lexical_calendar_publisher_stock
60597,0,clara_k16,text_pca64_lexical_calendar_publisher_stock
60604,4,clara_k16,text_pca64_lexical_calendar_publisher_stock
60613,0,clara_k16,text_pca64_lexical_calendar_publisher_stock
60619,0,clara_k16,text_pca64_lexical_calendar_publisher_stock
60620,4,clara_k16,text_pca64_lexical_calendar_publisher_stock
60625,1,clara_k16,text_pca64_lexical_calendar_publisher_stock
60636,6,clara_k16,text_pca64_lexical_calendar_publisher_stock
60648,1,clara_k16,text_pca64_lexical_calendar_publisher_stock
60665,12,clara_k16,text_pca64_lexical_calendar_publisher_stock
60679,2,clara_k16,text_pca64_lexical_calendar_publisher_stock
60680,0,clara_k16,text_pca64_lexical_calendar_publisher_stock
60681,12,clara_k16,text_pca64_lexical_calendar_publisher_stock
60691,0,clara_k16,text_pca64_lexical_calendar_publisher_stock
60699,4,clara_k16,text_pca64_lexical_calendar_publisher_stock
60701,1,clara_k16,text_pca64_lexical_calendar_publisher_stock
60716,7,clara_k16,text_pca64_lexical_calendar_publisher_stock
60718,2,clara_k16,text_pca64_lexical_calendar_publisher_stock
60741,2,clara_k16,text_pca64_lexical_calendar_publisher_stock
60743,4,clara_k16,text_pca64_lexical_calendar_publisher_stock
60754,0,clara_k16,text_pca64_lexical_calendar_publisher_stock
60767,0,clara_k16,text_pca64_lexical_calendar_publisher_stock
60770,4,clara_k16,text_pca64_lexical_calendar_publisher_stock
60773,1,clara_k16,text_pca64_lexical_calendar_publisher_stock
60775,6,clara_k16,text_pca64_lexical_calendar_publisher_stock
60779,4,clara_k16,text_pca64_lexical_calendar_publisher_stock
60780,12,clara_k16,text_pca64_lexical_calendar_publisher_stock
60783,14,clara_k16,text_pca64_lexical_calendar_publisher_stock
60785,4,clara_k16,text_pca64_lexical_calendar_publisher_stock
60786,12,clara_k16,text_pca64_lexical_calendar_publisher_stock
60789,0,clara_k16,text_pca64_lexical_calendar_publisher_stock
60790,4,clara_k16,text_pca64_lexical_calendar_publisher_stock
60799,12,clara_k16,text_pca64_lexical_calendar_publisher_stock
60801,1,clara_k16,text_pca64_lexical_calendar_publisher_stock
60806,1,clara_k16,text_pca64_lexical_calendar_publisher_stock
60813,13,clara_k16,text_pca64_lexical_calendar_publisher_stock
60829,2,clara_k16,text_pca64_lexical_calendar_publisher_stock
60836,0,clara_k16,text_pca64_lexical_calendar_publisher_stock
60846,13,clara_k16,text_pca64_lexical_calendar_publisher_stock
60855,1,clara_k16,text_pca64_lexical_calendar_publisher_stock
60864,12,clara_k16,text_pca64_lexical_calendar_publisher_stock
60866,0,clara_k16,text_pca64_lexical_calendar_publisher_stock
60867,1,clara_k16,text_pca64_lexical_calendar_publisher_stock
60869,0,clara_k16,text_pca64_lexical_calendar_publisher_stock
60875,1,clara_k16,text_pca64_lexical_calendar_publisher_stock
60879,14,clara_k16,text_pca64_lexical_calendar_publisher_stock
60893,9,clara_k16,text_pca64_lexical_calendar_publisher_stock
60894,0,clara_k16,text_pca64_lexical_calendar_publisher_stock
60899,1,clara_k16,text_pca64_lexical_calendar_publisher_stock
60900,1,clara_k16,text_pca64_lexical_calendar_publisher_stock
60902,1,clara_k16,text_pca64_lexical_calendar_publisher_stock
60912,0,clara_k16,text_pca64_lexical_calendar_publisher_stock
60925,0,clara_k16,text_pca64_lexical_calendar_publisher_stock
60960,12,clara_k16,text_pca64_lexical_calendar_publisher_stock
60969,0,clara_k16,text_pca64_lexical_calendar_publisher_stock
60980,13,clara_k16,text_pca64_lexical_calendar_publisher_stock
60988,14,clara_k16,text_pca64_lexical_calendar_publisher_stock
60989,0,clara_k16,text_pca64_lexical_calendar_publisher_stock
60990,0,clara_k16,text_pca64_lexical_calendar_publisher_stock
60999,8,clara_k16,text_pca64_lexical_calendar_publisher_stock
61004,5,clara_k16,text_pca64_lexical_calendar_publisher_stock
61008,14,clara_k16,text_pca64_lexical_calendar_publisher_stock
61013,14,clara_k16,text_pca64_lexical_calendar_publisher_stock
61018,1,clara_k16,text_pca64_lexical_calendar_publisher_stock
61024,8,clara_k16,text_pca64_lexical_calendar_publisher_stock
61058,2,clara_k16,text_pca64_lexical_calendar_publisher_stock
61060,2,clara_k16,text_pca64_lexical_calendar_publisher_stock
61066,6,clara_k16,text_pca64_lexical_calendar_publisher_stock
61069,2,clara_k16,text_pca64_lexical_calendar_publisher_stock
61077,13,clara_k16,text_pca64_lexical_calendar_publisher_stock
61079,2,clara_k16,text_pca64_lexical_calendar_publisher_stock
61089,0,clara_k16,text_pca64_lexical_calendar_publisher_stock
61091,1,clara_k16,text_pca64_lexical_calendar_publisher_stock
61095,13,clara_k16,text_pca64_lexical_calendar_publisher_stock
61101,1,clara_k16,text_pca64_lexical_calendar_publisher_stock
61111,0,clara_k16,text_pca64_lexical_calendar_publisher_stock
61119,0,clara_k16,text_pca64_lexical_calendar_publisher_stock
61121,2,clara_k16,text_pca64_lexical_calendar_publisher_stock
61127,4,clara_k16,text_pca64_lexical_calendar_publisher_stock
61129,4,clara_k16,text_pca64_lexical_calendar_publisher_stock
61139,14,clara_k16,text_pca64_lexical_calendar_publisher_stock
61145,4,clara_k16,text_pca64_lexical_calendar_publisher_stock
61147,14,clara_k16,text_pca64_lexical_calendar_publisher_stock
61150,0,clara_k16,text_pca64_lexical_calendar_publisher_stock
61152,0,clara_k16,text_pca64_lexical_calendar_publisher_stock
61172,12,clara_k16,text_pca64_lexical_calendar_publisher_stock
61179,6,clara_k16,text_pca64_lexical_calendar_publisher_stock
61183,9,clara_k16,text_pca64_lexical_calendar_publisher_stock
61184,7,clara_k16,text_pca64_lexical_calendar_publisher_stock
61188,1,clara_k16,text_pca64_lexical_calendar_publisher_stock
61190,15,clara_k16,text_pca64_lexical_calendar_publisher_stock
61193,1,clara_k16,text_pca64_lexical_calendar_publisher_stock
61200,0,clara_k16,text_pca64_lexical_calendar_publisher_stock
61209,9,clara_k16,text_pca64_lexical_calendar_publisher_stock
61211,6,clara_k16,text_pca64_lexical_calendar_publisher_stock
61216,5,clara_k16,text_pca64_lexical_calendar_publisher_stock
61218,0,clara_k16,text_pca64_lexical_calendar_publisher_stock
61219,12,clara_k16,text_pca64_lexical_calendar_publisher_stock
61222,0,clara_k16,text_pca64_lexical_calendar_publisher_stock
61225,12,clara_k16,text_pca64_lexical_calendar_publisher_stock
61231,12,clara_k16,text_pca64_lexical_calendar_publisher_stock
61232,12,clara_k16,text_pca64_lexical_calendar_publisher_stock
61237,1,clara_k16,text_pca64_lexical_calendar_publisher_stock
61239,8,clara_k16,text_pca64_lexical_calendar_publisher_stock
61241,5,clara_k16,text_pca64_lexical_calendar_publisher_stock
61253,6,clara_k16,text_pca64_lexical_calendar_publisher_stock
61257,13,clara_k16,text_pca64_lexical_calendar_publisher_stock
61275,11,clara_k16,text_pca64_lexical_calendar_publisher_stock
61290,1,clara_k16,text_pca64_lexical_calendar_publisher_stock
61296,2,clara_k16,text_pca64_lexical_calendar_publisher_stock
61307,1,clara_k16,text_pca64_lexical_calendar_publisher_stock
61317,1,clara_k16,text_pca64_lexical_calendar_publisher_stock
61318,4,clara_k16,text_pca64_lexical_calendar_publisher_stock
61328,1,clara_k16,text_pca64_lexical_calendar_publisher_stock
61341,0,clara_k16,text_pca64_lexical_calendar_publisher_stock
61363,2,clara_k16,text_pca64_lexical_calendar_publisher_stock
61374,11,clara_k16,text_pca64_lexical_calendar_publisher_stock
61376,12,clara_k16,text_pca64_lexical_calendar_publisher_stock
61390,5,clara_k16,text_pca64_lexical_calendar_publisher_stock
61392,0,clara_k16,text_pca64_lexical_calendar_publisher_stock
61395,1,clara_k16,text_pca64_lexical_calendar_publisher_stock
61403,0,clara_k16,text_pca64_lexical_calendar_publisher_stock
61406,0,clara_k16,text_pca64_lexical_calendar_publisher_stock
61450,1,clara_k16,text_pca64_lexical_calendar_publisher_stock
61460,0,clara_k16,text_pca64_lexical_calendar_publisher_stock
61461,4,clara_k16,text_pca64_lexical_calendar_publisher_stock
61473,11,clara_k16,text_pca64_lexical_calendar_publisher_stock
61496,14,clara_k16,text_pca64_lexical_calendar_publisher_stock
61511,1,clara_k16,text_pca64_lexical_calendar_publisher_stock
61514,6,clara_k16,text_pca64_lexical_calendar_publisher_stock
61515,5,clara_k16,text_pca64_lexical_calendar_publisher_stock
61519,2,clara_k16,text_pca64_lexical_calendar_publisher_stock
61520,5,clara_k16,text_pca64_lexical_calendar_publisher_stock
61523,0,clara_k16,text_pca64_lexical_calendar_publisher_stock
61525,5,clara_k16,text_pca64_lexical_calendar_publisher_stock
61539,0,clara_k16,text_pca64_lexical_calendar_publisher_stock
61541,0,clara_k16,text_pca64_lexical_calendar_publisher_stock
61542,5,clara_k16,text_pca64_lexical_calendar_publisher_stock
61548,2,clara_k16,text_pca64_lexical_calendar_publisher_stock
61555,0,clara_k16,text_pca64_lexical_calendar_publisher_stock
61569,8,clara_k16,text_pca64_lexical_calendar_publisher_stock
61573,5,clara_k16,text_pca64_lexical_calendar_publisher_stock
61577,14,clara_k16,text_pca64_lexical_calendar_publisher_stock
61581,6,clara_k16,text_pca64_lexical_calendar_publisher_stock
61583,6,clara_k16,text_pca64_lexical_calendar_publisher_stock
61601,0,clara_k16,text_pca64_lexical_calendar_publisher_stock
61618,14,clara_k16,text_pca64_lexical_calendar_publisher_stock
61626,6,clara_k16,text_pca64_lexical_calendar_publisher_stock
61638,0,clara_k16,text_pca64_lexical_calendar_publisher_stock
61643,0,clara_k16,text_pca64_lexical_calendar_publisher_stock
61648,0,clara_k16,text_pca64_lexical_calendar_publisher_stock
61649,14,clara_k16,text_pca64_lexical_calendar_publisher_stock
61651,6,clara_k16,text_pca64_lexical_calendar_publisher_stock
61652,14,clara_k16,text_pca64_lexical_calendar_publisher_stock
61655,6,clara_k16,text_pca64_lexical_calendar_publisher_stock
61658,0,clara_k16,text_pca64_lexical_calendar_publisher_stock
61660,0,clara_k16,text_pca64_lexical_calendar_publisher_stock
61661,4,clara_k16,text_pca64_lexical_calendar_publisher_stock
61670,0,clara_k16,text_pca64_lexical_calendar_publisher_stock
61675,2,clara_k16,text_pca64_lexical_calendar_publisher_stock
61676,14,clara_k16,text_pca64_lexical_calendar_publisher_stock
61691,0,clara_k16,text_pca64_lexical_calendar_publisher_stock
61699,12,clara_k16,text_pca64_lexical_calendar_publisher_stock
61703,0,clara_k16,text_pca64_lexical_calendar_publisher_stock
61705,13,clara_k16,text_pca64_lexical_calendar_publisher_stock
61712,4,clara_k16,text_pca64_lexical_calendar_publisher_stock
61714,4,clara_k16,text_pca64_lexical_calendar_publisher_stock
61721,4,clara_k16,text_pca64_lexical_calendar_publisher_stock
61728,5,clara_k16,text_pca64_lexical_calendar_publisher_stock
61730,2,clara_k16,text_pca64_lexical_calendar_publisher_stock
61755,0,clara_k16,text_pca64_lexical_calendar_publisher_stock
61757,1,clara_k16,text_pca64_lexical_calendar_publisher_stock
61764,2,clara_k16,text_pca64_lexical_calendar_publisher_stock
61767,2,clara_k16,text_pca64_lexical_calendar_publisher_stock
61769,6,clara_k16,text_pca64_lexical_calendar_publisher_stock
61770,2,clara_k16,text_pca64_lexical_calendar_publisher_stock
61773,0,clara_k16,text_pca64_lexical_calendar_publisher_stock
61778,6,clara_k16,text_pca64_lexical_calendar_publisher_stock
61780,5,clara_k16,text_pca64_lexical_calendar_publisher_stock
61783,1,clara_k16,text_pca64_lexical_calendar_publisher_stock
61792,0,clara_k16,text_pca64_lexical_calendar_publisher_stock
61793,1,clara_k16,text_pca64_lexical_calendar_publisher_stock
61802,1,clara_k16,text_pca64_lexical_calendar_publisher_stock
61803,11,clara_k16,text_pca64_lexical_calendar_publisher_stock
61814,1,clara_k16,text_pca64_lexical_calendar_publisher_stock
61820,2,clara_k16,text_pca64_lexical_calendar_publisher_stock
61823,0,clara_k16,text_pca64_lexical_calendar_publisher_stock
61837,2,clara_k16,text_pca64_lexical_calendar_publisher_stock
61849,4,clara_k16,text_pca64_lexical_calendar_publisher_stock
61864,12,clara_k16,text_pca64_lexical_calendar_publisher_stock
61882,0,clara_k16,text_pca64_lexical_calendar_publisher_stock
61885,13,clara_k16,text_pca64_lexical_calendar_publisher_stock
61887,14,clara_k16,text_pca64_lexical_calendar_publisher_stock
61893,6,clara_k16,text_pca64_lexical_calendar_publisher_stock
61898,14,clara_k16,text_pca64_lexical_calendar_publisher_stock
61905,6,clara_k16,text_pca64_lexical_calendar_publisher_stock
61933,7,clara_k16,text_pca64_lexical_calendar_publisher_stock
61935,6,clara_k16,text_pca64_lexical_calendar_publisher_stock
61942,14,clara_k16,text_pca64_lexical_calendar_publisher_stock
61945,0,clara_k16,text_pca64_lexical_calendar_publisher_stock
61958,13,clara_k16,text_pca64_lexical_calendar_publisher_stock
61959,0,clara_k16,text_pca64_lexical_calendar_publisher_stock
61963,13,clara_k16,text_pca64_lexical_calendar_publisher_stock
61972,0,clara_k16,text_pca64_lexical_calendar_publisher_stock
61975,0,clara_k16,text_pca64_lexical_calendar_publisher_stock
61976,14,clara_k16,text_pca64_lexical_calendar_publisher_stock
61977,13,clara_k16,text_pca64_lexical_calendar_publisher_stock
61986,0,clara_k16,text_pca64_lexical_calendar_publisher_stock
61988,3,clara_k16,text_pca64_lexical_calendar_publisher_stock
61992,13,clara_k16,text_pca64_lexical_calendar_publisher_stock
61994,0,clara_k16,text_pca64_lexical_calendar_publisher_stock
61995,6,clara_k16,text_pca64_lexical_calendar_publisher_stock
61999,3,clara_k16,text_pca64_lexical_calendar_publisher_stock
62005,1,clara_k16,text_pca64_lexical_calendar_publisher_stock
62006,2,clara_k16,text_pca64_lexical_calendar_publisher_stock
62011,6,clara_k16,text_pca64_lexical_calendar_publisher_stock
62016,9,clara_k16,text_pca64_lexical_calendar_publisher_stock
62018,0,clara_k16,text_pca64_lexical_calendar_publisher_stock
62036,0,clara_k16,text_pca64_lexical_calendar_publisher_stock
62039,9,clara_k16,text_pca64_lexical_calendar_publisher_stock
62050,0,clara_k16,text_pca64_lexical_calendar_publisher_stock
62084,6,clara_k16,text_pca64_lexical_calendar_publisher_stock
62086,6,clara_k16,text_pca64_lexical_calendar_publisher_stock
62109,6,clara_k16,text_pca64_lexical_calendar_publisher_stock
62111,4,clara_k16,text_pca64_lexical_calendar_publisher_stock
62115,0,clara_k16,text_pca64_lexical_calendar_publisher_stock
62122,9,clara_k16,text_pca64_lexical_calendar_publisher_stock
62124,0,clara_k16,text_pca64_lexical_calendar_publisher_stock
62139,9,clara_k16,text_pca64_lexical_calendar_publisher_stock
62141,0,clara_k16,text_pca64_lexical_calendar_publisher_stock
62153,0,clara_k16,text_pca64_lexical_calendar_publisher_stock
62161,1,clara_k16,text_pca64_lexical_calendar_publisher_stock
62183,0,clara_k16,text_pca64_lexical_calendar_publisher_stock
62199,1,clara_k16,text_pca64_lexical_calendar_publisher_stock
62200,6,clara_k16,text_pca64_lexical_calendar_publisher_stock
62234,13,clara_k16,text_pca64_lexical_calendar_publisher_stock
62236,12,clara_k16,text_pca64_lexical_calendar_publisher_stock
62246,1,clara_k16,text_pca64_lexical_calendar_publisher_stock
62258,6,clara_k16,text_pca64_lexical_calendar_publisher_stock
62259,5,clara_k16,text_pca64_lexical_calendar_publisher_stock
62264,2,clara_k16,text_pca64_lexical_calendar_publisher_stock
62281,0,clara_k16,text_pca64_lexical_calendar_publisher_stock
62283,6,clara_k16,text_pca64_lexical_calendar_publisher_stock
62285,6,clara_k16,text_pca64_lexical_calendar_publisher_stock
62296,6,clara_k16,text_pca64_lexical_calendar_publisher_stock
62298,7,clara_k16,text_pca64_lexical_calendar_publisher_stock
62304,9,clara_k16,text_pca64_lexical_calendar_publisher_stock
62305,7,clara_k16,text_pca64_lexical_calendar_publisher_stock
62324,6,clara_k16,text_pca64_lexical_calendar_publisher_stock
62329,1,clara_k16,text_pca64_lexical_calendar_publisher_stock
62332,12,clara_k16,text_pca64_lexical_calendar_publisher_stock
62333,12,clara_k16,text_pca64_lexical_calendar_publisher_stock
62346,2,clara_k16,text_pca64_lexical_calendar_publisher_stock
62350,7,clara_k16,text_pca64_lexical_calendar_publisher_stock
62353,5,clara_k16,text_pca64_lexical_calendar_publisher_stock
62361,6,clara_k16,text_pca64_lexical_calendar_publisher_stock
62371,0,clara_k16,text_pca64_lexical_calendar_publisher_stock
62379,13,clara_k16,text_pca64_lexical_calendar_publisher_stock
62380,6,clara_k16,text_pca64_lexical_calendar_publisher_stock
62382,10,clara_k16,text_pca64_lexical_calendar_publisher_stock
62387,0,clara_k16,text_pca64_lexical_calendar_publisher_stock
62390,0,clara_k16,text_pca64_lexical_calendar_publisher_stock
62392,0,clara_k16,text_pca64_lexical_calendar_publisher_stock
62397,0,clara_k16,text_pca64_lexical_calendar_publisher_stock
62400,12,clara_k16,text_pca64_lexical_calendar_publisher_stock
62412,6,clara_k16,text_pca64_lexical_calendar_publisher_stock
62413,0,clara_k16,text_pca64_lexical_calendar_publisher_stock
62416,1,clara_k16,text_pca64_lexical_calendar_publisher_stock
62418,6,clara_k16,text_pca64_lexical_calendar_publisher_stock
62427,9,clara_k16,text_pca64_lexical_calendar_publisher_stock
62428,7,clara_k16,text_pca64_lexical_calendar_publisher_stock
62436,3,clara_k16,text_pca64_lexical_calendar_publisher_stock
62437,0,clara_k16,text_pca64_lexical_calendar_publisher_stock
62445,12,clara_k16,text_pca64_lexical_calendar_publisher_stock
62446,6,clara_k16,text_pca64_lexical_calendar_publisher_stock
62447,13,clara_k16,text_pca64_lexical_calendar_publisher_stock
62449,1,clara_k16,text_pca64_lexical_calendar_publisher_stock
62467,1,clara_k16,text_pca64_lexical_calendar_publisher_stock
62470,1,clara_k16,text_pca64_lexical_calendar_publisher_stock
62487,1,clara_k16,text_pca64_lexical_calendar_publisher_stock
62488,13,clara_k16,text_pca64_lexical_calendar_publisher_stock
62504,1,clara_k16,text_pca64_lexical_calendar_publisher_stock
62511,1,clara_k16,text_pca64_lexical_calendar_publisher_stock
62512,4,clara_k16,text_pca64_lexical_calendar_publisher_stock
62528,1,clara_k16,text_pca64_lexical_calendar_publisher_stock
62529,1,clara_k16,text_pca64_lexical_calendar_publisher_stock
62536,1,clara_k16,text_pca64_lexical_calendar_publisher_stock
62555,4,clara_k16,text_pca64_lexical_calendar_publisher_stock
62557,6,clara_k16,text_pca64_lexical_calendar_publisher_stock
62563,1,clara_k16,text_pca64_lexical_calendar_publisher_stock
62564,1,clara_k16,text_pca64_lexical_calendar_publisher_stock
62566,4,clara_k16,text_pca64_lexical_calendar_publisher_stock
62584,1,clara_k16,text_pca64_lexical_calendar_publisher_stock
62590,1,clara_k16,text_pca64_lexical_calendar_publisher_stock
62596,6,clara_k16,text_pca64_lexical_calendar_publisher_stock
62614,2,clara_k16,text_pca64_lexical_calendar_publisher_stock
62616,2,clara_k16,text_pca64_lexical_calendar_publisher_stock
62618,2,clara_k16,text_pca64_lexical_calendar_publisher_stock
62620,2,clara_k16,text_pca64_lexical_calendar_publisher_stock
62628,2,clara_k16,text_pca64_lexical_calendar_publisher_stock
62630,2,clara_k16,text_pca64_lexical_calendar_publisher_stock
62631,0,clara_k16,text_pca64_lexical_calendar_publisher_stock
62642,6,clara_k16,text_pca64_lexical_calendar_publisher_stock
62649,4,clara_k16,text_pca64_lexical_calendar_publisher_stock
62654,0,clara_k16,text_pca64_lexical_calendar_publisher_stock
62660,7,clara_k16,text_pca64_lexical_calendar_publisher_stock
62662,12,clara_k16,text_pca64_lexical_calendar_publisher_stock
62664,0,clara_k16,text_pca64_lexical_calendar_publisher_stock
62667,0,clara_k16,text_pca64_lexical_calendar_publisher_stock
62669,9,clara_k16,text_pca64_lexical_calendar_publisher_stock
62675,2,clara_k16,text_pca64_lexical_calendar_publisher_stock
62676,2,clara_k16,text_pca64_lexical_calendar_publisher_stock
62677,6,clara_k16,text_pca64_lexical_calendar_publisher_stock
62686,6,clara_k16,text_pca64_lexical_calendar_publisher_stock
62687,7,clara_k16,text_pca64_lexical_calendar_publisher_stock
62689,2,clara_k16,text_pca64_lexical_calendar_publisher_stock
62691,14,clara_k16,text_pca64_lexical_calendar_publisher_stock
62696,0,clara_k16,text_pca64_lexical_calendar_publisher_stock
62718,13,clara_k16,text_pca64_lexical_calendar_publisher_stock
62721,12,clara_k16,text_pca64_lexical_calendar_publisher_stock
62724,7,clara_k16,text_pca64_lexical_calendar_publisher_stock
62738,4,clara_k16,text_pca64_lexical_calendar_publisher_stock
62739,4,clara_k16,text_pca64_lexical_calendar_publisher_stock
62749,6,clara_k16,text_pca64_lexical_calendar_publisher_stock
62760,0,clara_k16,text_pca64_lexical_calendar_publisher_stock
62762,4,clara_k16,text_pca64_lexical_calendar_publisher_stock
62765,0,clara_k16,text_pca64_lexical_calendar_publisher_stock
62786,6,clara_k16,text_pca64_lexical_calendar_publisher_stock
62788,2,clara_k16,text_pca64_lexical_calendar_publisher_stock
62789,13,clara_k16,text_pca64_lexical_calendar_publisher_stock
62799,13,clara_k16,text_pca64_lexical_calendar_publisher_stock
62800,15,clara_k16,text_pca64_lexical_calendar_publisher_stock
62803,1,clara_k16,text_pca64_lexical_calendar_publisher_stock
62810,0,clara_k16,text_pca64_lexical_calendar_publisher_stock
62816,4,clara_k16,text_pca64_lexical_calendar_publisher_stock
62822,2,clara_k16,text_pca64_lexical_calendar_publisher_stock
62826,0,clara_k16,text_pca64_lexical_calendar_publisher_stock
62837,0,clara_k16,text_pca64_lexical_calendar_publisher_stock
62839,12,clara_k16,text_pca64_lexical_calendar_publisher_stock
62840,2,clara_k16,text_pca64_lexical_calendar_publisher_stock
62842,0,clara_k16,text_pca64_lexical_calendar_publisher_stock
62854,0,clara_k16,text_pca64_lexical_calendar_publisher_stock
62864,12,clara_k16,text_pca64_lexical_calendar_publisher_stock
62867,0,clara_k16,text_pca64_lexical_calendar_publisher_stock
62879,13,clara_k16,text_pca64_lexical_calendar_publisher_stock
62882,4,clara_k16,text_pca64_lexical_calendar_publisher_stock
62896,1,clara_k16,text_pca64_lexical_calendar_publisher_stock
62905,5,clara_k16,text_pca64_lexical_calendar_publisher_stock
62916,1,clara_k16,text_pca64_lexical_calendar_publisher_stock
62917,14,clara_k16,text_pca64_lexical_calendar_publisher_stock
62937,6,clara_k16,text_pca64_lexical_calendar_publisher_stock
62939,13,clara_k16,text_pca64_lexical_calendar_publisher_stock
62940,5,clara_k16,text_pca64_lexical_calendar_publisher_stock
62941,2,clara_k16,text_pca64_lexical_calendar_publisher_stock
62942,6,clara_k16,text_pca64_lexical_calendar_publisher_stock
62950,0,clara_k16,text_pca64_lexical_calendar_publisher_stock
62964,1,clara_k16,text_pca64_lexical_calendar_publisher_stock
62973,2,clara_k16,text_pca64_lexical_calendar_publisher_stock
62975,6,clara_k16,text_pca64_lexical_calendar_publisher_stock
62980,14,clara_k16,text_pca64_lexical_calendar_publisher_stock
62988,5,clara_k16,text_pca64_lexical_calendar_publisher_stock
62989,6,clara_k16,text_pca64_lexical_calendar_publisher_stock
62991,13,clara_k16,text_pca64_lexical_calendar_publisher_stock
62997,6,clara_k16,text_pca64_lexical_calendar_publisher_stock
62998,5,clara_k16,text_pca64_lexical_calendar_publisher_stock
63013,3,clara_k16,text_pca64_lexical_calendar_publisher_stock
63019,8,clara_k16,text_pca64_lexical_calendar_publisher_stock
63022,0,clara_k16,text_pca64_lexical_calendar_publisher_stock
63029,5,clara_k16,text_pca64_lexical_calendar_publisher_stock
63033,1,clara_k16,text_pca64_lexical_calendar_publisher_stock
63041,1,clara_k16,text_pca64_lexical_calendar_publisher_stock
63050,1,clara_k16,text_pca64_lexical_calendar_publisher_stock
63051,0,clara_k16,text_pca64_lexical_calendar_publisher_stock
63054,0,clara_k16,text_pca64_lexical_calendar_publisher_stock
63071,4,clara_k16,text_pca64_lexical_calendar_publisher_stock
63088,0,clara_k16,text_pca64_lexical_calendar_publisher_stock
63091,1,clara_k16,text_pca64_lexical_calendar_publisher_stock
63093,1,clara_k16,text_pca64_lexical_calendar_publisher_stock
63099,1,clara_k16,text_pca64_lexical_calendar_publisher_stock
63119,1,clara_k16,text_pca64_lexical_calendar_publisher_stock
63120,1,clara_k16,text_pca64_lexical_calendar_publisher_stock
63121,1,clara_k16,text_pca64_lexical_calendar_publisher_stock
63129,4,clara_k16,text_pca64_lexical_calendar_publisher_stock
63135,1,clara_k16,text_pca64_lexical_calendar_publisher_stock
63147,1,clara_k16,text_pca64_lexical_calendar_publisher_stock
63152,12,clara_k16,text_pca64_lexical_calendar_publisher_stock
63154,1,clara_k16,text_pca64_lexical_calendar_publisher_stock
63160,1,clara_k16,text_pca64_lexical_calendar_publisher_stock
63161,1,clara_k16,text_pca64_lexical_calendar_publisher_stock
63162,4,clara_k16,text_pca64_lexical_calendar_publisher_stock
63170,1,clara_k16,text_pca64_lexical_calendar_publisher_stock
63182,1,clara_k16,text_pca64_lexical_calendar_publisher_stock
63189,12,clara_k16,text_pca64_lexical_calendar_publisher_stock
63199,15,clara_k16,text_pca64_lexical_calendar_publisher_stock
63207,15,clara_k16,text_pca64_lexical_calendar_publisher_stock
63218,0,clara_k16,text_pca64_lexical_calendar_publisher_stock
63233,14,clara_k16,text_pca64_lexical_calendar_publisher_stock
63235,11,clara_k16,text_pca64_lexical_calendar_publisher_stock
63259,14,clara_k16,text_pca64_lexical_calendar_publisher_stock
63263,14,clara_k16,text_pca64_lexical_calendar_publisher_stock
63282,1,clara_k16,text_pca64_lexical_calendar_publisher_stock
63283,0,clara_k16,text_pca64_lexical_calendar_publisher_stock
63292,14,clara_k16,text_pca64_lexical_calendar_publisher_stock
63299,1,clara_k16,text_pca64_lexical_calendar_publisher_stock
63330,1,clara_k16,text_pca64_lexical_calendar_publisher_stock
63331,4,clara_k16,text_pca64_lexical_calendar_publisher_stock
63337,12,clara_k16,text_pca64_lexical_calendar_publisher_stock
63340,6,clara_k16,text_pca64_lexical_calendar_publisher_stock
63342,0,clara_k16,text_pca64_lexical_calendar_publisher_stock
63345,1,clara_k16,text_pca64_lexical_calendar_publisher_stock
63351,1,clara_k16,text_pca64_lexical_calendar_publisher_stock
63354,1,clara_k16,text_pca64_lexical_calendar_publisher_stock
63363,12,clara_k16,text_pca64_lexical_calendar_publisher_stock
63367,4,clara_k16,text_pca64_lexical_calendar_publisher_stock
63369,6,clara_k16,text_pca64_lexical_calendar_publisher_stock
63376,1,clara_k16,text_pca64_lexical_calendar_publisher_stock
63383,2,clara_k16,text_pca64_lexical_calendar_publisher_stock
63390,13,clara_k16,text_pca64_lexical_calendar_publisher_stock
63395,0,clara_k16,text_pca64_lexical_calendar_publisher_stock
63398,6,clara_k16,text_pca64_lexical_calendar_publisher_stock
63405,0,clara_k16,text_pca64_lexical_calendar_publisher_stock
63407,0,clara_k16,text_pca64_lexical_calendar_publisher_stock
63418,0,clara_k16,text_pca64_lexical_calendar_publisher_stock
63420,13,clara_k16,text_pca64_lexical_calendar_publisher_stock
63421,4,clara_k16,text_pca64_lexical_calendar_publisher_stock
63443,2,clara_k16,text_pca64_lexical_calendar_publisher_stock
63445,6,clara_k16,text_pca64_lexical_calendar_publisher_stock
63464,4,clara_k16,text_pca64_lexical_calendar_publisher_stock
63473,0,clara_k16,text_pca64_lexical_calendar_publisher_stock
63485,6,clara_k16,text_pca64_lexical_calendar_publisher_stock
63495,6,clara_k16,text_pca64_lexical_calendar_publisher_stock
63499,2,clara_k16,text_pca64_lexical_calendar_publisher_stock
63521,13,clara_k16,text_pca64_lexical_calendar_publisher_stock
63522,13,clara_k16,text_pca64_lexical_calendar_publisher_stock
63547,1,clara_k16,text_pca64_lexical_calendar_publisher_stock
63550,0,clara_k16,text_pca64_lexical_calendar_publisher_stock
63553,6,clara_k16,text_pca64_lexical_calendar_publisher_stock
63555,12,clara_k16,text_pca64_lexical_calendar_publisher_stock
63558,2,clara_k16,text_pca64_lexical_calendar_publisher_stock
63563,0,clara_k16,text_pca64_lexical_calendar_publisher_stock
63577,14,clara_k16,text_pca64_lexical_calendar_publisher_stock
63579,1,clara_k16,text_pca64_lexical_calendar_publisher_stock
63581,2,clara_k16,text_pca64_lexical_calendar_publisher_stock
63583,2,clara_k16,text_pca64_lexical_calendar_publisher_stock
63587,0,clara_k16,text_pca64_lexical_calendar_publisher_stock
63599,12,clara_k16,text_pca64_lexical_calendar_publisher_stock
63603,14,clara_k16,text_pca64_lexical_calendar_publisher_stock
63604,0,clara_k16,text_pca64_lexical_calendar_publisher_stock
63606,0,clara_k16,text_pca64_lexical_calendar_publisher_stock
63608,0,clara_k16,text_pca64_lexical_calendar_publisher_stock
63613,0,clara_k16,text_pca64_lexical_calendar_publisher_stock
63614,14,clara_k16,text_pca64_lexical_calendar_publisher_stock
63616,14,clara_k16,text_pca64_lexical_calendar_publisher_stock
63617,0,clara_k16,text_pca64_lexical_calendar_publisher_stock
63628,4,clara_k16,text_pca64_lexical_calendar_publisher_stock
63635,4,clara_k16,text_pca64_lexical_calendar_publisher_stock
63641,12,clara_k16,text_pca64_lexical_calendar_publisher_stock
63660,2,clara_k16,text_pca64_lexical_calendar_publisher_stock
63664,0,clara_k16,text_pca64_lexical_calendar_publisher_stock
63687,6,clara_k16,text_pca64_lexical_calendar_publisher_stock
63691,1,clara_k16,text_pca64_lexical_calendar_publisher_stock
63692,0,clara_k16,text_pca64_lexical_calendar_publisher_stock
63698,4,clara_k16,text_pca64_lexical_calendar_publisher_stock
63706,4,clara_k16,text_pca64_lexical_calendar_publisher_stock
63727,4,clara_k16,text_pca64_lexical_calendar_publisher_stock
63732,0,clara_k16,text_pca64_lexical_calendar_publisher_stock
63743,4,clara_k16,text_pca64_lexical_calendar_publisher_stock
63750,1,clara_k16,text_pca64_lexical_calendar_publisher_stock
63754,0,clara_k16,text_pca64_lexical_calendar_publisher_stock
63758,4,clara_k16,text_pca64_lexical_calendar_publisher_stock
63759,13,clara_k16,text_pca64_lexical_calendar_publisher_stock
63762,0,clara_k16,text_pca64_lexical_calendar_publisher_stock
63773,1,clara_k16,text_pca64_lexical_calendar_publisher_stock
63774,4,clara_k16,text_pca64_lexical_calendar_publisher_stock
63779,0,clara_k16,text_pca64_lexical_calendar_publisher_stock
63780,0,clara_k16,text_pca64_lexical_calendar_publisher_stock
63792,4,clara_k16,text_pca64_lexical_calendar_publisher_stock
63793,5,clara_k16,text_pca64_lexical_calendar_publisher_stock
63795,13,clara_k16,text_pca64_lexical_calendar_publisher_stock
63796,0,clara_k16,text_pca64_lexical_calendar_publisher_stock
63801,13,clara_k16,text_pca64_lexical_calendar_publisher_stock
63806,1,clara_k16,text_pca64_lexical_calendar_publisher_stock
63808,12,clara_k16,text_pca64_lexical_calendar_publisher_stock
63809,4,clara_k16,text_pca64_lexical_calendar_publisher_stock
63839,10,clara_k16,text_pca64_lexical_calendar_publisher_stock
63840,1,clara_k16,text_pca64_lexical_calendar_publisher_stock
63845,1,clara_k16,text_pca64_lexical_calendar_publisher_stock
63848,14,clara_k16,text_pca64_lexical_calendar_publisher_stock
63850,0,clara_k16,text_pca64_lexical_calendar_publisher_stock
63863,0,clara_k16,text_pca64_lexical_calendar_publisher_stock
63880,6,clara_k16,text_pca64_lexical_calendar_publisher_stock
63893,0,clara_k16,text_pca64_lexical_calendar_publisher_stock
63900,6,clara_k16,text_pca64_lexical_calendar_publisher_stock
63903,7,clara_k16,text_pca64_lexical_calendar_publisher_stock
63904,4,clara_k16,text_pca64_lexical_calendar_publisher_stock
63919,0,clara_k16,text_pca64_lexical_calendar_publisher_stock
63943,12,clara_k16,text_pca64_lexical_calendar_publisher_stock
63945,0,clara_k16,text_pca64_lexical_calendar_publisher_stock
63949,1,clara_k16,text_pca64_lexical_calendar_publisher_stock
63951,0,clara_k16,text_pca64_lexical_calendar_publisher_stock
63978,0,clara_k16,text_pca64_lexical_calendar_publisher_stock
63991,0,clara_k16,text_pca64_lexical_calendar_publisher_stock
63999,13,clara_k16,text_pca64_lexical_calendar_publisher_stock
64000,0,clara_k16,text_pca64_lexical_calendar_publisher_stock
64001,13,clara_k16,text_pca64_lexical_calendar_publisher_stock
64012,14,clara_k16,text_pca64_lexical_calendar_publisher_stock
64034,13,clara_k16,text_pca64_lexical_calendar_publisher_stock
64039,1,clara_k16,text_pca64_lexical_calendar_publisher_stock
64059,13,clara_k16,text_pca64_lexical_calendar_publisher_stock
64071,4,clara_k16,text_pca64_lexical_calendar_publisher_stock
64080,1,clara_k16,text_pca64_lexical_calendar_publisher_stock
64086,2,clara_k16,text_pca64_lexical_calendar_publisher_stock
64087,2,clara_k16,text_pca64_lexical_calendar_publisher_stock
64090,13,clara_k16,text_pca64_lexical_calendar_publisher_stock
64111,4,clara_k16,text_pca64_lexical_calendar_publisher_stock
64113,13,clara_k16,text_pca64_lexical_calendar_publisher_stock
64116,0,clara_k16,text_pca64_lexical_calendar_publisher_stock
64118,4,clara_k16,text_pca64_lexical_calendar_publisher_stock
64122,0,clara_k16,text_pca64_lexical_calendar_publisher_stock
64126,13,clara_k16,text_pca64_lexical_calendar_publisher_stock
64127,6,clara_k16,text_pca64_lexical_calendar_publisher_stock
64129,0,clara_k16,text_pca64_lexical_calendar_publisher_stock
64130,13,clara_k16,text_pca64_lexical_calendar_publisher_stock
64137,0,clara_k16,text_pca64_lexical_calendar_publisher_stock
64142,0,clara_k16,text_pca64_lexical_calendar_publisher_stock
64149,6,clara_k16,text_pca64_lexical_calendar_publisher_stock
64150,4,clara_k16,text_pca64_lexical_calendar_publisher_stock
64151,4,clara_k16,text_pca64_lexical_calendar_publisher_stock
64155,4,clara_k16,text_pca64_lexical_calendar_publisher_stock
64160,0,clara_k16,text_pca64_lexical_calendar_publisher_stock
64191,1,clara_k16,text_pca64_lexical_calendar_publisher_stock
64193,1,clara_k16,text_pca64_lexical_calendar_publisher_stock
64205,1,clara_k16,text_pca64_lexical_calendar_publisher_stock
64208,2,clara_k16,text_pca64_lexical_calendar_publisher_stock
64214,1,clara_k16,text_pca64_lexical_calendar_publisher_stock
64217,14,clara_k16,text_pca64_lexical_calendar_publisher_stock
64220,0,clara_k16,text_pca64_lexical_calendar_publisher_stock
64229,13,clara_k16,text_pca64_lexical_calendar_publisher_stock
64233,0,clara_k16,text_pca64_lexical_calendar_publisher_stock
64246,13,clara_k16,text_pca64_lexical_calendar_publisher_stock
64254,2,clara_k16,text_pca64_lexical_calendar_publisher_stock
64256,2,clara_k16,text_pca64_lexical_calendar_publisher_stock
64258,4,clara_k16,text_pca64_lexical_calendar_publisher_stock
64259,0,clara_k16,text_pca64_lexical_calendar_publisher_stock
64266,4,clara_k16,text_pca64_lexical_calendar_publisher_stock
64273,14,clara_k16,text_pca64_lexical_calendar_publisher_stock
64275,13,clara_k16,text_pca64_lexical_calendar_publisher_stock
64284,12,clara_k16,text_pca64_lexical_calendar_publisher_stock
64290,8,clara_k16,text_pca64_lexical_calendar_publisher_stock
64298,1,clara_k16,text_pca64_lexical_calendar_publisher_stock
64304,0,clara_k16,text_pca64_lexical_calendar_publisher_stock
64312,6,clara_k16,text_pca64_lexical_calendar_publisher_stock
64321,4,clara_k16,text_pca64_lexical_calendar_publisher_stock
64337,0,clara_k16,text_pca64_lexical_calendar_publisher_stock
64338,1,clara_k16,text_pca64_lexical_calendar_publisher_stock
64348,14,clara_k16,text_pca64_lexical_calendar_publisher_stock
64371,14,clara_k16,text_pca64_lexical_calendar_publisher_stock
64380,4,clara_k16,text_pca64_lexical_calendar_publisher_stock
64393,1,clara_k16,text_pca64_lexical_calendar_publisher_stock
64395,0,clara_k16,text_pca64_lexical_calendar_publisher_stock
64396,0,clara_k16,text_pca64_lexical_calendar_publisher_stock
64404,6,clara_k16,text_pca64_lexical_calendar_publisher_stock
64407,4,clara_k16,text_pca64_lexical_calendar_publisher_stock
64410,7,clara_k16,text_pca64_lexical_calendar_publisher_stock
64420,1,clara_k16,text_pca64_lexical_calendar_publisher_stock
64436,2,clara_k16,text_pca64_lexical_calendar_publisher_stock
64439,1,clara_k16,text_pca64_lexical_calendar_publisher_stock
64444,4,clara_k16,text_pca64_lexical_calendar_publisher_stock
64445,8,clara_k16,text_pca64_lexical_calendar_publisher_stock
64447,0,clara_k16,text_pca64_lexical_calendar_publisher_stock
64451,4,clara_k16,text_pca64_lexical_calendar_publisher_stock
64452,1,clara_k16,text_pca64_lexical_calendar_publisher_stock
64458,4,clara_k16,text_pca64_lexical_calendar_publisher_stock
64475,1,clara_k16,text_pca64_lexical_calendar_publisher_stock
64476,4,clara_k16,text_pca64_lexical_calendar_publisher_stock
64483,0,clara_k16,text_pca64_lexical_calendar_publisher_stock
64488,13,clara_k16,text_pca64_lexical_calendar_publisher_stock
64498,2,clara_k16,text_pca64_lexical_calendar_publisher_stock
64518,0,clara_k16,text_pca64_lexical_calendar_publisher_stock
64521,1,clara_k16,text_pca64_lexical_calendar_publisher_stock
64532,0,clara_k16,text_pca64_lexical_calendar_publisher_stock
64552,6,clara_k16,text_pca64_lexical_calendar_publisher_stock
64556,4,clara_k16,text_pca64_lexical_calendar_publisher_stock
64562,0,clara_k16,text_pca64_lexical_calendar_publisher_stock
64565,0,clara_k16,text_pca64_lexical_calendar_publisher_stock
64570,0,clara_k16,text_pca64_lexical_calendar_publisher_stock
64571,1,clara_k16,text_pca64_lexical_calendar_publisher_stock
64573,4,clara_k16,text_pca64_lexical_calendar_publisher_stock
64588,6,clara_k16,text_pca64_lexical_calendar_publisher_stock
64590,5,clara_k16,text_pca64_lexical_calendar_publisher_stock
64592,0,clara_k16,text_pca64_lexical_calendar_publisher_stock
64601,0,clara_k16,text_pca64_lexical_calendar_publisher_stock
64605,2,clara_k16,text_pca64_lexical_calendar_publisher_stock
64624,6,clara_k16,text_pca64_lexical_calendar_publisher_stock
64628,4,clara_k16,text_pca64_lexical_calendar_publisher_stock
64632,13,clara_k16,text_pca64_lexical_calendar_publisher_stock
64637,13,clara_k16,text_pca64_lexical_calendar_publisher_stock
64639,13,clara_k16,text_pca64_lexical_calendar_publisher_stock
64645,2,clara_k16,text_pca64_lexical_calendar_publisher_stock
64650,0,clara_k16,text_pca64_lexical_calendar_publisher_stock
64651,1,clara_k16,text_pca64_lexical_calendar_publisher_stock
64653,12,clara_k16,text_pca64_lexical_calendar_publisher_stock
64665,4,clara_k16,text_pca64_lexical_calendar_publisher_stock
64671,2,clara_k16,text_pca64_lexical_calendar_publisher_stock
64672,1,clara_k16,text_pca64_lexical_calendar_publisher_stock
64673,4,clara_k16,text_pca64_lexical_calendar_publisher_stock
64679,0,clara_k16,text_pca64_lexical_calendar_publisher_stock
64716,1,clara_k16,text_pca64_lexical_calendar_publisher_stock
64717,1,clara_k16,text_pca64_lexical_calendar_publisher_stock
64719,4,clara_k16,text_pca64_lexical_calendar_publisher_stock
64720,1,clara_k16,text_pca64_lexical_calendar_publisher_stock
64721,12,clara_k16,text_pca64_lexical_calendar_publisher_stock
64725,1,clara_k16,text_pca64_lexical_calendar_publisher_stock
64726,4,clara_k16,text_pca64_lexical_calendar_publisher_stock
64730,2,clara_k16,text_pca64_lexical_calendar_publisher_stock
64731,0,clara_k16,text_pca64_lexical_calendar_publisher_stock
64738,4,clara_k16,text_pca64_lexical_calendar_publisher_stock
64756,0,clara_k16,text_pca64_lexical_calendar_publisher_stock
64759,0,clara_k16,text_pca64_lexical_calendar_publisher_stock
64762,2,clara_k16,text_pca64_lexical_calendar_publisher_stock
64767,11,clara_k16,text_pca64_lexical_calendar_publisher_stock
64774,6,clara_k16,text_pca64_lexical_calendar_publisher_stock
64778,13,clara_k16,text_pca64_lexical_calendar_publisher_stock
64780,6,clara_k16,text_pca64_lexical_calendar_publisher_stock
64786,2,clara_k16,text_pca64_lexical_calendar_publisher_stock
64787,0,clara_k16,text_pca64_lexical_calendar_publisher_stock
64797,2,clara_k16,text_pca64_lexical_calendar_publisher_stock
64798,6,clara_k16,text_pca64_lexical_calendar_publisher_stock
64819,0,clara_k16,text_pca64_lexical_calendar_publisher_stock
64832,0,clara_k16,text_pca64_lexical_calendar_publisher_stock
64834,4,clara_k16,text_pca64_lexical_calendar_publisher_stock
64845,1,clara_k16,text_pca64_lexical_calendar_publisher_stock
64848,2,clara_k16,text_pca64_lexical_calendar_publisher_stock
64861,12,clara_k16,text_pca64_lexical_calendar_publisher_stock
64862,2,clara_k16,text_pca64_lexical_calendar_publisher_stock
64868,1,clara_k16,text_pca64_lexical_calendar_publisher_stock
64870,12,clara_k16,text_pca64_lexical_calendar_publisher_stock
64883,1,clara_k16,text_pca64_lexical_calendar_publisher_stock
64904,7,clara_k16,text_pca64_lexical_calendar_publisher_stock
64920,13,clara_k16,text_pca64_lexical_calendar_publisher_stock
64923,1,clara_k16,text_pca64_lexical_calendar_publisher_stock
64939,9,clara_k16,text_pca64_lexical_calendar_publisher_stock
64943,4,clara_k16,text_pca64_lexical_calendar_publisher_stock
64954,0,clara_k16,text_pca64_lexical_calendar_publisher_stock
64956,1,clara_k16,text_pca64_lexical_calendar_publisher_stock
64957,6,clara_k16,text_pca64_lexical_calendar_publisher_stock
64964,6,clara_k16,text_pca64_lexical_calendar_publisher_stock
64970,5,clara_k16,text_pca64_lexical_calendar_publisher_stock
64979,2,clara_k16,text_pca64_lexical_calendar_publisher_stock
64984,2,clara_k16,text_pca64_lexical_calendar_publisher_stock
65001,6,clara_k16,text_pca64_lexical_calendar_publisher_stock
65003,2,clara_k16,text_pca64_lexical_calendar_publisher_stock
65004,2,clara_k16,text_pca64_lexical_calendar_publisher_stock
65008,1,clara_k16,text_pca64_lexical_calendar_publisher_stock
65024,2,clara_k16,text_pca64_lexical_calendar_publisher_stock
65050,6,clara_k16,text_pca64_lexical_calendar_publisher_stock
65060,4,clara_k16,text_pca64_lexical_calendar_publisher_stock
65069,12,clara_k16,text_pca64_lexical_calendar_publisher_stock
65070,6,clara_k16,text_pca64_lexical_calendar_publisher_stock
65081,9,clara_k16,text_pca64_lexical_calendar_publisher_stock
65083,1,clara_k16,text_pca64_lexical_calendar_publisher_stock
65090,0,clara_k16,text_pca64_lexical_calendar_publisher_stock
65099,6,clara_k16,text_pca64_lexical_calendar_publisher_stock
65111,1,clara_k16,text_pca64_lexical_calendar_publisher_stock
65119,1,clara_k16,text_pca64_lexical_calendar_publisher_stock
65148,1,clara_k16,text_pca64_lexical_calendar_publisher_stock
65153,0,clara_k16,text_pca64_lexical_calendar_publisher_stock
65172,6,clara_k16,text_pca64_lexical_calendar_publisher_stock
65173,13,clara_k16,text_pca64_lexical_calendar_publisher_stock
65182,2,clara_k16,text_pca64_lexical_calendar_publisher_stock
65186,0,clara_k16,text_pca64_lexical_calendar_publisher_stock
65189,6,clara_k16,text_pca64_lexical_calendar_publisher_stock
65198,2,clara_k16,text_pca64_lexical_calendar_publisher_stock
65201,2,clara_k16,text_pca64_lexical_calendar_publisher_stock
65202,11,clara_k16,text_pca64_lexical_calendar_publisher_stock
65232,14,clara_k16,text_pca64_lexical_calendar_publisher_stock
65236,1,clara_k16,text_pca64_lexical_calendar_publisher_stock
65237,1,clara_k16,text_pca64_lexical_calendar_publisher_stock
65241,14,clara_k16,text_pca64_lexical_calendar_publisher_stock
65253,2,clara_k16,text_pca64_lexical_calendar_publisher_stock
65279,6,clara_k16,text_pca64_lexical_calendar_publisher_stock
65301,2,clara_k16,text_pca64_lexical_calendar_publisher_stock
65307,4,clara_k16,text_pca64_lexical_calendar_publisher_stock
65314,1,clara_k16,text_pca64_lexical_calendar_publisher_stock
65332,0,clara_k16,text_pca64_lexical_calendar_publisher_stock
65335,9,clara_k16,text_pca64_lexical_calendar_publisher_stock
65338,7,clara_k16,text_pca64_lexical_calendar_publisher_stock
65342,1,clara_k16,text_pca64_lexical_calendar_publisher_stock
65346,4,clara_k16,text_pca64_lexical_calendar_publisher_stock
65349,1,clara_k16,text_pca64_lexical_calendar_publisher_stock
65351,1,clara_k16,text_pca64_lexical_calendar_publisher_stock
65353,3,clara_k16,text_pca64_lexical_calendar_publisher_stock
65354,1,clara_k16,text_pca64_lexical_calendar_publisher_stock
65356,0,clara_k16,text_pca64_lexical_calendar_publisher_stock
65357,4,clara_k16,text_pca64_lexical_calendar_publisher_stock
65360,11,clara_k16,text_pca64_lexical_calendar_publisher_stock
65374,2,clara_k16,text_pca64_lexical_calendar_publisher_stock
65376,3,clara_k16,text_pca64_lexical_calendar_publisher_stock
65381,4,clara_k16,text_pca64_lexical_calendar_publisher_stock
65384,1,clara_k16,text_pca64_lexical_calendar_publisher_stock
65386,6,clara_k16,text_pca64_lexical_calendar_publisher_stock
65390,3,clara_k16,text_pca64_lexical_calendar_publisher_stock
65393,3,clara_k16,text_pca64_lexical_calendar_publisher_stock
65399,1,clara_k16,text_pca64_lexical_calendar_publisher_stock
65400,1,clara_k16,text_pca64_lexical_calendar_publisher_stock
65409,1,clara_k16,text_pca64_lexical_calendar_publisher_stock
65419,0,clara_k16,text_pca64_lexical_calendar_publisher_stock
65422,0,clara_k16,text_pca64_lexical_calendar_publisher_stock
65423,0,clara_k16,text_pca64_lexical_calendar_publisher_stock
65432,1,clara_k16,text_pca64_lexical_calendar_publisher_stock
65433,2,clara_k16,text_pca64_lexical_calendar_publisher_stock
65438,1,clara_k16,text_pca64_lexical_calendar_publisher_stock
65440,4,clara_k16,text_pca64_lexical_calendar_publisher_stock
65457,12,clara_k16,text_pca64_lexical_calendar_publisher_stock
65461,1,clara_k16,text_pca64_lexical_calendar_publisher_stock
65462,1,clara_k16,text_pca64_lexical_calendar_publisher_stock
65479,0,clara_k16,text_pca64_lexical_calendar_publisher_stock
65503,6,clara_k16,text_pca64_lexical_calendar_publisher_stock
65512,6,clara_k16,text_pca64_lexical_calendar_publisher_stock
65515,6,clara_k16,text_pca64_lexical_calendar_publisher_stock
65517,0,clara_k16,text_pca64_lexical_calendar_publisher_stock
65520,0,clara_k16,text_pca64_lexical_calendar_publisher_stock
65523,6,clara_k16,text_pca64_lexical_calendar_publisher_stock
65528,6,clara_k16,text_pca64_lexical_calendar_publisher_stock
65531,6,clara_k16,text_pca64_lexical_calendar_publisher_stock
65536,6,clara_k16,text_pca64_lexical_calendar_publisher_stock
65539,0,clara_k16,text_pca64_lexical_calendar_publisher_stock
65540,0,clara_k16,text_pca64_lexical_calendar_publisher_stock
65541,0,clara_k16,text_pca64_lexical_calendar_publisher_stock
65549,0,clara_k16,text_pca64_lexical_calendar_publisher_stock
65554,0,clara_k16,text_pca64_lexical_calendar_publisher_stock
65558,7,clara_k16,text_pca64_lexical_calendar_publisher_stock
65566,6,clara_k16,text_pca64_lexical_calendar_publisher_stock
65568,9,clara_k16,text_pca64_lexical_calendar_publisher_stock
65571,6,clara_k16,text_pca64_lexical_calendar_publisher_stock
65574,6,clara_k16,text_pca64_lexical_calendar_publisher_stock
65575,8,clara_k16,text_pca64_lexical_calendar_publisher_stock
65577,6,clara_k16,text_pca64_lexical_calendar_publisher_stock
65582,0,clara_k16,text_pca64_lexical_calendar_publisher_stock
65585,14,clara_k16,text_pca64_lexical_calendar_publisher_stock
65588,6,clara_k16,text_pca64_lexical_calendar_publisher_stock
65594,8,clara_k16,text_pca64_lexical_calendar_publisher_stock
65622,15,clara_k16,text_pca64_lexical_calendar_publisher_stock
65635,4,clara_k16,text_pca64_lexical_calendar_publisher_stock
65636,15,clara_k16,text_pca64_lexical_calendar_publisher_stock
65639,1,clara_k16,text_pca64_lexical_calendar_publisher_stock
65643,0,clara_k16,text_pca64_lexical_calendar_publisher_stock
65644,0,clara_k16,text_pca64_lexical_calendar_publisher_stock
65649,1,clara_k16,text_pca64_lexical_calendar_publisher_stock
65662,0,clara_k16,text_pca64_lexical_calendar_publisher_stock
65675,1,clara_k16,text_pca64_lexical_calendar_publisher_stock
65676,11,clara_k16,text_pca64_lexical_calendar_publisher_stock
65682,6,clara_k16,text_pca64_lexical_calendar_publisher_stock
65688,0,clara_k16,text_pca64_lexical_calendar_publisher_stock
65692,6,clara_k16,text_pca64_lexical_calendar_publisher_stock
65694,0,clara_k16,text_pca64_lexical_calendar_publisher_stock
65695,2,clara_k16,text_pca64_lexical_calendar_publisher_stock
65698,1,clara_k16,text_pca64_lexical_calendar_publisher_stock
65703,6,clara_k16,text_pca64_lexical_calendar_publisher_stock
65706,7,clara_k16,text_pca64_lexical_calendar_publisher_stock
65716,1,clara_k16,text_pca64_lexical_calendar_publisher_stock
65719,0,clara_k16,text_pca64_lexical_calendar_publisher_stock
65730,9,clara_k16,text_pca64_lexical_calendar_publisher_stock
65732,4,clara_k16,text_pca64_lexical_calendar_publisher_stock
65735,6,clara_k16,text_pca64_lexical_calendar_publisher_stock
65739,2,clara_k16,text_pca64_lexical_calendar_publisher_stock
65743,4,clara_k16,text_pca64_lexical_calendar_publisher_stock
65752,0,clara_k16,text_pca64_lexical_calendar_publisher_stock
65766,2,clara_k16,text_pca64_lexical_calendar_publisher_stock
65770,0,clara_k16,text_pca64_lexical_calendar_publisher_stock
65790,2,clara_k16,text_pca64_lexical_calendar_publisher_stock
65791,2,clara_k16,text_pca64_lexical_calendar_publisher_stock
65798,1,clara_k16,text_pca64_lexical_calendar_publisher_stock
65799,12,clara_k16,text_pca64_lexical_calendar_publisher_stock
65801,1,clara_k16,text_pca64_lexical_calendar_publisher_stock
65802,1,clara_k16,text_pca64_lexical_calendar_publisher_stock
65804,2,clara_k16,text_pca64_lexical_calendar_publisher_stock
65810,4,clara_k16,text_pca64_lexical_calendar_publisher_stock
65817,4,clara_k16,text_pca64_lexical_calendar_publisher_stock
65826,13,clara_k16,text_pca64_lexical_calendar_publisher_stock
65831,6,clara_k16,text_pca64_lexical_calendar_publisher_stock
65833,4,clara_k16,text_pca64_lexical_calendar_publisher_stock
65845,8,clara_k16,text_pca64_lexical_calendar_publisher_stock
65858,1,clara_k16,text_pca64_lexical_calendar_publisher_stock
65870,1,clara_k16,text_pca64_lexical_calendar_publisher_stock
65880,1,clara_k16,text_pca64_lexical_calendar_publisher_stock
65890,13,clara_k16,text_pca64_lexical_calendar_publisher_stock
65902,2,clara_k16,text_pca64_lexical_calendar_publisher_stock
65903,6,clara_k16,text_pca64_lexical_calendar_publisher_stock
65905,0,clara_k16,text_pca64_lexical_calendar_publisher_stock
65916,6,clara_k16,text_pca64_lexical_calendar_publisher_stock
65926,2,clara_k16,text_pca64_lexical_calendar_publisher_stock
65935,1,clara_k16,text_pca64_lexical_calendar_publisher_stock
65945,0,clara_k16,text_pca64_lexical_calendar_publisher_stock
65947,0,clara_k16,text_pca64_lexical_calendar_publisher_stock
65956,6,clara_k16,text_pca64_lexical_calendar_publisher_stock
65966,0,clara_k16,text_pca64_lexical_calendar_publisher_stock
65968,1,clara_k16,text_pca64_lexical_calendar_publisher_stock
65970,1,clara_k16,text_pca64_lexical_calendar_publisher_stock
65972,1,clara_k16,text_pca64_lexical_calendar_publisher_stock
65981,2,clara_k16,text_pca64_lexical_calendar_publisher_stock
65987,14,clara_k16,text_pca64_lexical_calendar_publisher_stock
65990,1,clara_k16,text_pca64_lexical_calendar_publisher_stock
66004,12,clara_k16,text_pca64_lexical_calendar_publisher_stock
66006,1,clara_k16,text_pca64_lexical_calendar_publisher_stock
66027,1,clara_k16,text_pca64_lexical_calendar_publisher_stock
66029,2,clara_k16,text_pca64_lexical_calendar_publisher_stock
66032,2,clara_k16,text_pca64_lexical_calendar_publisher_stock
66034,0,clara_k16,text_pca64_lexical_calendar_publisher_stock
66044,4,clara_k16,text_pca64_lexical_calendar_publisher_stock
66047,12,clara_k16,text_pca64_lexical_calendar_publisher_stock
66053,1,clara_k16,text_pca64_lexical_calendar_publisher_stock
66068,2,clara_k16,text_pca64_lexical_calendar_publisher_stock
66071,11,clara_k16,text_pca64_lexical_calendar_publisher_stock
66082,1,clara_k16,text_pca64_lexical_calendar_publisher_stock
66085,2,clara_k16,text_pca64_lexical_calendar_publisher_stock
66091,5,clara_k16,text_pca64_lexical_calendar_publisher_stock
66100,1,clara_k16,text_pca64_lexical_calendar_publisher_stock
66109,4,clara_k16,text_pca64_lexical_calendar_publisher_stock
66122,12,clara_k16,text_pca64_lexical_calendar_publisher_stock
66128,0,clara_k16,text_pca64_lexical_calendar_publisher_stock
66136,2,clara_k16,text_pca64_lexical_calendar_publisher_stock
66140,12,clara_k16,text_pca64_lexical_calendar_publisher_stock
66143,12,clara_k16,text_pca64_lexical_calendar_publisher_stock
66149,6,clara_k16,text_pca64_lexical_calendar_publisher_stock
66157,1,clara_k16,text_pca64_lexical_calendar_publisher_stock
66159,2,clara_k16,text_pca64_lexical_calendar_publisher_stock
66160,1,clara_k16,text_pca64_lexical_calendar_publisher_stock
66161,1,clara_k16,text_pca64_lexical_calendar_publisher_stock
66162,4,clara_k16,text_pca64_lexical_calendar_publisher_stock
66170,1,clara_k16,text_pca64_lexical_calendar_publisher_stock
66193,4,clara_k16,text_pca64_lexical_calendar_publisher_stock
66206,0,clara_k16,text_pca64_lexical_calendar_publisher_stock
66212,4,clara_k16,text_pca64_lexical_calendar_publisher_stock
66218,0,clara_k16,text_pca64_lexical_calendar_publisher_stock
66232,1,clara_k16,text_pca64_lexical_calendar_publisher_stock
66240,1,clara_k16,text_pca64_lexical_calendar_publisher_stock
66265,0,clara_k16,text_pca64_lexical_calendar_publisher_stock
66269,2,clara_k16,text_pca64_lexical_calendar_publisher_stock
66280,1,clara_k16,text_pca64_lexical_calendar_publisher_stock
66284,4,clara_k16,text_pca64_lexical_calendar_publisher_stock
66288,12,clara_k16,text_pca64_lexical_calendar_publisher_stock
66289,12,clara_k16,text_pca64_lexical_calendar_publisher_stock
66293,1,clara_k16,text_pca64_lexical_calendar_publisher_stock
66315,1,clara_k16,text_pca64_lexical_calendar_publisher_stock
66322,9,clara_k16,text_pca64_lexical_calendar_publisher_stock
66325,4,clara_k16,text_pca64_lexical_calendar_publisher_stock
66331,2,clara_k16,text_pca64_lexical_calendar_publisher_stock
66339,2,clara_k16,text_pca64_lexical_calendar_publisher_stock
66341,4,clara_k16,text_pca64_lexical_calendar_publisher_stock
66364,2,clara_k16,text_pca64_lexical_calendar_publisher_stock
66365,12,clara_k16,text_pca64_lexical_calendar_publisher_stock
66368,1,clara_k16,text_pca64_lexical_calendar_publisher_stock
66369,2,clara_k16,text_pca64_lexical_calendar_publisher_stock
66373,2,clara_k16,text_pca64_lexical_calendar_publisher_stock
66378,1,clara_k16,text_pca64_lexical_calendar_publisher_stock
66380,12,clara_k16,text_pca64_lexical_calendar_publisher_stock
66386,13,clara_k16,text_pca64_lexical_calendar_publisher_stock
66389,0,clara_k16,text_pca64_lexical_calendar_publisher_stock
66424,0,clara_k16,text_pca64_lexical_calendar_publisher_stock
66438,1,clara_k16,text_pca64_lexical_calendar_publisher_stock
66439,1,clara_k16,text_pca64_lexical_calendar_publisher_stock
66442,2,clara_k16,text_pca64_lexical_calendar_publisher_stock
66448,1,clara_k16,text_pca64_lexical_calendar_publisher_stock
66449,1,clara_k16,text_pca64_lexical_calendar_publisher_stock
66459,1,clara_k16,text_pca64_lexical_calendar_publisher_stock
66468,1,clara_k16,text_pca64_lexical_calendar_publisher_stock
66475,1,clara_k16,text_pca64_lexical_calendar_publisher_stock
66476,0,clara_k16,text_pca64_lexical_calendar_publisher_stock
66477,14,clara_k16,text_pca64_lexical_calendar_publisher_stock
66486,1,clara_k16,text_pca64_lexical_calendar_publisher_stock
66488,2,clara_k16,text_pca64_lexical_calendar_publisher_stock
66489,0,clara_k16,text_pca64_lexical_calendar_publisher_stock
66493,0,clara_k16,text_pca64_lexical_calendar_publisher_stock
66495,1,clara_k16,text_pca64_lexical_calendar_publisher_stock
66498,4,clara_k16,text_pca64_lexical_calendar_publisher_stock
66509,1,clara_k16,text_pca64_lexical_calendar_publisher_stock
66510,11,clara_k16,text_pca64_lexical_calendar_publisher_stock
66519,1,clara_k16,text_pca64_lexical_calendar_publisher_stock
66532,1,clara_k16,text_pca64_lexical_calendar_publisher_stock
66545,1,clara_k16,text_pca64_lexical_calendar_publisher_stock
66546,13,clara_k16,text_pca64_lexical_calendar_publisher_stock
66552,1,clara_k16,text_pca64_lexical_calendar_publisher_stock
66582,6,clara_k16,text_pca64_lexical_calendar_publisher_stock
66583,0,clara_k16,text_pca64_lexical_calendar_publisher_stock
66593,1,clara_k16,text_pca64_lexical_calendar_publisher_stock
66597,2,clara_k16,text_pca64_lexical_calendar_publisher_stock
66598,1,clara_k16,text_pca64_lexical_calendar_publisher_stock
66605,1,clara_k16,text_pca64_lexical_calendar_publisher_stock
66620,2,clara_k16,text_pca64_lexical_calendar_publisher_stock
66621,6,clara_k16,text_pca64_lexical_calendar_publisher_stock
66622,0,clara_k16,text_pca64_lexical_calendar_publisher_stock
66638,1,clara_k16,text_pca64_lexical_calendar_publisher_stock
66642,1,clara_k16,text_pca64_lexical_calendar_publisher_stock
66643,1,clara_k16,text_pca64_lexical_calendar_publisher_stock
66647,2,clara_k16,text_pca64_lexical_calendar_publisher_stock
66658,4,clara_k16,text_pca64_lexical_calendar_publisher_stock
66662,1,clara_k16,text_pca64_lexical_calendar_publisher_stock
66674,11,clara_k16,text_pca64_lexical_calendar_publisher_stock
66676,1,clara_k16,text_pca64_lexical_calendar_publisher_stock
66680,1,clara_k16,text_pca64_lexical_calendar_publisher_stock
66688,14,clara_k16,text_pca64_lexical_calendar_publisher_stock
66693,4,clara_k16,text_pca64_lexical_calendar_publisher_stock
66694,2,clara_k16,text_pca64_lexical_calendar_publisher_stock
66695,2,clara_k16,text_pca64_lexical_calendar_publisher_stock
66702,2,clara_k16,text_pca64_lexical_calendar_publisher_stock
66709,1,clara_k16,text_pca64_lexical_calendar_publisher_stock
66719,1,clara_k16,text_pca64_lexical_calendar_publisher_stock
66721,1,clara_k16,text_pca64_lexical_calendar_publisher_stock
66731,0,clara_k16,text_pca64_lexical_calendar_publisher_stock
66733,4,clara_k16,text_pca64_lexical_calendar_publisher_stock
66742,2,clara_k16,text_pca64_lexical_calendar_publisher_stock
66743,1,clara_k16,text_pca64_lexical_calendar_publisher_stock
66755,1,clara_k16,text_pca64_lexical_calendar_publisher_stock
66759,14,clara_k16,text_pca64_lexical_calendar_publisher_stock
66765,1,clara_k16,text_pca64_lexical_calendar_publisher_stock
66781,1,clara_k16,text_pca64_lexical_calendar_publisher_stock
66796,1,clara_k16,text_pca64_lexical_calendar_publisher_stock
66797,6,clara_k16,text_pca64_lexical_calendar_publisher_stock
66812,5,clara_k16,text_pca64_lexical_calendar_publisher_stock
66813,9,clara_k16,text_pca64_lexical_calendar_publisher_stock
66818,6,clara_k16,text_pca64_lexical_calendar_publisher_stock
66823,1,clara_k16,text_pca64_lexical_calendar_publisher_stock
66824,1,clara_k16,text_pca64_lexical_calendar_publisher_stock
66825,2,clara_k16,text_pca64_lexical_calendar_publisher_stock
66840,10,clara_k16,text_pca64_lexical_calendar_publisher_stock
66849,1,clara_k16,text_pca64_lexical_calendar_publisher_stock
66860,6,clara_k16,text_pca64_lexical_calendar_publisher_stock
66862,1,clara_k16,text_pca64_lexical_calendar_publisher_stock
66866,1,clara_k16,text_pca64_lexical_calendar_publisher_stock
66867,1,clara_k16,text_pca64_lexical_calendar_publisher_stock
66871,0,clara_k16,text_pca64_lexical_calendar_publisher_stock
66872,1,clara_k16,text_pca64_lexical_calendar_publisher_stock
66880,1,clara_k16,text_pca64_lexical_calendar_publisher_stock
66885,1,clara_k16,text_pca64_lexical_calendar_publisher_stock
66902,14,clara_k16,text_pca64_lexical_calendar_publisher_stock
66932,1,clara_k16,text_pca64_lexical_calendar_publisher_stock
66934,2,clara_k16,text_pca64_lexical_calendar_publisher_stock
66936,4,clara_k16,text_pca64_lexical_calendar_publisher_stock
66943,1,clara_k16,text_pca64_lexical_calendar_publisher_stock
66946,1,clara_k16,text_pca64_lexical_calendar_publisher_stock
66948,10,clara_k16,text_pca64_lexical_calendar_publisher_stock
66949,10,clara_k16,text_pca64_lexical_calendar_publisher_stock
66953,0,clara_k16,text_pca64_lexical_calendar_publisher_stock
66956,1,clara_k16,text_pca64_lexical_calendar_publisher_stock
66989,1,clara_k16,text_pca64_lexical_calendar_publisher_stock
66997,6,clara_k16,text_pca64_lexical_calendar_publisher_stock
67014,1,clara_k16,text_pca64_lexical_calendar_publisher_stock
67020,1,clara_k16,text_pca64_lexical_calendar_publisher_stock
67027,12,clara_k16,text_pca64_lexical_calendar_publisher_stock
67029,1,clara_k16,text_pca64_lexical_calendar_publisher_stock
67030,2,clara_k16,text_pca64_lexical_calendar_publisher_stock
67033,1,clara_k16,text_pca64_lexical_calendar_publisher_stock
67041,7,clara_k16,text_pca64_lexical_calendar_publisher_stock
67046,1,clara_k16,text_pca64_lexical_calendar_publisher_stock
67057,1,clara_k16,text_pca64_lexical_calendar_publisher_stock
67073,1,clara_k16,text_pca64_lexical_calendar_publisher_stock
67080,1,clara_k16,text_pca64_lexical_calendar_publisher_stock
67086,10,clara_k16,text_pca64_lexical_calendar_publisher_stock
67090,1,clara_k16,text_pca64_lexical_calendar_publisher_stock
67099,6,clara_k16,text_pca64_lexical_calendar_publisher_stock
67110,1,clara_k16,text_pca64_lexical_calendar_publisher_stock
67131,1,clara_k16,text_pca64_lexical_calendar_publisher_stock
67141,1,clara_k16,text_pca64_lexical_calendar_publisher_stock
67149,0,clara_k16,text_pca64_lexical_calendar_publisher_stock
67150,0,clara_k16,text_pca64_lexical_calendar_publisher_stock
67174,4,clara_k16,text_pca64_lexical_calendar_publisher_stock
67177,1,clara_k16,text_pca64_lexical_calendar_publisher_stock
67185,0,clara_k16,text_pca64_lexical_calendar_publisher_stock
67189,4,clara_k16,text_pca64_lexical_calendar_publisher_stock
67199,0,clara_k16,text_pca64_lexical_calendar_publisher_stock
67217,0,clara_k16,text_pca64_lexical_calendar_publisher_stock
67230,0,clara_k16,text_pca64_lexical_calendar_publisher_stock
67236,0,clara_k16,text_pca64_lexical_calendar_publisher_stock
67237,12,clara_k16,text_pca64_lexical_calendar_publisher_stock
67239,2,clara_k16,text_pca64_lexical_calendar_publisher_stock
67240,1,clara_k16,text_pca64_lexical_calendar_publisher_stock
67241,1,clara_k16,text_pca64_lexical_calendar_publisher_stock
67242,4,clara_k16,text_pca64_lexical_calendar_publisher_stock
67244,0,clara_k16,text_pca64_lexical_calendar_publisher_stock
67246,0,clara_k16,text_pca64_lexical_calendar_publisher_stock
67249,10,clara_k16,text_pca64_lexical_calendar_publisher_stock
67251,2,clara_k16,text_pca64_lexical_calendar_publisher_stock
67257,1,clara_k16,text_pca64_lexical_calendar_publisher_stock
67279,13,clara_k16,text_pca64_lexical_calendar_publisher_stock
67292,1,clara_k16,text_pca64_lexical_calendar_publisher_stock
67301,1,clara_k16,text_pca64_lexical_calendar_publisher_stock
67312,10,clara_k16,text_pca64_lexical_calendar_publisher_stock
67326,12,clara_k16,text_pca64_lexical_calendar_publisher_stock
67328,1,clara_k16,text_pca64_lexical_calendar_publisher_stock
67331,1,clara_k16,text_pca64_lexical_calendar_publisher_stock
67335,2,clara_k16,text_pca64_lexical_calendar_publisher_stock
67337,1,clara_k16,text_pca64_lexical_calendar_publisher_stock
67348,4,clara_k16,text_pca64_lexical_calendar_publisher_stock
67349,1,clara_k16,text_pca64_lexical_calendar_publisher_stock
67354,10,clara_k16,text_pca64_lexical_calendar_publisher_stock
67358,10,clara_k16,text_pca64_lexical_calendar_publisher_stock
67362,12,clara_k16,text_pca64_lexical_calendar_publisher_stock
67366,1,clara_k16,text_pca64_lexical_calendar_publisher_stock
67374,4,clara_k16,text_pca64_lexical_calendar_publisher_stock
67378,1,clara_k16,text_pca64_lexical_calendar_publisher_stock
67383,4,clara_k16,text_pca64_lexical_calendar_publisher_stock
67386,0,clara_k16,text_pca64_lexical_calendar_publisher_stock
67399,10,clara_k16,text_pca64_lexical_calendar_publisher_stock
67403,1,clara_k16,text_pca64_lexical_calendar_publisher_stock
67408,1,clara_k16,text_pca64_lexical_calendar_publisher_stock
67416,1,clara_k16,text_pca64_lexical_calendar_publisher_stock
67427,2,clara_k16,text_pca64_lexical_calendar_publisher_stock
67431,1,clara_k16,text_pca64_lexical_calendar_publisher_stock
67433,1,clara_k16,text_pca64_lexical_calendar_publisher_stock
67453,6,clara_k16,text_pca64_lexical_calendar_publisher_stock
67457,1,clara_k16,text_pca64_lexical_calendar_publisher_stock
67458,1,clara_k16,text_pca64_lexical_calendar_publisher_stock
67473,2,clara_k16,text_pca64_lexical_calendar_publisher_stock
67477,1,clara_k16,text_pca64_lexical_calendar_publisher_stock
67479,1,clara_k16,text_pca64_lexical_calendar_publisher_stock
67483,1,clara_k16,text_pca64_lexical_calendar_publisher_stock
67502,10,clara_k16,text_pca64_lexical_calendar_publisher_stock
67504,1,clara_k16,text_pca64_lexical_calendar_publisher_stock
67508,1,clara_k16,text_pca64_lexical_calendar_publisher_stock
67510,2,clara_k16,text_pca64_lexical_calendar_publisher_stock
67511,1,clara_k16,text_pca64_lexical_calendar_publisher_stock
67521,4,clara_k16,text_pca64_lexical_calendar_publisher_stock
67528,1,clara_k16,text_pca64_lexical_calendar_publisher_stock
67529,1,clara_k16,text_pca64_lexical_calendar_publisher_stock
67530,4,clara_k16,text_pca64_lexical_calendar_publisher_stock
67533,12,clara_k16,text_pca64_lexical_calendar_publisher_stock
67547,13,clara_k16,text_pca64_lexical_calendar_publisher_stock
67559,10,clara_k16,text_pca64_lexical_calendar_publisher_stock
67586,12,clara_k16,text_pca64_lexical_calendar_publisher_stock
67590,1,clara_k16,text_pca64_lexical_calendar_publisher_stock
67597,1,clara_k16,text_pca64_lexical_calendar_publisher_stock
67599,0,clara_k16,text_pca64_lexical_calendar_publisher_stock
67601,1,clara_k16,text_pca64_lexical_calendar_publisher_stock
67610,1,clara_k16,text_pca64_lexical_calendar_publisher_stock
67626,13,clara_k16,text_pca64_lexical_calendar_publisher_stock
67629,1,clara_k16,text_pca64_lexical_calendar_publisher_stock
67631,2,clara_k16,text_pca64_lexical_calendar_publisher_stock
67634,1,clara_k16,text_pca64_lexical_calendar_publisher_stock
67640,0,clara_k16,text_pca64_lexical_calendar_publisher_stock
67648,4,clara_k16,text_pca64_lexical_calendar_publisher_stock
67658,0,clara_k16,text_pca64_lexical_calendar_publisher_stock
67668,1,clara_k16,text_pca64_lexical_calendar_publisher_stock
67676,1,clara_k16,text_pca64_lexical_calendar_publisher_stock
67679,0,clara_k16,text_pca64_lexical_calendar_publisher_stock
67689,1,clara_k16,text_pca64_lexical_calendar_publisher_stock
67702,1,clara_k16,text_pca64_lexical_calendar_publisher_stock
67709,1,clara_k16,text_pca64_lexical_calendar_publisher_stock
67710,13,clara_k16,text_pca64_lexical_calendar_publisher_stock
67717,1,clara_k16,text_pca64_lexical_calendar_publisher_stock
67723,4,clara_k16,text_pca64_lexical_calendar_publisher_stock
67724,12,clara_k16,text_pca64_lexical_calendar_publisher_stock
67732,1,clara_k16,text_pca64_lexical_calendar_publisher_stock
67734,1,clara_k16,text_pca64_lexical_calendar_publisher_stock
67738,6,clara_k16,text_pca64_lexical_calendar_publisher_stock
67742,1,clara_k16,text_pca64_lexical_calendar_publisher_stock
67755,1,clara_k16,text_pca64_lexical_calendar_publisher_stock
67757,1,clara_k16,text_pca64_lexical_calendar_publisher_stock
67768,0,clara_k16,text_pca64_lexical_calendar_publisher_stock
67774,1,clara_k16,text_pca64_lexical_calendar_publisher_stock
67775,1,clara_k16,text_pca64_lexical_calendar_publisher_stock
67780,4,clara_k16,text_pca64_lexical_calendar_publisher_stock
67781,1,clara_k16,text_pca64_lexical_calendar_publisher_stock
67790,1,clara_k16,text_pca64_lexical_calendar_publisher_stock
67809,0,clara_k16,text_pca64_lexical_calendar_publisher_stock
67812,4,clara_k16,text_pca64_lexical_calendar_publisher_stock
67831,1,clara_k16,text_pca64_lexical_calendar_publisher_stock
67837,1,clara_k16,text_pca64_lexical_calendar_publisher_stock
67842,1,clara_k16,text_pca64_lexical_calendar_publisher_stock
67869,1,clara_k16,text_pca64_lexical_calendar_publisher_stock
67881,1,clara_k16,text_pca64_lexical_calendar_publisher_stock
67883,1,clara_k16,text_pca64_lexical_calendar_publisher_stock
67886,0,clara_k16,text_pca64_lexical_calendar_publisher_stock
67893,0,clara_k16,text_pca64_lexical_calendar_publisher_stock
67909,1,clara_k16,text_pca64_lexical_calendar_publisher_stock
67910,1,clara_k16,text_pca64_lexical_calendar_publisher_stock
67920,1,clara_k16,text_pca64_lexical_calendar_publisher_stock
67923,3,clara_k16,text_pca64_lexical_calendar_publisher_stock
67924,0,clara_k16,text_pca64_lexical_calendar_publisher_stock
67925,2,clara_k16,text_pca64_lexical_calendar_publisher_stock
67926,1,clara_k16,text_pca64_lexical_calendar_publisher_stock
67930,0,clara_k16,text_pca64_lexical_calendar_publisher_stock
67940,4,clara_k16,text_pca64_lexical_calendar_publisher_stock
67954,1,clara_k16,text_pca64_lexical_calendar_publisher_stock
67955,2,clara_k16,text_pca64_lexical_calendar_publisher_stock
67962,6,clara_k16,text_pca64_lexical_calendar_publisher_stock
67972,1,clara_k16,text_pca64_lexical_calendar_publisher_stock
67973,2,clara_k16,text_pca64_lexical_calendar_publisher_stock
67981,12,clara_k16,text_pca64_lexical_calendar_publisher_stock
68002,1,clara_k16,text_pca64_lexical_calendar_publisher_stock
68016,2,clara_k16,text_pca64_lexical_calendar_publisher_stock
68025,1,clara_k16,text_pca64_lexical_calendar_publisher_stock
68030,1,clara_k16,text_pca64_lexical_calendar_publisher_stock
68032,1,clara_k16,text_pca64_lexical_calendar_publisher_stock
68060,1,clara_k16,text_pca64_lexical_calendar_publisher_stock
68064,1,clara_k16,text_pca64_lexical_calendar_publisher_stock
68067,2,clara_k16,text_pca64_lexical_calendar_publisher_stock
68073,2,clara_k16,text_pca64_lexical_calendar_publisher_stock
68075,1,clara_k16,text_pca64_lexical_calendar_publisher_stock
68085,1,clara_k16,text_pca64_lexical_calendar_publisher_stock
68092,1,clara_k16,text_pca64_lexical_calendar_publisher_stock
68094,1,clara_k16,text_pca64_lexical_calendar_publisher_stock
68113,1,clara_k16,text_pca64_lexical_calendar_publisher_stock
68127,13,clara_k16,text_pca64_lexical_calendar_publisher_stock
68131,1,clara_k16,text_pca64_lexical_calendar_publisher_stock
68144,6,clara_k16,text_pca64_lexical_calendar_publisher_stock
68155,1,clara_k16,text_pca64_lexical_calendar_publisher_stock
68163,1,clara_k16,text_pca64_lexical_calendar_publisher_stock
68169,11,clara_k16,text_pca64_lexical_calendar_publisher_stock
68175,12,clara_k16,text_pca64_lexical_calendar_publisher_stock
68180,11,clara_k16,text_pca64_lexical_calendar_publisher_stock
68182,0,clara_k16,text_pca64_lexical_calendar_publisher_stock
68188,0,clara_k16,text_pca64_lexical_calendar_publisher_stock
68198,13,clara_k16,text_pca64_lexical_calendar_publisher_stock
68200,1,clara_k16,text_pca64_lexical_calendar_publisher_stock
68202,1,clara_k16,text_pca64_lexical_calendar_publisher_stock
68210,1,clara_k16,text_pca64_lexical_calendar_publisher_stock
68220,0,clara_k16,text_pca64_lexical_calendar_publisher_stock
68224,4,clara_k16,text_pca64_lexical_calendar_publisher_stock
68233,0,clara_k16,text_pca64_lexical_calendar_publisher_stock
68238,2,clara_k16,text_pca64_lexical_calendar_publisher_stock
68240,2,clara_k16,text_pca64_lexical_calendar_publisher_stock
68245,12,clara_k16,text_pca64_lexical_calendar_publisher_stock
68250,0,clara_k16,text_pca64_lexical_calendar_publisher_stock
68251,12,clara_k16,text_pca64_lexical_calendar_publisher_stock
68252,1,clara_k16,text_pca64_lexical_calendar_publisher_stock
68253,6,clara_k16,text_pca64_lexical_calendar_publisher_stock
68262,0,clara_k16,text_pca64_lexical_calendar_publisher_stock
68269,4,clara_k16,text_pca64_lexical_calendar_publisher_stock
68270,2,clara_k16,text_pca64_lexical_calendar_publisher_stock
68271,13,clara_k16,text_pca64_lexical_calendar_publisher_stock
68277,6,clara_k16,text_pca64_lexical_calendar_publisher_stock
68288,11,clara_k16,text_pca64_lexical_calendar_publisher_stock
68290,2,clara_k16,text_pca64_lexical_calendar_publisher_stock
68293,4,clara_k16,text_pca64_lexical_calendar_publisher_stock
68316,13,clara_k16,text_pca64_lexical_calendar_publisher_stock
68332,6,clara_k16,text_pca64_lexical_calendar_publisher_stock
68339,1,clara_k16,text_pca64_lexical_calendar_publisher_stock
68356,0,clara_k16,text_pca64_lexical_calendar_publisher_stock
68361,0,clara_k16,text_pca64_lexical_calendar_publisher_stock
68364,1,clara_k16,text_pca64_lexical_calendar_publisher_stock
68365,6,clara_k16,text_pca64_lexical_calendar_publisher_stock
68375,6,clara_k16,text_pca64_lexical_calendar_publisher_stock
68377,5,clara_k16,text_pca64_lexical_calendar_publisher_stock
68383,0,clara_k16,text_pca64_lexical_calendar_publisher_stock
68386,2,clara_k16,text_pca64_lexical_calendar_publisher_stock
68389,2,clara_k16,text_pca64_lexical_calendar_publisher_stock
68399,14,clara_k16,text_pca64_lexical_calendar_publisher_stock
68403,14,clara_k16,text_pca64_lexical_calendar_publisher_stock
68405,0,clara_k16,text_pca64_lexical_calendar_publisher_stock
68411,12,clara_k16,text_pca64_lexical_calendar_publisher_stock
68413,0,clara_k16,text_pca64_lexical_calendar_publisher_stock
68424,4,clara_k16,text_pca64_lexical_calendar_publisher_stock
68426,0,clara_k16,text_pca64_lexical_calendar_publisher_stock
68435,6,clara_k16,text_pca64_lexical_calendar_publisher_stock
68437,14,clara_k16,text_pca64_lexical_calendar_publisher_stock
68442,4,clara_k16,text_pca64_lexical_calendar_publisher_stock
68454,4,clara_k16,text_pca64_lexical_calendar_publisher_stock
68459,4,clara_k16,text_pca64_lexical_calendar_publisher_stock
68473,0,clara_k16,text_pca64_lexical_calendar_publisher_stock
68479,6,clara_k16,text_pca64_lexical_calendar_publisher_stock
68501,13,clara_k16,text_pca64_lexical_calendar_publisher_stock
68510,7,clara_k16,text_pca64_lexical_calendar_publisher_stock
68518,0,clara_k16,text_pca64_lexical_calendar_publisher_stock
68520,6,clara_k16,text_pca64_lexical_calendar_publisher_stock
68521,1,clara_k16,text_pca64_lexical_calendar_publisher_stock
68526,0,clara_k16,text_pca64_lexical_calendar_publisher_stock
68529,0,clara_k16,text_pca64_lexical_calendar_publisher_stock
68532,1,clara_k16,text_pca64_lexical_calendar_publisher_stock
68534,0,clara_k16,text_pca64_lexical_calendar_publisher_stock
68543,0,clara_k16,text_pca64_lexical_calendar_publisher_stock
68548,0,clara_k16,text_pca64_lexical_calendar_publisher_stock
68554,0,clara_k16,text_pca64_lexical_calendar_publisher_stock
68562,6,clara_k16,text_pca64_lexical_calendar_publisher_stock
68564,6,clara_k16,text_pca64_lexical_calendar_publisher_stock
68570,6,clara_k16,text_pca64_lexical_calendar_publisher_stock
68584,8,clara_k16,text_pca64_lexical_calendar_publisher_stock
68589,0,clara_k16,text_pca64_lexical_calendar_publisher_stock
68600,6,clara_k16,text_pca64_lexical_calendar_publisher_stock
68601,0,clara_k16,text_pca64_lexical_calendar_publisher_stock
68605,13,clara_k16,text_pca64_lexical_calendar_publisher_stock
68610,0,clara_k16,text_pca64_lexical_calendar_publisher_stock
68615,2,clara_k16,text_pca64_lexical_calendar_publisher_stock
68627,0,clara_k16,text_pca64_lexical_calendar_publisher_stock
68629,0,clara_k16,text_pca64_lexical_calendar_publisher_stock
68631,2,clara_k16,text_pca64_lexical_calendar_publisher_stock
68632,0,clara_k16,text_pca64_lexical_calendar_publisher_stock
68634,0,clara_k16,text_pca64_lexical_calendar_publisher_stock
68662,6,clara_k16,text_pca64_lexical_calendar_publisher_stock
68663,0,clara_k16,text_pca64_lexical_calendar_publisher_stock
68664,4,clara_k16,text_pca64_lexical_calendar_publisher_stock
68667,12,clara_k16,text_pca64_lexical_calendar_publisher_stock
68671,13,clara_k16,text_pca64_lexical_calendar_publisher_stock
68672,0,clara_k16,text_pca64_lexical_calendar_publisher_stock
68674,0,clara_k16,text_pca64_lexical_calendar_publisher_stock
68680,1,clara_k16,text_pca64_lexical_calendar_publisher_stock
68686,13,clara_k16,text_pca64_lexical_calendar_publisher_stock
68695,0,clara_k16,text_pca64_lexical_calendar_publisher_stock
68713,9,clara_k16,text_pca64_lexical_calendar_publisher_stock
68717,6,clara_k16,text_pca64_lexical_calendar_publisher_stock
68724,0,clara_k16,text_pca64_lexical_calendar_publisher_stock
68727,0,clara_k16,text_pca64_lexical_calendar_publisher_stock
68733,12,clara_k16,text_pca64_lexical_calendar_publisher_stock
68761,2,clara_k16,text_pca64_lexical_calendar_publisher_stock
68777,6,clara_k16,text_pca64_lexical_calendar_publisher_stock
68781,4,clara_k16,text_pca64_lexical_calendar_publisher_stock
68789,8,clara_k16,text_pca64_lexical_calendar_publisher_stock
68791,8,clara_k16,text_pca64_lexical_calendar_publisher_stock
68793,2,clara_k16,text_pca64_lexical_calendar_publisher_stock
68797,6,clara_k16,text_pca64_lexical_calendar_publisher_stock
68801,7,clara_k16,text_pca64_lexical_calendar_publisher_stock
68808,0,clara_k16,text_pca64_lexical_calendar_publisher_stock
68820,4,clara_k16,text_pca64_lexical_calendar_publisher_stock
68824,0,clara_k16,text_pca64_lexical_calendar_publisher_stock
68838,1,clara_k16,text_pca64_lexical_calendar_publisher_stock
68841,4,clara_k16,text_pca64_lexical_calendar_publisher_stock
68844,4,clara_k16,text_pca64_lexical_calendar_publisher_stock
68845,0,clara_k16,text_pca64_lexical_calendar_publisher_stock
68851,4,clara_k16,text_pca64_lexical_calendar_publisher_stock
68852,6,clara_k16,text_pca64_lexical_calendar_publisher_stock
68854,6,clara_k16,text_pca64_lexical_calendar_publisher_stock
68862,13,clara_k16,text_pca64_lexical_calendar_publisher_stock
68869,4,clara_k16,text_pca64_lexical_calendar_publisher_stock
68905,13,clara_k16,text_pca64_lexical_calendar_publisher_stock
68909,13,clara_k16,text_pca64_lexical_calendar_publisher_stock
68922,1,clara_k16,text_pca64_lexical_calendar_publisher_stock
68928,1,clara_k16,text_pca64_lexical_calendar_publisher_stock
68929,13,clara_k16,text_pca64_lexical_calendar_publisher_stock
68940,1,clara_k16,text_pca64_lexical_calendar_publisher_stock
68949,1,clara_k16,text_pca64_lexical_calendar_publisher_stock
68954,1,clara_k16,text_pca64_lexical_calendar_publisher_stock
68955,4,clara_k16,text_pca64_lexical_calendar_publisher_stock
68966,13,clara_k16,text_pca64_lexical_calendar_publisher_stock
68969,1,clara_k16,text_pca64_lexical_calendar_publisher_stock
68988,13,clara_k16,text_pca64_lexical_calendar_publisher_stock
68991,13,clara_k16,text_pca64_lexical_calendar_publisher_stock
68992,12,clara_k16,text_pca64_lexical_calendar_publisher_stock
69004,12,clara_k16,text_pca64_lexical_calendar_publisher_stock
69006,0,clara_k16,text_pca64_lexical_calendar_publisher_stock
69009,11,clara_k16,text_pca64_lexical_calendar_publisher_stock
69018,1,clara_k16,text_pca64_lexical_calendar_publisher_stock
69019,0,clara_k16,text_pca64_lexical_calendar_publisher_stock
69022,1,clara_k16,text_pca64_lexical_calendar_publisher_stock
69025,1,clara_k16,text_pca64_lexical_calendar_publisher_stock
69036,2,clara_k16,text_pca64_lexical_calendar_publisher_stock
69038,4,clara_k16,text_pca64_lexical_calendar_publisher_stock
69040,6,clara_k16,text_pca64_lexical_calendar_publisher_stock
69043,0,clara_k16,text_pca64_lexical_calendar_publisher_stock
69045,1,clara_k16,text_pca64_lexical_calendar_publisher_stock
69062,1,clara_k16,text_pca64_lexical_calendar_publisher_stock
69066,6,clara_k16,text_pca64_lexical_calendar_publisher_stock
69075,1,clara_k16,text_pca64_lexical_calendar_publisher_stock
69083,1,clara_k16,text_pca64_lexical_calendar_publisher_stock
69084,6,clara_k16,text_pca64_lexical_calendar_publisher_stock
69094,3,clara_k16,text_pca64_lexical_calendar_publisher_stock
69095,4,clara_k16,text_pca64_lexical_calendar_publisher_stock
69102,3,clara_k16,text_pca64_lexical_calendar_publisher_stock
69107,2,clara_k16,text_pca64_lexical_calendar_publisher_stock
69117,4,clara_k16,text_pca64_lexical_calendar_publisher_stock
69127,12,clara_k16,text_pca64_lexical_calendar_publisher_stock
69140,2,clara_k16,text_pca64_lexical_calendar_publisher_stock
69141,6,clara_k16,text_pca64_lexical_calendar_publisher_stock
69143,1,clara_k16,text_pca64_lexical_calendar_publisher_stock
69144,14,clara_k16,text_pca64_lexical_calendar_publisher_stock
69161,4,clara_k16,text_pca64_lexical_calendar_publisher_stock
69168,2,clara_k16,text_pca64_lexical_calendar_publisher_stock
69175,2,clara_k16,text_pca64_lexical_calendar_publisher_stock
69179,2,clara_k16,text_pca64_lexical_calendar_publisher_stock
69189,14,clara_k16,text_pca64_lexical_calendar_publisher_stock
69199,6,clara_k16,text_pca64_lexical_calendar_publisher_stock
69209,0,clara_k16,text_pca64_lexical_calendar_publisher_stock
69219,2,clara_k16,text_pca64_lexical_calendar_publisher_stock
69220,2,clara_k16,text_pca64_lexical_calendar_publisher_stock
69227,12,clara_k16,text_pca64_lexical_calendar_publisher_stock
69228,0,clara_k16,text_pca64_lexical_calendar_publisher_stock
69232,0,clara_k16,text_pca64_lexical_calendar_publisher_stock
69238,6,clara_k16,text_pca64_lexical_calendar_publisher_stock
69239,4,clara_k16,text_pca64_lexical_calendar_publisher_stock
69256,14,clara_k16,text_pca64_lexical_calendar_publisher_stock
69257,0,clara_k16,text_pca64_lexical_calendar_publisher_stock
69261,12,clara_k16,text_pca64_lexical_calendar_publisher_stock
69271,1,clara_k16,text_pca64_lexical_calendar_publisher_stock
69275,0,clara_k16,text_pca64_lexical_calendar_publisher_stock
69296,4,clara_k16,text_pca64_lexical_calendar_publisher_stock
69303,6,clara_k16,text_pca64_lexical_calendar_publisher_stock
69311,4,clara_k16,text_pca64_lexical_calendar_publisher_stock
69317,2,clara_k16,text_pca64_lexical_calendar_publisher_stock
69325,12,clara_k16,text_pca64_lexical_calendar_publisher_stock
69328,0,clara_k16,text_pca64_lexical_calendar_publisher_stock
69332,13,clara_k16,text_pca64_lexical_calendar_publisher_stock
69339,0,clara_k16,text_pca64_lexical_calendar_publisher_stock
69340,12,clara_k16,text_pca64_lexical_calendar_publisher_stock
69347,2,clara_k16,text_pca64_lexical_calendar_publisher_stock
69354,0,clara_k16,text_pca64_lexical_calendar_publisher_stock
69361,0,clara_k16,text_pca64_lexical_calendar_publisher_stock
69367,2,clara_k16,text_pca64_lexical_calendar_publisher_stock
69369,6,clara_k16,text_pca64_lexical_calendar_publisher_stock
69370,1,clara_k16,text_pca64_lexical_calendar_publisher_stock
69373,2,clara_k16,text_pca64_lexical_calendar_publisher_stock
69379,12,clara_k16,text_pca64_lexical_calendar_publisher_stock
69382,1,clara_k16,text_pca64_lexical_calendar_publisher_stock
69391,0,clara_k16,text_pca64_lexical_calendar_publisher_stock
69397,4,clara_k16,text_pca64_lexical_calendar_publisher_stock
69399,0,clara_k16,text_pca64_lexical_calendar_publisher_stock
69405,13,clara_k16,text_pca64_lexical_calendar_publisher_stock
69417,7,clara_k16,text_pca64_lexical_calendar_publisher_stock
69419,2,clara_k16,text_pca64_lexical_calendar_publisher_stock
69422,4,clara_k16,text_pca64_lexical_calendar_publisher_stock
69431,0,clara_k16,text_pca64_lexical_calendar_publisher_stock
69435,12,clara_k16,text_pca64_lexical_calendar_publisher_stock
69436,2,clara_k16,text_pca64_lexical_calendar_publisher_stock
69446,0,clara_k16,text_pca64_lexical_calendar_publisher_stock
69448,6,clara_k16,text_pca64_lexical_calendar_publisher_stock
69450,6,clara_k16,text_pca64_lexical_calendar_publisher_stock
69452,4,clara_k16,text_pca64_lexical_calendar_publisher_stock
69465,6,clara_k16,text_pca64_lexical_calendar_publisher_stock
69466,2,clara_k16,text_pca64_lexical_calendar_publisher_stock
69469,2,clara_k16,text_pca64_lexical_calendar_publisher_stock
69473,12,clara_k16,text_pca64_lexical_calendar_publisher_stock
69474,0,clara_k16,text_pca64_lexical_calendar_publisher_stock
69475,4,clara_k16,text_pca64_lexical_calendar_publisher_stock
69501,4,clara_k16,text_pca64_lexical_calendar_publisher_stock
69508,6,clara_k16,text_pca64_lexical_calendar_publisher_stock
69509,0,clara_k16,text_pca64_lexical_calendar_publisher_stock
69510,0,clara_k16,text_pca64_lexical_calendar_publisher_stock
69516,2,clara_k16,text_pca64_lexical_calendar_publisher_stock
69524,1,clara_k16,text_pca64_lexical_calendar_publisher_stock
69528,1,clara_k16,text_pca64_lexical_calendar_publisher_stock
69544,0,clara_k16,text_pca64_lexical_calendar_publisher_stock
69545,4,clara_k16,text_pca64_lexical_calendar_publisher_stock
69548,0,clara_k16,text_pca64_lexical_calendar_publisher_stock
69553,0,clara_k16,text_pca64_lexical_calendar_publisher_stock
69565,0,clara_k16,text_pca64_lexical_calendar_publisher_stock
69570,4,clara_k16,text_pca64_lexical_calendar_publisher_stock
69571,5,clara_k16,text_pca64_lexical_calendar_publisher_stock
69575,0,clara_k16,text_pca64_lexical_calendar_publisher_stock
69580,2,clara_k16,text_pca64_lexical_calendar_publisher_stock
69582,6,clara_k16,text_pca64_lexical_calendar_publisher_stock
69587,2,clara_k16,text_pca64_lexical_calendar_publisher_stock
69591,4,clara_k16,text_pca64_lexical_calendar_publisher_stock
69592,1,clara_k16,text_pca64_lexical_calendar_publisher_stock
69593,4,clara_k16,text_pca64_lexical_calendar_publisher_stock
69595,6,clara_k16,text_pca64_lexical_calendar_publisher_stock
69600,2,clara_k16,text_pca64_lexical_calendar_publisher_stock
69602,6,clara_k16,text_pca64_lexical_calendar_publisher_stock
69605,4,clara_k16,text_pca64_lexical_calendar_publisher_stock
69606,4,clara_k16,text_pca64_lexical_calendar_publisher_stock
69607,2,clara_k16,text_pca64_lexical_calendar_publisher_stock
69613,12,clara_k16,text_pca64_lexical_calendar_publisher_stock
69614,12,clara_k16,text_pca64_lexical_calendar_publisher_stock
69618,1,clara_k16,text_pca64_lexical_calendar_publisher_stock
69628,0,clara_k16,text_pca64_lexical_calendar_publisher_stock
69632,6,clara_k16,text_pca64_lexical_calendar_publisher_stock
69633,2,clara_k16,text_pca64_lexical_calendar_publisher_stock
69641,1,clara_k16,text_pca64_lexical_calendar_publisher_stock
69644,0,clara_k16,text_pca64_lexical_calendar_publisher_stock
69655,0,clara_k16,text_pca64_lexical_calendar_publisher_stock
69657,5,clara_k16,text_pca64_lexical_calendar_publisher_stock
69658,2,clara_k16,text_pca64_lexical_calendar_publisher_stock
69662,6,clara_k16,text_pca64_lexical_calendar_publisher_stock
69664,0,clara_k16,text_pca64_lexical_calendar_publisher_stock
69670,6,clara_k16,text_pca64_lexical_calendar_publisher_stock
69675,14,clara_k16,text_pca64_lexical_calendar_publisher_stock
69680,0,clara_k16,text_pca64_lexical_calendar_publisher_stock
69682,8,clara_k16,text_pca64_lexical_calendar_publisher_stock
69695,1,clara_k16,text_pca64_lexical_calendar_publisher_stock
69703,6,clara_k16,text_pca64_lexical_calendar_publisher_stock
69704,0,clara_k16,text_pca64_lexical_calendar_publisher_stock
69708,2,clara_k16,text_pca64_lexical_calendar_publisher_stock
69709,0,clara_k16,text_pca64_lexical_calendar_publisher_stock
69736,4,clara_k16,text_pca64_lexical_calendar_publisher_stock
69740,12,clara_k16,text_pca64_lexical_calendar_publisher_stock
69749,4,clara_k16,text_pca64_lexical_calendar_publisher_stock
69752,6,clara_k16,text_pca64_lexical_calendar_publisher_stock
69755,6,clara_k16,text_pca64_lexical_calendar_publisher_stock
69769,0,clara_k16,text_pca64_lexical_calendar_publisher_stock
69773,0,clara_k16,text_pca64_lexical_calendar_publisher_stock
69782,0,clara_k16,text_pca64_lexical_calendar_publisher_stock
69784,0,clara_k16,text_pca64_lexical_calendar_publisher_stock
69790,8,clara_k16,text_pca64_lexical_calendar_publisher_stock
69791,4,clara_k16,text_pca64_lexical_calendar_publisher_stock
69801,4,clara_k16,text_pca64_lexical_calendar_publisher_stock
69804,4,clara_k16,text_pca64_lexical_calendar_publisher_stock
69808,6,clara_k16,text_pca64_lexical_calendar_publisher_stock
69811,0,clara_k16,text_pca64_lexical_calendar_publisher_stock
69829,4,clara_k16,text_pca64_lexical_calendar_publisher_stock
69840,4,clara_k16,text_pca64_lexical_calendar_publisher_stock
69860,1,clara_k16,text_pca64_lexical_calendar_publisher_stock
69867,1,clara_k16,text_pca64_lexical_calendar_publisher_stock
69877,4,clara_k16,text_pca64_lexical_calendar_publisher_stock
69878,0,clara_k16,text_pca64_lexical_calendar_publisher_stock
69880,13,clara_k16,text_pca64_lexical_calendar_publisher_stock
69889,0,clara_k16,text_pca64_lexical_calendar_publisher_stock
69897,1,clara_k16,text_pca64_lexical_calendar_publisher_stock
69901,4,clara_k16,text_pca64_lexical_calendar_publisher_stock
69913,1,clara_k16,text_pca64_lexical_calendar_publisher_stock
69917,13,clara_k16,text_pca64_lexical_calendar_publisher_stock
69919,4,clara_k16,text_pca64_lexical_calendar_publisher_stock
69920,6,clara_k16,text_pca64_lexical_calendar_publisher_stock
69921,3,clara_k16,text_pca64_lexical_calendar_publisher_stock
69927,2,clara_k16,text_pca64_lexical_calendar_publisher_stock
69933,12,clara_k16,text_pca64_lexical_calendar_publisher_stock
69935,4,clara_k16,text_pca64_lexical_calendar_publisher_stock
69940,1,clara_k16,text_pca64_lexical_calendar_publisher_stock
69944,6,clara_k16,text_pca64_lexical_calendar_publisher_stock
69945,6,clara_k16,text_pca64_lexical_calendar_publisher_stock
69947,6,clara_k16,text_pca64_lexical_calendar_publisher_stock
69954,0,clara_k16,text_pca64_lexical_calendar_publisher_stock
69968,13,clara_k16,text_pca64_lexical_calendar_publisher_stock
69971,0,clara_k16,text_pca64_lexical_calendar_publisher_stock
69979,2,clara_k16,text_pca64_lexical_calendar_publisher_stock
69984,2,clara_k16,text_pca64_lexical_calendar_publisher_stock
69989,0,clara_k16,text_pca64_lexical_calendar_publisher_stock
69994,4,clara_k16,text_pca64_lexical_calendar_publisher_stock
69999,0,clara_k16,text_pca64_lexical_calendar_publisher_stock
70002,0,clara_k16,text_pca64_lexical_calendar_publisher_stock
70003,2,clara_k16,text_pca64_lexical_calendar_publisher_stock
70006,6,clara_k16,text_pca64_lexical_calendar_publisher_stock
70007,6,clara_k16,text_pca64_lexical_calendar_publisher_stock
70018,0,clara_k16,text_pca64_lexical_calendar_publisher_stock
70023,9,clara_k16,text_pca64_lexical_calendar_publisher_stock
70032,5,clara_k16,text_pca64_lexical_calendar_publisher_stock
70033,1,clara_k16,text_pca64_lexical_calendar_publisher_stock
70040,13,clara_k16,text_pca64_lexical_calendar_publisher_stock
70050,0,clara_k16,text_pca64_lexical_calendar_publisher_stock
70055,2,clara_k16,text_pca64_lexical_calendar_publisher_stock
70057,1,clara_k16,text_pca64_lexical_calendar_publisher_stock
70059,2,clara_k16,text_pca64_lexical_calendar_publisher_stock
70061,13,clara_k16,text_pca64_lexical_calendar_publisher_stock
70071,0,clara_k16,text_pca64_lexical_calendar_publisher_stock
70083,1,clara_k16,text_pca64_lexical_calendar_publisher_stock
70087,14,clara_k16,text_pca64_lexical_calendar_publisher_stock
70090,5,clara_k16,text_pca64_lexical_calendar_publisher_stock
70094,13,clara_k16,text_pca64_lexical_calendar_publisher_stock
70095,12,clara_k16,text_pca64_lexical_calendar_publisher_stock
70098,13,clara_k16,text_pca64_lexical_calendar_publisher_stock
70105,6,clara_k16,text_pca64_lexical_calendar_publisher_stock
70107,0,clara_k16,text_pca64_lexical_calendar_publisher_stock
70108,12,clara_k16,text_pca64_lexical_calendar_publisher_stock
70115,14,clara_k16,text_pca64_lexical_calendar_publisher_stock
70116,0,clara_k16,text_pca64_lexical_calendar_publisher_stock
70120,12,clara_k16,text_pca64_lexical_calendar_publisher_stock
70129,1,clara_k16,text_pca64_lexical_calendar_publisher_stock
70140,9,clara_k16,text_pca64_lexical_calendar_publisher_stock
70141,7,clara_k16,text_pca64_lexical_calendar_publisher_stock
70142,6,clara_k16,text_pca64_lexical_calendar_publisher_stock
70145,12,clara_k16,text_pca64_lexical_calendar_publisher_stock
70149,13,clara_k16,text_pca64_lexical_calendar_publisher_stock
70155,6,clara_k16,text_pca64_lexical_calendar_publisher_stock
70163,0,clara_k16,text_pca64_lexical_calendar_publisher_stock
70172,13,clara_k16,text_pca64_lexical_calendar_publisher_stock
70191,4,clara_k16,text_pca64_lexical_calendar_publisher_stock
70203,0,clara_k16,text_pca64_lexical_calendar_publisher_stock
70215,2,clara_k16,text_pca64_lexical_calendar_publisher_stock
70226,1,clara_k16,text_pca64_lexical_calendar_publisher_stock
70232,5,clara_k16,text_pca64_lexical_calendar_publisher_stock
70235,9,clara_k16,text_pca64_lexical_calendar_publisher_stock
70237,0,clara_k16,text_pca64_lexical_calendar_publisher_stock
70256,0,clara_k16,text_pca64_lexical_calendar_publisher_stock
70282,0,clara_k16,text_pca64_lexical_calendar_publisher_stock
70302,11,clara_k16,text_pca64_lexical_calendar_publisher_stock
70314,13,clara_k16,text_pca64_lexical_calendar_publisher_stock
70327,1,clara_k16,text_pca64_lexical_calendar_publisher_stock
70330,8,clara_k16,text_pca64_lexical_calendar_publisher_stock
70334,9,clara_k16,text_pca64_lexical_calendar_publisher_stock
70335,7,clara_k16,text_pca64_lexical_calendar_publisher_stock
70346,4,clara_k16,text_pca64_lexical_calendar_publisher_stock
70349,1,clara_k16,text_pca64_lexical_calendar_publisher_stock
70367,0,clara_k16,text_pca64_lexical_calendar_publisher_stock
70370,0,clara_k16,text_pca64_lexical_calendar_publisher_stock
70380,13,clara_k16,text_pca64_lexical_calendar_publisher_stock
70381,1,clara_k16,text_pca64_lexical_calendar_publisher_stock
70397,0,clara_k16,text_pca64_lexical_calendar_publisher_stock
70401,14,clara_k16,text_pca64_lexical_calendar_publisher_stock
70407,0,clara_k16,text_pca64_lexical_calendar_publisher_stock
70416,6,clara_k16,text_pca64_lexical_calendar_publisher_stock
70425,0,clara_k16,text_pca64_lexical_calendar_publisher_stock
70428,0,clara_k16,text_pca64_lexical_calendar_publisher_stock
70431,6,clara_k16,text_pca64_lexical_calendar_publisher_stock
70435,4,clara_k16,text_pca64_lexical_calendar_publisher_stock
70436,1,clara_k16,text_pca64_lexical_calendar_publisher_stock
70443,6,clara_k16,text_pca64_lexical_calendar_publisher_stock
70455,12,clara_k16,text_pca64_lexical_calendar_publisher_stock
70457,9,clara_k16,text_pca64_lexical_calendar_publisher_stock
70481,0,clara_k16,text_pca64_lexical_calendar_publisher_stock
70483,0,clara_k16,text_pca64_lexical_calendar_publisher_stock
70491,12,clara_k16,text_pca64_lexical_calendar_publisher_stock
70517,2,clara_k16,text_pca64_lexical_calendar_publisher_stock
70550,3,clara_k16,text_pca64_lexical_calendar_publisher_stock
70551,3,clara_k16,text_pca64_lexical_calendar_publisher_stock
70557,13,clara_k16,text_pca64_lexical_calendar_publisher_stock
70568,13,clara_k16,text_pca64_lexical_calendar_publisher_stock
70584,0,clara_k16,text_pca64_lexical_calendar_publisher_stock
70590,0,clara_k16,text_pca64_lexical_calendar_publisher_stock
70593,15,clara_k16,text_pca64_lexical_calendar_publisher_stock
70598,15,clara_k16,text_pca64_lexical_calendar_publisher_stock
70608,12,clara_k16,text_pca64_lexical_calendar_publisher_stock
70609,6,clara_k16,text_pca64_lexical_calendar_publisher_stock
70616,4,clara_k16,text_pca64_lexical_calendar_publisher_stock
70619,6,clara_k16,text_pca64_lexical_calendar_publisher_stock
70625,0,clara_k16,text_pca64_lexical_calendar_publisher_stock
70628,0,clara_k16,text_pca64_lexical_calendar_publisher_stock
70633,12,clara_k16,text_pca64_lexical_calendar_publisher_stock
70652,15,clara_k16,text_pca64_lexical_calendar_publisher_stock
70660,15,clara_k16,text_pca64_lexical_calendar_publisher_stock
70664,0,clara_k16,text_pca64_lexical_calendar_publisher_stock
70669,15,clara_k16,text_pca64_lexical_calendar_publisher_stock
70684,2,clara_k16,text_pca64_lexical_calendar_publisher_stock
70686,14,clara_k16,text_pca64_lexical_calendar_publisher_stock
70688,2,clara_k16,text_pca64_lexical_calendar_publisher_stock
70693,0,clara_k16,text_pca64_lexical_calendar_publisher_stock
70700,13,clara_k16,text_pca64_lexical_calendar_publisher_stock
70711,1,clara_k16,text_pca64_lexical_calendar_publisher_stock
70738,14,clara_k16,text_pca64_lexical_calendar_publisher_stock
70743,1,clara_k16,text_pca64_lexical_calendar_publisher_stock
70745,12,clara_k16,text_pca64_lexical_calendar_publisher_stock
70748,6,clara_k16,text_pca64_lexical_calendar_publisher_stock
70754,6,clara_k16,text_pca64_lexical_calendar_publisher_stock
70756,2,clara_k16,text_pca64_lexical_calendar_publisher_stock
70757,2,clara_k16,text_pca64_lexical_calendar_publisher_stock
70762,12,clara_k16,text_pca64_lexical_calendar_publisher_stock
70767,0,clara_k16,text_pca64_lexical_calendar_publisher_stock
70769,2,clara_k16,text_pca64_lexical_calendar_publisher_stock
70796,2,clara_k16,text_pca64_lexical_calendar_publisher_stock
70797,0,clara_k16,text_pca64_lexical_calendar_publisher_stock
70801,1,clara_k16,text_pca64_lexical_calendar_publisher_stock
70802,5,clara_k16,text_pca64_lexical_calendar_publisher_stock
70806,6,clara_k16,text_pca64_lexical_calendar_publisher_stock
70810,11,clara_k16,text_pca64_lexical_calendar_publisher_stock
70811,2,clara_k16,text_pca64_lexical_calendar_publisher_stock
70813,1,clara_k16,text_pca64_lexical_calendar_publisher_stock
70829,6,clara_k16,text_pca64_lexical_calendar_publisher_stock
70830,12,clara_k16,text_pca64_lexical_calendar_publisher_stock
70833,13,clara_k16,text_pca64_lexical_calendar_publisher_stock
70834,1,clara_k16,text_pca64_lexical_calendar_publisher_stock
70845,0,clara_k16,text_pca64_lexical_calendar_publisher_stock
70848,2,clara_k16,text_pca64_lexical_calendar_publisher_stock
70851,12,clara_k16,text_pca64_lexical_calendar_publisher_stock
70853,11,clara_k16,text_pca64_lexical_calendar_publisher_stock
70859,12,clara_k16,text_pca64_lexical_calendar_publisher_stock
70863,1,clara_k16,text_pca64_lexical_calendar_publisher_stock
70879,12,clara_k16,text_pca64_lexical_calendar_publisher_stock
70884,4,clara_k16,text_pca64_lexical_calendar_publisher_stock
70887,1,clara_k16,text_pca64_lexical_calendar_publisher_stock
70894,1,clara_k16,text_pca64_lexical_calendar_publisher_stock
70896,2,clara_k16,text_pca64_lexical_calendar_publisher_stock
70919,4,clara_k16,text_pca64_lexical_calendar_publisher_stock
70922,12,clara_k16,text_pca64_lexical_calendar_publisher_stock
70924,13,clara_k16,text_pca64_lexical_calendar_publisher_stock
70941,4,clara_k16,text_pca64_lexical_calendar_publisher_stock
70943,6,clara_k16,text_pca64_lexical_calendar_publisher_stock
70954,5,clara_k16,text_pca64_lexical_calendar_publisher_stock
70967,0,clara_k16,text_pca64_lexical_calendar_publisher_stock
70974,0,clara_k16,text_pca64_lexical_calendar_publisher_stock
70987,4,clara_k16,text_pca64_lexical_calendar_publisher_stock
70989,12,clara_k16,text_pca64_lexical_calendar_publisher_stock
70993,5,clara_k16,text_pca64_lexical_calendar_publisher_stock
70996,2,clara_k16,text_pca64_lexical_calendar_publisher_stock
71002,0,clara_k16,text_pca64_lexical_calendar_publisher_stock
71003,1,clara_k16,text_pca64_lexical_calendar_publisher_stock
71009,12,clara_k16,text_pca64_lexical_calendar_publisher_stock
71010,0,clara_k16,text_pca64_lexical_calendar_publisher_stock
71022,14,clara_k16,text_pca64_lexical_calendar_publisher_stock
71023,9,clara_k16,text_pca64_lexical_calendar_publisher_stock
71029,4,clara_k16,text_pca64_lexical_calendar_publisher_stock
71036,14,clara_k16,text_pca64_lexical_calendar_publisher_stock
71049,12,clara_k16,text_pca64_lexical_calendar_publisher_stock
71061,1,clara_k16,text_pca64_lexical_calendar_publisher_stock
71065,0,clara_k16,text_pca64_lexical_calendar_publisher_stock
71067,0,clara_k16,text_pca64_lexical_calendar_publisher_stock
71069,1,clara_k16,text_pca64_lexical_calendar_publisher_stock
71070,0,clara_k16,text_pca64_lexical_calendar_publisher_stock
71080,0,clara_k16,text_pca64_lexical_calendar_publisher_stock
71095,6,clara_k16,text_pca64_lexical_calendar_publisher_stock
71097,6,clara_k16,text_pca64_lexical_calendar_publisher_stock
71100,4,clara_k16,text_pca64_lexical_calendar_publisher_stock
71103,6,clara_k16,text_pca64_lexical_calendar_publisher_stock
71107,4,clara_k16,text_pca64_lexical_calendar_publisher_stock
71109,13,clara_k16,text_pca64_lexical_calendar_publisher_stock
71125,6,clara_k16,text_pca64_lexical_calendar_publisher_stock
71131,4,clara_k16,text_pca64_lexical_calendar_publisher_stock
71140,14,clara_k16,text_pca64_lexical_calendar_publisher_stock
71142,1,clara_k16,text_pca64_lexical_calendar_publisher_stock
71161,6,clara_k16,text_pca64_lexical_calendar_publisher_stock
71164,1,clara_k16,text_pca64_lexical_calendar_publisher_stock
71178,0,clara_k16,text_pca64_lexical_calendar_publisher_stock
71184,12,clara_k16,text_pca64_lexical_calendar_publisher_stock
71188,4,clara_k16,text_pca64_lexical_calendar_publisher_stock
71190,7,clara_k16,text_pca64_lexical_calendar_publisher_stock
71191,14,clara_k16,text_pca64_lexical_calendar_publisher_stock
71201,6,clara_k16,text_pca64_lexical_calendar_publisher_stock
71202,1,clara_k16,text_pca64_lexical_calendar_publisher_stock
71205,5,clara_k16,text_pca64_lexical_calendar_publisher_stock
71209,0,clara_k16,text_pca64_lexical_calendar_publisher_stock
71214,0,clara_k16,text_pca64_lexical_calendar_publisher_stock
71222,1,clara_k16,text_pca64_lexical_calendar_publisher_stock
71223,1,clara_k16,text_pca64_lexical_calendar_publisher_stock
71253,1,clara_k16,text_pca64_lexical_calendar_publisher_stock
71256,0,clara_k16,text_pca64_lexical_calendar_publisher_stock
71265,4,clara_k16,text_pca64_lexical_calendar_publisher_stock
71267,2,clara_k16,text_pca64_lexical_calendar_publisher_stock
71281,4,clara_k16,text_pca64_lexical_calendar_publisher_stock
71283,1,clara_k16,text_pca64_lexical_calendar_publisher_stock
71292,1,clara_k16,text_pca64_lexical_calendar_publisher_stock
71294,0,clara_k16,text_pca64_lexical_calendar_publisher_stock
71298,1,clara_k16,text_pca64_lexical_calendar_publisher_stock
71307,6,clara_k16,text_pca64_lexical_calendar_publisher_stock
71316,13,clara_k16,text_pca64_lexical_calendar_publisher_stock
71335,0,clara_k16,text_pca64_lexical_calendar_publisher_stock
71337,4,clara_k16,text_pca64_lexical_calendar_publisher_stock
71340,8,clara_k16,text_pca64_lexical_calendar_publisher_stock
71348,12,clara_k16,text_pca64_lexical_calendar_publisher_stock
71353,0,clara_k16,text_pca64_lexical_calendar_publisher_stock
71355,1,clara_k16,text_pca64_lexical_calendar_publisher_stock
71364,1,clara_k16,text_pca64_lexical_calendar_publisher_stock
71365,1,clara_k16,text_pca64_lexical_calendar_publisher_stock
71374,14,clara_k16,text_pca64_lexical_calendar_publisher_stock
71377,4,clara_k16,text_pca64_lexical_calendar_publisher_stock
71382,0,clara_k16,text_pca64_lexical_calendar_publisher_stock
71390,4,clara_k16,text_pca64_lexical_calendar_publisher_stock
71393,4,clara_k16,text_pca64_lexical_calendar_publisher_stock
71394,1,clara_k16,text_pca64_lexical_calendar_publisher_stock
71402,12,clara_k16,text_pca64_lexical_calendar_publisher_stock
71403,12,clara_k16,text_pca64_lexical_calendar_publisher_stock
71406,1,clara_k16,text_pca64_lexical_calendar_publisher_stock
71408,1,clara_k16,text_pca64_lexical_calendar_publisher_stock
71410,0,clara_k16,text_pca64_lexical_calendar_publisher_stock
71413,2,clara_k16,text_pca64_lexical_calendar_publisher_stock
71419,0,clara_k16,text_pca64_lexical_calendar_publisher_stock
71440,6,clara_k16,text_pca64_lexical_calendar_publisher_stock
71478,0,clara_k16,text_pca64_lexical_calendar_publisher_stock
71483,5,clara_k16,text_pca64_lexical_calendar_publisher_stock
71488,6,clara_k16,text_pca64_lexical_calendar_publisher_stock
71511,14,clara_k16,text_pca64_lexical_calendar_publisher_stock
71512,0,clara_k16,text_pca64_lexical_calendar_publisher_stock
71523,6,clara_k16,text_pca64_lexical_calendar_publisher_stock
71534,9,clara_k16,text_pca64_lexical_calendar_publisher_stock
71538,6,clara_k16,text_pca64_lexical_calendar_publisher_stock
71541,7,clara_k16,text_pca64_lexical_calendar_publisher_stock
71551,9,clara_k16,text_pca64_lexical_calendar_publisher_stock
71552,1,clara_k16,text_pca64_lexical_calendar_publisher_stock
71568,6,clara_k16,text_pca64_lexical_calendar_publisher_stock
71575,12,clara_k16,text_pca64_lexical_calendar_publisher_stock
71579,9,clara_k16,text_pca64_lexical_calendar_publisher_stock
71580,4,clara_k16,text_pca64_lexical_calendar_publisher_stock
71583,4,clara_k16,text_pca64_lexical_calendar_publisher_stock
71585,1,clara_k16,text_pca64_lexical_calendar_publisher_stock
71599,0,clara_k16,text_pca64_lexical_calendar_publisher_stock
71605,3,clara_k16,text_pca64_lexical_calendar_publisher_stock
71619,0,clara_k16,text_pca64_lexical_calendar_publisher_stock
71624,1,clara_k16,text_pca64_lexical_calendar_publisher_stock
71630,3,clara_k16,text_pca64_lexical_calendar_publisher_stock
71654,0,clara_k16,text_pca64_lexical_calendar_publisher_stock
71659,1,clara_k16,text_pca64_lexical_calendar_publisher_stock
71660,0,clara_k16,text_pca64_lexical_calendar_publisher_stock
71662,0,clara_k16,text_pca64_lexical_calendar_publisher_stock
71664,6,clara_k16,text_pca64_lexical_calendar_publisher_stock
71669,0,clara_k16,text_pca64_lexical_calendar_publisher_stock
71673,0,clara_k16,text_pca64_lexical_calendar_publisher_stock
71676,12,clara_k16,text_pca64_lexical_calendar_publisher_stock
71680,5,clara_k16,text_pca64_lexical_calendar_publisher_stock
71681,9,clara_k16,text_pca64_lexical_calendar_publisher_stock
71682,13,clara_k16,text_pca64_lexical_calendar_publisher_stock
71686,5,clara_k16,text_pca64_lexical_calendar_publisher_stock
71687,4,clara_k16,text_pca64_lexical_calendar_publisher_stock
71701,6,clara_k16,text_pca64_lexical_calendar_publisher_stock
71710,0,clara_k16,text_pca64_lexical_calendar_publisher_stock
71712,6,clara_k16,text_pca64_lexical_calendar_publisher_stock
71716,12,clara_k16,text_pca64_lexical_calendar_publisher_stock
71730,2,clara_k16,text_pca64_lexical_calendar_publisher_stock
71731,6,clara_k16,text_pca64_lexical_calendar_publisher_stock
71737,0,clara_k16,text_pca64_lexical_calendar_publisher_stock
71757,6,clara_k16,text_pca64_lexical_calendar_publisher_stock
71758,0,clara_k16,text_pca64_lexical_calendar_publisher_stock
71763,1,clara_k16,text_pca64_lexical_calendar_publisher_stock
71782,2,clara_k16,text_pca64_lexical_calendar_publisher_stock
71785,6,clara_k16,text_pca64_lexical_calendar_publisher_stock
71787,2,clara_k16,text_pca64_lexical_calendar_publisher_stock
71807,6,clara_k16,text_pca64_lexical_calendar_publisher_stock
71843,0,clara_k16,text_pca64_lexical_calendar_publisher_stock
71845,0,clara_k16,text_pca64_lexical_calendar_publisher_stock
71872,2,clara_k16,text_pca64_lexical_calendar_publisher_stock
71874,4,clara_k16,text_pca64_lexical_calendar_publisher_stock
71877,0,clara_k16,text_pca64_lexical_calendar_publisher_stock
71888,1,clara_k16,text_pca64_lexical_calendar_publisher_stock
71905,1,clara_k16,text_pca64_lexical_calendar_publisher_stock
71917,6,clara_k16,text_pca64_lexical_calendar_publisher_stock
71920,6,clara_k16,text_pca64_lexical_calendar_publisher_stock
71921,1,clara_k16,text_pca64_lexical_calendar_publisher_stock
71925,1,clara_k16,text_pca64_lexical_calendar_publisher_stock
71930,6,clara_k16,text_pca64_lexical_calendar_publisher_stock
71935,0,clara_k16,text_pca64_lexical_calendar_publisher_stock
71938,1,clara_k16,text_pca64_lexical_calendar_publisher_stock
71940,0,clara_k16,text_pca64_lexical_calendar_publisher_stock
71943,2,clara_k16,text_pca64_lexical_calendar_publisher_stock
71949,0,clara_k16,text_pca64_lexical_calendar_publisher_stock
71954,6,clara_k16,text_pca64_lexical_calendar_publisher_stock
71990,0,clara_k16,text_pca64_lexical_calendar_publisher_stock
72001,7,clara_k16,text_pca64_lexical_calendar_publisher_stock
72003,6,clara_k16,text_pca64_lexical_calendar_publisher_stock
72006,0,clara_k16,text_pca64_lexical_calendar_publisher_stock
72019,6,clara_k16,text_pca64_lexical_calendar_publisher_stock
72029,9,clara_k16,text_pca64_lexical_calendar_publisher_stock
72030,7,clara_k16,text_pca64_lexical_calendar_publisher_stock
72039,2,clara_k16,text_pca64_lexical_calendar_publisher_stock
72040,1,clara_k16,text_pca64_lexical_calendar_publisher_stock
72057,6,clara_k16,text_pca64_lexical_calendar_publisher_stock
72058,6,clara_k16,text_pca64_lexical_calendar_publisher_stock
72062,0,clara_k16,text_pca64_lexical_calendar_publisher_stock
72063,6,clara_k16,text_pca64_lexical_calendar_publisher_stock
72064,0,clara_k16,text_pca64_lexical_calendar_publisher_stock
72065,0,clara_k16,text_pca64_lexical_calendar_publisher_stock
72070,1,clara_k16,text_pca64_lexical_calendar_publisher_stock
72079,4,clara_k16,text_pca64_lexical_calendar_publisher_stock
72085,1,clara_k16,text_pca64_lexical_calendar_publisher_stock
72111,13,clara_k16,text_pca64_lexical_calendar_publisher_stock
72119,6,clara_k16,text_pca64_lexical_calendar_publisher_stock
72120,1,clara_k16,text_pca64_lexical_calendar_publisher_stock
72128,1,clara_k16,text_pca64_lexical_calendar_publisher_stock
72129,0,clara_k16,text_pca64_lexical_calendar_publisher_stock
72130,0,clara_k16,text_pca64_lexical_calendar_publisher_stock
72132,1,clara_k16,text_pca64_lexical_calendar_publisher_stock
72139,1,clara_k16,text_pca64_lexical_calendar_publisher_stock
72142,1,clara_k16,text_pca64_lexical_calendar_publisher_stock
72147,1,clara_k16,text_pca64_lexical_calendar_publisher_stock
72151,1,clara_k16,text_pca64_lexical_calendar_publisher_stock
72155,1,clara_k16,text_pca64_lexical_calendar_publisher_stock
72156,6,clara_k16,text_pca64_lexical_calendar_publisher_stock
72157,4,clara_k16,text_pca64_lexical_calendar_publisher_stock
72160,4,clara_k16,text_pca64_lexical_calendar_publisher_stock
72164,1,clara_k16,text_pca64_lexical_calendar_publisher_stock
72169,1,clara_k16,text_pca64_lexical_calendar_publisher_stock
72180,1,clara_k16,text_pca64_lexical_calendar_publisher_stock
72188,0,clara_k16,text_pca64_lexical_calendar_publisher_stock
72192,1,clara_k16,text_pca64_lexical_calendar_publisher_stock
72200,1,clara_k16,text_pca64_lexical_calendar_publisher_stock
72207,4,clara_k16,text_pca64_lexical_calendar_publisher_stock
72217,1,clara_k16,text_pca64_lexical_calendar_publisher_stock
72228,0,clara_k16,text_pca64_lexical_calendar_publisher_stock
72239,1,clara_k16,text_pca64_lexical_calendar_publisher_stock
72247,1,clara_k16,text_pca64_lexical_calendar_publisher_stock
72248,0,clara_k16,text_pca64_lexical_calendar_publisher_stock
72259,6,clara_k16,text_pca64_lexical_calendar_publisher_stock
72261,12,clara_k16,text_pca64_lexical_calendar_publisher_stock
72263,6,clara_k16,text_pca64_lexical_calendar_publisher_stock
72266,1,clara_k16,text_pca64_lexical_calendar_publisher_stock
72269,0,clara_k16,text_pca64_lexical_calendar_publisher_stock
72282,0,clara_k16,text_pca64_lexical_calendar_publisher_stock
72283,1,clara_k16,text_pca64_lexical_calendar_publisher_stock
72289,4,clara_k16,text_pca64_lexical_calendar_publisher_stock
72290,0,clara_k16,text_pca64_lexical_calendar_publisher_stock
72292,13,clara_k16,text_pca64_lexical_calendar_publisher_stock
72296,1,clara_k16,text_pca64_lexical_calendar_publisher_stock
72305,7,clara_k16,text_pca64_lexical_calendar_publisher_stock
72325,7,clara_k16,text_pca64_lexical_calendar_publisher_stock
72326,6,clara_k16,text_pca64_lexical_calendar_publisher_stock
72331,12,clara_k16,text_pca64_lexical_calendar_publisher_stock
72334,0,clara_k16,text_pca64_lexical_calendar_publisher_stock
72336,15,clara_k16,text_pca64_lexical_calendar_publisher_stock
72345,6,clara_k16,text_pca64_lexical_calendar_publisher_stock
72363,0,clara_k16,text_pca64_lexical_calendar_publisher_stock
72366,6,clara_k16,text_pca64_lexical_calendar_publisher_stock
72368,2,clara_k16,text_pca64_lexical_calendar_publisher_stock
72375,2,clara_k16,text_pca64_lexical_calendar_publisher_stock
72380,0,clara_k16,text_pca64_lexical_calendar_publisher_stock
72389,12,clara_k16,text_pca64_lexical_calendar_publisher_stock
72397,6,clara_k16,text_pca64_lexical_calendar_publisher_stock
72399,4,clara_k16,text_pca64_lexical_calendar_publisher_stock
72403,14,clara_k16,text_pca64_lexical_calendar_publisher_stock
72415,2,clara_k16,text_pca64_lexical_calendar_publisher_stock
72419,0,clara_k16,text_pca64_lexical_calendar_publisher_stock
72426,5,clara_k16,text_pca64_lexical_calendar_publisher_stock
72431,6,clara_k16,text_pca64_lexical_calendar_publisher_stock
72440,0,clara_k16,text_pca64_lexical_calendar_publisher_stock
72441,4,clara_k16,text_pca64_lexical_calendar_publisher_stock
72442,13,clara_k16,text_pca64_lexical_calendar_publisher_stock
72443,2,clara_k16,text_pca64_lexical_calendar_publisher_stock
72444,1,clara_k16,text_pca64_lexical_calendar_publisher_stock
72445,2,clara_k16,text_pca64_lexical_calendar_publisher_stock
72446,13,clara_k16,text_pca64_lexical_calendar_publisher_stock
72456,5,clara_k16,text_pca64_lexical_calendar_publisher_stock
72459,2,clara_k16,text_pca64_lexical_calendar_publisher_stock
72465,0,clara_k16,text_pca64_lexical_calendar_publisher_stock
72470,6,clara_k16,text_pca64_lexical_calendar_publisher_stock
72475,0,clara_k16,text_pca64_lexical_calendar_publisher_stock
72479,4,clara_k16,text_pca64_lexical_calendar_publisher_stock
72490,0,clara_k16,text_pca64_lexical_calendar_publisher_stock
72496,0,clara_k16,text_pca64_lexical_calendar_publisher_stock
72504,1,clara_k16,text_pca64_lexical_calendar_publisher_stock
72522,1,clara_k16,text_pca64_lexical_calendar_publisher_stock
72527,14,clara_k16,text_pca64_lexical_calendar_publisher_stock
72529,4,clara_k16,text_pca64_lexical_calendar_publisher_stock
72532,2,clara_k16,text_pca64_lexical_calendar_publisher_stock
72535,0,clara_k16,text_pca64_lexical_calendar_publisher_stock
72538,6,clara_k16,text_pca64_lexical_calendar_publisher_stock
72549,12,clara_k16,text_pca64_lexical_calendar_publisher_stock
72559,2,clara_k16,text_pca64_lexical_calendar_publisher_stock
72562,0,clara_k16,text_pca64_lexical_calendar_publisher_stock
72581,1,clara_k16,text_pca64_lexical_calendar_publisher_stock
72609,1,clara_k16,text_pca64_lexical_calendar_publisher_stock
72622,1,clara_k16,text_pca64_lexical_calendar_publisher_stock
72626,2,clara_k16,text_pca64_lexical_calendar_publisher_stock
72636,0,clara_k16,text_pca64_lexical_calendar_publisher_stock
72637,13,clara_k16,text_pca64_lexical_calendar_publisher_stock
72641,1,clara_k16,text_pca64_lexical_calendar_publisher_stock
72646,6,clara_k16,text_pca64_lexical_calendar_publisher_stock
72665,4,clara_k16,text_pca64_lexical_calendar_publisher_stock
72672,4,clara_k16,text_pca64_lexical_calendar_publisher_stock
72677,8,clara_k16,text_pca64_lexical_calendar_publisher_stock
72685,5,clara_k16,text_pca64_lexical_calendar_publisher_stock
72687,12,clara_k16,text_pca64_lexical_calendar_publisher_stock
72688,0,clara_k16,text_pca64_lexical_calendar_publisher_stock
72690,0,clara_k16,text_pca64_lexical_calendar_publisher_stock
72696,1,clara_k16,text_pca64_lexical_calendar_publisher_stock
72724,0,clara_k16,text_pca64_lexical_calendar_publisher_stock
72757,1,clara_k16,text_pca64_lexical_calendar_publisher_stock
72758,0,clara_k16,text_pca64_lexical_calendar_publisher_stock
72761,1,clara_k16,text_pca64_lexical_calendar_publisher_stock
72763,6,clara_k16,text_pca64_lexical_calendar_publisher_stock
72771,1,clara_k16,text_pca64_lexical_calendar_publisher_stock
72772,0,clara_k16,text_pca64_lexical_calendar_publisher_stock
72785,4,clara_k16,text_pca64_lexical_calendar_publisher_stock
72804,1,clara_k16,text_pca64_lexical_calendar_publisher_stock
72809,2,clara_k16,text_pca64_lexical_calendar_publisher_stock
72811,1,clara_k16,text_pca64_lexical_calendar_publisher_stock
72814,1,clara_k16,text_pca64_lexical_calendar_publisher_stock
72817,6,clara_k16,text_pca64_lexical_calendar_publisher_stock
72824,4,clara_k16,text_pca64_lexical_calendar_publisher_stock
72826,4,clara_k16,text_pca64_lexical_calendar_publisher_stock
72839,0,clara_k16,text_pca64_lexical_calendar_publisher_stock
72845,0,clara_k16,text_pca64_lexical_calendar_publisher_stock
72854,2,clara_k16,text_pca64_lexical_calendar_publisher_stock
72857,1,clara_k16,text_pca64_lexical_calendar_publisher_stock
72858,14,clara_k16,text_pca64_lexical_calendar_publisher_stock
72859,1,clara_k16,text_pca64_lexical_calendar_publisher_stock
72862,1,clara_k16,text_pca64_lexical_calendar_publisher_stock
72863,6,clara_k16,text_pca64_lexical_calendar_publisher_stock
72872,0,clara_k16,text_pca64_lexical_calendar_publisher_stock
72878,4,clara_k16,text_pca64_lexical_calendar_publisher_stock
72884,4,clara_k16,text_pca64_lexical_calendar_publisher_stock
72889,0,clara_k16,text_pca64_lexical_calendar_publisher_stock
72893,0,clara_k16,text_pca64_lexical_calendar_publisher_stock
72900,1,clara_k16,text_pca64_lexical_calendar_publisher_stock
72906,1,clara_k16,text_pca64_lexical_calendar_publisher_stock
72915,1,clara_k16,text_pca64_lexical_calendar_publisher_stock
72919,4,clara_k16,text_pca64_lexical_calendar_publisher_stock
72926,0,clara_k16,text_pca64_lexical_calendar_publisher_stock
72935,0,clara_k16,text_pca64_lexical_calendar_publisher_stock
72937,0,clara_k16,text_pca64_lexical_calendar_publisher_stock
72952,0,clara_k16,text_pca64_lexical_calendar_publisher_stock
72958,14,clara_k16,text_pca64_lexical_calendar_publisher_stock
72974,0,clara_k16,text_pca64_lexical_calendar_publisher_stock
72979,0,clara_k16,text_pca64_lexical_calendar_publisher_stock
72983,4,clara_k16,text_pca64_lexical_calendar_publisher_stock
72989,4,clara_k16,text_pca64_lexical_calendar_publisher_stock
72990,0,clara_k16,text_pca64_lexical_calendar_publisher_stock
73000,0,clara_k16,text_pca64_lexical_calendar_publisher_stock
73006,0,clara_k16,text_pca64_lexical_calendar_publisher_stock
73007,0,clara_k16,text_pca64_lexical_calendar_publisher_stock
73009,0,clara_k16,text_pca64_lexical_calendar_publisher_stock
73015,6,clara_k16,text_pca64_lexical_calendar_publisher_stock
73019,0,clara_k16,text_pca64_lexical_calendar_publisher_stock
73031,4,clara_k16,text_pca64_lexical_calendar_publisher_stock
73037,1,clara_k16,text_pca64_lexical_calendar_publisher_stock
73041,1,clara_k16,text_pca64_lexical_calendar_publisher_stock
73050,4,clara_k16,text_pca64_lexical_calendar_publisher_stock
73052,1,clara_k16,text_pca64_lexical_calendar_publisher_stock
73080,4,clara_k16,text_pca64_lexical_calendar_publisher_stock
73083,1,clara_k16,text_pca64_lexical_calendar_publisher_stock
73092,12,clara_k16,text_pca64_lexical_calendar_publisher_stock
73095,5,clara_k16,text_pca64_lexical_calendar_publisher_stock
73097,3,clara_k16,text_pca64_lexical_calendar_publisher_stock
73111,4,clara_k16,text_pca64_lexical_calendar_publisher_stock
73117,4,clara_k16,text_pca64_lexical_calendar_publisher_stock
73128,12,clara_k16,text_pca64_lexical_calendar_publisher_stock
73129,2,clara_k16,text_pca64_lexical_calendar_publisher_stock
73141,1,clara_k16,text_pca64_lexical_calendar_publisher_stock
73145,4,clara_k16,text_pca64_lexical_calendar_publisher_stock
73146,1,clara_k16,text_pca64_lexical_calendar_publisher_stock
73147,4,clara_k16,text_pca64_lexical_calendar_publisher_stock
73148,0,clara_k16,text_pca64_lexical_calendar_publisher_stock
73154,13,clara_k16,text_pca64_lexical_calendar_publisher_stock
73160,2,clara_k16,text_pca64_lexical_calendar_publisher_stock
73172,15,clara_k16,text_pca64_lexical_calendar_publisher_stock
73199,0,clara_k16,text_pca64_lexical_calendar_publisher_stock
73205,0,clara_k16,text_pca64_lexical_calendar_publisher_stock
73217,13,clara_k16,text_pca64_lexical_calendar_publisher_stock
73221,12,clara_k16,text_pca64_lexical_calendar_publisher_stock
73234,0,clara_k16,text_pca64_lexical_calendar_publisher_stock
73241,2,clara_k16,text_pca64_lexical_calendar_publisher_stock
73250,4,clara_k16,text_pca64_lexical_calendar_publisher_stock
73259,1,clara_k16,text_pca64_lexical_calendar_publisher_stock
73260,1,clara_k16,text_pca64_lexical_calendar_publisher_stock
73266,6,clara_k16,text_pca64_lexical_calendar_publisher_stock
73276,2,clara_k16,text_pca64_lexical_calendar_publisher_stock
73279,12,clara_k16,text_pca64_lexical_calendar_publisher_stock
73281,14,clara_k16,text_pca64_lexical_calendar_publisher_stock
73304,2,clara_k16,text_pca64_lexical_calendar_publisher_stock
73311,6,clara_k16,text_pca64_lexical_calendar_publisher_stock
73314,4,clara_k16,text_pca64_lexical_calendar_publisher_stock
73316,2,clara_k16,text_pca64_lexical_calendar_publisher_stock
73337,0,clara_k16,text_pca64_lexical_calendar_publisher_stock
73342,13,clara_k16,text_pca64_lexical_calendar_publisher_stock
73343,4,clara_k16,text_pca64_lexical_calendar_publisher_stock
73351,0,clara_k16,text_pca64_lexical_calendar_publisher_stock
73353,1,clara_k16,text_pca64_lexical_calendar_publisher_stock
73362,2,clara_k16,text_pca64_lexical_calendar_publisher_stock
73371,12,clara_k16,text_pca64_lexical_calendar_publisher_stock
73380,14,clara_k16,text_pca64_lexical_calendar_publisher_stock
73381,6,clara_k16,text_pca64_lexical_calendar_publisher_stock
73386,4,clara_k16,text_pca64_lexical_calendar_publisher_stock
73387,2,clara_k16,text_pca64_lexical_calendar_publisher_stock
73394,8,clara_k16,text_pca64_lexical_calendar_publisher_stock
73400,8,clara_k16,text_pca64_lexical_calendar_publisher_stock
73421,0,clara_k16,text_pca64_lexical_calendar_publisher_stock
73426,0,clara_k16,text_pca64_lexical_calendar_publisher_stock
73430,1,clara_k16,text_pca64_lexical_calendar_publisher_stock
73434,1,clara_k16,text_pca64_lexical_calendar_publisher_stock
73449,1,clara_k16,text_pca64_lexical_calendar_publisher_stock
73456,6,clara_k16,text_pca64_lexical_calendar_publisher_stock
73460,1,clara_k16,text_pca64_lexical_calendar_publisher_stock
73464,1,clara_k16,text_pca64_lexical_calendar_publisher_stock
73467,1,clara_k16,text_pca64_lexical_calendar_publisher_stock
73473,12,clara_k16,text_pca64_lexical_calendar_publisher_stock
73481,11,clara_k16,text_pca64_lexical_calendar_publisher_stock
73515,0,clara_k16,text_pca64_lexical_calendar_publisher_stock
73520,0,clara_k16,text_pca64_lexical_calendar_publisher_stock
73534,0,clara_k16,text_pca64_lexical_calendar_publisher_stock
73538,4,clara_k16,text_pca64_lexical_calendar_publisher_stock
73550,12,clara_k16,text_pca64_lexical_calendar_publisher_stock
73557,11,clara_k16,text_pca64_lexical_calendar_publisher_stock
73558,1,clara_k16,text_pca64_lexical_calendar_publisher_stock
73562,0,clara_k16,text_pca64_lexical_calendar_publisher_stock
73564,1,clara_k16,text_pca64_lexical_calendar_publisher_stock
73565,0,clara_k16,text_pca64_lexical_calendar_publisher_stock
73573,13,clara_k16,text_pca64_lexical_calendar_publisher_stock
73600,5,clara_k16,text_pca64_lexical_calendar_publisher_stock
73610,0,clara_k16,text_pca64_lexical_calendar_publisher_stock
73618,12,clara_k16,text_pca64_lexical_calendar_publisher_stock
73630,0,clara_k16,text_pca64_lexical_calendar_publisher_stock
73639,12,clara_k16,text_pca64_lexical_calendar_publisher_stock
73645,1,clara_k16,text_pca64_lexical_calendar_publisher_stock
73646,4,clara_k16,text_pca64_lexical_calendar_publisher_stock
73647,4,clara_k16,text_pca64_lexical_calendar_publisher_stock
73658,1,clara_k16,text_pca64_lexical_calendar_publisher_stock
73659,1,clara_k16,text_pca64_lexical_calendar_publisher_stock
73661,6,clara_k16,text_pca64_lexical_calendar_publisher_stock
73681,1,clara_k16,text_pca64_lexical_calendar_publisher_stock
73691,1,clara_k16,text_pca64_lexical_calendar_publisher_stock
73693,12,clara_k16,text_pca64_lexical_calendar_publisher_stock
73699,1,clara_k16,text_pca64_lexical_calendar_publisher_stock
73700,1,clara_k16,text_pca64_lexical_calendar_publisher_stock
73718,1,clara_k16,text_pca64_lexical_calendar_publisher_stock
73729,2,clara_k16,text_pca64_lexical_calendar_publisher_stock
73731,1,clara_k16,text_pca64_lexical_calendar_publisher_stock
73732,1,clara_k16,text_pca64_lexical_calendar_publisher_stock
73736,12,clara_k16,text_pca64_lexical_calendar_publisher_stock
73747,1,clara_k16,text_pca64_lexical_calendar_publisher_stock
73759,4,clara_k16,text_pca64_lexical_calendar_publisher_stock
73767,1,clara_k16,text_pca64_lexical_calendar_publisher_stock
73772,6,clara_k16,text_pca64_lexical_calendar_publisher_stock
73783,1,clara_k16,text_pca64_lexical_calendar_publisher_stock
73787,9,clara_k16,text_pca64_lexical_calendar_publisher_stock
73789,4,clara_k16,text_pca64_lexical_calendar_publisher_stock
73791,0,clara_k16,text_pca64_lexical_calendar_publisher_stock
73793,0,clara_k16,text_pca64_lexical_calendar_publisher_stock
73796,8,clara_k16,text_pca64_lexical_calendar_publisher_stock
73799,0,clara_k16,text_pca64_lexical_calendar_publisher_stock
73814,4,clara_k16,text_pca64_lexical_calendar_publisher_stock
73817,10,clara_k16,text_pca64_lexical_calendar_publisher_stock
73821,12,clara_k16,text_pca64_lexical_calendar_publisher_stock
73825,0,clara_k16,text_pca64_lexical_calendar_publisher_stock
73826,10,clara_k16,text_pca64_lexical_calendar_publisher_stock
73834,13,clara_k16,text_pca64_lexical_calendar_publisher_stock
73838,8,clara_k16,text_pca64_lexical_calendar_publisher_stock
73841,1,clara_k16,text_pca64_lexical_calendar_publisher_stock
73842,8,clara_k16,text_pca64_lexical_calendar_publisher_stock
73856,1,clara_k16,text_pca64_lexical_calendar_publisher_stock
73860,1,clara_k16,text_pca64_lexical_calendar_publisher_stock
73866,4,clara_k16,text_pca64_lexical_calendar_publisher_stock
73867,4,clara_k16,text_pca64_lexical_calendar_publisher_stock
73871,1,clara_k16,text_pca64_lexical_calendar_publisher_stock
73874,2,clara_k16,text_pca64_lexical_calendar_publisher_stock
73877,1,clara_k16,text_pca64_lexical_calendar_publisher_stock
73881,4,clara_k16,text_pca64_lexical_calendar_publisher_stock
73897,3,clara_k16,text_pca64_lexical_calendar_publisher_stock
73899,6,clara_k16,text_pca64_lexical_calendar_publisher_stock
73904,6,clara_k16,text_pca64_lexical_calendar_publisher_stock
73906,0,clara_k16,text_pca64_lexical_calendar_publisher_stock
73908,0,clara_k16,text_pca64_lexical_calendar_publisher_stock
73911,4,clara_k16,text_pca64_lexical_calendar_publisher_stock
73912,4,clara_k16,text_pca64_lexical_calendar_publisher_stock
73917,1,clara_k16,text_pca64_lexical_calendar_publisher_stock
73939,0,clara_k16,text_pca64_lexical_calendar_publisher_stock
73940,0,clara_k16,text_pca64_lexical_calendar_publisher_stock
73946,13,clara_k16,text_pca64_lexical_calendar_publisher_stock
73958,2,clara_k16,text_pca64_lexical_calendar_publisher_stock
73959,0,clara_k16,text_pca64_lexical_calendar_publisher_stock
73961,0,clara_k16,text_pca64_lexical_calendar_publisher_stock
73966,0,clara_k16,text_pca64_lexical_calendar_publisher_stock
73976,0,clara_k16,text_pca64_lexical_calendar_publisher_stock
73989,1,clara_k16,text_pca64_lexical_calendar_publisher_stock
73992,0,clara_k16,text_pca64_lexical_calendar_publisher_stock
74001,1,clara_k16,text_pca64_lexical_calendar_publisher_stock
74004,1,clara_k16,text_pca64_lexical_calendar_publisher_stock
74009,1,clara_k16,text_pca64_lexical_calendar_publisher_stock
74012,0,clara_k16,text_pca64_lexical_calendar_publisher_stock
74017,12,clara_k16,text_pca64_lexical_calendar_publisher_stock
74019,0,clara_k16,text_pca64_lexical_calendar_publisher_stock
74045,1,clara_k16,text_pca64_lexical_calendar_publisher_stock
74047,1,clara_k16,text_pca64_lexical_calendar_publisher_stock
74052,1,clara_k16,text_pca64_lexical_calendar_publisher_stock
74058,2,clara_k16,text_pca64_lexical_calendar_publisher_stock
74061,2,clara_k16,text_pca64_lexical_calendar_publisher_stock
74063,1,clara_k16,text_pca64_lexical_calendar_publisher_stock
74068,1,clara_k16,text_pca64_lexical_calendar_publisher_stock
74078,1,clara_k16,text_pca64_lexical_calendar_publisher_stock
74080,1,clara_k16,text_pca64_lexical_calendar_publisher_stock
74087,4,clara_k16,text_pca64_lexical_calendar_publisher_stock
74093,1,clara_k16,text_pca64_lexical_calendar_publisher_stock
74110,1,clara_k16,text_pca64_lexical_calendar_publisher_stock
74115,1,clara_k16,text_pca64_lexical_calendar_publisher_stock
74117,1,clara_k16,text_pca64_lexical_calendar_publisher_stock
74118,1,clara_k16,text_pca64_lexical_calendar_publisher_stock
74120,12,clara_k16,text_pca64_lexical_calendar_publisher_stock
74126,4,clara_k16,text_pca64_lexical_calendar_publisher_stock
74132,1,clara_k16,text_pca64_lexical_calendar_publisher_stock
74154,0,clara_k16,text_pca64_lexical_calendar_publisher_stock
74156,15,clara_k16,text_pca64_lexical_calendar_publisher_stock
74161,2,clara_k16,text_pca64_lexical_calendar_publisher_stock
74186,2,clara_k16,text_pca64_lexical_calendar_publisher_stock
74195,0,clara_k16,text_pca64_lexical_calendar_publisher_stock
74197,2,clara_k16,text_pca64_lexical_calendar_publisher_stock
74200,1,clara_k16,text_pca64_lexical_calendar_publisher_stock
74201,1,clara_k16,text_pca64_lexical_calendar_publisher_stock
74207,0,clara_k16,text_pca64_lexical_calendar_publisher_stock
74220,2,clara_k16,text_pca64_lexical_calendar_publisher_stock
74238,1,clara_k16,text_pca64_lexical_calendar_publisher_stock
74249,4,clara_k16,text_pca64_lexical_calendar_publisher_stock
74250,2,clara_k16,text_pca64_lexical_calendar_publisher_stock
74252,1,clara_k16,text_pca64_lexical_calendar_publisher_stock
74254,1,clara_k16,text_pca64_lexical_calendar_publisher_stock
74257,1,clara_k16,text_pca64_lexical_calendar_publisher_stock
74273,2,clara_k16,text_pca64_lexical_calendar_publisher_stock
74277,0,clara_k16,text_pca64_lexical_calendar_publisher_stock
74303,1,clara_k16,text_pca64_lexical_calendar_publisher_stock
74304,1,clara_k16,text_pca64_lexical_calendar_publisher_stock
74321,1,clara_k16,text_pca64_lexical_calendar_publisher_stock
74336,1,clara_k16,text_pca64_lexical_calendar_publisher_stock
74343,1,clara_k16,text_pca64_lexical_calendar_publisher_stock
74360,0,clara_k16,text_pca64_lexical_calendar_publisher_stock
74368,12,clara_k16,text_pca64_lexical_calendar_publisher_stock
74373,0,clara_k16,text_pca64_lexical_calendar_publisher_stock
74375,0,clara_k16,text_pca64_lexical_calendar_publisher_stock
74376,6,clara_k16,text_pca64_lexical_calendar_publisher_stock
74380,6,clara_k16,text_pca64_lexical_calendar_publisher_stock
74386,0,clara_k16,text_pca64_lexical_calendar_publisher_stock
74393,0,clara_k16,text_pca64_lexical_calendar_publisher_stock
74402,0,clara_k16,text_pca64_lexical_calendar_publisher_stock
74411,6,clara_k16,text_pca64_lexical_calendar_publisher_stock
74419,11,clara_k16,text_pca64_lexical_calendar_publisher_stock
74423,14,clara_k16,text_pca64_lexical_calendar_publisher_stock
74427,2,clara_k16,text_pca64_lexical_calendar_publisher_stock
74431,6,clara_k16,text_pca64_lexical_calendar_publisher_stock
74433,0,clara_k16,text_pca64_lexical_calendar_publisher_stock
74435,0,clara_k16,text_pca64_lexical_calendar_publisher_stock
74439,0,clara_k16,text_pca64_lexical_calendar_publisher_stock
74440,6,clara_k16,text_pca64_lexical_calendar_publisher_stock
74448,1,clara_k16,text_pca64_lexical_calendar_publisher_stock
74457,0,clara_k16,text_pca64_lexical_calendar_publisher_stock
74477,4,clara_k16,text_pca64_lexical_calendar_publisher_stock
74479,2,clara_k16,text_pca64_lexical_calendar_publisher_stock
74480,4,clara_k16,text_pca64_lexical_calendar_publisher_stock
74481,6,clara_k16,text_pca64_lexical_calendar_publisher_stock
74483,0,clara_k16,text_pca64_lexical_calendar_publisher_stock
74484,0,clara_k16,text_pca64_lexical_calendar_publisher_stock
74488,14,clara_k16,text_pca64_lexical_calendar_publisher_stock
74496,0,clara_k16,text_pca64_lexical_calendar_publisher_stock
74497,4,clara_k16,text_pca64_lexical_calendar_publisher_stock
74503,4,clara_k16,text_pca64_lexical_calendar_publisher_stock
74505,5,clara_k16,text_pca64_lexical_calendar_publisher_stock
74515,9,clara_k16,text_pca64_lexical_calendar_publisher_stock
74517,0,clara_k16,text_pca64_lexical_calendar_publisher_stock
74524,0,clara_k16,text_pca64_lexical_calendar_publisher_stock
74530,5,clara_k16,text_pca64_lexical_calendar_publisher_stock
74535,6,clara_k16,text_pca64_lexical_calendar_publisher_stock
74539,9,clara_k16,text_pca64_lexical_calendar_publisher_stock
74544,0,clara_k16,text_pca64_lexical_calendar_publisher_stock
74545,6,clara_k16,text_pca64_lexical_calendar_publisher_stock
74546,0,clara_k16,text_pca64_lexical_calendar_publisher_stock
74555,8,clara_k16,text_pca64_lexical_calendar_publisher_stock
74559,1,clara_k16,text_pca64_lexical_calendar_publisher_stock
74561,1,clara_k16,text_pca64_lexical_calendar_publisher_stock
74562,4,clara_k16,text_pca64_lexical_calendar_publisher_stock
74566,0,clara_k16,text_pca64_lexical_calendar_publisher_stock
74579,4,clara_k16,text_pca64_lexical_calendar_publisher_stock
74604,12,clara_k16,text_pca64_lexical_calendar_publisher_stock
74606,5,clara_k16,text_pca64_lexical_calendar_publisher_stock
74607,6,clara_k16,text_pca64_lexical_calendar_publisher_stock
74620,12,clara_k16,text_pca64_lexical_calendar_publisher_stock
74629,1,clara_k16,text_pca64_lexical_calendar_publisher_stock
74630,2,clara_k16,text_pca64_lexical_calendar_publisher_stock
74641,12,clara_k16,text_pca64_lexical_calendar_publisher_stock
74643,6,clara_k16,text_pca64_lexical_calendar_publisher_stock
74646,2,clara_k16,text_pca64_lexical_calendar_publisher_stock
74655,0,clara_k16,text_pca64_lexical_calendar_publisher_stock
74664,0,clara_k16,text_pca64_lexical_calendar_publisher_stock
74665,0,clara_k16,text_pca64_lexical_calendar_publisher_stock
74669,13,clara_k16,text_pca64_lexical_calendar_publisher_stock
74674,0,clara_k16,text_pca64_lexical_calendar_publisher_stock
74688,0,clara_k16,text_pca64_lexical_calendar_publisher_stock
74689,1,clara_k16,text_pca64_lexical_calendar_publisher_stock
74705,9,clara_k16,text_pca64_lexical_calendar_publisher_stock
74721,0,clara_k16,text_pca64_lexical_calendar_publisher_stock
74722,1,clara_k16,text_pca64_lexical_calendar_publisher_stock
74730,7,clara_k16,text_pca64_lexical_calendar_publisher_stock
74731,0,clara_k16,text_pca64_lexical_calendar_publisher_stock
74733,6,clara_k16,text_pca64_lexical_calendar_publisher_stock
74739,0,clara_k16,text_pca64_lexical_calendar_publisher_stock
74743,0,clara_k16,text_pca64_lexical_calendar_publisher_stock
74758,8,clara_k16,text_pca64_lexical_calendar_publisher_stock
74759,1,clara_k16,text_pca64_lexical_calendar_publisher_stock
74768,0,clara_k16,text_pca64_lexical_calendar_publisher_stock
74775,1,clara_k16,text_pca64_lexical_calendar_publisher_stock
74778,4,clara_k16,text_pca64_lexical_calendar_publisher_stock
74786,2,clara_k16,text_pca64_lexical_calendar_publisher_stock
74790,12,clara_k16,text_pca64_lexical_calendar_publisher_stock
74794,6,clara_k16,text_pca64_lexical_calendar_publisher_stock
74806,0,clara_k16,text_pca64_lexical_calendar_publisher_stock
74808,6,clara_k16,text_pca64_lexical_calendar_publisher_stock
74817,0,clara_k16,text_pca64_lexical_calendar_publisher_stock
74818,1,clara_k16,text_pca64_lexical_calendar_publisher_stock
74833,1,clara_k16,text_pca64_lexical_calendar_publisher_stock
74839,13,clara_k16,text_pca64_lexical_calendar_publisher_stock
74845,1,clara_k16,text_pca64_lexical_calendar_publisher_stock
74851,4,clara_k16,text_pca64_lexical_calendar_publisher_stock
74857,1,clara_k16,text_pca64_lexical_calendar_publisher_stock
74858,1,clara_k16,text_pca64_lexical_calendar_publisher_stock
74865,4,clara_k16,text_pca64_lexical_calendar_publisher_stock
74875,1,clara_k16,text_pca64_lexical_calendar_publisher_stock
74889,13,clara_k16,text_pca64_lexical_calendar_publisher_stock
74890,6,clara_k16,text_pca64_lexical_calendar_publisher_stock
74892,12,clara_k16,text_pca64_lexical_calendar_publisher_stock
74902,2,clara_k16,text_pca64_lexical_calendar_publisher_stock
74908,4,clara_k16,text_pca64_lexical_calendar_publisher_stock
74909,1,clara_k16,text_pca64_lexical_calendar_publisher_stock
74912,13,clara_k16,text_pca64_lexical_calendar_publisher_stock
74914,4,clara_k16,text_pca64_lexical_calendar_publisher_stock
74930,13,clara_k16,text_pca64_lexical_calendar_publisher_stock
74939,2,clara_k16,text_pca64_lexical_calendar_publisher_stock
74951,0,clara_k16,text_pca64_lexical_calendar_publisher_stock
74955,5,clara_k16,text_pca64_lexical_calendar_publisher_stock
74962,5,clara_k16,text_pca64_lexical_calendar_publisher_stock
74972,5,clara_k16,text_pca64_lexical_calendar_publisher_stock
74973,0,clara_k16,text_pca64_lexical_calendar_publisher_stock
74985,6,clara_k16,text_pca64_lexical_calendar_publisher_stock
74986,0,clara_k16,text_pca64_lexical_calendar_publisher_stock
75003,0,clara_k16,text_pca64_lexical_calendar_publisher_stock
75006,8,clara_k16,text_pca64_lexical_calendar_publisher_stock
75029,15,clara_k16,text_pca64_lexical_calendar_publisher_stock
75032,15,clara_k16,text_pca64_lexical_calendar_publisher_stock
75035,12,clara_k16,text_pca64_lexical_calendar_publisher_stock
75047,12,clara_k16,text_pca64_lexical_calendar_publisher_stock
75052,2,clara_k16,text_pca64_lexical_calendar_publisher_stock
75053,0,clara_k16,text_pca64_lexical_calendar_publisher_stock
75063,2,clara_k16,text_pca64_lexical_calendar_publisher_stock
75065,1,clara_k16,text_pca64_lexical_calendar_publisher_stock
75072,13,clara_k16,text_pca64_lexical_calendar_publisher_stock
75076,4,clara_k16,text_pca64_lexical_calendar_publisher_stock
75077,0,clara_k16,text_pca64_lexical_calendar_publisher_stock
75084,12,clara_k16,text_pca64_lexical_calendar_publisher_stock
75091,13,clara_k16,text_pca64_lexical_calendar_publisher_stock
75098,15,clara_k16,text_pca64_lexical_calendar_publisher_stock
75102,15,clara_k16,text_pca64_lexical_calendar_publisher_stock
75109,0,clara_k16,text_pca64_lexical_calendar_publisher_stock
75111,0,clara_k16,text_pca64_lexical_calendar_publisher_stock
75114,4,clara_k16,text_pca64_lexical_calendar_publisher_stock
75123,15,clara_k16,text_pca64_lexical_calendar_publisher_stock
75126,6,clara_k16,text_pca64_lexical_calendar_publisher_stock
75140,2,clara_k16,text_pca64_lexical_calendar_publisher_stock
75149,2,clara_k16,text_pca64_lexical_calendar_publisher_stock
75158,2,clara_k16,text_pca64_lexical_calendar_publisher_stock
75165,2,clara_k16,text_pca64_lexical_calendar_publisher_stock
75178,13,clara_k16,text_pca64_lexical_calendar_publisher_stock
75187,2,clara_k16,text_pca64_lexical_calendar_publisher_stock
75219,11,clara_k16,text_pca64_lexical_calendar_publisher_stock
75231,4,clara_k16,text_pca64_lexical_calendar_publisher_stock
75238,13,clara_k16,text_pca64_lexical_calendar_publisher_stock
75240,11,clara_k16,text_pca64_lexical_calendar_publisher_stock
75252,2,clara_k16,text_pca64_lexical_calendar_publisher_stock
75255,6,clara_k16,text_pca64_lexical_calendar_publisher_stock
75260,2,clara_k16,text_pca64_lexical_calendar_publisher_stock
75262,1,clara_k16,text_pca64_lexical_calendar_publisher_stock
75266,1,clara_k16,text_pca64_lexical_calendar_publisher_stock
75270,11,clara_k16,text_pca64_lexical_calendar_publisher_stock
75274,12,clara_k16,text_pca64_lexical_calendar_publisher_stock
75279,0,clara_k16,text_pca64_lexical_calendar_publisher_stock
75289,14,clara_k16,text_pca64_lexical_calendar_publisher_stock
75292,2,clara_k16,text_pca64_lexical_calendar_publisher_stock
75298,12,clara_k16,text_pca64_lexical_calendar_publisher_stock
75299,14,clara_k16,text_pca64_lexical_calendar_publisher_stock
75300,2,clara_k16,text_pca64_lexical_calendar_publisher_stock
75307,0,clara_k16,text_pca64_lexical_calendar_publisher_stock
75309,12,clara_k16,text_pca64_lexical_calendar_publisher_stock
75325,0,clara_k16,text_pca64_lexical_calendar_publisher_stock
75327,13,clara_k16,text_pca64_lexical_calendar_publisher_stock
75343,0,clara_k16,text_pca64_lexical_calendar_publisher_stock
75358,13,clara_k16,text_pca64_lexical_calendar_publisher_stock
75366,6,clara_k16,text_pca64_lexical_calendar_publisher_stock
75370,13,clara_k16,text_pca64_lexical_calendar_publisher_stock
75376,1,clara_k16,text_pca64_lexical_calendar_publisher_stock
75378,0,clara_k16,text_pca64_lexical_calendar_publisher_stock
75389,12,clara_k16,text_pca64_lexical_calendar_publisher_stock
75391,0,clara_k16,text_pca64_lexical_calendar_publisher_stock
75392,6,clara_k16,text_pca64_lexical_calendar_publisher_stock
75401,2,clara_k16,text_pca64_lexical_calendar_publisher_stock
75410,1,clara_k16,text_pca64_lexical_calendar_publisher_stock
75416,2,clara_k16,text_pca64_lexical_calendar_publisher_stock
75417,0,clara_k16,text_pca64_lexical_calendar_publisher_stock
75425,1,clara_k16,text_pca64_lexical_calendar_publisher_stock
75429,0,clara_k16,text_pca64_lexical_calendar_publisher_stock
75434,0,clara_k16,text_pca64_lexical_calendar_publisher_stock
75436,0,clara_k16,text_pca64_lexical_calendar_publisher_stock
75437,0,clara_k16,text_pca64_lexical_calendar_publisher_stock
75438,2,clara_k16,text_pca64_lexical_calendar_publisher_stock
75441,13,clara_k16,text_pca64_lexical_calendar_publisher_stock
75443,0,clara_k16,text_pca64_lexical_calendar_publisher_stock
75447,14,clara_k16,text_pca64_lexical_calendar_publisher_stock
75459,2,clara_k16,text_pca64_lexical_calendar_publisher_stock
75464,4,clara_k16,text_pca64_lexical_calendar_publisher_stock
75472,11,clara_k16,text_pca64_lexical_calendar_publisher_stock
75497,2,clara_k16,text_pca64_lexical_calendar_publisher_stock
75498,1,clara_k16,text_pca64_lexical_calendar_publisher_stock
75511,6,clara_k16,text_pca64_lexical_calendar_publisher_stock
75517,2,clara_k16,text_pca64_lexical_calendar_publisher_stock
75521,2,clara_k16,text_pca64_lexical_calendar_publisher_stock
75533,14,clara_k16,text_pca64_lexical_calendar_publisher_stock
75544,14,clara_k16,text_pca64_lexical_calendar_publisher_stock
75547,15,clara_k16,text_pca64_lexical_calendar_publisher_stock
75550,12,clara_k16,text_pca64_lexical_calendar_publisher_stock
75558,1,clara_k16,text_pca64_lexical_calendar_publisher_stock
75560,5,clara_k16,text_pca64_lexical_calendar_publisher_stock
75562,13,clara_k16,text_pca64_lexical_calendar_publisher_stock
75565,0,clara_k16,text_pca64_lexical_calendar_publisher_stock
75566,0,clara_k16,text_pca64_lexical_calendar_publisher_stock
75573,2,clara_k16,text_pca64_lexical_calendar_publisher_stock
75595,2,clara_k16,text_pca64_lexical_calendar_publisher_stock
75596,2,clara_k16,text_pca64_lexical_calendar_publisher_stock
75613,12,clara_k16,text_pca64_lexical_calendar_publisher_stock
75617,0,clara_k16,text_pca64_lexical_calendar_publisher_stock
75619,6,clara_k16,text_pca64_lexical_calendar_publisher_stock
75623,0,clara_k16,text_pca64_lexical_calendar_publisher_stock
75625,12,clara_k16,text_pca64_lexical_calendar_publisher_stock
75626,6,clara_k16,text_pca64_lexical_calendar_publisher_stock
75632,0,clara_k16,text_pca64_lexical_calendar_publisher_stock
75641,6,clara_k16,text_pca64_lexical_calendar_publisher_stock
75649,12,clara_k16,text_pca64_lexical_calendar_publisher_stock
75662,11,clara_k16,text_pca64_lexical_calendar_publisher_stock
75668,13,clara_k16,text_pca64_lexical_calendar_publisher_stock
75687,2,clara_k16,text_pca64_lexical_calendar_publisher_stock
75689,0,clara_k16,text_pca64_lexical_calendar_publisher_stock
75690,11,clara_k16,text_pca64_lexical_calendar_publisher_stock
75691,0,clara_k16,text_pca64_lexical_calendar_publisher_stock
75694,4,clara_k16,text_pca64_lexical_calendar_publisher_stock
75708,13,clara_k16,text_pca64_lexical_calendar_publisher_stock
75709,0,clara_k16,text_pca64_lexical_calendar_publisher_stock
75721,2,clara_k16,text_pca64_lexical_calendar_publisher_stock
75741,2,clara_k16,text_pca64_lexical_calendar_publisher_stock
75759,12,clara_k16,text_pca64_lexical_calendar_publisher_stock
75762,5,clara_k16,text_pca64_lexical_calendar_publisher_stock
75765,0,clara_k16,text_pca64_lexical_calendar_publisher_stock
75767,0,clara_k16,text_pca64_lexical_calendar_publisher_stock
75772,13,clara_k16,text_pca64_lexical_calendar_publisher_stock
75804,0,clara_k16,text_pca64_lexical_calendar_publisher_stock
75810,2,clara_k16,text_pca64_lexical_calendar_publisher_stock
75812,12,clara_k16,text_pca64_lexical_calendar_publisher_stock
75814,2,clara_k16,text_pca64_lexical_calendar_publisher_stock
75818,2,clara_k16,text_pca64_lexical_calendar_publisher_stock
75819,0,clara_k16,text_pca64_lexical_calendar_publisher_stock
75827,0,clara_k16,text_pca64_lexical_calendar_publisher_stock
75830,4,clara_k16,text_pca64_lexical_calendar_publisher_stock
75832,0,clara_k16,text_pca64_lexical_calendar_publisher_stock
75836,8,clara_k16,text_pca64_lexical_calendar_publisher_stock
75854,6,clara_k16,text_pca64_lexical_calendar_publisher_stock
75860,9,clara_k16,text_pca64_lexical_calendar_publisher_stock
75873,2,clara_k16,text_pca64_lexical_calendar_publisher_stock
75894,13,clara_k16,text_pca64_lexical_calendar_publisher_stock
75908,4,clara_k16,text_pca64_lexical_calendar_publisher_stock
75919,0,clara_k16,text_pca64_lexical_calendar_publisher_stock
75921,0,clara_k16,text_pca64_lexical_calendar_publisher_stock
75936,2,clara_k16,text_pca64_lexical_calendar_publisher_stock
75954,1,clara_k16,text_pca64_lexical_calendar_publisher_stock
75957,0,clara_k16,text_pca64_lexical_calendar_publisher_stock
75960,14,clara_k16,text_pca64_lexical_calendar_publisher_stock
75961,0,clara_k16,text_pca64_lexical_calendar_publisher_stock
75963,1,clara_k16,text_pca64_lexical_calendar_publisher_stock
75977,15,clara_k16,text_pca64_lexical_calendar_publisher_stock
75984,13,clara_k16,text_pca64_lexical_calendar_publisher_stock
75987,15,clara_k16,text_pca64_lexical_calendar_publisher_stock
76001,12,clara_k16,text_pca64_lexical_calendar_publisher_stock
76006,2,clara_k16,text_pca64_lexical_calendar_publisher_stock
76012,13,clara_k16,text_pca64_lexical_calendar_publisher_stock
76033,13,clara_k16,text_pca64_lexical_calendar_publisher_stock
76035,0,clara_k16,text_pca64_lexical_calendar_publisher_stock
76039,0,clara_k16,text_pca64_lexical_calendar_publisher_stock
76042,1,clara_k16,text_pca64_lexical_calendar_publisher_stock
76045,13,clara_k16,text_pca64_lexical_calendar_publisher_stock
76048,2,clara_k16,text_pca64_lexical_calendar_publisher_stock
76070,6,clara_k16,text_pca64_lexical_calendar_publisher_stock
76074,6,clara_k16,text_pca64_lexical_calendar_publisher_stock
76080,0,clara_k16,text_pca64_lexical_calendar_publisher_stock
76091,0,clara_k16,text_pca64_lexical_calendar_publisher_stock
76093,12,clara_k16,text_pca64_lexical_calendar_publisher_stock
76101,14,clara_k16,text_pca64_lexical_calendar_publisher_stock
76111,13,clara_k16,text_pca64_lexical_calendar_publisher_stock
76116,2,clara_k16,text_pca64_lexical_calendar_publisher_stock
76130,12,clara_k16,text_pca64_lexical_calendar_publisher_stock
76139,13,clara_k16,text_pca64_lexical_calendar_publisher_stock
76149,7,clara_k16,text_pca64_lexical_calendar_publisher_stock
76152,0,clara_k16,text_pca64_lexical_calendar_publisher_stock
76174,4,clara_k16,text_pca64_lexical_calendar_publisher_stock
76178,6,clara_k16,text_pca64_lexical_calendar_publisher_stock
76182,6,clara_k16,text_pca64_lexical_calendar_publisher_stock
76188,6,clara_k16,text_pca64_lexical_calendar_publisher_stock
76194,13,clara_k16,text_pca64_lexical_calendar_publisher_stock
76195,6,clara_k16,text_pca64_lexical_calendar_publisher_stock
76205,6,clara_k16,text_pca64_lexical_calendar_publisher_stock
76206,13,clara_k16,text_pca64_lexical_calendar_publisher_stock
76207,0,clara_k16,text_pca64_lexical_calendar_publisher_stock
76209,0,clara_k16,text_pca64_lexical_calendar_publisher_stock
76214,4,clara_k16,text_pca64_lexical_calendar_publisher_stock
76225,6,clara_k16,text_pca64_lexical_calendar_publisher_stock
76231,1,clara_k16,text_pca64_lexical_calendar_publisher_stock
76236,13,clara_k16,text_pca64_lexical_calendar_publisher_stock
76251,6,clara_k16,text_pca64_lexical_calendar_publisher_stock
76257,13,clara_k16,text_pca64_lexical_calendar_publisher_stock
76262,2,clara_k16,text_pca64_lexical_calendar_publisher_stock
76282,6,clara_k16,text_pca64_lexical_calendar_publisher_stock
76297,0,clara_k16,text_pca64_lexical_calendar_publisher_stock
76299,0,clara_k16,text_pca64_lexical_calendar_publisher_stock
76305,11,clara_k16,text_pca64_lexical_calendar_publisher_stock
76321,9,clara_k16,text_pca64_lexical_calendar_publisher_stock
76334,7,clara_k16,text_pca64_lexical_calendar_publisher_stock
76336,2,clara_k16,text_pca64_lexical_calendar_publisher_stock
76339,13,clara_k16,text_pca64_lexical_calendar_publisher_stock
76341,0,clara_k16,text_pca64_lexical_calendar_publisher_stock
76343,4,clara_k16,text_pca64_lexical_calendar_publisher_stock
76346,13,clara_k16,text_pca64_lexical_calendar_publisher_stock
76353,11,clara_k16,text_pca64_lexical_calendar_publisher_stock
76354,0,clara_k16,text_pca64_lexical_calendar_publisher_stock
76360,1,clara_k16,text_pca64_lexical_calendar_publisher_stock
76365,0,clara_k16,text_pca64_lexical_calendar_publisher_stock
76369,4,clara_k16,text_pca64_lexical_calendar_publisher_stock
76371,13,clara_k16,text_pca64_lexical_calendar_publisher_stock
76393,14,clara_k16,text_pca64_lexical_calendar_publisher_stock
76397,0,clara_k16,text_pca64_lexical_calendar_publisher_stock
76401,13,clara_k16,text_pca64_lexical_calendar_publisher_stock
76409,0,clara_k16,text_pca64_lexical_calendar_publisher_stock
76418,7,clara_k16,text_pca64_lexical_calendar_publisher_stock
76434,0,clara_k16,text_pca64_lexical_calendar_publisher_stock
76437,6,clara_k16,text_pca64_lexical_calendar_publisher_stock
76451,6,clara_k16,text_pca64_lexical_calendar_publisher_stock
76458,1,clara_k16,text_pca64_lexical_calendar_publisher_stock
76470,13,clara_k16,text_pca64_lexical_calendar_publisher_stock
76472,0,clara_k16,text_pca64_lexical_calendar_publisher_stock
76477,13,clara_k16,text_pca64_lexical_calendar_publisher_stock
76479,3,clara_k16,text_pca64_lexical_calendar_publisher_stock
76480,4,clara_k16,text_pca64_lexical_calendar_publisher_stock
76491,0,clara_k16,text_pca64_lexical_calendar_publisher_stock
76500,7,clara_k16,text_pca64_lexical_calendar_publisher_stock
76501,4,clara_k16,text_pca64_lexical_calendar_publisher_stock
76503,1,clara_k16,text_pca64_lexical_calendar_publisher_stock
76504,1,clara_k16,text_pca64_lexical_calendar_publisher_stock
76511,13,clara_k16,text_pca64_lexical_calendar_publisher_stock
76516,4,clara_k16,text_pca64_lexical_calendar_publisher_stock
76527,2,clara_k16,text_pca64_lexical_calendar_publisher_stock
76529,1,clara_k16,text_pca64_lexical_calendar_publisher_stock
76532,2,clara_k16,text_pca64_lexical_calendar_publisher_stock
76538,2,clara_k16,text_pca64_lexical_calendar_publisher_stock
76540,2,clara_k16,text_pca64_lexical_calendar_publisher_stock
76541,0,clara_k16,text_pca64_lexical_calendar_publisher_stock
76549,2,clara_k16,text_pca64_lexical_calendar_publisher_stock
76550,14,clara_k16,text_pca64_lexical_calendar_publisher_stock
76553,2,clara_k16,text_pca64_lexical_calendar_publisher_stock
76554,2,clara_k16,text_pca64_lexical_calendar_publisher_stock
76558,0,clara_k16,text_pca64_lexical_calendar_publisher_stock
76561,1,clara_k16,text_pca64_lexical_calendar_publisher_stock
76564,4,clara_k16,text_pca64_lexical_calendar_publisher_stock
76597,1,clara_k16,text_pca64_lexical_calendar_publisher_stock
76605,1,clara_k16,text_pca64_lexical_calendar_publisher_stock
76609,12,clara_k16,text_pca64_lexical_calendar_publisher_stock
76622,14,clara_k16,text_pca64_lexical_calendar_publisher_stock
76633,0,clara_k16,text_pca64_lexical_calendar_publisher_stock
76635,0,clara_k16,text_pca64_lexical_calendar_publisher_stock
76643,0,clara_k16,text_pca64_lexical_calendar_publisher_stock
76649,0,clara_k16,text_pca64_lexical_calendar_publisher_stock
76658,0,clara_k16,text_pca64_lexical_calendar_publisher_stock
76668,0,clara_k16,text_pca64_lexical_calendar_publisher_stock
76682,6,clara_k16,text_pca64_lexical_calendar_publisher_stock
76699,0,clara_k16,text_pca64_lexical_calendar_publisher_stock
76702,13,clara_k16,text_pca64_lexical_calendar_publisher_stock
76703,14,clara_k16,text_pca64_lexical_calendar_publisher_stock
76712,0,clara_k16,text_pca64_lexical_calendar_publisher_stock
76715,1,clara_k16,text_pca64_lexical_calendar_publisher_stock
76718,2,clara_k16,text_pca64_lexical_calendar_publisher_stock
76722,0,clara_k16,text_pca64_lexical_calendar_publisher_stock
76728,2,clara_k16,text_pca64_lexical_calendar_publisher_stock
76731,0,clara_k16,text_pca64_lexical_calendar_publisher_stock
76732,0,clara_k16,text_pca64_lexical_calendar_publisher_stock
76734,2,clara_k16,text_pca64_lexical_calendar_publisher_stock
76761,0,clara_k16,text_pca64_lexical_calendar_publisher_stock
76770,12,clara_k16,text_pca64_lexical_calendar_publisher_stock
76774,0,clara_k16,text_pca64_lexical_calendar_publisher_stock
76775,0,clara_k16,text_pca64_lexical_calendar_publisher_stock
76782,6,clara_k16,text_pca64_lexical_calendar_publisher_stock
76790,12,clara_k16,text_pca64_lexical_calendar_publisher_stock
76792,0,clara_k16,text_pca64_lexical_calendar_publisher_stock
76812,9,clara_k16,text_pca64_lexical_calendar_publisher_stock
76814,0,clara_k16,text_pca64_lexical_calendar_publisher_stock
76822,12,clara_k16,text_pca64_lexical_calendar_publisher_stock
76823,0,clara_k16,text_pca64_lexical_calendar_publisher_stock
76831,0,clara_k16,text_pca64_lexical_calendar_publisher_stock
76835,1,clara_k16,text_pca64_lexical_calendar_publisher_stock
76843,1,clara_k16,text_pca64_lexical_calendar_publisher_stock
76861,6,clara_k16,text_pca64_lexical_calendar_publisher_stock
76873,14,clara_k16,text_pca64_lexical_calendar_publisher_stock
76874,6,clara_k16,text_pca64_lexical_calendar_publisher_stock
76878,8,clara_k16,text_pca64_lexical_calendar_publisher_stock
76879,2,clara_k16,text_pca64_lexical_calendar_publisher_stock
76886,0,clara_k16,text_pca64_lexical_calendar_publisher_stock
76894,6,clara_k16,text_pca64_lexical_calendar_publisher_stock
76914,0,clara_k16,text_pca64_lexical_calendar_publisher_stock
76924,9,clara_k16,text_pca64_lexical_calendar_publisher_stock
76926,2,clara_k16,text_pca64_lexical_calendar_publisher_stock
76929,0,clara_k16,text_pca64_lexical_calendar_publisher_stock
76936,0,clara_k16,text_pca64_lexical_calendar_publisher_stock
76940,14,clara_k16,text_pca64_lexical_calendar_publisher_stock
76947,13,clara_k16,text_pca64_lexical_calendar_publisher_stock
76963,0,clara_k16,text_pca64_lexical_calendar_publisher_stock
76965,7,clara_k16,text_pca64_lexical_calendar_publisher_stock
76967,6,clara_k16,text_pca64_lexical_calendar_publisher_stock
76969,13,clara_k16,text_pca64_lexical_calendar_publisher_stock
76995,6,clara_k16,text_pca64_lexical_calendar_publisher_stock
76999,0,clara_k16,text_pca64_lexical_calendar_publisher_stock
77006,1,clara_k16,text_pca64_lexical_calendar_publisher_stock
77025,0,clara_k16,text_pca64_lexical_calendar_publisher_stock
77039,6,clara_k16,text_pca64_lexical_calendar_publisher_stock
77049,0,clara_k16,text_pca64_lexical_calendar_publisher_stock
77055,2,clara_k16,text_pca64_lexical_calendar_publisher_stock
77063,6,clara_k16,text_pca64_lexical_calendar_publisher_stock
77068,8,clara_k16,text_pca64_lexical_calendar_publisher_stock
77069,8,clara_k16,text_pca64_lexical_calendar_publisher_stock
77074,0,clara_k16,text_pca64_lexical_calendar_publisher_stock
77077,6,clara_k16,text_pca64_lexical_calendar_publisher_stock
77080,0,clara_k16,text_pca64_lexical_calendar_publisher_stock
77091,2,clara_k16,text_pca64_lexical_calendar_publisher_stock
77103,3,clara_k16,text_pca64_lexical_calendar_publisher_stock
77105,3,clara_k16,text_pca64_lexical_calendar_publisher_stock
77106,3,clara_k16,text_pca64_lexical_calendar_publisher_stock
77107,3,clara_k16,text_pca64_lexical_calendar_publisher_stock
77110,3,clara_k16,text_pca64_lexical_calendar_publisher_stock
77111,3,clara_k16,text_pca64_lexical_calendar_publisher_stock
77126,1,clara_k16,text_pca64_lexical_calendar_publisher_stock
77134,2,clara_k16,text_pca64_lexical_calendar_publisher_stock
77144,14,clara_k16,text_pca64_lexical_calendar_publisher_stock
77157,6,clara_k16,text_pca64_lexical_calendar_publisher_stock
77171,2,clara_k16,text_pca64_lexical_calendar_publisher_stock
77178,2,clara_k16,text_pca64_lexical_calendar_publisher_stock
77183,6,clara_k16,text_pca64_lexical_calendar_publisher_stock
77203,12,clara_k16,text_pca64_lexical_calendar_publisher_stock
77208,0,clara_k16,text_pca64_lexical_calendar_publisher_stock
77210,2,clara_k16,text_pca64_lexical_calendar_publisher_stock
77217,0,clara_k16,text_pca64_lexical_calendar_publisher_stock
77218,2,clara_k16,text_pca64_lexical_calendar_publisher_stock
77220,6,clara_k16,text_pca64_lexical_calendar_publisher_stock
77230,12,clara_k16,text_pca64_lexical_calendar_publisher_stock
77238,12,clara_k16,text_pca64_lexical_calendar_publisher_stock
77251,0,clara_k16,text_pca64_lexical_calendar_publisher_stock
77253,6,clara_k16,text_pca64_lexical_calendar_publisher_stock
77262,6,clara_k16,text_pca64_lexical_calendar_publisher_stock
77278,12,clara_k16,text_pca64_lexical_calendar_publisher_stock
77293,12,clara_k16,text_pca64_lexical_calendar_publisher_stock
77295,12,clara_k16,text_pca64_lexical_calendar_publisher_stock
77297,12,clara_k16,text_pca64_lexical_calendar_publisher_stock
77309,2,clara_k16,text_pca64_lexical_calendar_publisher_stock
77328,14,clara_k16,text_pca64_lexical_calendar_publisher_stock
77330,12,clara_k16,text_pca64_lexical_calendar_publisher_stock
77361,0,clara_k16,text_pca64_lexical_calendar_publisher_stock
77368,1,clara_k16,text_pca64_lexical_calendar_publisher_stock
77370,12,clara_k16,text_pca64_lexical_calendar_publisher_stock
77372,0,clara_k16,text_pca64_lexical_calendar_publisher_stock
77376,12,clara_k16,text_pca64_lexical_calendar_publisher_stock
77381,0,clara_k16,text_pca64_lexical_calendar_publisher_stock
77383,13,clara_k16,text_pca64_lexical_calendar_publisher_stock
77385,0,clara_k16,text_pca64_lexical_calendar_publisher_stock
77387,0,clara_k16,text_pca64_lexical_calendar_publisher_stock
77398,1,clara_k16,text_pca64_lexical_calendar_publisher_stock
77399,12,clara_k16,text_pca64_lexical_calendar_publisher_stock
77402,1,clara_k16,text_pca64_lexical_calendar_publisher_stock
77410,1,clara_k16,text_pca64_lexical_calendar_publisher_stock
77412,13,clara_k16,text_pca64_lexical_calendar_publisher_stock
77419,12,clara_k16,text_pca64_lexical_calendar_publisher_stock
77431,1,clara_k16,text_pca64_lexical_calendar_publisher_stock
77433,2,clara_k16,text_pca64_lexical_calendar_publisher_stock
77446,0,clara_k16,text_pca64_lexical_calendar_publisher_stock
77457,1,clara_k16,text_pca64_lexical_calendar_publisher_stock
77458,0,clara_k16,text_pca64_lexical_calendar_publisher_stock
77467,11,clara_k16,text_pca64_lexical_calendar_publisher_stock
77477,13,clara_k16,text_pca64_lexical_calendar_publisher_stock
77488,4,clara_k16,text_pca64_lexical_calendar_publisher_stock
77490,0,clara_k16,text_pca64_lexical_calendar_publisher_stock
77491,0,clara_k16,text_pca64_lexical_calendar_publisher_stock
77510,7,clara_k16,text_pca64_lexical_calendar_publisher_stock
77515,2,clara_k16,text_pca64_lexical_calendar_publisher_stock
77516,12,clara_k16,text_pca64_lexical_calendar_publisher_stock
77532,12,clara_k16,text_pca64_lexical_calendar_publisher_stock
77540,12,clara_k16,text_pca64_lexical_calendar_publisher_stock
77547,13,clara_k16,text_pca64_lexical_calendar_publisher_stock
77548,6,clara_k16,text_pca64_lexical_calendar_publisher_stock
77558,14,clara_k16,text_pca64_lexical_calendar_publisher_stock
77573,0,clara_k16,text_pca64_lexical_calendar_publisher_stock
77579,1,clara_k16,text_pca64_lexical_calendar_publisher_stock
77599,13,clara_k16,text_pca64_lexical_calendar_publisher_stock
77613,1,clara_k16,text_pca64_lexical_calendar_publisher_stock
77615,12,clara_k16,text_pca64_lexical_calendar_publisher_stock
77620,2,clara_k16,text_pca64_lexical_calendar_publisher_stock
77626,2,clara_k16,text_pca64_lexical_calendar_publisher_stock
77628,1,clara_k16,text_pca64_lexical_calendar_publisher_stock
77630,2,clara_k16,text_pca64_lexical_calendar_publisher_stock
77635,6,clara_k16,text_pca64_lexical_calendar_publisher_stock
77636,2,clara_k16,text_pca64_lexical_calendar_publisher_stock
77641,0,clara_k16,text_pca64_lexical_calendar_publisher_stock
77644,1,clara_k16,text_pca64_lexical_calendar_publisher_stock
77645,13,clara_k16,text_pca64_lexical_calendar_publisher_stock
77647,1,clara_k16,text_pca64_lexical_calendar_publisher_stock
77651,2,clara_k16,text_pca64_lexical_calendar_publisher_stock
77657,2,clara_k16,text_pca64_lexical_calendar_publisher_stock
77664,13,clara_k16,text_pca64_lexical_calendar_publisher_stock
77669,1,clara_k16,text_pca64_lexical_calendar_publisher_stock
77676,0,clara_k16,text_pca64_lexical_calendar_publisher_stock
77680,12,clara_k16,text_pca64_lexical_calendar_publisher_stock
77683,0,clara_k16,text_pca64_lexical_calendar_publisher_stock
77690,1,clara_k16,text_pca64_lexical_calendar_publisher_stock
77695,13,clara_k16,text_pca64_lexical_calendar_publisher_stock
77698,0,clara_k16,text_pca64_lexical_calendar_publisher_stock
77719,1,clara_k16,text_pca64_lexical_calendar_publisher_stock
77725,12,clara_k16,text_pca64_lexical_calendar_publisher_stock
77729,1,clara_k16,text_pca64_lexical_calendar_publisher_stock
77742,7,clara_k16,text_pca64_lexical_calendar_publisher_stock
77744,12,clara_k16,text_pca64_lexical_calendar_publisher_stock
77747,1,clara_k16,text_pca64_lexical_calendar_publisher_stock
77752,13,clara_k16,text_pca64_lexical_calendar_publisher_stock
77783,0,clara_k16,text_pca64_lexical_calendar_publisher_stock
77790,12,clara_k16,text_pca64_lexical_calendar_publisher_stock
77800,1,clara_k16,text_pca64_lexical_calendar_publisher_stock
77802,1,clara_k16,text_pca64_lexical_calendar_publisher_stock
77809,12,clara_k16,text_pca64_lexical_calendar_publisher_stock
77822,12,clara_k16,text_pca64_lexical_calendar_publisher_stock
77823,13,clara_k16,text_pca64_lexical_calendar_publisher_stock
77827,13,clara_k16,text_pca64_lexical_calendar_publisher_stock
77839,0,clara_k16,text_pca64_lexical_calendar_publisher_stock
77854,0,clara_k16,text_pca64_lexical_calendar_publisher_stock
77863,0,clara_k16,text_pca64_lexical_calendar_publisher_stock
77868,6,clara_k16,text_pca64_lexical_calendar_publisher_stock
77877,0,clara_k16,text_pca64_lexical_calendar_publisher_stock
77881,1,clara_k16,text_pca64_lexical_calendar_publisher_stock
77883,13,clara_k16,text_pca64_lexical_calendar_publisher_stock
77889,1,clara_k16,text_pca64_lexical_calendar_publisher_stock
77897,5,clara_k16,text_pca64_lexical_calendar_publisher_stock
77904,1,clara_k16,text_pca64_lexical_calendar_publisher_stock
77910,0,clara_k16,text_pca64_lexical_calendar_publisher_stock
77930,1,clara_k16,text_pca64_lexical_calendar_publisher_stock
77935,2,clara_k16,text_pca64_lexical_calendar_publisher_stock
77943,0,clara_k16,text_pca64_lexical_calendar_publisher_stock
77946,12,clara_k16,text_pca64_lexical_calendar_publisher_stock
77950,1,clara_k16,text_pca64_lexical_calendar_publisher_stock
77957,6,clara_k16,text_pca64_lexical_calendar_publisher_stock
77959,0,clara_k16,text_pca64_lexical_calendar_publisher_stock
77964,0,clara_k16,text_pca64_lexical_calendar_publisher_stock
77983,0,clara_k16,text_pca64_lexical_calendar_publisher_stock
77992,0,clara_k16,text_pca64_lexical_calendar_publisher_stock
78030,2,clara_k16,text_pca64_lexical_calendar_publisher_stock
78043,8,clara_k16,text_pca64_lexical_calendar_publisher_stock
78049,8,clara_k16,text_pca64_lexical_calendar_publisher_stock
78055,6,clara_k16,text_pca64_lexical_calendar_publisher_stock
78056,13,clara_k16,text_pca64_lexical_calendar_publisher_stock
78058,0,clara_k16,text_pca64_lexical_calendar_publisher_stock
78063,0,clara_k16,text_pca64_lexical_calendar_publisher_stock
78066,1,clara_k16,text_pca64_lexical_calendar_publisher_stock
78071,13,clara_k16,text_pca64_lexical_calendar_publisher_stock
78083,2,clara_k16,text_pca64_lexical_calendar_publisher_stock
78084,0,clara_k16,text_pca64_lexical_calendar_publisher_stock
78085,1,clara_k16,text_pca64_lexical_calendar_publisher_stock
78091,0,clara_k16,text_pca64_lexical_calendar_publisher_stock
78092,8,clara_k16,text_pca64_lexical_calendar_publisher_stock
78094,8,clara_k16,text_pca64_lexical_calendar_publisher_stock
78104,1,clara_k16,text_pca64_lexical_calendar_publisher_stock
78107,6,clara_k16,text_pca64_lexical_calendar_publisher_stock
78109,5,clara_k16,text_pca64_lexical_calendar_publisher_stock
78111,6,clara_k16,text_pca64_lexical_calendar_publisher_stock
78117,1,clara_k16,text_pca64_lexical_calendar_publisher_stock
78136,2,clara_k16,text_pca64_lexical_calendar_publisher_stock
78140,1,clara_k16,text_pca64_lexical_calendar_publisher_stock
78141,6,clara_k16,text_pca64_lexical_calendar_publisher_stock
78143,6,clara_k16,text_pca64_lexical_calendar_publisher_stock
78144,2,clara_k16,text_pca64_lexical_calendar_publisher_stock
78145,1,clara_k16,text_pca64_lexical_calendar_publisher_stock
78154,4,clara_k16,text_pca64_lexical_calendar_publisher_stock
78165,0,clara_k16,text_pca64_lexical_calendar_publisher_stock
78171,0,clara_k16,text_pca64_lexical_calendar_publisher_stock
78172,1,clara_k16,text_pca64_lexical_calendar_publisher_stock
78180,6,clara_k16,text_pca64_lexical_calendar_publisher_stock
78185,13,clara_k16,text_pca64_lexical_calendar_publisher_stock
78197,1,clara_k16,text_pca64_lexical_calendar_publisher_stock
78202,1,clara_k16,text_pca64_lexical_calendar_publisher_stock
78203,1,clara_k16,text_pca64_lexical_calendar_publisher_stock
78208,12,clara_k16,text_pca64_lexical_calendar_publisher_stock
78212,4,clara_k16,text_pca64_lexical_calendar_publisher_stock
78216,6,clara_k16,text_pca64_lexical_calendar_publisher_stock
78219,0,clara_k16,text_pca64_lexical_calendar_publisher_stock
78220,9,clara_k16,text_pca64_lexical_calendar_publisher_stock
78224,1,clara_k16,text_pca64_lexical_calendar_publisher_stock
78227,2,clara_k16,text_pca64_lexical_calendar_publisher_stock
78230,12,clara_k16,text_pca64_lexical_calendar_publisher_stock
78231,1,clara_k16,text_pca64_lexical_calendar_publisher_stock
78244,0,clara_k16,text_pca64_lexical_calendar_publisher_stock
78248,9,clara_k16,text_pca64_lexical_calendar_publisher_stock
78256,2,clara_k16,text_pca64_lexical_calendar_publisher_stock
78271,11,clara_k16,text_pca64_lexical_calendar_publisher_stock
78272,13,clara_k16,text_pca64_lexical_calendar_publisher_stock
78275,1,clara_k16,text_pca64_lexical_calendar_publisher_stock
78286,11,clara_k16,text_pca64_lexical_calendar_publisher_stock
78288,6,clara_k16,text_pca64_lexical_calendar_publisher_stock
78297,6,clara_k16,text_pca64_lexical_calendar_publisher_stock
78298,11,clara_k16,text_pca64_lexical_calendar_publisher_stock
78302,4,clara_k16,text_pca64_lexical_calendar_publisher_stock
78308,9,clara_k16,text_pca64_lexical_calendar_publisher_stock
78314,0,clara_k16,text_pca64_lexical_calendar_publisher_stock
78316,0,clara_k16,text_pca64_lexical_calendar_publisher_stock
78317,1,clara_k16,text_pca64_lexical_calendar_publisher_stock
78318,1,clara_k16,text_pca64_lexical_calendar_publisher_stock
78330,1,clara_k16,text_pca64_lexical_calendar_publisher_stock
78333,13,clara_k16,text_pca64_lexical_calendar_publisher_stock
78335,6,clara_k16,text_pca64_lexical_calendar_publisher_stock
78342,4,clara_k16,text_pca64_lexical_calendar_publisher_stock
78350,0,clara_k16,text_pca64_lexical_calendar_publisher_stock
78351,6,clara_k16,text_pca64_lexical_calendar_publisher_stock
78355,6,clara_k16,text_pca64_lexical_calendar_publisher_stock
78358,0,clara_k16,text_pca64_lexical_calendar_publisher_stock
78364,4,clara_k16,text_pca64_lexical_calendar_publisher_stock
78368,0,clara_k16,text_pca64_lexical_calendar_publisher_stock
78373,0,clara_k16,text_pca64_lexical_calendar_publisher_stock
78375,0,clara_k16,text_pca64_lexical_calendar_publisher_stock
78379,1,clara_k16,text_pca64_lexical_calendar_publisher_stock
78396,13,clara_k16,text_pca64_lexical_calendar_publisher_stock
78416,4,clara_k16,text_pca64_lexical_calendar_publisher_stock
78419,2,clara_k16,text_pca64_lexical_calendar_publisher_stock
78423,1,clara_k16,text_pca64_lexical_calendar_publisher_stock
78440,4,clara_k16,text_pca64_lexical_calendar_publisher_stock
78445,6,clara_k16,text_pca64_lexical_calendar_publisher_stock
78449,4,clara_k16,text_pca64_lexical_calendar_publisher_stock
78457,2,clara_k16,text_pca64_lexical_calendar_publisher_stock
78466,4,clara_k16,text_pca64_lexical_calendar_publisher_stock
78468,6,clara_k16,text_pca64_lexical_calendar_publisher_stock
78479,0,clara_k16,text_pca64_lexical_calendar_publisher_stock
78482,1,clara_k16,text_pca64_lexical_calendar_publisher_stock
78483,4,clara_k16,text_pca64_lexical_calendar_publisher_stock
78494,0,clara_k16,text_pca64_lexical_calendar_publisher_stock
78508,3,clara_k16,text_pca64_lexical_calendar_publisher_stock
78512,0,clara_k16,text_pca64_lexical_calendar_publisher_stock
78514,14,clara_k16,text_pca64_lexical_calendar_publisher_stock
78523,2,clara_k16,text_pca64_lexical_calendar_publisher_stock
78529,0,clara_k16,text_pca64_lexical_calendar_publisher_stock
78540,13,clara_k16,text_pca64_lexical_calendar_publisher_stock
78541,1,clara_k16,text_pca64_lexical_calendar_publisher_stock
78550,0,clara_k16,text_pca64_lexical_calendar_publisher_stock
78556,5,clara_k16,text_pca64_lexical_calendar_publisher_stock
78557,6,clara_k16,text_pca64_lexical_calendar_publisher_stock
78562,12,clara_k16,text_pca64_lexical_calendar_publisher_stock
78570,0,clara_k16,text_pca64_lexical_calendar_publisher_stock
78584,5,clara_k16,text_pca64_lexical_calendar_publisher_stock
78599,0,clara_k16,text_pca64_lexical_calendar_publisher_stock
78601,0,clara_k16,text_pca64_lexical_calendar_publisher_stock
78605,0,clara_k16,text_pca64_lexical_calendar_publisher_stock
78607,0,clara_k16,text_pca64_lexical_calendar_publisher_stock
78614,1,clara_k16,text_pca64_lexical_calendar_publisher_stock
78615,4,clara_k16,text_pca64_lexical_calendar_publisher_stock
78622,0,clara_k16,text_pca64_lexical_calendar_publisher_stock
78624,6,clara_k16,text_pca64_lexical_calendar_publisher_stock
78630,1,clara_k16,text_pca64_lexical_calendar_publisher_stock
78632,0,clara_k16,text_pca64_lexical_calendar_publisher_stock
78633,1,clara_k16,text_pca64_lexical_calendar_publisher_stock
78635,1,clara_k16,text_pca64_lexical_calendar_publisher_stock
78637,0,clara_k16,text_pca64_lexical_calendar_publisher_stock
78646,0,clara_k16,text_pca64_lexical_calendar_publisher_stock
78668,0,clara_k16,text_pca64_lexical_calendar_publisher_stock
78674,0,clara_k16,text_pca64_lexical_calendar_publisher_stock
78688,1,clara_k16,text_pca64_lexical_calendar_publisher_stock
78691,4,clara_k16,text_pca64_lexical_calendar_publisher_stock
78695,1,clara_k16,text_pca64_lexical_calendar_publisher_stock
78698,4,clara_k16,text_pca64_lexical_calendar_publisher_stock
78702,4,clara_k16,text_pca64_lexical_calendar_publisher_stock
78703,0,clara_k16,text_pca64_lexical_calendar_publisher_stock
78704,1,clara_k16,text_pca64_lexical_calendar_publisher_stock
78721,1,clara_k16,text_pca64_lexical_calendar_publisher_stock
78735,1,clara_k16,text_pca64_lexical_calendar_publisher_stock
78741,0,clara_k16,text_pca64_lexical_calendar_publisher_stock
78746,1,clara_k16,text_pca64_lexical_calendar_publisher_stock
78759,1,clara_k16,text_pca64_lexical_calendar_publisher_stock
78780,15,clara_k16,text_pca64_lexical_calendar_publisher_stock
78783,15,clara_k16,text_pca64_lexical_calendar_publisher_stock
78788,12,clara_k16,text_pca64_lexical_calendar_publisher_stock
78801,15,clara_k16,text_pca64_lexical_calendar_publisher_stock
78803,15,clara_k16,text_pca64_lexical_calendar_publisher_stock
78820,0,clara_k16,text_pca64_lexical_calendar_publisher_stock
78821,0,clara_k16,text_pca64_lexical_calendar_publisher_stock
78822,2,clara_k16,text_pca64_lexical_calendar_publisher_stock
78825,2,clara_k16,text_pca64_lexical_calendar_publisher_stock
78826,12,clara_k16,text_pca64_lexical_calendar_publisher_stock
78829,0,clara_k16,text_pca64_lexical_calendar_publisher_stock
78833,0,clara_k16,text_pca64_lexical_calendar_publisher_stock
78838,13,clara_k16,text_pca64_lexical_calendar_publisher_stock
78873,2,clara_k16,text_pca64_lexical_calendar_publisher_stock
78875,4,clara_k16,text_pca64_lexical_calendar_publisher_stock
78876,2,clara_k16,text_pca64_lexical_calendar_publisher_stock
78884,2,clara_k16,text_pca64_lexical_calendar_publisher_stock
78888,2,clara_k16,text_pca64_lexical_calendar_publisher_stock
78908,2,clara_k16,text_pca64_lexical_calendar_publisher_stock
78910,0,clara_k16,text_pca64_lexical_calendar_publisher_stock
78913,1,clara_k16,text_pca64_lexical_calendar_publisher_stock
78914,1,clara_k16,text_pca64_lexical_calendar_publisher_stock
78920,12,clara_k16,text_pca64_lexical_calendar_publisher_stock
78938,12,clara_k16,text_pca64_lexical_calendar_publisher_stock
78940,8,clara_k16,text_pca64_lexical_calendar_publisher_stock
78951,2,clara_k16,text_pca64_lexical_calendar_publisher_stock
78955,1,clara_k16,text_pca64_lexical_calendar_publisher_stock
78959,2,clara_k16,text_pca64_lexical_calendar_publisher_stock
78963,13,clara_k16,text_pca64_lexical_calendar_publisher_stock
78965,2,clara_k16,text_pca64_lexical_calendar_publisher_stock
78968,0,clara_k16,text_pca64_lexical_calendar_publisher_stock
78977,0,clara_k16,text_pca64_lexical_calendar_publisher_stock
78994,12,clara_k16,text_pca64_lexical_calendar_publisher_stock
78997,8,clara_k16,text_pca64_lexical_calendar_publisher_stock
79000,4,clara_k16,text_pca64_lexical_calendar_publisher_stock
79005,4,clara_k16,text_pca64_lexical_calendar_publisher_stock
79010,12,clara_k16,text_pca64_lexical_calendar_publisher_stock
79013,13,clara_k16,text_pca64_lexical_calendar_publisher_stock
79020,2,clara_k16,text_pca64_lexical_calendar_publisher_stock
79022,6,clara_k16,text_pca64_lexical_calendar_publisher_stock
79028,7,clara_k16,text_pca64_lexical_calendar_publisher_stock
79038,6,clara_k16,text_pca64_lexical_calendar_publisher_stock
79041,7,clara_k16,text_pca64_lexical_calendar_publisher_stock
79067,4,clara_k16,text_pca64_lexical_calendar_publisher_stock
79074,2,clara_k16,text_pca64_lexical_calendar_publisher_stock
79080,12,clara_k16,text_pca64_lexical_calendar_publisher_stock
79081,14,clara_k16,text_pca64_lexical_calendar_publisher_stock
79084,13,clara_k16,text_pca64_lexical_calendar_publisher_stock
79095,13,clara_k16,text_pca64_lexical_calendar_publisher_stock
79097,13,clara_k16,text_pca64_lexical_calendar_publisher_stock
79106,1,clara_k16,text_pca64_lexical_calendar_publisher_stock
79112,1,clara_k16,text_pca64_lexical_calendar_publisher_stock
79121,0,clara_k16,text_pca64_lexical_calendar_publisher_stock
79128,0,clara_k16,text_pca64_lexical_calendar_publisher_stock
79131,11,clara_k16,text_pca64_lexical_calendar_publisher_stock
79138,6,clara_k16,text_pca64_lexical_calendar_publisher_stock
79143,3,clara_k16,text_pca64_lexical_calendar_publisher_stock
79152,7,clara_k16,text_pca64_lexical_calendar_publisher_stock
79156,1,clara_k16,text_pca64_lexical_calendar_publisher_stock
79162,13,clara_k16,text_pca64_lexical_calendar_publisher_stock
79163,5,clara_k16,text_pca64_lexical_calendar_publisher_stock
79167,1,clara_k16,text_pca64_lexical_calendar_publisher_stock
79184,0,clara_k16,text_pca64_lexical_calendar_publisher_stock
79193,13,clara_k16,text_pca64_lexical_calendar_publisher_stock
79194,0,clara_k16,text_pca64_lexical_calendar_publisher_stock
79195,0,clara_k16,text_pca64_lexical_calendar_publisher_stock
79197,0,clara_k16,text_pca64_lexical_calendar_publisher_stock
79209,1,clara_k16,text_pca64_lexical_calendar_publisher_stock
79216,0,clara_k16,text_pca64_lexical_calendar_publisher_stock
79219,0,clara_k16,text_pca64_lexical_calendar_publisher_stock
79221,4,clara_k16,text_pca64_lexical_calendar_publisher_stock
79226,2,clara_k16,text_pca64_lexical_calendar_publisher_stock
79228,14,clara_k16,text_pca64_lexical_calendar_publisher_stock
79243,13,clara_k16,text_pca64_lexical_calendar_publisher_stock
79256,6,clara_k16,text_pca64_lexical_calendar_publisher_stock
79259,1,clara_k16,text_pca64_lexical_calendar_publisher_stock
79264,0,clara_k16,text_pca64_lexical_calendar_publisher_stock
79271,14,clara_k16,text_pca64_lexical_calendar_publisher_stock
79272,2,clara_k16,text_pca64_lexical_calendar_publisher_stock
79277,12,clara_k16,text_pca64_lexical_calendar_publisher_stock
79289,0,clara_k16,text_pca64_lexical_calendar_publisher_stock
79316,8,clara_k16,text_pca64_lexical_calendar_publisher_stock
79330,1,clara_k16,text_pca64_lexical_calendar_publisher_stock
79333,0,clara_k16,text_pca64_lexical_calendar_publisher_stock
79342,0,clara_k16,text_pca64_lexical_calendar_publisher_stock
79346,2,clara_k16,text_pca64_lexical_calendar_publisher_stock
79357,5,clara_k16,text_pca64_lexical_calendar_publisher_stock
79358,2,clara_k16,text_pca64_lexical_calendar_publisher_stock
79368,2,clara_k16,text_pca64_lexical_calendar_publisher_stock
79370,2,clara_k16,text_pca64_lexical_calendar_publisher_stock
79373,1,clara_k16,text_pca64_lexical_calendar_publisher_stock
79378,5,clara_k16,text_pca64_lexical_calendar_publisher_stock
79379,14,clara_k16,text_pca64_lexical_calendar_publisher_stock
79381,6,clara_k16,text_pca64_lexical_calendar_publisher_stock
79388,1,clara_k16,text_pca64_lexical_calendar_publisher_stock
79402,1,clara_k16,text_pca64_lexical_calendar_publisher_stock
79410,4,clara_k16,text_pca64_lexical_calendar_publisher_stock
79411,4,clara_k16,text_pca64_lexical_calendar_publisher_stock
79416,0,clara_k16,text_pca64_lexical_calendar_publisher_stock
79420,14,clara_k16,text_pca64_lexical_calendar_publisher_stock
79425,6,clara_k16,text_pca64_lexical_calendar_publisher_stock
79432,6,clara_k16,text_pca64_lexical_calendar_publisher_stock
79437,9,clara_k16,text_pca64_lexical_calendar_publisher_stock
79462,4,clara_k16,text_pca64_lexical_calendar_publisher_stock
79463,14,clara_k16,text_pca64_lexical_calendar_publisher_stock
79470,1,clara_k16,text_pca64_lexical_calendar_publisher_stock
79475,6,clara_k16,text_pca64_lexical_calendar_publisher_stock
79489,8,clara_k16,text_pca64_lexical_calendar_publisher_stock
79503,5,clara_k16,text_pca64_lexical_calendar_publisher_stock
79514,4,clara_k16,text_pca64_lexical_calendar_publisher_stock
79527,15,clara_k16,text_pca64_lexical_calendar_publisher_stock
79528,15,clara_k16,text_pca64_lexical_calendar_publisher_stock
79536,2,clara_k16,text_pca64_lexical_calendar_publisher_stock
79559,14,clara_k16,text_pca64_lexical_calendar_publisher_stock
79562,0,clara_k16,text_pca64_lexical_calendar_publisher_stock
79576,6,clara_k16,text_pca64_lexical_calendar_publisher_stock
79580,0,clara_k16,text_pca64_lexical_calendar_publisher_stock
79583,2,clara_k16,text_pca64_lexical_calendar_publisher_stock
79585,1,clara_k16,text_pca64_lexical_calendar_publisher_stock
79619,12,clara_k16,text_pca64_lexical_calendar_publisher_stock
79627,0,clara_k16,text_pca64_lexical_calendar_publisher_stock
79658,0,clara_k16,text_pca64_lexical_calendar_publisher_stock
79659,2,clara_k16,text_pca64_lexical_calendar_publisher_stock
79662,0,clara_k16,text_pca64_lexical_calendar_publisher_stock
79677,4,clara_k16,text_pca64_lexical_calendar_publisher_stock
79679,4,clara_k16,text_pca64_lexical_calendar_publisher_stock
79681,12,clara_k16,text_pca64_lexical_calendar_publisher_stock
79690,4,clara_k16,text_pca64_lexical_calendar_publisher_stock
79692,2,clara_k16,text_pca64_lexical_calendar_publisher_stock
79696,6,clara_k16,text_pca64_lexical_calendar_publisher_stock
79715,0,clara_k16,text_pca64_lexical_calendar_publisher_stock
79722,2,clara_k16,text_pca64_lexical_calendar_publisher_stock
79729,14,clara_k16,text_pca64_lexical_calendar_publisher_stock
79745,6,clara_k16,text_pca64_lexical_calendar_publisher_stock
79754,1,clara_k16,text_pca64_lexical_calendar_publisher_stock
79759,0,clara_k16,text_pca64_lexical_calendar_publisher_stock
79760,0,clara_k16,text_pca64_lexical_calendar_publisher_stock
79765,0,clara_k16,text_pca64_lexical_calendar_publisher_stock
79772,4,clara_k16,text_pca64_lexical_calendar_publisher_stock
79774,0,clara_k16,text_pca64_lexical_calendar_publisher_stock
79776,4,clara_k16,text_pca64_lexical_calendar_publisher_stock
79785,1,clara_k16,text_pca64_lexical_calendar_publisher_stock
79805,1,clara_k16,text_pca64_lexical_calendar_publisher_stock
79808,8,clara_k16,text_pca64_lexical_calendar_publisher_stock
79817,8,clara_k16,text_pca64_lexical_calendar_publisher_stock
79821,0,clara_k16,text_pca64_lexical_calendar_publisher_stock
79824,0,clara_k16,text_pca64_lexical_calendar_publisher_stock
79828,14,clara_k16,text_pca64_lexical_calendar_publisher_stock
79835,6,clara_k16,text_pca64_lexical_calendar_publisher_stock
79843,6,clara_k16,text_pca64_lexical_calendar_publisher_stock
79849,1,clara_k16,text_pca64_lexical_calendar_publisher_stock
79850,0,clara_k16,text_pca64_lexical_calendar_publisher_stock
79877,0,clara_k16,text_pca64_lexical_calendar_publisher_stock
79884,0,clara_k16,text_pca64_lexical_calendar_publisher_stock
79892,12,clara_k16,text_pca64_lexical_calendar_publisher_stock
79895,12,clara_k16,text_pca64_lexical_calendar_publisher_stock
79898,12,clara_k16,text_pca64_lexical_calendar_publisher_stock
79901,12,clara_k16,text_pca64_lexical_calendar_publisher_stock
79908,6,clara_k16,text_pca64_lexical_calendar_publisher_stock
79912,12,clara_k16,text_pca64_lexical_calendar_publisher_stock
79925,1,clara_k16,text_pca64_lexical_calendar_publisher_stock
79926,1,clara_k16,text_pca64_lexical_calendar_publisher_stock
79931,12,clara_k16,text_pca64_lexical_calendar_publisher_stock
79934,0,clara_k16,text_pca64_lexical_calendar_publisher_stock
79946,2,clara_k16,text_pca64_lexical_calendar_publisher_stock
79951,2,clara_k16,text_pca64_lexical_calendar_publisher_stock
79954,6,clara_k16,text_pca64_lexical_calendar_publisher_stock
79956,2,clara_k16,text_pca64_lexical_calendar_publisher_stock
79958,0,clara_k16,text_pca64_lexical_calendar_publisher_stock
79960,12,clara_k16,text_pca64_lexical_calendar_publisher_stock
79962,0,clara_k16,text_pca64_lexical_calendar_publisher_stock
79963,0,clara_k16,text_pca64_lexical_calendar_publisher_stock
79969,13,clara_k16,text_pca64_lexical_calendar_publisher_stock
79976,1,clara_k16,text_pca64_lexical_calendar_publisher_stock
79977,4,clara_k16,text_pca64_lexical_calendar_publisher_stock
79989,13,clara_k16,text_pca64_lexical_calendar_publisher_stock
79994,12,clara_k16,text_pca64_lexical_calendar_publisher_stock
80002,2,clara_k16,text_pca64_lexical_calendar_publisher_stock
80008,0,clara_k16,text_pca64_lexical_calendar_publisher_stock
80031,5,clara_k16,text_pca64_lexical_calendar_publisher_stock
80033,9,clara_k16,text_pca64_lexical_calendar_publisher_stock
80034,0,clara_k16,text_pca64_lexical_calendar_publisher_stock
80040,14,clara_k16,text_pca64_lexical_calendar_publisher_stock
80056,6,clara_k16,text_pca64_lexical_calendar_publisher_stock
80062,9,clara_k16,text_pca64_lexical_calendar_publisher_stock
80066,14,clara_k16,text_pca64_lexical_calendar_publisher_stock
80074,5,clara_k16,text_pca64_lexical_calendar_publisher_stock
80087,0,clara_k16,text_pca64_lexical_calendar_publisher_stock
80090,9,clara_k16,text_pca64_lexical_calendar_publisher_stock
80091,5,clara_k16,text_pca64_lexical_calendar_publisher_stock
80092,0,clara_k16,text_pca64_lexical_calendar_publisher_stock
80099,0,clara_k16,text_pca64_lexical_calendar_publisher_stock
80119,14,clara_k16,text_pca64_lexical_calendar_publisher_stock
80120,0,clara_k16,text_pca64_lexical_calendar_publisher_stock
80125,2,clara_k16,text_pca64_lexical_calendar_publisher_stock
80127,0,clara_k16,text_pca64_lexical_calendar_publisher_stock
80147,14,clara_k16,text_pca64_lexical_calendar_publisher_stock
80156,2,clara_k16,text_pca64_lexical_calendar_publisher_stock
80160,0,clara_k16,text_pca64_lexical_calendar_publisher_stock
80161,4,clara_k16,text_pca64_lexical_calendar_publisher_stock
80166,1,clara_k16,text_pca64_lexical_calendar_publisher_stock
80167,4,clara_k16,text_pca64_lexical_calendar_publisher_stock
80169,2,clara_k16,text_pca64_lexical_calendar_publisher_stock
80173,0,clara_k16,text_pca64_lexical_calendar_publisher_stock
80174,4,clara_k16,text_pca64_lexical_calendar_publisher_stock
80175,11,clara_k16,text_pca64_lexical_calendar_publisher_stock
80184,0,clara_k16,text_pca64_lexical_calendar_publisher_stock
80190,12,clara_k16,text_pca64_lexical_calendar_publisher_stock
80204,0,clara_k16,text_pca64_lexical_calendar_publisher_stock
80247,4,clara_k16,text_pca64_lexical_calendar_publisher_stock
80251,0,clara_k16,text_pca64_lexical_calendar_publisher_stock
80260,14,clara_k16,text_pca64_lexical_calendar_publisher_stock
80272,4,clara_k16,text_pca64_lexical_calendar_publisher_stock
80275,4,clara_k16,text_pca64_lexical_calendar_publisher_stock
80276,4,clara_k16,text_pca64_lexical_calendar_publisher_stock
80285,13,clara_k16,text_pca64_lexical_calendar_publisher_stock
80292,4,clara_k16,text_pca64_lexical_calendar_publisher_stock
80296,0,clara_k16,text_pca64_lexical_calendar_publisher_stock
80301,4,clara_k16,text_pca64_lexical_calendar_publisher_stock
80311,11,clara_k16,text_pca64_lexical_calendar_publisher_stock
80312,11,clara_k16,text_pca64_lexical_calendar_publisher_stock
80316,13,clara_k16,text_pca64_lexical_calendar_publisher_stock
80323,5,clara_k16,text_pca64_lexical_calendar_publisher_stock
80324,9,clara_k16,text_pca64_lexical_calendar_publisher_stock
80325,7,clara_k16,text_pca64_lexical_calendar_publisher_stock
80340,0,clara_k16,text_pca64_lexical_calendar_publisher_stock
80350,0,clara_k16,text_pca64_lexical_calendar_publisher_stock
80352,12,clara_k16,text_pca64_lexical_calendar_publisher_stock
80355,14,clara_k16,text_pca64_lexical_calendar_publisher_stock
80371,0,clara_k16,text_pca64_lexical_calendar_publisher_stock
80375,4,clara_k16,text_pca64_lexical_calendar_publisher_stock
80384,2,clara_k16,text_pca64_lexical_calendar_publisher_stock
80387,0,clara_k16,text_pca64_lexical_calendar_publisher_stock
80396,14,clara_k16,text_pca64_lexical_calendar_publisher_stock
80410,9,clara_k16,text_pca64_lexical_calendar_publisher_stock
80415,0,clara_k16,text_pca64_lexical_calendar_publisher_stock
80417,0,clara_k16,text_pca64_lexical_calendar_publisher_stock
80423,1,clara_k16,text_pca64_lexical_calendar_publisher_stock
80430,0,clara_k16,text_pca64_lexical_calendar_publisher_stock
80431,14,clara_k16,text_pca64_lexical_calendar_publisher_stock
80438,4,clara_k16,text_pca64_lexical_calendar_publisher_stock
80441,0,clara_k16,text_pca64_lexical_calendar_publisher_stock
80445,0,clara_k16,text_pca64_lexical_calendar_publisher_stock
80448,1,clara_k16,text_pca64_lexical_calendar_publisher_stock
80449,0,clara_k16,text_pca64_lexical_calendar_publisher_stock
80457,0,clara_k16,text_pca64_lexical_calendar_publisher_stock
80462,0,clara_k16,text_pca64_lexical_calendar_publisher_stock
80464,4,clara_k16,text_pca64_lexical_calendar_publisher_stock
80467,12,clara_k16,text_pca64_lexical_calendar_publisher_stock
80469,2,clara_k16,text_pca64_lexical_calendar_publisher_stock
80473,1,clara_k16,text_pca64_lexical_calendar_publisher_stock
80482,0,clara_k16,text_pca64_lexical_calendar_publisher_stock
80485,0,clara_k16,text_pca64_lexical_calendar_publisher_stock
80486,4,clara_k16,text_pca64_lexical_calendar_publisher_stock
80487,6,clara_k16,text_pca64_lexical_calendar_publisher_stock
80493,13,clara_k16,text_pca64_lexical_calendar_publisher_stock
80495,0,clara_k16,text_pca64_lexical_calendar_publisher_stock
80498,6,clara_k16,text_pca64_lexical_calendar_publisher_stock
80499,13,clara_k16,text_pca64_lexical_calendar_publisher_stock
80503,14,clara_k16,text_pca64_lexical_calendar_publisher_stock
80505,4,clara_k16,text_pca64_lexical_calendar_publisher_stock
80509,4,clara_k16,text_pca64_lexical_calendar_publisher_stock
80512,6,clara_k16,text_pca64_lexical_calendar_publisher_stock
80517,6,clara_k16,text_pca64_lexical_calendar_publisher_stock
80527,0,clara_k16,text_pca64_lexical_calendar_publisher_stock
80539,6,clara_k16,text_pca64_lexical_calendar_publisher_stock
80540,0,clara_k16,text_pca64_lexical_calendar_publisher_stock
80542,4,clara_k16,text_pca64_lexical_calendar_publisher_stock
80545,14,clara_k16,text_pca64_lexical_calendar_publisher_stock
80547,4,clara_k16,text_pca64_lexical_calendar_publisher_stock
80549,0,clara_k16,text_pca64_lexical_calendar_publisher_stock
80550,0,clara_k16,text_pca64_lexical_calendar_publisher_stock
80558,2,clara_k16,text_pca64_lexical_calendar_publisher_stock
80572,0,clara_k16,text_pca64_lexical_calendar_publisher_stock
80573,0,clara_k16,text_pca64_lexical_calendar_publisher_stock
80590,13,clara_k16,text_pca64_lexical_calendar_publisher_stock
80594,3,clara_k16,text_pca64_lexical_calendar_publisher_stock
80595,0,clara_k16,text_pca64_lexical_calendar_publisher_stock
80608,1,clara_k16,text_pca64_lexical_calendar_publisher_stock
80612,11,clara_k16,text_pca64_lexical_calendar_publisher_stock
80616,12,clara_k16,text_pca64_lexical_calendar_publisher_stock
80624,3,clara_k16,text_pca64_lexical_calendar_publisher_stock
80631,4,clara_k16,text_pca64_lexical_calendar_publisher_stock
80647,6,clara_k16,text_pca64_lexical_calendar_publisher_stock
80654,4,clara_k16,text_pca64_lexical_calendar_publisher_stock
80681,15,clara_k16,text_pca64_lexical_calendar_publisher_stock
80683,0,clara_k16,text_pca64_lexical_calendar_publisher_stock
80689,6,clara_k16,text_pca64_lexical_calendar_publisher_stock
80696,4,clara_k16,text_pca64_lexical_calendar_publisher_stock
80698,15,clara_k16,text_pca64_lexical_calendar_publisher_stock
80699,4,clara_k16,text_pca64_lexical_calendar_publisher_stock
80713,1,clara_k16,text_pca64_lexical_calendar_publisher_stock
80726,6,clara_k16,text_pca64_lexical_calendar_publisher_stock
80750,0,clara_k16,text_pca64_lexical_calendar_publisher_stock
80760,6,clara_k16,text_pca64_lexical_calendar_publisher_stock
80768,11,clara_k16,text_pca64_lexical_calendar_publisher_stock
80782,5,clara_k16,text_pca64_lexical_calendar_publisher_stock
80785,7,clara_k16,text_pca64_lexical_calendar_publisher_stock
80787,4,clara_k16,text_pca64_lexical_calendar_publisher_stock
80794,4,clara_k16,text_pca64_lexical_calendar_publisher_stock
80796,12,clara_k16,text_pca64_lexical_calendar_publisher_stock
80808,0,clara_k16,text_pca64_lexical_calendar_publisher_stock
80816,4,clara_k16,text_pca64_lexical_calendar_publisher_stock
80824,1,clara_k16,text_pca64_lexical_calendar_publisher_stock
80828,12,clara_k16,text_pca64_lexical_calendar_publisher_stock
80829,12,clara_k16,text_pca64_lexical_calendar_publisher_stock
80832,10,clara_k16,text_pca64_lexical_calendar_publisher_stock
80834,1,clara_k16,text_pca64_lexical_calendar_publisher_stock
80841,4,clara_k16,text_pca64_lexical_calendar_publisher_stock
80845,7,clara_k16,text_pca64_lexical_calendar_publisher_stock
80847,0,clara_k16,text_pca64_lexical_calendar_publisher_stock
80853,4,clara_k16,text_pca64_lexical_calendar_publisher_stock
80871,10,clara_k16,text_pca64_lexical_calendar_publisher_stock
80878,4,clara_k16,text_pca64_lexical_calendar_publisher_stock
80881,10,clara_k16,text_pca64_lexical_calendar_publisher_stock
80883,4,clara_k16,text_pca64_lexical_calendar_publisher_stock
80889,4,clara_k16,text_pca64_lexical_calendar_publisher_stock
80917,1,clara_k16,text_pca64_lexical_calendar_publisher_stock
80919,4,clara_k16,text_pca64_lexical_calendar_publisher_stock
80933,1,clara_k16,text_pca64_lexical_calendar_publisher_stock
80939,4,clara_k16,text_pca64_lexical_calendar_publisher_stock
80948,4,clara_k16,text_pca64_lexical_calendar_publisher_stock
80949,6,clara_k16,text_pca64_lexical_calendar_publisher_stock
80953,4,clara_k16,text_pca64_lexical_calendar_publisher_stock
80958,1,clara_k16,text_pca64_lexical_calendar_publisher_stock
80963,1,clara_k16,text_pca64_lexical_calendar_publisher_stock
80970,4,clara_k16,text_pca64_lexical_calendar_publisher_stock
80980,13,clara_k16,text_pca64_lexical_calendar_publisher_stock
80994,4,clara_k16,text_pca64_lexical_calendar_publisher_stock
80995,13,clara_k16,text_pca64_lexical_calendar_publisher_stock
80999,1,clara_k16,text_pca64_lexical_calendar_publisher_stock
81011,4,clara_k16,text_pca64_lexical_calendar_publisher_stock
81014,1,clara_k16,text_pca64_lexical_calendar_publisher_stock
81016,12,clara_k16,text_pca64_lexical_calendar_publisher_stock
81024,0,clara_k16,text_pca64_lexical_calendar_publisher_stock
81025,4,clara_k16,text_pca64_lexical_calendar_publisher_stock
81027,4,clara_k16,text_pca64_lexical_calendar_publisher_stock
81031,4,clara_k16,text_pca64_lexical_calendar_publisher_stock
81035,0,clara_k16,text_pca64_lexical_calendar_publisher_stock
81041,4,clara_k16,text_pca64_lexical_calendar_publisher_stock
81053,4,clara_k16,text_pca64_lexical_calendar_publisher_stock
81054,1,clara_k16,text_pca64_lexical_calendar_publisher_stock
81063,1,clara_k16,text_pca64_lexical_calendar_publisher_stock
81064,4,clara_k16,text_pca64_lexical_calendar_publisher_stock
81074,0,clara_k16,text_pca64_lexical_calendar_publisher_stock
81102,1,clara_k16,text_pca64_lexical_calendar_publisher_stock
81108,1,clara_k16,text_pca64_lexical_calendar_publisher_stock
81134,1,clara_k16,text_pca64_lexical_calendar_publisher_stock
81135,1,clara_k16,text_pca64_lexical_calendar_publisher_stock
81143,0,clara_k16,text_pca64_lexical_calendar_publisher_stock
81145,4,clara_k16,text_pca64_lexical_calendar_publisher_stock
81148,0,clara_k16,text_pca64_lexical_calendar_publisher_stock
81154,1,clara_k16,text_pca64_lexical_calendar_publisher_stock
81162,0,clara_k16,text_pca64_lexical_calendar_publisher_stock
81164,4,clara_k16,text_pca64_lexical_calendar_publisher_stock
81172,0,clara_k16,text_pca64_lexical_calendar_publisher_stock
81192,0,clara_k16,text_pca64_lexical_calendar_publisher_stock
81194,0,clara_k16,text_pca64_lexical_calendar_publisher_stock
81202,6,clara_k16,text_pca64_lexical_calendar_publisher_stock
81206,0,clara_k16,text_pca64_lexical_calendar_publisher_stock
81209,4,clara_k16,text_pca64_lexical_calendar_publisher_stock
81220,1,clara_k16,text_pca64_lexical_calendar_publisher_stock
81222,4,clara_k16,text_pca64_lexical_calendar_publisher_stock
81241,2,clara_k16,text_pca64_lexical_calendar_publisher_stock
81247,0,clara_k16,text_pca64_lexical_calendar_publisher_stock
81261,13,clara_k16,text_pca64_lexical_calendar_publisher_stock
81262,1,clara_k16,text_pca64_lexical_calendar_publisher_stock
81263,0,clara_k16,text_pca64_lexical_calendar_publisher_stock
81267,1,clara_k16,text_pca64_lexical_calendar_publisher_stock
81277,1,clara_k16,text_pca64_lexical_calendar_publisher_stock
81281,4,clara_k16,text_pca64_lexical_calendar_publisher_stock
81282,4,clara_k16,text_pca64_lexical_calendar_publisher_stock
81283,2,clara_k16,text_pca64_lexical_calendar_publisher_stock
81286,1,clara_k16,text_pca64_lexical_calendar_publisher_stock
81290,0,clara_k16,text_pca64_lexical_calendar_publisher_stock
81298,2,clara_k16,text_pca64_lexical_calendar_publisher_stock
81313,12,clara_k16,text_pca64_lexical_calendar_publisher_stock
81340,4,clara_k16,text_pca64_lexical_calendar_publisher_stock
81346,0,clara_k16,text_pca64_lexical_calendar_publisher_stock
81347,1,clara_k16,text_pca64_lexical_calendar_publisher_stock
81350,0,clara_k16,text_pca64_lexical_calendar_publisher_stock
81359,1,clara_k16,text_pca64_lexical_calendar_publisher_stock
81360,14,clara_k16,text_pca64_lexical_calendar_publisher_stock
81361,6,clara_k16,text_pca64_lexical_calendar_publisher_stock
81364,0,clara_k16,text_pca64_lexical_calendar_publisher_stock
81366,1,clara_k16,text_pca64_lexical_calendar_publisher_stock
81369,13,clara_k16,text_pca64_lexical_calendar_publisher_stock
81378,1,clara_k16,text_pca64_lexical_calendar_publisher_stock
81390,13,clara_k16,text_pca64_lexical_calendar_publisher_stock
81393,8,clara_k16,text_pca64_lexical_calendar_publisher_stock
81410,2,clara_k16,text_pca64_lexical_calendar_publisher_stock
81425,6,clara_k16,text_pca64_lexical_calendar_publisher_stock
81430,6,clara_k16,text_pca64_lexical_calendar_publisher_stock
81435,8,clara_k16,text_pca64_lexical_calendar_publisher_stock
81446,13,clara_k16,text_pca64_lexical_calendar_publisher_stock
81451,12,clara_k16,text_pca64_lexical_calendar_publisher_stock
81457,8,clara_k16,text_pca64_lexical_calendar_publisher_stock
81460,8,clara_k16,text_pca64_lexical_calendar_publisher_stock
81465,13,clara_k16,text_pca64_lexical_calendar_publisher_stock
81472,0,clara_k16,text_pca64_lexical_calendar_publisher_stock
81476,13,clara_k16,text_pca64_lexical_calendar_publisher_stock
81479,13,clara_k16,text_pca64_lexical_calendar_publisher_stock
81485,4,clara_k16,text_pca64_lexical_calendar_publisher_stock
81491,6,clara_k16,text_pca64_lexical_calendar_publisher_stock
81498,13,clara_k16,text_pca64_lexical_calendar_publisher_stock
81503,6,clara_k16,text_pca64_lexical_calendar_publisher_stock
81511,12,clara_k16,text_pca64_lexical_calendar_publisher_stock
81513,0,clara_k16,text_pca64_lexical_calendar_publisher_stock
81516,2,clara_k16,text_pca64_lexical_calendar_publisher_stock
81519,6,clara_k16,text_pca64_lexical_calendar_publisher_stock
81528,0,clara_k16,text_pca64_lexical_calendar_publisher_stock
81560,6,clara_k16,text_pca64_lexical_calendar_publisher_stock
81561,5,clara_k16,text_pca64_lexical_calendar_publisher_stock
81563,0,clara_k16,text_pca64_lexical_calendar_publisher_stock
81581,0,clara_k16,text_pca64_lexical_calendar_publisher_stock
81582,13,clara_k16,text_pca64_lexical_calendar_publisher_stock
81590,2,clara_k16,text_pca64_lexical_calendar_publisher_stock
81610,13,clara_k16,text_pca64_lexical_calendar_publisher_stock
81613,0,clara_k16,text_pca64_lexical_calendar_publisher_stock
81629,9,clara_k16,text_pca64_lexical_calendar_publisher_stock
81630,14,clara_k16,text_pca64_lexical_calendar_publisher_stock
81634,0,clara_k16,text_pca64_lexical_calendar_publisher_stock
81635,9,clara_k16,text_pca64_lexical_calendar_publisher_stock
81637,2,clara_k16,text_pca64_lexical_calendar_publisher_stock
81642,14,clara_k16,text_pca64_lexical_calendar_publisher_stock
81654,12,clara_k16,text_pca64_lexical_calendar_publisher_stock
81656,0,clara_k16,text_pca64_lexical_calendar_publisher_stock
81667,9,clara_k16,text_pca64_lexical_calendar_publisher_stock
81670,14,clara_k16,text_pca64_lexical_calendar_publisher_stock
81674,13,clara_k16,text_pca64_lexical_calendar_publisher_stock
81691,6,clara_k16,text_pca64_lexical_calendar_publisher_stock
81692,0,clara_k16,text_pca64_lexical_calendar_publisher_stock
81695,13,clara_k16,text_pca64_lexical_calendar_publisher_stock
81698,13,clara_k16,text_pca64_lexical_calendar_publisher_stock
81699,0,clara_k16,text_pca64_lexical_calendar_publisher_stock
81700,1,clara_k16,text_pca64_lexical_calendar_publisher_stock
81708,0,clara_k16,text_pca64_lexical_calendar_publisher_stock
81711,13,clara_k16,text_pca64_lexical_calendar_publisher_stock
81717,4,clara_k16,text_pca64_lexical_calendar_publisher_stock
81733,1,clara_k16,text_pca64_lexical_calendar_publisher_stock
81744,6,clara_k16,text_pca64_lexical_calendar_publisher_stock
81745,0,clara_k16,text_pca64_lexical_calendar_publisher_stock
81750,8,clara_k16,text_pca64_lexical_calendar_publisher_stock
81753,7,clara_k16,text_pca64_lexical_calendar_publisher_stock
81755,0,clara_k16,text_pca64_lexical_calendar_publisher_stock
81757,6,clara_k16,text_pca64_lexical_calendar_publisher_stock
81760,7,clara_k16,text_pca64_lexical_calendar_publisher_stock
81761,0,clara_k16,text_pca64_lexical_calendar_publisher_stock
81763,0,clara_k16,text_pca64_lexical_calendar_publisher_stock
81764,1,clara_k16,text_pca64_lexical_calendar_publisher_stock
81766,6,clara_k16,text_pca64_lexical_calendar_publisher_stock
81772,6,clara_k16,text_pca64_lexical_calendar_publisher_stock
81777,6,clara_k16,text_pca64_lexical_calendar_publisher_stock
81784,7,clara_k16,text_pca64_lexical_calendar_publisher_stock
81792,7,clara_k16,text_pca64_lexical_calendar_publisher_stock
81794,2,clara_k16,text_pca64_lexical_calendar_publisher_stock
81809,1,clara_k16,text_pca64_lexical_calendar_publisher_stock
81815,13,clara_k16,text_pca64_lexical_calendar_publisher_stock
81817,11,clara_k16,text_pca64_lexical_calendar_publisher_stock
81822,0,clara_k16,text_pca64_lexical_calendar_publisher_stock
81823,9,clara_k16,text_pca64_lexical_calendar_publisher_stock
81833,6,clara_k16,text_pca64_lexical_calendar_publisher_stock
81841,11,clara_k16,text_pca64_lexical_calendar_publisher_stock
81869,1,clara_k16,text_pca64_lexical_calendar_publisher_stock
81870,2,clara_k16,text_pca64_lexical_calendar_publisher_stock
81874,2,clara_k16,text_pca64_lexical_calendar_publisher_stock
81894,15,clara_k16,text_pca64_lexical_calendar_publisher_stock
81911,2,clara_k16,text_pca64_lexical_calendar_publisher_stock
81913,14,clara_k16,text_pca64_lexical_calendar_publisher_stock
81940,14,clara_k16,text_pca64_lexical_calendar_publisher_stock
81946,0,clara_k16,text_pca64_lexical_calendar_publisher_stock
81965,11,clara_k16,text_pca64_lexical_calendar_publisher_stock
81966,14,clara_k16,text_pca64_lexical_calendar_publisher_stock
81967,0,clara_k16,text_pca64_lexical_calendar_publisher_stock
81971,14,clara_k16,text_pca64_lexical_calendar_publisher_stock
81983,5,clara_k16,text_pca64_lexical_calendar_publisher_stock
81988,6,clara_k16,text_pca64_lexical_calendar_publisher_stock
81992,5,clara_k16,text_pca64_lexical_calendar_publisher_stock
81995,4,clara_k16,text_pca64_lexical_calendar_publisher_stock
82003,6,clara_k16,text_pca64_lexical_calendar_publisher_stock
82007,0,clara_k16,text_pca64_lexical_calendar_publisher_stock
82017,3,clara_k16,text_pca64_lexical_calendar_publisher_stock
82019,11,clara_k16,text_pca64_lexical_calendar_publisher_stock
82038,0,clara_k16,text_pca64_lexical_calendar_publisher_stock
82048,7,clara_k16,text_pca64_lexical_calendar_publisher_stock
82056,0,clara_k16,text_pca64_lexical_calendar_publisher_stock
82059,0,clara_k16,text_pca64_lexical_calendar_publisher_stock
82065,2,clara_k16,text_pca64_lexical_calendar_publisher_stock
82066,13,clara_k16,text_pca64_lexical_calendar_publisher_stock
82071,7,clara_k16,text_pca64_lexical_calendar_publisher_stock
82075,12,clara_k16,text_pca64_lexical_calendar_publisher_stock
82083,11,clara_k16,text_pca64_lexical_calendar_publisher_stock
82084,0,clara_k16,text_pca64_lexical_calendar_publisher_stock
82088,7,clara_k16,text_pca64_lexical_calendar_publisher_stock
82091,0,clara_k16,text_pca64_lexical_calendar_publisher_stock
82102,6,clara_k16,text_pca64_lexical_calendar_publisher_stock
82105,4,clara_k16,text_pca64_lexical_calendar_publisher_stock
82106,13,clara_k16,text_pca64_lexical_calendar_publisher_stock
82116,0,clara_k16,text_pca64_lexical_calendar_publisher_stock
82120,1,clara_k16,text_pca64_lexical_calendar_publisher_stock
82124,11,clara_k16,text_pca64_lexical_calendar_publisher_stock
82139,11,clara_k16,text_pca64_lexical_calendar_publisher_stock
82141,4,clara_k16,text_pca64_lexical_calendar_publisher_stock
82149,1,clara_k16,text_pca64_lexical_calendar_publisher_stock
82150,0,clara_k16,text_pca64_lexical_calendar_publisher_stock
82154,8,clara_k16,text_pca64_lexical_calendar_publisher_stock
82157,13,clara_k16,text_pca64_lexical_calendar_publisher_stock
82162,9,clara_k16,text_pca64_lexical_calendar_publisher_stock
82163,8,clara_k16,text_pca64_lexical_calendar_publisher_stock
82179,0,clara_k16,text_pca64_lexical_calendar_publisher_stock
82181,4,clara_k16,text_pca64_lexical_calendar_publisher_stock
82183,4,clara_k16,text_pca64_lexical_calendar_publisher_stock
82186,1,clara_k16,text_pca64_lexical_calendar_publisher_stock
82192,4,clara_k16,text_pca64_lexical_calendar_publisher_stock
82199,4,clara_k16,text_pca64_lexical_calendar_publisher_stock
82210,4,clara_k16,text_pca64_lexical_calendar_publisher_stock
82211,4,clara_k16,text_pca64_lexical_calendar_publisher_stock
82213,13,clara_k16,text_pca64_lexical_calendar_publisher_stock
82217,4,clara_k16,text_pca64_lexical_calendar_publisher_stock
82218,4,clara_k16,text_pca64_lexical_calendar_publisher_stock
82237,4,clara_k16,text_pca64_lexical_calendar_publisher_stock
82242,13,clara_k16,text_pca64_lexical_calendar_publisher_stock
82244,1,clara_k16,text_pca64_lexical_calendar_publisher_stock
82247,1,clara_k16,text_pca64_lexical_calendar_publisher_stock
82248,0,clara_k16,text_pca64_lexical_calendar_publisher_stock
82252,1,clara_k16,text_pca64_lexical_calendar_publisher_stock
82261,4,clara_k16,text_pca64_lexical_calendar_publisher_stock
82268,1,clara_k16,text_pca64_lexical_calendar_publisher_stock
82271,2,clara_k16,text_pca64_lexical_calendar_publisher_stock
82278,2,clara_k16,text_pca64_lexical_calendar_publisher_stock
82281,1,clara_k16,text_pca64_lexical_calendar_publisher_stock
82298,15,clara_k16,text_pca64_lexical_calendar_publisher_stock
82299,1,clara_k16,text_pca64_lexical_calendar_publisher_stock
82307,15,clara_k16,text_pca64_lexical_calendar_publisher_stock
82312,11,clara_k16,text_pca64_lexical_calendar_publisher_stock
82314,2,clara_k16,text_pca64_lexical_calendar_publisher_stock
82316,1,clara_k16,text_pca64_lexical_calendar_publisher_stock
82327,9,clara_k16,text_pca64_lexical_calendar_publisher_stock
82331,0,clara_k16,text_pca64_lexical_calendar_publisher_stock
82334,9,clara_k16,text_pca64_lexical_calendar_publisher_stock
82337,2,clara_k16,text_pca64_lexical_calendar_publisher_stock
82340,5,clara_k16,text_pca64_lexical_calendar_publisher_stock
82341,2,clara_k16,text_pca64_lexical_calendar_publisher_stock
82346,2,clara_k16,text_pca64_lexical_calendar_publisher_stock
82353,0,clara_k16,text_pca64_lexical_calendar_publisher_stock
82363,8,clara_k16,text_pca64_lexical_calendar_publisher_stock
82370,5,clara_k16,text_pca64_lexical_calendar_publisher_stock
82392,2,clara_k16,text_pca64_lexical_calendar_publisher_stock
82396,5,clara_k16,text_pca64_lexical_calendar_publisher_stock
82400,4,clara_k16,text_pca64_lexical_calendar_publisher_stock
82405,11,clara_k16,text_pca64_lexical_calendar_publisher_stock
82407,11,clara_k16,text_pca64_lexical_calendar_publisher_stock
82415,9,clara_k16,text_pca64_lexical_calendar_publisher_stock
82417,13,clara_k16,text_pca64_lexical_calendar_publisher_stock
82420,3,clara_k16,text_pca64_lexical_calendar_publisher_stock
82425,4,clara_k16,text_pca64_lexical_calendar_publisher_stock
82443,0,clara_k16,text_pca64_lexical_calendar_publisher_stock
82457,2,clara_k16,text_pca64_lexical_calendar_publisher_stock
82462,0,clara_k16,text_pca64_lexical_calendar_publisher_stock
82473,2,clara_k16,text_pca64_lexical_calendar_publisher_stock
82479,14,clara_k16,text_pca64_lexical_calendar_publisher_stock
82481,14,clara_k16,text_pca64_lexical_calendar_publisher_stock
82483,14,clara_k16,text_pca64_lexical_calendar_publisher_stock
82499,2,clara_k16,text_pca64_lexical_calendar_publisher_stock
82506,14,clara_k16,text_pca64_lexical_calendar_publisher_stock
82512,2,clara_k16,text_pca64_lexical_calendar_publisher_stock
82537,2,clara_k16,text_pca64_lexical_calendar_publisher_stock
82550,0,clara_k16,text_pca64_lexical_calendar_publisher_stock
82553,6,clara_k16,text_pca64_lexical_calendar_publisher_stock
82557,14,clara_k16,text_pca64_lexical_calendar_publisher_stock
82560,14,clara_k16,text_pca64_lexical_calendar_publisher_stock
82561,2,clara_k16,text_pca64_lexical_calendar_publisher_stock
82564,2,clara_k16,text_pca64_lexical_calendar_publisher_stock
82577,12,clara_k16,text_pca64_lexical_calendar_publisher_stock
82585,14,clara_k16,text_pca64_lexical_calendar_publisher_stock
82587,2,clara_k16,text_pca64_lexical_calendar_publisher_stock
82593,14,clara_k16,text_pca64_lexical_calendar_publisher_stock
82605,0,clara_k16,text_pca64_lexical_calendar_publisher_stock
82623,12,clara_k16,text_pca64_lexical_calendar_publisher_stock
82624,2,clara_k16,text_pca64_lexical_calendar_publisher_stock
82628,2,clara_k16,text_pca64_lexical_calendar_publisher_stock
82634,14,clara_k16,text_pca64_lexical_calendar_publisher_stock
82642,1,clara_k16,text_pca64_lexical_calendar_publisher_stock
82648,4,clara_k16,text_pca64_lexical_calendar_publisher_stock
82651,0,clara_k16,text_pca64_lexical_calendar_publisher_stock
82653,6,clara_k16,text_pca64_lexical_calendar_publisher_stock
82660,0,clara_k16,text_pca64_lexical_calendar_publisher_stock
82668,4,clara_k16,text_pca64_lexical_calendar_publisher_stock
82669,12,clara_k16,text_pca64_lexical_calendar_publisher_stock
82672,1,clara_k16,text_pca64_lexical_calendar_publisher_stock
82676,0,clara_k16,text_pca64_lexical_calendar_publisher_stock
82682,2,clara_k16,text_pca64_lexical_calendar_publisher_stock
82688,14,clara_k16,text_pca64_lexical_calendar_publisher_stock
82690,2,clara_k16,text_pca64_lexical_calendar_publisher_stock
82699,2,clara_k16,text_pca64_lexical_calendar_publisher_stock
82708,0,clara_k16,text_pca64_lexical_calendar_publisher_stock
82713,12,clara_k16,text_pca64_lexical_calendar_publisher_stock
82714,0,clara_k16,text_pca64_lexical_calendar_publisher_stock
82717,0,clara_k16,text_pca64_lexical_calendar_publisher_stock
82729,4,clara_k16,text_pca64_lexical_calendar_publisher_stock
82731,2,clara_k16,text_pca64_lexical_calendar_publisher_stock
82732,2,clara_k16,text_pca64_lexical_calendar_publisher_stock
82751,6,clara_k16,text_pca64_lexical_calendar_publisher_stock
82754,9,clara_k16,text_pca64_lexical_calendar_publisher_stock
82755,12,clara_k16,text_pca64_lexical_calendar_publisher_stock
82773,2,clara_k16,text_pca64_lexical_calendar_publisher_stock
82786,13,clara_k16,text_pca64_lexical_calendar_publisher_stock
82795,12,clara_k16,text_pca64_lexical_calendar_publisher_stock
82816,6,clara_k16,text_pca64_lexical_calendar_publisher_stock
82827,2,clara_k16,text_pca64_lexical_calendar_publisher_stock
82849,14,clara_k16,text_pca64_lexical_calendar_publisher_stock
82851,14,clara_k16,text_pca64_lexical_calendar_publisher_stock
82859,1,clara_k16,text_pca64_lexical_calendar_publisher_stock
82860,2,clara_k16,text_pca64_lexical_calendar_publisher_stock
82884,12,clara_k16,text_pca64_lexical_calendar_publisher_stock
82908,11,clara_k16,text_pca64_lexical_calendar_publisher_stock
82914,4,clara_k16,text_pca64_lexical_calendar_publisher_stock
82920,1,clara_k16,text_pca64_lexical_calendar_publisher_stock
82923,0,clara_k16,text_pca64_lexical_calendar_publisher_stock
82925,1,clara_k16,text_pca64_lexical_calendar_publisher_stock
82931,0,clara_k16,text_pca64_lexical_calendar_publisher_stock
82933,13,clara_k16,text_pca64_lexical_calendar_publisher_stock
82934,12,clara_k16,text_pca64_lexical_calendar_publisher_stock
82944,6,clara_k16,text_pca64_lexical_calendar_publisher_stock
82951,12,clara_k16,text_pca64_lexical_calendar_publisher_stock
82952,13,clara_k16,text_pca64_lexical_calendar_publisher_stock
82958,1,clara_k16,text_pca64_lexical_calendar_publisher_stock
82960,6,clara_k16,text_pca64_lexical_calendar_publisher_stock
82997,0,clara_k16,text_pca64_lexical_calendar_publisher_stock
83003,7,clara_k16,text_pca64_lexical_calendar_publisher_stock
83006,2,clara_k16,text_pca64_lexical_calendar_publisher_stock
83010,12,clara_k16,text_pca64_lexical_calendar_publisher_stock
83012,4,clara_k16,text_pca64_lexical_calendar_publisher_stock
83013,0,clara_k16,text_pca64_lexical_calendar_publisher_stock
83015,2,clara_k16,text_pca64_lexical_calendar_publisher_stock
83025,1,clara_k16,text_pca64_lexical_calendar_publisher_stock
83031,4,clara_k16,text_pca64_lexical_calendar_publisher_stock
83034,0,clara_k16,text_pca64_lexical_calendar_publisher_stock
83039,14,clara_k16,text_pca64_lexical_calendar_publisher_stock
83044,2,clara_k16,text_pca64_lexical_calendar_publisher_stock
83048,0,clara_k16,text_pca64_lexical_calendar_publisher_stock
83054,4,clara_k16,text_pca64_lexical_calendar_publisher_stock
83062,9,clara_k16,text_pca64_lexical_calendar_publisher_stock
83068,13,clara_k16,text_pca64_lexical_calendar_publisher_stock
83074,4,clara_k16,text_pca64_lexical_calendar_publisher_stock
83080,0,clara_k16,text_pca64_lexical_calendar_publisher_stock
83107,0,clara_k16,text_pca64_lexical_calendar_publisher_stock
83120,1,clara_k16,text_pca64_lexical_calendar_publisher_stock
83126,6,clara_k16,text_pca64_lexical_calendar_publisher_stock
83131,0,clara_k16,text_pca64_lexical_calendar_publisher_stock
83132,1,clara_k16,text_pca64_lexical_calendar_publisher_stock
83133,1,clara_k16,text_pca64_lexical_calendar_publisher_stock
83134,6,clara_k16,text_pca64_lexical_calendar_publisher_stock
83142,0,clara_k16,text_pca64_lexical_calendar_publisher_stock
83146,9,clara_k16,text_pca64_lexical_calendar_publisher_stock
83149,1,clara_k16,text_pca64_lexical_calendar_publisher_stock
83153,0,clara_k16,text_pca64_lexical_calendar_publisher_stock
83162,0,clara_k16,text_pca64_lexical_calendar_publisher_stock
83164,0,clara_k16,text_pca64_lexical_calendar_publisher_stock
83166,1,clara_k16,text_pca64_lexical_calendar_publisher_stock
83171,12,clara_k16,text_pca64_lexical_calendar_publisher_stock
83197,0,clara_k16,text_pca64_lexical_calendar_publisher_stock
83219,0,clara_k16,text_pca64_lexical_calendar_publisher_stock
83220,0,clara_k16,text_pca64_lexical_calendar_publisher_stock
83223,2,clara_k16,text_pca64_lexical_calendar_publisher_stock
83227,2,clara_k16,text_pca64_lexical_calendar_publisher_stock
83233,0,clara_k16,text_pca64_lexical_calendar_publisher_stock
83234,13,clara_k16,text_pca64_lexical_calendar_publisher_stock
83246,1,clara_k16,text_pca64_lexical_calendar_publisher_stock
83247,1,clara_k16,text_pca64_lexical_calendar_publisher_stock
83277,0,clara_k16,text_pca64_lexical_calendar_publisher_stock
83281,12,clara_k16,text_pca64_lexical_calendar_publisher_stock
83282,12,clara_k16,text_pca64_lexical_calendar_publisher_stock
83298,2,clara_k16,text_pca64_lexical_calendar_publisher_stock
83304,12,clara_k16,text_pca64_lexical_calendar_publisher_stock
83306,1,clara_k16,text_pca64_lexical_calendar_publisher_stock
83314,12,clara_k16,text_pca64_lexical_calendar_publisher_stock
83325,1,clara_k16,text_pca64_lexical_calendar_publisher_stock
83345,2,clara_k16,text_pca64_lexical_calendar_publisher_stock
83350,2,clara_k16,text_pca64_lexical_calendar_publisher_stock
83352,1,clara_k16,text_pca64_lexical_calendar_publisher_stock
83358,12,clara_k16,text_pca64_lexical_calendar_publisher_stock
83366,7,clara_k16,text_pca64_lexical_calendar_publisher_stock
83370,2,clara_k16,text_pca64_lexical_calendar_publisher_stock
83373,2,clara_k16,text_pca64_lexical_calendar_publisher_stock
83381,1,clara_k16,text_pca64_lexical_calendar_publisher_stock
83386,12,clara_k16,text_pca64_lexical_calendar_publisher_stock
83389,1,clara_k16,text_pca64_lexical_calendar_publisher_stock
83395,0,clara_k16,text_pca64_lexical_calendar_publisher_stock
83398,8,clara_k16,text_pca64_lexical_calendar_publisher_stock
83404,0,clara_k16,text_pca64_lexical_calendar_publisher_stock
83406,0,clara_k16,text_pca64_lexical_calendar_publisher_stock
83410,0,clara_k16,text_pca64_lexical_calendar_publisher_stock
83432,0,clara_k16,text_pca64_lexical_calendar_publisher_stock
83438,7,clara_k16,text_pca64_lexical_calendar_publisher_stock
83439,2,clara_k16,text_pca64_lexical_calendar_publisher_stock
83450,0,clara_k16,text_pca64_lexical_calendar_publisher_stock
83453,8,clara_k16,text_pca64_lexical_calendar_publisher_stock
83464,12,clara_k16,text_pca64_lexical_calendar_publisher_stock
83469,2,clara_k16,text_pca64_lexical_calendar_publisher_stock
83474,6,clara_k16,text_pca64_lexical_calendar_publisher_stock
83489,10,clara_k16,text_pca64_lexical_calendar_publisher_stock
83498,1,clara_k16,text_pca64_lexical_calendar_publisher_stock
83501,12,clara_k16,text_pca64_lexical_calendar_publisher_stock
83514,2,clara_k16,text_pca64_lexical_calendar_publisher_stock
83515,14,clara_k16,text_pca64_lexical_calendar_publisher_stock
83528,1,clara_k16,text_pca64_lexical_calendar_publisher_stock
83539,2,clara_k16,text_pca64_lexical_calendar_publisher_stock
83542,2,clara_k16,text_pca64_lexical_calendar_publisher_stock
83557,0,clara_k16,text_pca64_lexical_calendar_publisher_stock
83563,4,clara_k16,text_pca64_lexical_calendar_publisher_stock
83567,4,clara_k16,text_pca64_lexical_calendar_publisher_stock
83570,14,clara_k16,text_pca64_lexical_calendar_publisher_stock
83592,13,clara_k16,text_pca64_lexical_calendar_publisher_stock
83593,0,clara_k16,text_pca64_lexical_calendar_publisher_stock
83594,1,clara_k16,text_pca64_lexical_calendar_publisher_stock
83615,0,clara_k16,text_pca64_lexical_calendar_publisher_stock
83625,12,clara_k16,text_pca64_lexical_calendar_publisher_stock
83628,13,clara_k16,text_pca64_lexical_calendar_publisher_stock
83630,13,clara_k16,text_pca64_lexical_calendar_publisher_stock
83644,14,clara_k16,text_pca64_lexical_calendar_publisher_stock
83645,2,clara_k16,text_pca64_lexical_calendar_publisher_stock
83650,4,clara_k16,text_pca64_lexical_calendar_publisher_stock
83657,9,clara_k16,text_pca64_lexical_calendar_publisher_stock
83662,4,clara_k16,text_pca64_lexical_calendar_publisher_stock
83665,6,clara_k16,text_pca64_lexical_calendar_publisher_stock
83672,12,clara_k16,text_pca64_lexical_calendar_publisher_stock
83674,0,clara_k16,text_pca64_lexical_calendar_publisher_stock
83676,0,clara_k16,text_pca64_lexical_calendar_publisher_stock
83678,1,clara_k16,text_pca64_lexical_calendar_publisher_stock
83686,1,clara_k16,text_pca64_lexical_calendar_publisher_stock
83712,6,clara_k16,text_pca64_lexical_calendar_publisher_stock
83714,6,clara_k16,text_pca64_lexical_calendar_publisher_stock
83724,2,clara_k16,text_pca64_lexical_calendar_publisher_stock
83727,14,clara_k16,text_pca64_lexical_calendar_publisher_stock
83734,13,clara_k16,text_pca64_lexical_calendar_publisher_stock
83736,6,clara_k16,text_pca64_lexical_calendar_publisher_stock
83739,0,clara_k16,text_pca64_lexical_calendar_publisher_stock
83744,13,clara_k16,text_pca64_lexical_calendar_publisher_stock
83771,14,clara_k16,text_pca64_lexical_calendar_publisher_stock
83781,6,clara_k16,text_pca64_lexical_calendar_publisher_stock
83787,0,clara_k16,text_pca64_lexical_calendar_publisher_stock
83803,2,clara_k16,text_pca64_lexical_calendar_publisher_stock
83814,6,clara_k16,text_pca64_lexical_calendar_publisher_stock
83815,0,clara_k16,text_pca64_lexical_calendar_publisher_stock
83818,6,clara_k16,text_pca64_lexical_calendar_publisher_stock
83819,4,clara_k16,text_pca64_lexical_calendar_publisher_stock
83821,6,clara_k16,text_pca64_lexical_calendar_publisher_stock
83832,13,clara_k16,text_pca64_lexical_calendar_publisher_stock
83834,6,clara_k16,text_pca64_lexical_calendar_publisher_stock
83841,13,clara_k16,text_pca64_lexical_calendar_publisher_stock
83842,13,clara_k16,text_pca64_lexical_calendar_publisher_stock
83843,12,clara_k16,text_pca64_lexical_calendar_publisher_stock
83844,6,clara_k16,text_pca64_lexical_calendar_publisher_stock
83846,0,clara_k16,text_pca64_lexical_calendar_publisher_stock
83857,13,clara_k16,text_pca64_lexical_calendar_publisher_stock
83858,12,clara_k16,text_pca64_lexical_calendar_publisher_stock
83859,14,clara_k16,text_pca64_lexical_calendar_publisher_stock
83875,1,clara_k16,text_pca64_lexical_calendar_publisher_stock
83876,4,clara_k16,text_pca64_lexical_calendar_publisher_stock
83880,1,clara_k16,text_pca64_lexical_calendar_publisher_stock
83888,2,clara_k16,text_pca64_lexical_calendar_publisher_stock
83890,1,clara_k16,text_pca64_lexical_calendar_publisher_stock
83896,1,clara_k16,text_pca64_lexical_calendar_publisher_stock
83902,1,clara_k16,text_pca64_lexical_calendar_publisher_stock
83909,4,clara_k16,text_pca64_lexical_calendar_publisher_stock
83913,0,clara_k16,text_pca64_lexical_calendar_publisher_stock
83915,4,clara_k16,text_pca64_lexical_calendar_publisher_stock
83921,0,clara_k16,text_pca64_lexical_calendar_publisher_stock
83923,1,clara_k16,text_pca64_lexical_calendar_publisher_stock
83933,2,clara_k16,text_pca64_lexical_calendar_publisher_stock
83937,6,clara_k16,text_pca64_lexical_calendar_publisher_stock
83942,2,clara_k16,text_pca64_lexical_calendar_publisher_stock
83943,0,clara_k16,text_pca64_lexical_calendar_publisher_stock
83950,14,clara_k16,text_pca64_lexical_calendar_publisher_stock
83951,4,clara_k16,text_pca64_lexical_calendar_publisher_stock
83960,1,clara_k16,text_pca64_lexical_calendar_publisher_stock
83962,6,clara_k16,text_pca64_lexical_calendar_publisher_stock
83983,12,clara_k16,text_pca64_lexical_calendar_publisher_stock
83989,0,clara_k16,text_pca64_lexical_calendar_publisher_stock
84000,14,clara_k16,text_pca64_lexical_calendar_publisher_stock
84004,13,clara_k16,text_pca64_lexical_calendar_publisher_stock
84007,12,clara_k16,text_pca64_lexical_calendar_publisher_stock
84014,12,clara_k16,text_pca64_lexical_calendar_publisher_stock
84022,5,clara_k16,text_pca64_lexical_calendar_publisher_stock
84023,0,clara_k16,text_pca64_lexical_calendar_publisher_stock
84026,4,clara_k16,text_pca64_lexical_calendar_publisher_stock
84034,12,clara_k16,text_pca64_lexical_calendar_publisher_stock
84037,14,clara_k16,text_pca64_lexical_calendar_publisher_stock
84044,13,clara_k16,text_pca64_lexical_calendar_publisher_stock
84047,11,clara_k16,text_pca64_lexical_calendar_publisher_stock
84049,14,clara_k16,text_pca64_lexical_calendar_publisher_stock
84057,2,clara_k16,text_pca64_lexical_calendar_publisher_stock
84062,0,clara_k16,text_pca64_lexical_calendar_publisher_stock
84074,14,clara_k16,text_pca64_lexical_calendar_publisher_stock
84077,5,clara_k16,text_pca64_lexical_calendar_publisher_stock
84111,13,clara_k16,text_pca64_lexical_calendar_publisher_stock
84113,0,clara_k16,text_pca64_lexical_calendar_publisher_stock
84125,13,clara_k16,text_pca64_lexical_calendar_publisher_stock
84127,0,clara_k16,text_pca64_lexical_calendar_publisher_stock
84136,14,clara_k16,text_pca64_lexical_calendar_publisher_stock
84148,6,clara_k16,text_pca64_lexical_calendar_publisher_stock
84150,11,clara_k16,text_pca64_lexical_calendar_publisher_stock
84158,4,clara_k16,text_pca64_lexical_calendar_publisher_stock
84163,0,clara_k16,text_pca64_lexical_calendar_publisher_stock
84175,6,clara_k16,text_pca64_lexical_calendar_publisher_stock
84185,2,clara_k16,text_pca64_lexical_calendar_publisher_stock
84186,4,clara_k16,text_pca64_lexical_calendar_publisher_stock
84194,1,clara_k16,text_pca64_lexical_calendar_publisher_stock
84201,4,clara_k16,text_pca64_lexical_calendar_publisher_stock
84215,5,clara_k16,text_pca64_lexical_calendar_publisher_stock
84220,14,clara_k16,text_pca64_lexical_calendar_publisher_stock
84237,0,clara_k16,text_pca64_lexical_calendar_publisher_stock
84241,6,clara_k16,text_pca64_lexical_calendar_publisher_stock
84245,12,clara_k16,text_pca64_lexical_calendar_publisher_stock
84247,2,clara_k16,text_pca64_lexical_calendar_publisher_stock
84251,6,clara_k16,text_pca64_lexical_calendar_publisher_stock
84259,8,clara_k16,text_pca64_lexical_calendar_publisher_stock
84279,13,clara_k16,text_pca64_lexical_calendar_publisher_stock
84288,1,clara_k16,text_pca64_lexical_calendar_publisher_stock
84300,12,clara_k16,text_pca64_lexical_calendar_publisher_stock
84305,12,clara_k16,text_pca64_lexical_calendar_publisher_stock
84333,0,clara_k16,text_pca64_lexical_calendar_publisher_stock
84336,0,clara_k16,text_pca64_lexical_calendar_publisher_stock
84340,10,clara_k16,text_pca64_lexical_calendar_publisher_stock
84348,12,clara_k16,text_pca64_lexical_calendar_publisher_stock
84351,10,clara_k16,text_pca64_lexical_calendar_publisher_stock
84354,1,clara_k16,text_pca64_lexical_calendar_publisher_stock
84357,13,clara_k16,text_pca64_lexical_calendar_publisher_stock
84372,14,clara_k16,text_pca64_lexical_calendar_publisher_stock
84378,13,clara_k16,text_pca64_lexical_calendar_publisher_stock
84384,0,clara_k16,text_pca64_lexical_calendar_publisher_stock
84395,0,clara_k16,text_pca64_lexical_calendar_publisher_stock
84426,13,clara_k16,text_pca64_lexical_calendar_publisher_stock
84450,0,clara_k16,text_pca64_lexical_calendar_publisher_stock
84460,13,clara_k16,text_pca64_lexical_calendar_publisher_stock
84463,4,clara_k16,text_pca64_lexical_calendar_publisher_stock
84466,0,clara_k16,text_pca64_lexical_calendar_publisher_stock
84467,13,clara_k16,text_pca64_lexical_calendar_publisher_stock
84470,0,clara_k16,text_pca64_lexical_calendar_publisher_stock
84473,1,clara_k16,text_pca64_lexical_calendar_publisher_stock
84484,0,clara_k16,text_pca64_lexical_calendar_publisher_stock
84494,4,clara_k16,text_pca64_lexical_calendar_publisher_stock
84502,13,clara_k16,text_pca64_lexical_calendar_publisher_stock
84506,13,clara_k16,text_pca64_lexical_calendar_publisher_stock
84509,0,clara_k16,text_pca64_lexical_calendar_publisher_stock
84533,4,clara_k16,text_pca64_lexical_calendar_publisher_stock
84537,4,clara_k16,text_pca64_lexical_calendar_publisher_stock
84539,4,clara_k16,text_pca64_lexical_calendar_publisher_stock
84540,12,clara_k16,text_pca64_lexical_calendar_publisher_stock
84548,13,clara_k16,text_pca64_lexical_calendar_publisher_stock
84563,1,clara_k16,text_pca64_lexical_calendar_publisher_stock
84588,13,clara_k16,text_pca64_lexical_calendar_publisher_stock
84592,4,clara_k16,text_pca64_lexical_calendar_publisher_stock
84598,1,clara_k16,text_pca64_lexical_calendar_publisher_stock
84605,1,clara_k16,text_pca64_lexical_calendar_publisher_stock
84610,4,clara_k16,text_pca64_lexical_calendar_publisher_stock
84611,1,clara_k16,text_pca64_lexical_calendar_publisher_stock
84625,4,clara_k16,text_pca64_lexical_calendar_publisher_stock
84626,4,clara_k16,text_pca64_lexical_calendar_publisher_stock
84641,13,clara_k16,text_pca64_lexical_calendar_publisher_stock
84652,13,clara_k16,text_pca64_lexical_calendar_publisher_stock
84655,4,clara_k16,text_pca64_lexical_calendar_publisher_stock
84675,12,clara_k16,text_pca64_lexical_calendar_publisher_stock
84677,4,clara_k16,text_pca64_lexical_calendar_publisher_stock
84682,1,clara_k16,text_pca64_lexical_calendar_publisher_stock
84693,1,clara_k16,text_pca64_lexical_calendar_publisher_stock
84696,0,clara_k16,text_pca64_lexical_calendar_publisher_stock
84697,1,clara_k16,text_pca64_lexical_calendar_publisher_stock
84699,0,clara_k16,text_pca64_lexical_calendar_publisher_stock
84701,0,clara_k16,text_pca64_lexical_calendar_publisher_stock
84705,1,clara_k16,text_pca64_lexical_calendar_publisher_stock
84709,0,clara_k16,text_pca64_lexical_calendar_publisher_stock
84714,14,clara_k16,text_pca64_lexical_calendar_publisher_stock
84715,1,clara_k16,text_pca64_lexical_calendar_publisher_stock
84718,0,clara_k16,text_pca64_lexical_calendar_publisher_stock
84721,0,clara_k16,text_pca64_lexical_calendar_publisher_stock
84722,4,clara_k16,text_pca64_lexical_calendar_publisher_stock
84733,0,clara_k16,text_pca64_lexical_calendar_publisher_stock
84735,4,clara_k16,text_pca64_lexical_calendar_publisher_stock
84737,0,clara_k16,text_pca64_lexical_calendar_publisher_stock
84746,0,clara_k16,text_pca64_lexical_calendar_publisher_stock
84749,12,clara_k16,text_pca64_lexical_calendar_publisher_stock
84756,1,clara_k16,text_pca64_lexical_calendar_publisher_stock
84763,4,clara_k16,text_pca64_lexical_calendar_publisher_stock
84764,0,clara_k16,text_pca64_lexical_calendar_publisher_stock
84772,6,clara_k16,text_pca64_lexical_calendar_publisher_stock
84775,4,clara_k16,text_pca64_lexical_calendar_publisher_stock
84778,13,clara_k16,text_pca64_lexical_calendar_publisher_stock
84780,13,clara_k16,text_pca64_lexical_calendar_publisher_stock
84792,4,clara_k16,text_pca64_lexical_calendar_publisher_stock
84805,12,clara_k16,text_pca64_lexical_calendar_publisher_stock
84807,1,clara_k16,text_pca64_lexical_calendar_publisher_stock
84812,1,clara_k16,text_pca64_lexical_calendar_publisher_stock
84823,1,clara_k16,text_pca64_lexical_calendar_publisher_stock
84828,1,clara_k16,text_pca64_lexical_calendar_publisher_stock
84830,12,clara_k16,text_pca64_lexical_calendar_publisher_stock
84837,0,clara_k16,text_pca64_lexical_calendar_publisher_stock
84839,1,clara_k16,text_pca64_lexical_calendar_publisher_stock
84841,4,clara_k16,text_pca64_lexical_calendar_publisher_stock
84847,1,clara_k16,text_pca64_lexical_calendar_publisher_stock
84855,14,clara_k16,text_pca64_lexical_calendar_publisher_stock
84859,0,clara_k16,text_pca64_lexical_calendar_publisher_stock
84865,6,clara_k16,text_pca64_lexical_calendar_publisher_stock
84871,13,clara_k16,text_pca64_lexical_calendar_publisher_stock
84879,1,clara_k16,text_pca64_lexical_calendar_publisher_stock
84885,0,clara_k16,text_pca64_lexical_calendar_publisher_stock
84886,0,clara_k16,text_pca64_lexical_calendar_publisher_stock
84895,13,clara_k16,text_pca64_lexical_calendar_publisher_stock
84898,0,clara_k16,text_pca64_lexical_calendar_publisher_stock
84913,4,clara_k16,text_pca64_lexical_calendar_publisher_stock
84914,12,clara_k16,text_pca64_lexical_calendar_publisher_stock
84915,14,clara_k16,text_pca64_lexical_calendar_publisher_stock
84919,0,clara_k16,text_pca64_lexical_calendar_publisher_stock
84922,13,clara_k16,text_pca64_lexical_calendar_publisher_stock
84926,0,clara_k16,text_pca64_lexical_calendar_publisher_stock
84929,1,clara_k16,text_pca64_lexical_calendar_publisher_stock
84935,1,clara_k16,text_pca64_lexical_calendar_publisher_stock
84936,1,clara_k16,text_pca64_lexical_calendar_publisher_stock
84940,14,clara_k16,text_pca64_lexical_calendar_publisher_stock
84953,1,clara_k16,text_pca64_lexical_calendar_publisher_stock
84955,15,clara_k16,text_pca64_lexical_calendar_publisher_stock
84959,0,clara_k16,text_pca64_lexical_calendar_publisher_stock
84982,1,clara_k16,text_pca64_lexical_calendar_publisher_stock
84987,6,clara_k16,text_pca64_lexical_calendar_publisher_stock
84992,4,clara_k16,text_pca64_lexical_calendar_publisher_stock
84993,4,clara_k16,text_pca64_lexical_calendar_publisher_stock
85009,0,clara_k16,text_pca64_lexical_calendar_publisher_stock
85014,0,clara_k16,text_pca64_lexical_calendar_publisher_stock
85019,1,clara_k16,text_pca64_lexical_calendar_publisher_stock
85025,0,clara_k16,text_pca64_lexical_calendar_publisher_stock
85045,14,clara_k16,text_pca64_lexical_calendar_publisher_stock
85048,12,clara_k16,text_pca64_lexical_calendar_publisher_stock
85054,12,clara_k16,text_pca64_lexical_calendar_publisher_stock
85060,6,clara_k16,text_pca64_lexical_calendar_publisher_stock
85061,5,clara_k16,text_pca64_lexical_calendar_publisher_stock
85069,0,clara_k16,text_pca64_lexical_calendar_publisher_stock
85073,0,clara_k16,text_pca64_lexical_calendar_publisher_stock
85074,2,clara_k16,text_pca64_lexical_calendar_publisher_stock
85079,12,clara_k16,text_pca64_lexical_calendar_publisher_stock
85084,6,clara_k16,text_pca64_lexical_calendar_publisher_stock
85097,12,clara_k16,text_pca64_lexical_calendar_publisher_stock
85099,0,clara_k16,text_pca64_lexical_calendar_publisher_stock
85100,6,clara_k16,text_pca64_lexical_calendar_publisher_stock
85102,6,clara_k16,text_pca64_lexical_calendar_publisher_stock
85110,13,clara_k16,text_pca64_lexical_calendar_publisher_stock
85115,0,clara_k16,text_pca64_lexical_calendar_publisher_stock
85138,1,clara_k16,text_pca64_lexical_calendar_publisher_stock
85142,1,clara_k16,text_pca64_lexical_calendar_publisher_stock
85168,6,clara_k16,text_pca64_lexical_calendar_publisher_stock
85176,12,clara_k16,text_pca64_lexical_calendar_publisher_stock
85181,6,clara_k16,text_pca64_lexical_calendar_publisher_stock
85186,12,clara_k16,text_pca64_lexical_calendar_publisher_stock
85190,9,clara_k16,text_pca64_lexical_calendar_publisher_stock
85196,1,clara_k16,text_pca64_lexical_calendar_publisher_stock
85198,6,clara_k16,text_pca64_lexical_calendar_publisher_stock
85208,4,clara_k16,text_pca64_lexical_calendar_publisher_stock
85215,12,clara_k16,text_pca64_lexical_calendar_publisher_stock
85222,3,clara_k16,text_pca64_lexical_calendar_publisher_stock
85227,4,clara_k16,text_pca64_lexical_calendar_publisher_stock
85229,3,clara_k16,text_pca64_lexical_calendar_publisher_stock
85233,1,clara_k16,text_pca64_lexical_calendar_publisher_stock
85241,1,clara_k16,text_pca64_lexical_calendar_publisher_stock
85255,1,clara_k16,text_pca64_lexical_calendar_publisher_stock
85263,15,clara_k16,text_pca64_lexical_calendar_publisher_stock
85267,15,clara_k16,text_pca64_lexical_calendar_publisher_stock
85274,2,clara_k16,text_pca64_lexical_calendar_publisher_stock
85278,0,clara_k16,text_pca64_lexical_calendar_publisher_stock
85282,13,clara_k16,text_pca64_lexical_calendar_publisher_stock
85286,14,clara_k16,text_pca64_lexical_calendar_publisher_stock
85308,8,clara_k16,text_pca64_lexical_calendar_publisher_stock
85309,8,clara_k16,text_pca64_lexical_calendar_publisher_stock
85313,2,clara_k16,text_pca64_lexical_calendar_publisher_stock
85317,6,clara_k16,text_pca64_lexical_calendar_publisher_stock
85320,8,clara_k16,text_pca64_lexical_calendar_publisher_stock
85334,8,clara_k16,text_pca64_lexical_calendar_publisher_stock
85344,8,clara_k16,text_pca64_lexical_calendar_publisher_stock
85348,8,clara_k16,text_pca64_lexical_calendar_publisher_stock
85360,6,clara_k16,text_pca64_lexical_calendar_publisher_stock
85367,0,clara_k16,text_pca64_lexical_calendar_publisher_stock
85373,6,clara_k16,text_pca64_lexical_calendar_publisher_stock
85375,0,clara_k16,text_pca64_lexical_calendar_publisher_stock
85385,12,clara_k16,text_pca64_lexical_calendar_publisher_stock
85387,6,clara_k16,text_pca64_lexical_calendar_publisher_stock
85406,0,clara_k16,text_pca64_lexical_calendar_publisher_stock
85411,14,clara_k16,text_pca64_lexical_calendar_publisher_stock
85413,0,clara_k16,text_pca64_lexical_calendar_publisher_stock
85416,11,clara_k16,text_pca64_lexical_calendar_publisher_stock
85424,4,clara_k16,text_pca64_lexical_calendar_publisher_stock
85437,13,clara_k16,text_pca64_lexical_calendar_publisher_stock
85450,0,clara_k16,text_pca64_lexical_calendar_publisher_stock
85466,13,clara_k16,text_pca64_lexical_calendar_publisher_stock
85482,6,clara_k16,text_pca64_lexical_calendar_publisher_stock
85484,1,clara_k16,text_pca64_lexical_calendar_publisher_stock
85498,2,clara_k16,text_pca64_lexical_calendar_publisher_stock
85507,13,clara_k16,text_pca64_lexical_calendar_publisher_stock
85509,2,clara_k16,text_pca64_lexical_calendar_publisher_stock
85516,4,clara_k16,text_pca64_lexical_calendar_publisher_stock
85541,6,clara_k16,text_pca64_lexical_calendar_publisher_stock
85546,6,clara_k16,text_pca64_lexical_calendar_publisher_stock
85551,13,clara_k16,text_pca64_lexical_calendar_publisher_stock
85574,0,clara_k16,text_pca64_lexical_calendar_publisher_stock
85576,12,clara_k16,text_pca64_lexical_calendar_publisher_stock
85580,0,clara_k16,text_pca64_lexical_calendar_publisher_stock
85582,1,clara_k16,text_pca64_lexical_calendar_publisher_stock
85583,4,clara_k16,text_pca64_lexical_calendar_publisher_stock
85591,4,clara_k16,text_pca64_lexical_calendar_publisher_stock
85602,6,clara_k16,text_pca64_lexical_calendar_publisher_stock
85608,2,clara_k16,text_pca64_lexical_calendar_publisher_stock
85626,0,clara_k16,text_pca64_lexical_calendar_publisher_stock
85633,1,clara_k16,text_pca64_lexical_calendar_publisher_stock
85635,1,clara_k16,text_pca64_lexical_calendar_publisher_stock
85652,13,clara_k16,text_pca64_lexical_calendar_publisher_stock
85671,1,clara_k16,text_pca64_lexical_calendar_publisher_stock
85683,2,clara_k16,text_pca64_lexical_calendar_publisher_stock
85688,1,clara_k16,text_pca64_lexical_calendar_publisher_stock
85689,1,clara_k16,text_pca64_lexical_calendar_publisher_stock
85692,2,clara_k16,text_pca64_lexical_calendar_publisher_stock
85697,10,clara_k16,text_pca64_lexical_calendar_publisher_stock
85698,2,clara_k16,text_pca64_lexical_calendar_publisher_stock
85710,1,clara_k16,text_pca64_lexical_calendar_publisher_stock
85727,0,clara_k16,text_pca64_lexical_calendar_publisher_stock
85730,1,clara_k16,text_pca64_lexical_calendar_publisher_stock
85737,0,clara_k16,text_pca64_lexical_calendar_publisher_stock
85738,4,clara_k16,text_pca64_lexical_calendar_publisher_stock
85747,14,clara_k16,text_pca64_lexical_calendar_publisher_stock
85749,8,clara_k16,text_pca64_lexical_calendar_publisher_stock
85766,12,clara_k16,text_pca64_lexical_calendar_publisher_stock
85770,0,clara_k16,text_pca64_lexical_calendar_publisher_stock
85773,2,clara_k16,text_pca64_lexical_calendar_publisher_stock
85777,0,clara_k16,text_pca64_lexical_calendar_publisher_stock
85780,1,clara_k16,text_pca64_lexical_calendar_publisher_stock
85790,14,clara_k16,text_pca64_lexical_calendar_publisher_stock
85791,1,clara_k16,text_pca64_lexical_calendar_publisher_stock
85807,13,clara_k16,text_pca64_lexical_calendar_publisher_stock
85808,14,clara_k16,text_pca64_lexical_calendar_publisher_stock
85809,13,clara_k16,text_pca64_lexical_calendar_publisher_stock
85819,0,clara_k16,text_pca64_lexical_calendar_publisher_stock
85832,1,clara_k16,text_pca64_lexical_calendar_publisher_stock
85845,6,clara_k16,text_pca64_lexical_calendar_publisher_stock
85846,13,clara_k16,text_pca64_lexical_calendar_publisher_stock
85847,1,clara_k16,text_pca64_lexical_calendar_publisher_stock
85860,1,clara_k16,text_pca64_lexical_calendar_publisher_stock
85861,1,clara_k16,text_pca64_lexical_calendar_publisher_stock
85870,1,clara_k16,text_pca64_lexical_calendar_publisher_stock
85871,1,clara_k16,text_pca64_lexical_calendar_publisher_stock
85872,1,clara_k16,text_pca64_lexical_calendar_publisher_stock
85877,1,clara_k16,text_pca64_lexical_calendar_publisher_stock
85880,15,clara_k16,text_pca64_lexical_calendar_publisher_stock
85882,1,clara_k16,text_pca64_lexical_calendar_publisher_stock
85888,3,clara_k16,text_pca64_lexical_calendar_publisher_stock
85895,1,clara_k16,text_pca64_lexical_calendar_publisher_stock
85905,0,clara_k16,text_pca64_lexical_calendar_publisher_stock
85906,14,clara_k16,text_pca64_lexical_calendar_publisher_stock
85907,0,clara_k16,text_pca64_lexical_calendar_publisher_stock
85908,1,clara_k16,text_pca64_lexical_calendar_publisher_stock
85912,6,clara_k16,text_pca64_lexical_calendar_publisher_stock
85943,1,clara_k16,text_pca64_lexical_calendar_publisher_stock
85944,13,clara_k16,text_pca64_lexical_calendar_publisher_stock
85965,0,clara_k16,text_pca64_lexical_calendar_publisher_stock
85970,1,clara_k16,text_pca64_lexical_calendar_publisher_stock
85978,1,clara_k16,text_pca64_lexical_calendar_publisher_stock
85979,1,clara_k16,text_pca64_lexical_calendar_publisher_stock
85995,4,clara_k16,text_pca64_lexical_calendar_publisher_stock
85997,1,clara_k16,text_pca64_lexical_calendar_publisher_stock
86000,4,clara_k16,text_pca64_lexical_calendar_publisher_stock
86014,1,clara_k16,text_pca64_lexical_calendar_publisher_stock
86016,4,clara_k16,text_pca64_lexical_calendar_publisher_stock
86021,6,clara_k16,text_pca64_lexical_calendar_publisher_stock
86035,1,clara_k16,text_pca64_lexical_calendar_publisher_stock
86042,14,clara_k16,text_pca64_lexical_calendar_publisher_stock
86044,1,clara_k16,text_pca64_lexical_calendar_publisher_stock
86049,6,clara_k16,text_pca64_lexical_calendar_publisher_stock
86052,1,clara_k16,text_pca64_lexical_calendar_publisher_stock
86057,0,clara_k16,text_pca64_lexical_calendar_publisher_stock
86058,1,clara_k16,text_pca64_lexical_calendar_publisher_stock
86094,1,clara_k16,text_pca64_lexical_calendar_publisher_stock
86110,1,clara_k16,text_pca64_lexical_calendar_publisher_stock
86127,1,clara_k16,text_pca64_lexical_calendar_publisher_stock
86132,1,clara_k16,text_pca64_lexical_calendar_publisher_stock
86138,1,clara_k16,text_pca64_lexical_calendar_publisher_stock
86140,1,clara_k16,text_pca64_lexical_calendar_publisher_stock
86144,1,clara_k16,text_pca64_lexical_calendar_publisher_stock
86152,1,clara_k16,text_pca64_lexical_calendar_publisher_stock
86154,2,clara_k16,text_pca64_lexical_calendar_publisher_stock
86167,1,clara_k16,text_pca64_lexical_calendar_publisher_stock
86171,1,clara_k16,text_pca64_lexical_calendar_publisher_stock
86172,1,clara_k16,text_pca64_lexical_calendar_publisher_stock
86178,1,clara_k16,text_pca64_lexical_calendar_publisher_stock
86179,12,clara_k16,text_pca64_lexical_calendar_publisher_stock
86187,12,clara_k16,text_pca64_lexical_calendar_publisher_stock
86189,0,clara_k16,text_pca64_lexical_calendar_publisher_stock
86190,1,clara_k16,text_pca64_lexical_calendar_publisher_stock
86208,1,clara_k16,text_pca64_lexical_calendar_publisher_stock
86214,4,clara_k16,text_pca64_lexical_calendar_publisher_stock
86215,13,clara_k16,text_pca64_lexical_calendar_publisher_stock
86222,12,clara_k16,text_pca64_lexical_calendar_publisher_stock
86223,1,clara_k16,text_pca64_lexical_calendar_publisher_stock
86233,1,clara_k16,text_pca64_lexical_calendar_publisher_stock
86234,1,clara_k16,text_pca64_lexical_calendar_publisher_stock
86236,1,clara_k16,text_pca64_lexical_calendar_publisher_stock
86251,1,clara_k16,text_pca64_lexical_calendar_publisher_stock
86253,4,clara_k16,text_pca64_lexical_calendar_publisher_stock
86257,0,clara_k16,text_pca64_lexical_calendar_publisher_stock
86259,1,clara_k16,text_pca64_lexical_calendar_publisher_stock
86273,1,clara_k16,text_pca64_lexical_calendar_publisher_stock
86280,1,clara_k16,text_pca64_lexical_calendar_publisher_stock
86287,1,clara_k16,text_pca64_lexical_calendar_publisher_stock
86290,1,clara_k16,text_pca64_lexical_calendar_publisher_stock
86298,4,clara_k16,text_pca64_lexical_calendar_publisher_stock
86300,4,clara_k16,text_pca64_lexical_calendar_publisher_stock
86301,1,clara_k16,text_pca64_lexical_calendar_publisher_stock
86305,1,clara_k16,text_pca64_lexical_calendar_publisher_stock
86307,1,clara_k16,text_pca64_lexical_calendar_publisher_stock
86312,1,clara_k16,text_pca64_lexical_calendar_publisher_stock
86316,1,clara_k16,text_pca64_lexical_calendar_publisher_stock
86320,12,clara_k16,text_pca64_lexical_calendar_publisher_stock
86323,1,clara_k16,text_pca64_lexical_calendar_publisher_stock
86344,4,clara_k16,text_pca64_lexical_calendar_publisher_stock
86349,14,clara_k16,text_pca64_lexical_calendar_publisher_stock
86369,1,clara_k16,text_pca64_lexical_calendar_publisher_stock
86372,2,clara_k16,text_pca64_lexical_calendar_publisher_stock
86385,13,clara_k16,text_pca64_lexical_calendar_publisher_stock
86391,6,clara_k16,text_pca64_lexical_calendar_publisher_stock
86393,6,clara_k16,text_pca64_lexical_calendar_publisher_stock
86399,0,clara_k16,text_pca64_lexical_calendar_publisher_stock
86400,9,clara_k16,text_pca64_lexical_calendar_publisher_stock
86405,0,clara_k16,text_pca64_lexical_calendar_publisher_stock
86411,6,clara_k16,text_pca64_lexical_calendar_publisher_stock
86423,4,clara_k16,text_pca64_lexical_calendar_publisher_stock
86424,0,clara_k16,text_pca64_lexical_calendar_publisher_stock
86441,13,clara_k16,text_pca64_lexical_calendar_publisher_stock
86443,13,clara_k16,text_pca64_lexical_calendar_publisher_stock
86446,13,clara_k16,text_pca64_lexical_calendar_publisher_stock
86449,12,clara_k16,text_pca64_lexical_calendar_publisher_stock
86471,2,clara_k16,text_pca64_lexical_calendar_publisher_stock
86476,12,clara_k16,text_pca64_lexical_calendar_publisher_stock
86482,6,clara_k16,text_pca64_lexical_calendar_publisher_stock
86492,2,clara_k16,text_pca64_lexical_calendar_publisher_stock
86493,2,clara_k16,text_pca64_lexical_calendar_publisher_stock
86502,14,clara_k16,text_pca64_lexical_calendar_publisher_stock
86506,12,clara_k16,text_pca64_lexical_calendar_publisher_stock
86515,2,clara_k16,text_pca64_lexical_calendar_publisher_stock
86525,2,clara_k16,text_pca64_lexical_calendar_publisher_stock
86535,12,clara_k16,text_pca64_lexical_calendar_publisher_stock
86536,14,clara_k16,text_pca64_lexical_calendar_publisher_stock
86540,0,clara_k16,text_pca64_lexical_calendar_publisher_stock
86541,14,clara_k16,text_pca64_lexical_calendar_publisher_stock
86546,12,clara_k16,text_pca64_lexical_calendar_publisher_stock
86547,2,clara_k16,text_pca64_lexical_calendar_publisher_stock
86575,7,clara_k16,text_pca64_lexical_calendar_publisher_stock
86579,0,clara_k16,text_pca64_lexical_calendar_publisher_stock
86581,0,clara_k16,text_pca64_lexical_calendar_publisher_stock
86582,0,clara_k16,text_pca64_lexical_calendar_publisher_stock
86586,0,clara_k16,text_pca64_lexical_calendar_publisher_stock
86587,6,clara_k16,text_pca64_lexical_calendar_publisher_stock
86594,15,clara_k16,text_pca64_lexical_calendar_publisher_stock
86606,2,clara_k16,text_pca64_lexical_calendar_publisher_stock
86608,6,clara_k16,text_pca64_lexical_calendar_publisher_stock
86615,9,clara_k16,text_pca64_lexical_calendar_publisher_stock
86622,13,clara_k16,text_pca64_lexical_calendar_publisher_stock
86625,12,clara_k16,text_pca64_lexical_calendar_publisher_stock
86627,0,clara_k16,text_pca64_lexical_calendar_publisher_stock
86631,1,clara_k16,text_pca64_lexical_calendar_publisher_stock
86635,2,clara_k16,text_pca64_lexical_calendar_publisher_stock
86637,12,clara_k16,text_pca64_lexical_calendar_publisher_stock
86638,0,clara_k16,text_pca64_lexical_calendar_publisher_stock
86640,4,clara_k16,text_pca64_lexical_calendar_publisher_stock
86644,2,clara_k16,text_pca64_lexical_calendar_publisher_stock
86656,1,clara_k16,text_pca64_lexical_calendar_publisher_stock
86683,13,clara_k16,text_pca64_lexical_calendar_publisher_stock
86688,1,clara_k16,text_pca64_lexical_calendar_publisher_stock
86693,0,clara_k16,text_pca64_lexical_calendar_publisher_stock
86697,14,clara_k16,text_pca64_lexical_calendar_publisher_stock
86702,1,clara_k16,text_pca64_lexical_calendar_publisher_stock
86706,0,clara_k16,text_pca64_lexical_calendar_publisher_stock
86708,6,clara_k16,text_pca64_lexical_calendar_publisher_stock
86712,0,clara_k16,text_pca64_lexical_calendar_publisher_stock
86723,1,clara_k16,text_pca64_lexical_calendar_publisher_stock
86726,0,clara_k16,text_pca64_lexical_calendar_publisher_stock
86739,0,clara_k16,text_pca64_lexical_calendar_publisher_stock
86755,12,clara_k16,text_pca64_lexical_calendar_publisher_stock
86761,0,clara_k16,text_pca64_lexical_calendar_publisher_stock
86762,2,clara_k16,text_pca64_lexical_calendar_publisher_stock
86767,0,clara_k16,text_pca64_lexical_calendar_publisher_stock
86780,6,clara_k16,text_pca64_lexical_calendar_publisher_stock
86785,0,clara_k16,text_pca64_lexical_calendar_publisher_stock
86801,0,clara_k16,text_pca64_lexical_calendar_publisher_stock
86806,2,clara_k16,text_pca64_lexical_calendar_publisher_stock
86809,4,clara_k16,text_pca64_lexical_calendar_publisher_stock
86810,2,clara_k16,text_pca64_lexical_calendar_publisher_stock
86817,4,clara_k16,text_pca64_lexical_calendar_publisher_stock
86842,2,clara_k16,text_pca64_lexical_calendar_publisher_stock
86846,11,clara_k16,text_pca64_lexical_calendar_publisher_stock
86849,12,clara_k16,text_pca64_lexical_calendar_publisher_stock
86855,13,clara_k16,text_pca64_lexical_calendar_publisher_stock
86857,14,clara_k16,text_pca64_lexical_calendar_publisher_stock
86865,12,clara_k16,text_pca64_lexical_calendar_publisher_stock
86884,0,clara_k16,text_pca64_lexical_calendar_publisher_stock
86894,12,clara_k16,text_pca64_lexical_calendar_publisher_stock
86898,14,clara_k16,text_pca64_lexical_calendar_publisher_stock
86902,1,clara_k16,text_pca64_lexical_calendar_publisher_stock
86903,4,clara_k16,text_pca64_lexical_calendar_publisher_stock
86905,13,clara_k16,text_pca64_lexical_calendar_publisher_stock
86911,6,clara_k16,text_pca64_lexical_calendar_publisher_stock
86917,14,clara_k16,text_pca64_lexical_calendar_publisher_stock
86920,14,clara_k16,text_pca64_lexical_calendar_publisher_stock
86937,0,clara_k16,text_pca64_lexical_calendar_publisher_stock
86951,1,clara_k16,text_pca64_lexical_calendar_publisher_stock
86954,0,clara_k16,text_pca64_lexical_calendar_publisher_stock
86955,0,clara_k16,text_pca64_lexical_calendar_publisher_stock
86956,4,clara_k16,text_pca64_lexical_calendar_publisher_stock
86959,12,clara_k16,text_pca64_lexical_calendar_publisher_stock
86963,0,clara_k16,text_pca64_lexical_calendar_publisher_stock
86964,14,clara_k16,text_pca64_lexical_calendar_publisher_stock
86965,0,clara_k16,text_pca64_lexical_calendar_publisher_stock
86966,0,clara_k16,text_pca64_lexical_calendar_publisher_stock
86977,12,clara_k16,text_pca64_lexical_calendar_publisher_stock
86981,11,clara_k16,text_pca64_lexical_calendar_publisher_stock
86983,13,clara_k16,text_pca64_lexical_calendar_publisher_stock
86986,6,clara_k16,text_pca64_lexical_calendar_publisher_stock
86990,13,clara_k16,text_pca64_lexical_calendar_publisher_stock
86991,1,clara_k16,text_pca64_lexical_calendar_publisher_stock
87002,4,clara_k16,text_pca64_lexical_calendar_publisher_stock
87004,9,clara_k16,text_pca64_lexical_calendar_publisher_stock
87008,4,clara_k16,text_pca64_lexical_calendar_publisher_stock
87017,14,clara_k16,text_pca64_lexical_calendar_publisher_stock
87021,4,clara_k16,text_pca64_lexical_calendar_publisher_stock
87037,13,clara_k16,text_pca64_lexical_calendar_publisher_stock
87039,4,clara_k16,text_pca64_lexical_calendar_publisher_stock
87045,0,clara_k16,text_pca64_lexical_calendar_publisher_stock
87057,4,clara_k16,text_pca64_lexical_calendar_publisher_stock
87070,0,clara_k16,text_pca64_lexical_calendar_publisher_stock
87071,6,clara_k16,text_pca64_lexical_calendar_publisher_stock
87076,4,clara_k16,text_pca64_lexical_calendar_publisher_stock
87078,1,clara_k16,text_pca64_lexical_calendar_publisher_stock
87085,4,clara_k16,text_pca64_lexical_calendar_publisher_stock
87090,0,clara_k16,text_pca64_lexical_calendar_publisher_stock
87105,0,clara_k16,text_pca64_lexical_calendar_publisher_stock
87118,0,clara_k16,text_pca64_lexical_calendar_publisher_stock
87125,13,clara_k16,text_pca64_lexical_calendar_publisher_stock
87126,1,clara_k16,text_pca64_lexical_calendar_publisher_stock
87129,0,clara_k16,text_pca64_lexical_calendar_publisher_stock
87135,6,clara_k16,text_pca64_lexical_calendar_publisher_stock
87139,13,clara_k16,text_pca64_lexical_calendar_publisher_stock
87147,1,clara_k16,text_pca64_lexical_calendar_publisher_stock
87150,1,clara_k16,text_pca64_lexical_calendar_publisher_stock
87159,4,clara_k16,text_pca64_lexical_calendar_publisher_stock
87181,4,clara_k16,text_pca64_lexical_calendar_publisher_stock
87190,1,clara_k16,text_pca64_lexical_calendar_publisher_stock
87223,12,clara_k16,text_pca64_lexical_calendar_publisher_stock
87226,4,clara_k16,text_pca64_lexical_calendar_publisher_stock
87232,4,clara_k16,text_pca64_lexical_calendar_publisher_stock
87240,4,clara_k16,text_pca64_lexical_calendar_publisher_stock
87242,1,clara_k16,text_pca64_lexical_calendar_publisher_stock
87250,4,clara_k16,text_pca64_lexical_calendar_publisher_stock
87254,13,clara_k16,text_pca64_lexical_calendar_publisher_stock
87314,0,clara_k16,text_pca64_lexical_calendar_publisher_stock
87322,4,clara_k16,text_pca64_lexical_calendar_publisher_stock
87336,0,clara_k16,text_pca64_lexical_calendar_publisher_stock
87337,1,clara_k16,text_pca64_lexical_calendar_publisher_stock
87338,1,clara_k16,text_pca64_lexical_calendar_publisher_stock
87339,1,clara_k16,text_pca64_lexical_calendar_publisher_stock
87349,4,clara_k16,text_pca64_lexical_calendar_publisher_stock
87352,4,clara_k16,text_pca64_lexical_calendar_publisher_stock
87358,12,clara_k16,text_pca64_lexical_calendar_publisher_stock
87371,0,clara_k16,text_pca64_lexical_calendar_publisher_stock
87373,4,clara_k16,text_pca64_lexical_calendar_publisher_stock
87374,13,clara_k16,text_pca64_lexical_calendar_publisher_stock
87378,0,clara_k16,text_pca64_lexical_calendar_publisher_stock
87379,0,clara_k16,text_pca64_lexical_calendar_publisher_stock
87384,6,clara_k16,text_pca64_lexical_calendar_publisher_stock
87389,4,clara_k16,text_pca64_lexical_calendar_publisher_stock
87390,15,clara_k16,text_pca64_lexical_calendar_publisher_stock
87394,0,clara_k16,text_pca64_lexical_calendar_publisher_stock
87395,0,clara_k16,text_pca64_lexical_calendar_publisher_stock
87401,2,clara_k16,text_pca64_lexical_calendar_publisher_stock
87409,1,clara_k16,text_pca64_lexical_calendar_publisher_stock
87425,0,clara_k16,text_pca64_lexical_calendar_publisher_stock
87432,0,clara_k16,text_pca64_lexical_calendar_publisher_stock
87439,4,clara_k16,text_pca64_lexical_calendar_publisher_stock
87444,13,clara_k16,text_pca64_lexical_calendar_publisher_stock
87461,6,clara_k16,text_pca64_lexical_calendar_publisher_stock
87466,15,clara_k16,text_pca64_lexical_calendar_publisher_stock
87469,0,clara_k16,text_pca64_lexical_calendar_publisher_stock
87471,4,clara_k16,text_pca64_lexical_calendar_publisher_stock
87477,14,clara_k16,text_pca64_lexical_calendar_publisher_stock
87484,0,clara_k16,text_pca64_lexical_calendar_publisher_stock
87491,2,clara_k16,text_pca64_lexical_calendar_publisher_stock
87501,0,clara_k16,text_pca64_lexical_calendar_publisher_stock
87509,4,clara_k16,text_pca64_lexical_calendar_publisher_stock
87529,4,clara_k16,text_pca64_lexical_calendar_publisher_stock
87530,0,clara_k16,text_pca64_lexical_calendar_publisher_stock
87540,2,clara_k16,text_pca64_lexical_calendar_publisher_stock
87543,13,clara_k16,text_pca64_lexical_calendar_publisher_stock
87549,12,clara_k16,text_pca64_lexical_calendar_publisher_stock
87554,0,clara_k16,text_pca64_lexical_calendar_publisher_stock
87559,12,clara_k16,text_pca64_lexical_calendar_publisher_stock
87575,6,clara_k16,text_pca64_lexical_calendar_publisher_stock
87577,14,clara_k16,text_pca64_lexical_calendar_publisher_stock
87579,0,clara_k16,text_pca64_lexical_calendar_publisher_stock
87584,7,clara_k16,text_pca64_lexical_calendar_publisher_stock
87590,14,clara_k16,text_pca64_lexical_calendar_publisher_stock
87600,1,clara_k16,text_pca64_lexical_calendar_publisher_stock
87603,2,clara_k16,text_pca64_lexical_calendar_publisher_stock
87607,0,clara_k16,text_pca64_lexical_calendar_publisher_stock
87618,4,clara_k16,text_pca64_lexical_calendar_publisher_stock
87622,2,clara_k16,text_pca64_lexical_calendar_publisher_stock
87635,4,clara_k16,text_pca64_lexical_calendar_publisher_stock
87641,1,clara_k16,text_pca64_lexical_calendar_publisher_stock
87643,1,clara_k16,text_pca64_lexical_calendar_publisher_stock
87655,8,clara_k16,text_pca64_lexical_calendar_publisher_stock
87657,0,clara_k16,text_pca64_lexical_calendar_publisher_stock
87661,6,clara_k16,text_pca64_lexical_calendar_publisher_stock
87662,2,clara_k16,text_pca64_lexical_calendar_publisher_stock
87664,11,clara_k16,text_pca64_lexical_calendar_publisher_stock
87665,4,clara_k16,text_pca64_lexical_calendar_publisher_stock
87671,12,clara_k16,text_pca64_lexical_calendar_publisher_stock
87673,0,clara_k16,text_pca64_lexical_calendar_publisher_stock
87674,1,clara_k16,text_pca64_lexical_calendar_publisher_stock
87677,2,clara_k16,text_pca64_lexical_calendar_publisher_stock
87684,12,clara_k16,text_pca64_lexical_calendar_publisher_stock
87691,5,clara_k16,text_pca64_lexical_calendar_publisher_stock
87707,13,clara_k16,text_pca64_lexical_calendar_publisher_stock
87712,8,clara_k16,text_pca64_lexical_calendar_publisher_stock
87718,7,clara_k16,text_pca64_lexical_calendar_publisher_stock
87734,4,clara_k16,text_pca64_lexical_calendar_publisher_stock
87738,0,clara_k16,text_pca64_lexical_calendar_publisher_stock
87741,1,clara_k16,text_pca64_lexical_calendar_publisher_stock
87742,0,clara_k16,text_pca64_lexical_calendar_publisher_stock
87747,4,clara_k16,text_pca64_lexical_calendar_publisher_stock
87751,13,clara_k16,text_pca64_lexical_calendar_publisher_stock
87756,1,clara_k16,text_pca64_lexical_calendar_publisher_stock
87761,13,clara_k16,text_pca64_lexical_calendar_publisher_stock
87774,4,clara_k16,text_pca64_lexical_calendar_publisher_stock
87779,1,clara_k16,text_pca64_lexical_calendar_publisher_stock
87781,13,clara_k16,text_pca64_lexical_calendar_publisher_stock
87785,2,clara_k16,text_pca64_lexical_calendar_publisher_stock
87788,15,clara_k16,text_pca64_lexical_calendar_publisher_stock
87790,15,clara_k16,text_pca64_lexical_calendar_publisher_stock
87797,15,clara_k16,text_pca64_lexical_calendar_publisher_stock
87798,15,clara_k16,text_pca64_lexical_calendar_publisher_stock
87808,12,clara_k16,text_pca64_lexical_calendar_publisher_stock
87826,15,clara_k16,text_pca64_lexical_calendar_publisher_stock
87828,15,clara_k16,text_pca64_lexical_calendar_publisher_stock
87830,15,clara_k16,text_pca64_lexical_calendar_publisher_stock
87843,5,clara_k16,text_pca64_lexical_calendar_publisher_stock
87846,5,clara_k16,text_pca64_lexical_calendar_publisher_stock
87859,5,clara_k16,text_pca64_lexical_calendar_publisher_stock
87885,4,clara_k16,text_pca64_lexical_calendar_publisher_stock
87887,0,clara_k16,text_pca64_lexical_calendar_publisher_stock
87888,14,clara_k16,text_pca64_lexical_calendar_publisher_stock
87894,0,clara_k16,text_pca64_lexical_calendar_publisher_stock
87907,4,clara_k16,text_pca64_lexical_calendar_publisher_stock
87913,0,clara_k16,text_pca64_lexical_calendar_publisher_stock
87914,8,clara_k16,text_pca64_lexical_calendar_publisher_stock
87930,0,clara_k16,text_pca64_lexical_calendar_publisher_stock
87934,0,clara_k16,text_pca64_lexical_calendar_publisher_stock
87941,9,clara_k16,text_pca64_lexical_calendar_publisher_stock
87947,8,clara_k16,text_pca64_lexical_calendar_publisher_stock
87957,14,clara_k16,text_pca64_lexical_calendar_publisher_stock
87962,15,clara_k16,text_pca64_lexical_calendar_publisher_stock
87993,1,clara_k16,text_pca64_lexical_calendar_publisher_stock
87997,13,clara_k16,text_pca64_lexical_calendar_publisher_stock
88002,1,clara_k16,text_pca64_lexical_calendar_publisher_stock
88003,1,clara_k16,text_pca64_lexical_calendar_publisher_stock
88012,0,clara_k16,text_pca64_lexical_calendar_publisher_stock
88013,0,clara_k16,text_pca64_lexical_calendar_publisher_stock
88017,2,clara_k16,text_pca64_lexical_calendar_publisher_stock
88018,2,clara_k16,text_pca64_lexical_calendar_publisher_stock
88026,0,clara_k16,text_pca64_lexical_calendar_publisher_stock
88042,1,clara_k16,text_pca64_lexical_calendar_publisher_stock
88043,13,clara_k16,text_pca64_lexical_calendar_publisher_stock
88044,13,clara_k16,text_pca64_lexical_calendar_publisher_stock
88049,6,clara_k16,text_pca64_lexical_calendar_publisher_stock
88057,4,clara_k16,text_pca64_lexical_calendar_publisher_stock
88062,4,clara_k16,text_pca64_lexical_calendar_publisher_stock
88063,6,clara_k16,text_pca64_lexical_calendar_publisher_stock
88071,1,clara_k16,text_pca64_lexical_calendar_publisher_stock
88073,14,clara_k16,text_pca64_lexical_calendar_publisher_stock
88079,13,clara_k16,text_pca64_lexical_calendar_publisher_stock
88081,0,clara_k16,text_pca64_lexical_calendar_publisher_stock
88102,0,clara_k16,text_pca64_lexical_calendar_publisher_stock
88103,4,clara_k16,text_pca64_lexical_calendar_publisher_stock
88104,12,clara_k16,text_pca64_lexical_calendar_publisher_stock
88106,4,clara_k16,text_pca64_lexical_calendar_publisher_stock
88113,6,clara_k16,text_pca64_lexical_calendar_publisher_stock
88115,2,clara_k16,text_pca64_lexical_calendar_publisher_stock
88118,14,clara_k16,text_pca64_lexical_calendar_publisher_stock
88125,2,clara_k16,text_pca64_lexical_calendar_publisher_stock
88126,0,clara_k16,text_pca64_lexical_calendar_publisher_stock
88128,14,clara_k16,text_pca64_lexical_calendar_publisher_stock
88131,0,clara_k16,text_pca64_lexical_calendar_publisher_stock
88139,2,clara_k16,text_pca64_lexical_calendar_publisher_stock
88149,1,clara_k16,text_pca64_lexical_calendar_publisher_stock
88154,0,clara_k16,text_pca64_lexical_calendar_publisher_stock
88159,6,clara_k16,text_pca64_lexical_calendar_publisher_stock
88162,2,clara_k16,text_pca64_lexical_calendar_publisher_stock
88165,13,clara_k16,text_pca64_lexical_calendar_publisher_stock
88168,14,clara_k16,text_pca64_lexical_calendar_publisher_stock
88169,1,clara_k16,text_pca64_lexical_calendar_publisher_stock
88173,4,clara_k16,text_pca64_lexical_calendar_publisher_stock
88192,14,clara_k16,text_pca64_lexical_calendar_publisher_stock
88195,4,clara_k16,text_pca64_lexical_calendar_publisher_stock
88203,13,clara_k16,text_pca64_lexical_calendar_publisher_stock
88211,13,clara_k16,text_pca64_lexical_calendar_publisher_stock
88214,0,clara_k16,text_pca64_lexical_calendar_publisher_stock
88224,0,clara_k16,text_pca64_lexical_calendar_publisher_stock
88225,9,clara_k16,text_pca64_lexical_calendar_publisher_stock
88227,2,clara_k16,text_pca64_lexical_calendar_publisher_stock
88231,1,clara_k16,text_pca64_lexical_calendar_publisher_stock
88233,1,clara_k16,text_pca64_lexical_calendar_publisher_stock
88235,13,clara_k16,text_pca64_lexical_calendar_publisher_stock
88237,0,clara_k16,text_pca64_lexical_calendar_publisher_stock
88242,0,clara_k16,text_pca64_lexical_calendar_publisher_stock
88250,12,clara_k16,text_pca64_lexical_calendar_publisher_stock
88257,0,clara_k16,text_pca64_lexical_calendar_publisher_stock
88264,2,clara_k16,text_pca64_lexical_calendar_publisher_stock
88269,12,clara_k16,text_pca64_lexical_calendar_publisher_stock
88274,13,clara_k16,text_pca64_lexical_calendar_publisher_stock
88279,2,clara_k16,text_pca64_lexical_calendar_publisher_stock
88283,4,clara_k16,text_pca64_lexical_calendar_publisher_stock
88285,4,clara_k16,text_pca64_lexical_calendar_publisher_stock
88289,4,clara_k16,text_pca64_lexical_calendar_publisher_stock
88292,1,clara_k16,text_pca64_lexical_calendar_publisher_stock
88293,1,clara_k16,text_pca64_lexical_calendar_publisher_stock
88300,12,clara_k16,text_pca64_lexical_calendar_publisher_stock
88316,4,clara_k16,text_pca64_lexical_calendar_publisher_stock
88319,2,clara_k16,text_pca64_lexical_calendar_publisher_stock
88332,2,clara_k16,text_pca64_lexical_calendar_publisher_stock
88334,1,clara_k16,text_pca64_lexical_calendar_publisher_stock
88341,4,clara_k16,text_pca64_lexical_calendar_publisher_stock
88345,15,clara_k16,text_pca64_lexical_calendar_publisher_stock
88346,1,clara_k16,text_pca64_lexical_calendar_publisher_stock
88347,13,clara_k16,text_pca64_lexical_calendar_publisher_stock
88349,1,clara_k16,text_pca64_lexical_calendar_publisher_stock
88358,1,clara_k16,text_pca64_lexical_calendar_publisher_stock
88360,13,clara_k16,text_pca64_lexical_calendar_publisher_stock
88364,13,clara_k16,text_pca64_lexical_calendar_publisher_stock
88365,6,clara_k16,text_pca64_lexical_calendar_publisher_stock
88369,13,clara_k16,text_pca64_lexical_calendar_publisher_stock
88371,0,clara_k16,text_pca64_lexical_calendar_publisher_stock
88374,1,clara_k16,text_pca64_lexical_calendar_publisher_stock
88376,0,clara_k16,text_pca64_lexical_calendar_publisher_stock
88381,1,clara_k16,text_pca64_lexical_calendar_publisher_stock
88384,1,clara_k16,text_pca64_lexical_calendar_publisher_stock
88393,0,clara_k16,text_pca64_lexical_calendar_publisher_stock
88400,6,clara_k16,text_pca64_lexical_calendar_publisher_stock
88401,4,clara_k16,text_pca64_lexical_calendar_publisher_stock
88402,12,clara_k16,text_pca64_lexical_calendar_publisher_stock
88417,4,clara_k16,text_pca64_lexical_calendar_publisher_stock
88421,12,clara_k16,text_pca64_lexical_calendar_publisher_stock
88423,0,clara_k16,text_pca64_lexical_calendar_publisher_stock
88456,0,clara_k16,text_pca64_lexical_calendar_publisher_stock
88467,0,clara_k16,text_pca64_lexical_calendar_publisher_stock
88476,8,clara_k16,text_pca64_lexical_calendar_publisher_stock
88486,0,clara_k16,text_pca64_lexical_calendar_publisher_stock
88488,6,clara_k16,text_pca64_lexical_calendar_publisher_stock
88492,13,clara_k16,text_pca64_lexical_calendar_publisher_stock
88506,0,clara_k16,text_pca64_lexical_calendar_publisher_stock
88508,8,clara_k16,text_pca64_lexical_calendar_publisher_stock
88525,1,clara_k16,text_pca64_lexical_calendar_publisher_stock
88532,13,clara_k16,text_pca64_lexical_calendar_publisher_stock
88533,1,clara_k16,text_pca64_lexical_calendar_publisher_stock
88541,4,clara_k16,text_pca64_lexical_calendar_publisher_stock
88542,11,clara_k16,text_pca64_lexical_calendar_publisher_stock
88543,4,clara_k16,text_pca64_lexical_calendar_publisher_stock
88546,12,clara_k16,text_pca64_lexical_calendar_publisher_stock
88550,0,clara_k16,text_pca64_lexical_calendar_publisher_stock
88557,8,clara_k16,text_pca64_lexical_calendar_publisher_stock
88563,6,clara_k16,text_pca64_lexical_calendar_publisher_stock
88567,9,clara_k16,text_pca64_lexical_calendar_publisher_stock
88569,4,clara_k16,text_pca64_lexical_calendar_publisher_stock
88589,0,clara_k16,text_pca64_lexical_calendar_publisher_stock
88600,12,clara_k16,text_pca64_lexical_calendar_publisher_stock
88620,13,clara_k16,text_pca64_lexical_calendar_publisher_stock
88627,2,clara_k16,text_pca64_lexical_calendar_publisher_stock
88629,2,clara_k16,text_pca64_lexical_calendar_publisher_stock
88633,12,clara_k16,text_pca64_lexical_calendar_publisher_stock
88636,2,clara_k16,text_pca64_lexical_calendar_publisher_stock
88638,13,clara_k16,text_pca64_lexical_calendar_publisher_stock
88643,12,clara_k16,text_pca64_lexical_calendar_publisher_stock
88653,0,clara_k16,text_pca64_lexical_calendar_publisher_stock
88656,2,clara_k16,text_pca64_lexical_calendar_publisher_stock
88659,13,clara_k16,text_pca64_lexical_calendar_publisher_stock
88663,4,clara_k16,text_pca64_lexical_calendar_publisher_stock
88667,2,clara_k16,text_pca64_lexical_calendar_publisher_stock
88673,2,clara_k16,text_pca64_lexical_calendar_publisher_stock
88674,12,clara_k16,text_pca64_lexical_calendar_publisher_stock
88677,13,clara_k16,text_pca64_lexical_calendar_publisher_stock
88684,6,clara_k16,text_pca64_lexical_calendar_publisher_stock
88701,2,clara_k16,text_pca64_lexical_calendar_publisher_stock
88702,4,clara_k16,text_pca64_lexical_calendar_publisher_stock
88706,0,clara_k16,text_pca64_lexical_calendar_publisher_stock
88710,4,clara_k16,text_pca64_lexical_calendar_publisher_stock
88717,12,clara_k16,text_pca64_lexical_calendar_publisher_stock
88718,4,clara_k16,text_pca64_lexical_calendar_publisher_stock
88737,12,clara_k16,text_pca64_lexical_calendar_publisher_stock
88749,4,clara_k16,text_pca64_lexical_calendar_publisher_stock
88750,4,clara_k16,text_pca64_lexical_calendar_publisher_stock
88753,4,clara_k16,text_pca64_lexical_calendar_publisher_stock
88756,13,clara_k16,text_pca64_lexical_calendar_publisher_stock
88757,4,clara_k16,text_pca64_lexical_calendar_publisher_stock
88765,4,clara_k16,text_pca64_lexical_calendar_publisher_stock
88783,0,clara_k16,text_pca64_lexical_calendar_publisher_stock
88790,2,clara_k16,text_pca64_lexical_calendar_publisher_stock
88797,6,clara_k16,text_pca64_lexical_calendar_publisher_stock
88800,6,clara_k16,text_pca64_lexical_calendar_publisher_stock
88807,6,clara_k16,text_pca64_lexical_calendar_publisher_stock
88810,0,clara_k16,text_pca64_lexical_calendar_publisher_stock
88816,1,clara_k16,text_pca64_lexical_calendar_publisher_stock
88825,0,clara_k16,text_pca64_lexical_calendar_publisher_stock
88831,0,clara_k16,text_pca64_lexical_calendar_publisher_stock
88832,0,clara_k16,text_pca64_lexical_calendar_publisher_stock
88837,0,clara_k16,text_pca64_lexical_calendar_publisher_stock
88841,8,clara_k16,text_pca64_lexical_calendar_publisher_stock
88852,6,clara_k16,text_pca64_lexical_calendar_publisher_stock
88862,6,clara_k16,text_pca64_lexical_calendar_publisher_stock
88876,0,clara_k16,text_pca64_lexical_calendar_publisher_stock
88878,13,clara_k16,text_pca64_lexical_calendar_publisher_stock
88880,1,clara_k16,text_pca64_lexical_calendar_publisher_stock
88888,0,clara_k16,text_pca64_lexical_calendar_publisher_stock
88889,1,clara_k16,text_pca64_lexical_calendar_publisher_stock
88890,13,clara_k16,text_pca64_lexical_calendar_publisher_stock
88894,0,clara_k16,text_pca64_lexical_calendar_publisher_stock
88895,6,clara_k16,text_pca64_lexical_calendar_publisher_stock
88897,12,clara_k16,text_pca64_lexical_calendar_publisher_stock
88899,7,clara_k16,text_pca64_lexical_calendar_publisher_stock
88906,4,clara_k16,text_pca64_lexical_calendar_publisher_stock
88909,1,clara_k16,text_pca64_lexical_calendar_publisher_stock
88923,0,clara_k16,text_pca64_lexical_calendar_publisher_stock
88928,1,clara_k16,text_pca64_lexical_calendar_publisher_stock
88943,4,clara_k16,text_pca64_lexical_calendar_publisher_stock
88945,12,clara_k16,text_pca64_lexical_calendar_publisher_stock
88961,4,clara_k16,text_pca64_lexical_calendar_publisher_stock
88972,0,clara_k16,text_pca64_lexical_calendar_publisher_stock
88976,1,clara_k16,text_pca64_lexical_calendar_publisher_stock
88978,0,clara_k16,text_pca64_lexical_calendar_publisher_stock
88986,12,clara_k16,text_pca64_lexical_calendar_publisher_stock
88989,4,clara_k16,text_pca64_lexical_calendar_publisher_stock
88991,4,clara_k16,text_pca64_lexical_calendar_publisher_stock
88997,6,clara_k16,text_pca64_lexical_calendar_publisher_stock
89012,6,clara_k16,text_pca64_lexical_calendar_publisher_stock
89017,13,clara_k16,text_pca64_lexical_calendar_publisher_stock
89021,3,clara_k16,text_pca64_lexical_calendar_publisher_stock
89024,1,clara_k16,text_pca64_lexical_calendar_publisher_stock
89030,0,clara_k16,text_pca64_lexical_calendar_publisher_stock
89040,3,clara_k16,text_pca64_lexical_calendar_publisher_stock
89042,6,clara_k16,text_pca64_lexical_calendar_publisher_stock
89053,0,clara_k16,text_pca64_lexical_calendar_publisher_stock
89055,8,clara_k16,text_pca64_lexical_calendar_publisher_stock
89070,13,clara_k16,text_pca64_lexical_calendar_publisher_stock
89078,4,clara_k16,text_pca64_lexical_calendar_publisher_stock
89083,1,clara_k16,text_pca64_lexical_calendar_publisher_stock
89095,4,clara_k16,text_pca64_lexical_calendar_publisher_stock
89108,6,clara_k16,text_pca64_lexical_calendar_publisher_stock
89141,13,clara_k16,text_pca64_lexical_calendar_publisher_stock
89143,0,clara_k16,text_pca64_lexical_calendar_publisher_stock
89148,0,clara_k16,text_pca64_lexical_calendar_publisher_stock
89151,6,clara_k16,text_pca64_lexical_calendar_publisher_stock
89159,13,clara_k16,text_pca64_lexical_calendar_publisher_stock
89165,14,clara_k16,text_pca64_lexical_calendar_publisher_stock
89168,1,clara_k16,text_pca64_lexical_calendar_publisher_stock
89173,13,clara_k16,text_pca64_lexical_calendar_publisher_stock
89185,0,clara_k16,text_pca64_lexical_calendar_publisher_stock
89191,13,clara_k16,text_pca64_lexical_calendar_publisher_stock
89192,11,clara_k16,text_pca64_lexical_calendar_publisher_stock
89213,6,clara_k16,text_pca64_lexical_calendar_publisher_stock
89215,4,clara_k16,text_pca64_lexical_calendar_publisher_stock
89219,1,clara_k16,text_pca64_lexical_calendar_publisher_stock
89223,9,clara_k16,text_pca64_lexical_calendar_publisher_stock
89225,7,clara_k16,text_pca64_lexical_calendar_publisher_stock
89230,13,clara_k16,text_pca64_lexical_calendar_publisher_stock
89235,0,clara_k16,text_pca64_lexical_calendar_publisher_stock
89239,4,clara_k16,text_pca64_lexical_calendar_publisher_stock
89245,14,clara_k16,text_pca64_lexical_calendar_publisher_stock
89251,4,clara_k16,text_pca64_lexical_calendar_publisher_stock
89255,6,clara_k16,text_pca64_lexical_calendar_publisher_stock
89256,0,clara_k16,text_pca64_lexical_calendar_publisher_stock
89257,0,clara_k16,text_pca64_lexical_calendar_publisher_stock
89260,13,clara_k16,text_pca64_lexical_calendar_publisher_stock
89265,13,clara_k16,text_pca64_lexical_calendar_publisher_stock
89273,0,clara_k16,text_pca64_lexical_calendar_publisher_stock
89280,4,clara_k16,text_pca64_lexical_calendar_publisher_stock
89282,11,clara_k16,text_pca64_lexical_calendar_publisher_stock
89300,0,clara_k16,text_pca64_lexical_calendar_publisher_stock
89302,1,clara_k16,text_pca64_lexical_calendar_publisher_stock
89323,13,clara_k16,text_pca64_lexical_calendar_publisher_stock
89327,6,clara_k16,text_pca64_lexical_calendar_publisher_stock
89332,13,clara_k16,text_pca64_lexical_calendar_publisher_stock
89343,13,clara_k16,text_pca64_lexical_calendar_publisher_stock
89350,14,clara_k16,text_pca64_lexical_calendar_publisher_stock
89351,0,clara_k16,text_pca64_lexical_calendar_publisher_stock
89352,12,clara_k16,text_pca64_lexical_calendar_publisher_stock
89354,0,clara_k16,text_pca64_lexical_calendar_publisher_stock
89358,2,clara_k16,text_pca64_lexical_calendar_publisher_stock
89363,14,clara_k16,text_pca64_lexical_calendar_publisher_stock
89374,2,clara_k16,text_pca64_lexical_calendar_publisher_stock
89377,4,clara_k16,text_pca64_lexical_calendar_publisher_stock
89378,0,clara_k16,text_pca64_lexical_calendar_publisher_stock
89380,11,clara_k16,text_pca64_lexical_calendar_publisher_stock
89381,6,clara_k16,text_pca64_lexical_calendar_publisher_stock
89394,14,clara_k16,text_pca64_lexical_calendar_publisher_stock
89398,11,clara_k16,text_pca64_lexical_calendar_publisher_stock
89403,0,clara_k16,text_pca64_lexical_calendar_publisher_stock
89404,2,clara_k16,text_pca64_lexical_calendar_publisher_stock
89408,4,clara_k16,text_pca64_lexical_calendar_publisher_stock
89422,0,clara_k16,text_pca64_lexical_calendar_publisher_stock
89429,1,clara_k16,text_pca64_lexical_calendar_publisher_stock
89433,13,clara_k16,text_pca64_lexical_calendar_publisher_stock
89434,9,clara_k16,text_pca64_lexical_calendar_publisher_stock
89447,4,clara_k16,text_pca64_lexical_calendar_publisher_stock
89454,5,clara_k16,text_pca64_lexical_calendar_publisher_stock
89459,0,clara_k16,text_pca64_lexical_calendar_publisher_stock
89479,0,clara_k16,text_pca64_lexical_calendar_publisher_stock
89482,11,clara_k16,text_pca64_lexical_calendar_publisher_stock
89483,13,clara_k16,text_pca64_lexical_calendar_publisher_stock
89488,1,clara_k16,text_pca64_lexical_calendar_publisher_stock
89491,6,clara_k16,text_pca64_lexical_calendar_publisher_stock
89504,2,clara_k16,text_pca64_lexical_calendar_publisher_stock
89516,13,clara_k16,text_pca64_lexical_calendar_publisher_stock
89519,12,clara_k16,text_pca64_lexical_calendar_publisher_stock
89520,2,clara_k16,text_pca64_lexical_calendar_publisher_stock
89526,0,clara_k16,text_pca64_lexical_calendar_publisher_stock
89529,6,clara_k16,text_pca64_lexical_calendar_publisher_stock
89550,13,clara_k16,text_pca64_lexical_calendar_publisher_stock
89555,12,clara_k16,text_pca64_lexical_calendar_publisher_stock
89564,0,clara_k16,text_pca64_lexical_calendar_publisher_stock
89573,0,clara_k16,text_pca64_lexical_calendar_publisher_stock
89576,2,clara_k16,text_pca64_lexical_calendar_publisher_stock
89577,0,clara_k16,text_pca64_lexical_calendar_publisher_stock
89580,0,clara_k16,text_pca64_lexical_calendar_publisher_stock
89581,2,clara_k16,text_pca64_lexical_calendar_publisher_stock
89590,1,clara_k16,text_pca64_lexical_calendar_publisher_stock
89592,4,clara_k16,text_pca64_lexical_calendar_publisher_stock
89593,0,clara_k16,text_pca64_lexical_calendar_publisher_stock
89602,0,clara_k16,text_pca64_lexical_calendar_publisher_stock
89610,0,clara_k16,text_pca64_lexical_calendar_publisher_stock
89624,1,clara_k16,text_pca64_lexical_calendar_publisher_stock
89644,7,clara_k16,text_pca64_lexical_calendar_publisher_stock
89645,0,clara_k16,text_pca64_lexical_calendar_publisher_stock
89659,0,clara_k16,text_pca64_lexical_calendar_publisher_stock
89660,11,clara_k16,text_pca64_lexical_calendar_publisher_stock
89661,0,clara_k16,text_pca64_lexical_calendar_publisher_stock
89680,12,clara_k16,text_pca64_lexical_calendar_publisher_stock
89681,0,clara_k16,text_pca64_lexical_calendar_publisher_stock
89692,12,clara_k16,text_pca64_lexical_calendar_publisher_stock
89702,8,clara_k16,text_pca64_lexical_calendar_publisher_stock
89708,0,clara_k16,text_pca64_lexical_calendar_publisher_stock
89711,5,clara_k16,text_pca64_lexical_calendar_publisher_stock
89714,0,clara_k16,text_pca64_lexical_calendar_publisher_stock
89715,13,clara_k16,text_pca64_lexical_calendar_publisher_stock
89720,4,clara_k16,text_pca64_lexical_calendar_publisher_stock
89726,14,clara_k16,text_pca64_lexical_calendar_publisher_stock
89727,0,clara_k16,text_pca64_lexical_calendar_publisher_stock
89750,0,clara_k16,text_pca64_lexical_calendar_publisher_stock
89753,4,clara_k16,text_pca64_lexical_calendar_publisher_stock
89756,12,clara_k16,text_pca64_lexical_calendar_publisher_stock
89761,6,clara_k16,text_pca64_lexical_calendar_publisher_stock
89762,0,clara_k16,text_pca64_lexical_calendar_publisher_stock
89768,13,clara_k16,text_pca64_lexical_calendar_publisher_stock
89776,13,clara_k16,text_pca64_lexical_calendar_publisher_stock
89797,0,clara_k16,text_pca64_lexical_calendar_publisher_stock
89798,2,clara_k16,text_pca64_lexical_calendar_publisher_stock
89799,12,clara_k16,text_pca64_lexical_calendar_publisher_stock
89801,13,clara_k16,text_pca64_lexical_calendar_publisher_stock
89823,6,clara_k16,text_pca64_lexical_calendar_publisher_stock
89827,6,clara_k16,text_pca64_lexical_calendar_publisher_stock
89828,13,clara_k16,text_pca64_lexical_calendar_publisher_stock
89831,13,clara_k16,text_pca64_lexical_calendar_publisher_stock
89834,10,clara_k16,text_pca64_lexical_calendar_publisher_stock
89861,10,clara_k16,text_pca64_lexical_calendar_publisher_stock
89869,0,clara_k16,text_pca64_lexical_calendar_publisher_stock
89879,4,clara_k16,text_pca64_lexical_calendar_publisher_stock
89884,10,clara_k16,text_pca64_lexical_calendar_publisher_stock
89896,1,clara_k16,text_pca64_lexical_calendar_publisher_stock
89911,13,clara_k16,text_pca64_lexical_calendar_publisher_stock
89917,10,clara_k16,text_pca64_lexical_calendar_publisher_stock
89918,1,clara_k16,text_pca64_lexical_calendar_publisher_stock
89925,14,clara_k16,text_pca64_lexical_calendar_publisher_stock
89931,0,clara_k16,text_pca64_lexical_calendar_publisher_stock
89932,10,clara_k16,text_pca64_lexical_calendar_publisher_stock
89936,6,clara_k16,text_pca64_lexical_calendar_publisher_stock
89939,10,clara_k16,text_pca64_lexical_calendar_publisher_stock
89945,10,clara_k16,text_pca64_lexical_calendar_publisher_stock
89956,8,clara_k16,text_pca64_lexical_calendar_publisher_stock
89961,6,clara_k16,text_pca64_lexical_calendar_publisher_stock
89967,14,clara_k16,text_pca64_lexical_calendar_publisher_stock
89976,10,clara_k16,text_pca64_lexical_calendar_publisher_stock
89977,10,clara_k16,text_pca64_lexical_calendar_publisher_stock
89983,0,clara_k16,text_pca64_lexical_calendar_publisher_stock
89992,6,clara_k16,text_pca64_lexical_calendar_publisher_stock
90015,0,clara_k16,text_pca64_lexical_calendar_publisher_stock
90019,0,clara_k16,text_pca64_lexical_calendar_publisher_stock
90026,13,clara_k16,text_pca64_lexical_calendar_publisher_stock
90032,0,clara_k16,text_pca64_lexical_calendar_publisher_stock
90034,14,clara_k16,text_pca64_lexical_calendar_publisher_stock
90049,0,clara_k16,text_pca64_lexical_calendar_publisher_stock
90059,6,clara_k16,text_pca64_lexical_calendar_publisher_stock
90073,2,clara_k16,text_pca64_lexical_calendar_publisher_stock
90075,1,clara_k16,text_pca64_lexical_calendar_publisher_stock
90086,0,clara_k16,text_pca64_lexical_calendar_publisher_stock
90089,10,clara_k16,text_pca64_lexical_calendar_publisher_stock
90091,12,clara_k16,text_pca64_lexical_calendar_publisher_stock
90097,10,clara_k16,text_pca64_lexical_calendar_publisher_stock
90099,11,clara_k16,text_pca64_lexical_calendar_publisher_stock
90100,1,clara_k16,text_pca64_lexical_calendar_publisher_stock
90121,6,clara_k16,text_pca64_lexical_calendar_publisher_stock
90137,0,clara_k16,text_pca64_lexical_calendar_publisher_stock
90138,6,clara_k16,text_pca64_lexical_calendar_publisher_stock
90155,13,clara_k16,text_pca64_lexical_calendar_publisher_stock
90159,0,clara_k16,text_pca64_lexical_calendar_publisher_stock
90160,0,clara_k16,text_pca64_lexical_calendar_publisher_stock
90178,4,clara_k16,text_pca64_lexical_calendar_publisher_stock
90185,11,clara_k16,text_pca64_lexical_calendar_publisher_stock
90206,13,clara_k16,text_pca64_lexical_calendar_publisher_stock
90214,0,clara_k16,text_pca64_lexical_calendar_publisher_stock
90215,4,clara_k16,text_pca64_lexical_calendar_publisher_stock
90216,0,clara_k16,text_pca64_lexical_calendar_publisher_stock
90224,6,clara_k16,text_pca64_lexical_calendar_publisher_stock
90230,0,clara_k16,text_pca64_lexical_calendar_publisher_stock
90235,6,clara_k16,text_pca64_lexical_calendar_publisher_stock
90237,4,clara_k16,text_pca64_lexical_calendar_publisher_stock
90242,14,clara_k16,text_pca64_lexical_calendar_publisher_stock
90249,0,clara_k16,text_pca64_lexical_calendar_publisher_stock
90254,13,clara_k16,text_pca64_lexical_calendar_publisher_stock
90256,0,clara_k16,text_pca64_lexical_calendar_publisher_stock
90262,0,clara_k16,text_pca64_lexical_calendar_publisher_stock
90267,0,clara_k16,text_pca64_lexical_calendar_publisher_stock
90278,14,clara_k16,text_pca64_lexical_calendar_publisher_stock
90284,14,clara_k16,text_pca64_lexical_calendar_publisher_stock
90287,0,clara_k16,text_pca64_lexical_calendar_publisher_stock
90298,4,clara_k16,text_pca64_lexical_calendar_publisher_stock
90307,13,clara_k16,text_pca64_lexical_calendar_publisher_stock
90313,2,clara_k16,text_pca64_lexical_calendar_publisher_stock
90317,0,clara_k16,text_pca64_lexical_calendar_publisher_stock
90328,13,clara_k16,text_pca64_lexical_calendar_publisher_stock
90329,1,clara_k16,text_pca64_lexical_calendar_publisher_stock
90335,1,clara_k16,text_pca64_lexical_calendar_publisher_stock
90339,0,clara_k16,text_pca64_lexical_calendar_publisher_stock
90342,6,clara_k16,text_pca64_lexical_calendar_publisher_stock
90343,1,clara_k16,text_pca64_lexical_calendar_publisher_stock
90354,13,clara_k16,text_pca64_lexical_calendar_publisher_stock
90357,13,clara_k16,text_pca64_lexical_calendar_publisher_stock
90358,13,clara_k16,text_pca64_lexical_calendar_publisher_stock
90368,13,clara_k16,text_pca64_lexical_calendar_publisher_stock
90371,13,clara_k16,text_pca64_lexical_calendar_publisher_stock
90376,4,clara_k16,text_pca64_lexical_calendar_publisher_stock
90395,0,clara_k16,text_pca64_lexical_calendar_publisher_stock
90411,14,clara_k16,text_pca64_lexical_calendar_publisher_stock
90415,2,clara_k16,text_pca64_lexical_calendar_publisher_stock
90416,1,clara_k16,text_pca64_lexical_calendar_publisher_stock
90424,1,clara_k16,text_pca64_lexical_calendar_publisher_stock
90428,0,clara_k16,text_pca64_lexical_calendar_publisher_stock
90432,1,clara_k16,text_pca64_lexical_calendar_publisher_stock
90439,12,clara_k16,text_pca64_lexical_calendar_publisher_stock
90440,0,clara_k16,text_pca64_lexical_calendar_publisher_stock
90454,13,clara_k16,text_pca64_lexical_calendar_publisher_stock
90461,6,clara_k16,text_pca64_lexical_calendar_publisher_stock
90462,11,clara_k16,text_pca64_lexical_calendar_publisher_stock
90463,2,clara_k16,text_pca64_lexical_calendar_publisher_stock
90465,4,clara_k16,text_pca64_lexical_calendar_publisher_stock
90466,6,clara_k16,text_pca64_lexical_calendar_publisher_stock
90476,13,clara_k16,text_pca64_lexical_calendar_publisher_stock
90489,6,clara_k16,text_pca64_lexical_calendar_publisher_stock
90495,4,clara_k16,text_pca64_lexical_calendar_publisher_stock
90503,4,clara_k16,text_pca64_lexical_calendar_publisher_stock
90508,15,clara_k16,text_pca64_lexical_calendar_publisher_stock
90525,0,clara_k16,text_pca64_lexical_calendar_publisher_stock
90528,0,clara_k16,text_pca64_lexical_calendar_publisher_stock
90530,12,clara_k16,text_pca64_lexical_calendar_publisher_stock
90534,14,clara_k16,text_pca64_lexical_calendar_publisher_stock
90537,0,clara_k16,text_pca64_lexical_calendar_publisher_stock
90544,6,clara_k16,text_pca64_lexical_calendar_publisher_stock
90550,0,clara_k16,text_pca64_lexical_calendar_publisher_stock
90552,13,clara_k16,text_pca64_lexical_calendar_publisher_stock
90577,0,clara_k16,text_pca64_lexical_calendar_publisher_stock
90589,14,clara_k16,text_pca64_lexical_calendar_publisher_stock
90597,14,clara_k16,text_pca64_lexical_calendar_publisher_stock
90601,0,clara_k16,text_pca64_lexical_calendar_publisher_stock
90617,1,clara_k16,text_pca64_lexical_calendar_publisher_stock
90622,14,clara_k16,text_pca64_lexical_calendar_publisher_stock
90623,13,clara_k16,text_pca64_lexical_calendar_publisher_stock
90632,6,clara_k16,text_pca64_lexical_calendar_publisher_stock
90635,6,clara_k16,text_pca64_lexical_calendar_publisher_stock
90645,0,clara_k16,text_pca64_lexical_calendar_publisher_stock
90650,0,clara_k16,text_pca64_lexical_calendar_publisher_stock
90655,0,clara_k16,text_pca64_lexical_calendar_publisher_stock
90657,13,clara_k16,text_pca64_lexical_calendar_publisher_stock
90669,4,clara_k16,text_pca64_lexical_calendar_publisher_stock
90675,0,clara_k16,text_pca64_lexical_calendar_publisher_stock
90691,1,clara_k16,text_pca64_lexical_calendar_publisher_stock
90708,6,clara_k16,text_pca64_lexical_calendar_publisher_stock
90709,0,clara_k16,text_pca64_lexical_calendar_publisher_stock
90715,13,clara_k16,text_pca64_lexical_calendar_publisher_stock
90721,4,clara_k16,text_pca64_lexical_calendar_publisher_stock
90729,6,clara_k16,text_pca64_lexical_calendar_publisher_stock
90743,12,clara_k16,text_pca64_lexical_calendar_publisher_stock
90755,0,clara_k16,text_pca64_lexical_calendar_publisher_stock
90762,14,clara_k16,text_pca64_lexical_calendar_publisher_stock
90765,14,clara_k16,text_pca64_lexical_calendar_publisher_stock
90773,0,clara_k16,text_pca64_lexical_calendar_publisher_stock
90779,0,clara_k16,text_pca64_lexical_calendar_publisher_stock
90783,14,clara_k16,text_pca64_lexical_calendar_publisher_stock
90787,4,clara_k16,text_pca64_lexical_calendar_publisher_stock
90790,14,clara_k16,text_pca64_lexical_calendar_publisher_stock
90795,0,clara_k16,text_pca64_lexical_calendar_publisher_stock
90798,1,clara_k16,text_pca64_lexical_calendar_publisher_stock
90824,11,clara_k16,text_pca64_lexical_calendar_publisher_stock
90831,2,clara_k16,text_pca64_lexical_calendar_publisher_stock
90836,12,clara_k16,text_pca64_lexical_calendar_publisher_stock
90865,8,clara_k16,text_pca64_lexical_calendar_publisher_stock
90866,6,clara_k16,text_pca64_lexical_calendar_publisher_stock
90877,8,clara_k16,text_pca64_lexical_calendar_publisher_stock
90888,12,clara_k16,text_pca64_lexical_calendar_publisher_stock
90889,6,clara_k16,text_pca64_lexical_calendar_publisher_stock
90890,4,clara_k16,text_pca64_lexical_calendar_publisher_stock
90892,6,clara_k16,text_pca64_lexical_calendar_publisher_stock
90893,0,clara_k16,text_pca64_lexical_calendar_publisher_stock
90894,5,clara_k16,text_pca64_lexical_calendar_publisher_stock
90897,0,clara_k16,text_pca64_lexical_calendar_publisher_stock
90898,13,clara_k16,text_pca64_lexical_calendar_publisher_stock
90903,6,clara_k16,text_pca64_lexical_calendar_publisher_stock
90908,12,clara_k16,text_pca64_lexical_calendar_publisher_stock
90911,6,clara_k16,text_pca64_lexical_calendar_publisher_stock
90918,8,clara_k16,text_pca64_lexical_calendar_publisher_stock
90922,8,clara_k16,text_pca64_lexical_calendar_publisher_stock
90944,6,clara_k16,text_pca64_lexical_calendar_publisher_stock
90948,5,clara_k16,text_pca64_lexical_calendar_publisher_stock
90956,4,clara_k16,text_pca64_lexical_calendar_publisher_stock
90963,14,clara_k16,text_pca64_lexical_calendar_publisher_stock
90964,0,clara_k16,text_pca64_lexical_calendar_publisher_stock
90973,5,clara_k16,text_pca64_lexical_calendar_publisher_stock
90989,12,clara_k16,text_pca64_lexical_calendar_publisher_stock
90999,12,clara_k16,text_pca64_lexical_calendar_publisher_stock
91015,14,clara_k16,text_pca64_lexical_calendar_publisher_stock
91017,12,clara_k16,text_pca64_lexical_calendar_publisher_stock
91025,1,clara_k16,text_pca64_lexical_calendar_publisher_stock
91033,0,clara_k16,text_pca64_lexical_calendar_publisher_stock
91034,1,clara_k16,text_pca64_lexical_calendar_publisher_stock
91042,12,clara_k16,text_pca64_lexical_calendar_publisher_stock
91043,0,clara_k16,text_pca64_lexical_calendar_publisher_stock
91060,12,clara_k16,text_pca64_lexical_calendar_publisher_stock
91065,2,clara_k16,text_pca64_lexical_calendar_publisher_stock
91067,6,clara_k16,text_pca64_lexical_calendar_publisher_stock
91070,0,clara_k16,text_pca64_lexical_calendar_publisher_stock
91092,14,clara_k16,text_pca64_lexical_calendar_publisher_stock
91111,6,clara_k16,text_pca64_lexical_calendar_publisher_stock
91114,12,clara_k16,text_pca64_lexical_calendar_publisher_stock
91125,13,clara_k16,text_pca64_lexical_calendar_publisher_stock
91127,6,clara_k16,text_pca64_lexical_calendar_publisher_stock
91149,5,clara_k16,text_pca64_lexical_calendar_publisher_stock
91157,2,clara_k16,text_pca64_lexical_calendar_publisher_stock
91159,6,clara_k16,text_pca64_lexical_calendar_publisher_stock
91162,9,clara_k16,text_pca64_lexical_calendar_publisher_stock
91195,13,clara_k16,text_pca64_lexical_calendar_publisher_stock
91204,0,clara_k16,text_pca64_lexical_calendar_publisher_stock
91211,6,clara_k16,text_pca64_lexical_calendar_publisher_stock
91214,2,clara_k16,text_pca64_lexical_calendar_publisher_stock
91225,4,clara_k16,text_pca64_lexical_calendar_publisher_stock
91231,3,clara_k16,text_pca64_lexical_calendar_publisher_stock
91232,4,clara_k16,text_pca64_lexical_calendar_publisher_stock
91236,3,clara_k16,text_pca64_lexical_calendar_publisher_stock
91237,4,clara_k16,text_pca64_lexical_calendar_publisher_stock
91238,4,clara_k16,text_pca64_lexical_calendar_publisher_stock
91243,14,clara_k16,text_pca64_lexical_calendar_publisher_stock
91259,6,clara_k16,text_pca64_lexical_calendar_publisher_stock
91286,0,clara_k16,text_pca64_lexical_calendar_publisher_stock
91327,0,clara_k16,text_pca64_lexical_calendar_publisher_stock
91330,0,clara_k16,text_pca64_lexical_calendar_publisher_stock
91334,0,clara_k16,text_pca64_lexical_calendar_publisher_stock
91338,8,clara_k16,text_pca64_lexical_calendar_publisher_stock
91340,8,clara_k16,text_pca64_lexical_calendar_publisher_stock
91346,0,clara_k16,text_pca64_lexical_calendar_publisher_stock
91354,6,clara_k16,text_pca64_lexical_calendar_publisher_stock
91361,8,clara_k16,text_pca64_lexical_calendar_publisher_stock
91367,6,clara_k16,text_pca64_lexical_calendar_publisher_stock
91371,12,clara_k16,text_pca64_lexical_calendar_publisher_stock
91374,1,clara_k16,text_pca64_lexical_calendar_publisher_stock
91385,14,clara_k16,text_pca64_lexical_calendar_publisher_stock
91398,13,clara_k16,text_pca64_lexical_calendar_publisher_stock
91411,0,clara_k16,text_pca64_lexical_calendar_publisher_stock
91414,6,clara_k16,text_pca64_lexical_calendar_publisher_stock
91418,0,clara_k16,text_pca64_lexical_calendar_publisher_stock
91422,8,clara_k16,text_pca64_lexical_calendar_publisher_stock
91431,6,clara_k16,text_pca64_lexical_calendar_publisher_stock
91433,8,clara_k16,text_pca64_lexical_calendar_publisher_stock
91437,0,clara_k16,text_pca64_lexical_calendar_publisher_stock
91439,0,clara_k16,text_pca64_lexical_calendar_publisher_stock
91441,8,clara_k16,text_pca64_lexical_calendar_publisher_stock
91443,6,clara_k16,text_pca64_lexical_calendar_publisher_stock
91448,0,clara_k16,text_pca64_lexical_calendar_publisher_stock
91457,13,clara_k16,text_pca64_lexical_calendar_publisher_stock
91468,8,clara_k16,text_pca64_lexical_calendar_publisher_stock
91479,9,clara_k16,text_pca64_lexical_calendar_publisher_stock
91487,8,clara_k16,text_pca64_lexical_calendar_publisher_stock
91512,3,clara_k16,text_pca64_lexical_calendar_publisher_stock
91513,0,clara_k16,text_pca64_lexical_calendar_publisher_stock
91525,0,clara_k16,text_pca64_lexical_calendar_publisher_stock
91526,1,clara_k16,text_pca64_lexical_calendar_publisher_stock
91529,0,clara_k16,text_pca64_lexical_calendar_publisher_stock
91546,13,clara_k16,text_pca64_lexical_calendar_publisher_stock
91552,2,clara_k16,text_pca64_lexical_calendar_publisher_stock
91560,2,clara_k16,text_pca64_lexical_calendar_publisher_stock
91565,2,clara_k16,text_pca64_lexical_calendar_publisher_stock
91570,2,clara_k16,text_pca64_lexical_calendar_publisher_stock
91572,13,clara_k16,text_pca64_lexical_calendar_publisher_stock
91589,12,clara_k16,text_pca64_lexical_calendar_publisher_stock
91595,1,clara_k16,text_pca64_lexical_calendar_publisher_stock
91597,2,clara_k16,text_pca64_lexical_calendar_publisher_stock
91604,14,clara_k16,text_pca64_lexical_calendar_publisher_stock
91608,2,clara_k16,text_pca64_lexical_calendar_publisher_stock
91610,0,clara_k16,text_pca64_lexical_calendar_publisher_stock
91613,13,clara_k16,text_pca64_lexical_calendar_publisher_stock
91615,1,clara_k16,text_pca64_lexical_calendar_publisher_stock
91624,1,clara_k16,text_pca64_lexical_calendar_publisher_stock
91656,2,clara_k16,text_pca64_lexical_calendar_publisher_stock
91657,2,clara_k16,text_pca64_lexical_calendar_publisher_stock
91671,4,clara_k16,text_pca64_lexical_calendar_publisher_stock
91688,2,clara_k16,text_pca64_lexical_calendar_publisher_stock
91690,2,clara_k16,text_pca64_lexical_calendar_publisher_stock
91694,2,clara_k16,text_pca64_lexical_calendar_publisher_stock
91698,1,clara_k16,text_pca64_lexical_calendar_publisher_stock
91710,0,clara_k16,text_pca64_lexical_calendar_publisher_stock
91714,1,clara_k16,text_pca64_lexical_calendar_publisher_stock
91722,2,clara_k16,text_pca64_lexical_calendar_publisher_stock
91728,6,clara_k16,text_pca64_lexical_calendar_publisher_stock
91733,1,clara_k16,text_pca64_lexical_calendar_publisher_stock
91734,0,clara_k16,text_pca64_lexical_calendar_publisher_stock
91740,2,clara_k16,text_pca64_lexical_calendar_publisher_stock
91746,2,clara_k16,text_pca64_lexical_calendar_publisher_stock
91753,2,clara_k16,text_pca64_lexical_calendar_publisher_stock
91757,12,clara_k16,text_pca64_lexical_calendar_publisher_stock
91758,2,clara_k16,text_pca64_lexical_calendar_publisher_stock
91764,0,clara_k16,text_pca64_lexical_calendar_publisher_stock
91776,0,clara_k16,text_pca64_lexical_calendar_publisher_stock
91787,12,clara_k16,text_pca64_lexical_calendar_publisher_stock
91789,4,clara_k16,text_pca64_lexical_calendar_publisher_stock
91799,12,clara_k16,text_pca64_lexical_calendar_publisher_stock
91801,6,clara_k16,text_pca64_lexical_calendar_publisher_stock
91805,13,clara_k16,text_pca64_lexical_calendar_publisher_stock
91806,1,clara_k16,text_pca64_lexical_calendar_publisher_stock
91809,1,clara_k16,text_pca64_lexical_calendar_publisher_stock
91813,0,clara_k16,text_pca64_lexical_calendar_publisher_stock
91830,12,clara_k16,text_pca64_lexical_calendar_publisher_stock
91832,2,clara_k16,text_pca64_lexical_calendar_publisher_stock
91833,14,clara_k16,text_pca64_lexical_calendar_publisher_stock
91837,2,clara_k16,text_pca64_lexical_calendar_publisher_stock
91838,1,clara_k16,text_pca64_lexical_calendar_publisher_stock
91839,1,clara_k16,text_pca64_lexical_calendar_publisher_stock
91840,13,clara_k16,text_pca64_lexical_calendar_publisher_stock
91847,2,clara_k16,text_pca64_lexical_calendar_publisher_stock
91854,6,clara_k16,text_pca64_lexical_calendar_publisher_stock
91872,4,clara_k16,text_pca64_lexical_calendar_publisher_stock
91880,11,clara_k16,text_pca64_lexical_calendar_publisher_stock
91901,12,clara_k16,text_pca64_lexical_calendar_publisher_stock
91902,12,clara_k16,text_pca64_lexical_calendar_publisher_stock
91912,13,clara_k16,text_pca64_lexical_calendar_publisher_stock
91913,6,clara_k16,text_pca64_lexical_calendar_publisher_stock
91917,0,clara_k16,text_pca64_lexical_calendar_publisher_stock
91918,6,clara_k16,text_pca64_lexical_calendar_publisher_stock
91923,2,clara_k16,text_pca64_lexical_calendar_publisher_stock
91930,1,clara_k16,text_pca64_lexical_calendar_publisher_stock
91938,0,clara_k16,text_pca64_lexical_calendar_publisher_stock
91939,6,clara_k16,text_pca64_lexical_calendar_publisher_stock
91942,6,clara_k16,text_pca64_lexical_calendar_publisher_stock
91952,2,clara_k16,text_pca64_lexical_calendar_publisher_stock
91957,0,clara_k16,text_pca64_lexical_calendar_publisher_stock
91969,6,clara_k16,text_pca64_lexical_calendar_publisher_stock
91973,7,clara_k16,text_pca64_lexical_calendar_publisher_stock
91978,4,clara_k16,text_pca64_lexical_calendar_publisher_stock
91984,0,clara_k16,text_pca64_lexical_calendar_publisher_stock
91988,2,clara_k16,text_pca64_lexical_calendar_publisher_stock
91989,0,clara_k16,text_pca64_lexical_calendar_publisher_stock
91993,6,clara_k16,text_pca64_lexical_calendar_publisher_stock
91995,4,clara_k16,text_pca64_lexical_calendar_publisher_stock
91997,2,clara_k16,text_pca64_lexical_calendar_publisher_stock
92027,0,clara_k16,text_pca64_lexical_calendar_publisher_stock
92032,11,clara_k16,text_pca64_lexical_calendar_publisher_stock
92033,2,clara_k16,text_pca64_lexical_calendar_publisher_stock
92035,6,clara_k16,text_pca64_lexical_calendar_publisher_stock
92039,1,clara_k16,text_pca64_lexical_calendar_publisher_stock
92041,0,clara_k16,text_pca64_lexical_calendar_publisher_stock
92044,0,clara_k16,text_pca64_lexical_calendar_publisher_stock
92048,1,clara_k16,text_pca64_lexical_calendar_publisher_stock
92057,2,clara_k16,text_pca64_lexical_calendar_publisher_stock
92060,2,clara_k16,text_pca64_lexical_calendar_publisher_stock
92061,13,clara_k16,text_pca64_lexical_calendar_publisher_stock
92063,11,clara_k16,text_pca64_lexical_calendar_publisher_stock
92075,4,clara_k16,text_pca64_lexical_calendar_publisher_stock
92083,4,clara_k16,text_pca64_lexical_calendar_publisher_stock
92084,9,clara_k16,text_pca64_lexical_calendar_publisher_stock
92091,14,clara_k16,text_pca64_lexical_calendar_publisher_stock
92095,13,clara_k16,text_pca64_lexical_calendar_publisher_stock
92096,4,clara_k16,text_pca64_lexical_calendar_publisher_stock
92105,12,clara_k16,text_pca64_lexical_calendar_publisher_stock
92113,4,clara_k16,text_pca64_lexical_calendar_publisher_stock
92130,0,clara_k16,text_pca64_lexical_calendar_publisher_stock
92168,9,clara_k16,text_pca64_lexical_calendar_publisher_stock
92173,4,clara_k16,text_pca64_lexical_calendar_publisher_stock
92176,1,clara_k16,text_pca64_lexical_calendar_publisher_stock
92199,0,clara_k16,text_pca64_lexical_calendar_publisher_stock
92200,2,clara_k16,text_pca64_lexical_calendar_publisher_stock
92208,13,clara_k16,text_pca64_lexical_calendar_publisher_stock
92219,0,clara_k16,text_pca64_lexical_calendar_publisher_stock
92220,4,clara_k16,text_pca64_lexical_calendar_publisher_stock
92223,12,clara_k16,text_pca64_lexical_calendar_publisher_stock
92246,14,clara_k16,text_pca64_lexical_calendar_publisher_stock
92248,4,clara_k16,text_pca64_lexical_calendar_publisher_stock
92251,6,clara_k16,text_pca64_lexical_calendar_publisher_stock
92252,12,clara_k16,text_pca64_lexical_calendar_publisher_stock
92256,4,clara_k16,text_pca64_lexical_calendar_publisher_stock
92264,7,clara_k16,text_pca64_lexical_calendar_publisher_stock
92265,1,clara_k16,text_pca64_lexical_calendar_publisher_stock
92271,0,clara_k16,text_pca64_lexical_calendar_publisher_stock
92280,14,clara_k16,text_pca64_lexical_calendar_publisher_stock
92283,1,clara_k16,text_pca64_lexical_calendar_publisher_stock
92306,1,clara_k16,text_pca64_lexical_calendar_publisher_stock
92307,1,clara_k16,text_pca64_lexical_calendar_publisher_stock
92316,2,clara_k16,text_pca64_lexical_calendar_publisher_stock
92327,2,clara_k16,text_pca64_lexical_calendar_publisher_stock
92336,0,clara_k16,text_pca64_lexical_calendar_publisher_stock
92342,14,clara_k16,text_pca64_lexical_calendar_publisher_stock
92349,13,clara_k16,text_pca64_lexical_calendar_publisher_stock
92350,0,clara_k16,text_pca64_lexical_calendar_publisher_stock
92357,0,clara_k16,text_pca64_lexical_calendar_publisher_stock
92362,6,clara_k16,text_pca64_lexical_calendar_publisher_stock
92364,0,clara_k16,text_pca64_lexical_calendar_publisher_stock
92370,0,clara_k16,text_pca64_lexical_calendar_publisher_stock
92381,1,clara_k16,text_pca64_lexical_calendar_publisher_stock
92387,6,clara_k16,text_pca64_lexical_calendar_publisher_stock
92390,4,clara_k16,text_pca64_lexical_calendar_publisher_stock
92391,0,clara_k16,text_pca64_lexical_calendar_publisher_stock
92394,0,clara_k16,text_pca64_lexical_calendar_publisher_stock
92406,0,clara_k16,text_pca64_lexical_calendar_publisher_stock
92407,0,clara_k16,text_pca64_lexical_calendar_publisher_stock
92411,4,clara_k16,text_pca64_lexical_calendar_publisher_stock
92413,9,clara_k16,text_pca64_lexical_calendar_publisher_stock
92417,8,clara_k16,text_pca64_lexical_calendar_publisher_stock
92426,6,clara_k16,text_pca64_lexical_calendar_publisher_stock
92430,0,clara_k16,text_pca64_lexical_calendar_publisher_stock
92431,4,clara_k16,text_pca64_lexical_calendar_publisher_stock
92434,13,clara_k16,text_pca64_lexical_calendar_publisher_stock
92445,12,clara_k16,text_pca64_lexical_calendar_publisher_stock
92449,0,clara_k16,text_pca64_lexical_calendar_publisher_stock
92451,5,clara_k16,text_pca64_lexical_calendar_publisher_stock
92452,1,clara_k16,text_pca64_lexical_calendar_publisher_stock
92459,4,clara_k16,text_pca64_lexical_calendar_publisher_stock
92466,4,clara_k16,text_pca64_lexical_calendar_publisher_stock
92479,1,clara_k16,text_pca64_lexical_calendar_publisher_stock
92481,14,clara_k16,text_pca64_lexical_calendar_publisher_stock
92484,2,clara_k16,text_pca64_lexical_calendar_publisher_stock
92490,0,clara_k16,text_pca64_lexical_calendar_publisher_stock
92519,6,clara_k16,text_pca64_lexical_calendar_publisher_stock
92521,4,clara_k16,text_pca64_lexical_calendar_publisher_stock
92523,4,clara_k16,text_pca64_lexical_calendar_publisher_stock
92524,1,clara_k16,text_pca64_lexical_calendar_publisher_stock
92529,4,clara_k16,text_pca64_lexical_calendar_publisher_stock
92531,2,clara_k16,text_pca64_lexical_calendar_publisher_stock
92533,13,clara_k16,text_pca64_lexical_calendar_publisher_stock
92537,11,clara_k16,text_pca64_lexical_calendar_publisher_stock
92546,2,clara_k16,text_pca64_lexical_calendar_publisher_stock
92550,6,clara_k16,text_pca64_lexical_calendar_publisher_stock
92553,2,clara_k16,text_pca64_lexical_calendar_publisher_stock
92554,2,clara_k16,text_pca64_lexical_calendar_publisher_stock
92555,13,clara_k16,text_pca64_lexical_calendar_publisher_stock
92558,4,clara_k16,text_pca64_lexical_calendar_publisher_stock
92560,12,clara_k16,text_pca64_lexical_calendar_publisher_stock
92567,2,clara_k16,text_pca64_lexical_calendar_publisher_stock
92577,1,clara_k16,text_pca64_lexical_calendar_publisher_stock
92581,2,clara_k16,text_pca64_lexical_calendar_publisher_stock
92589,4,clara_k16,text_pca64_lexical_calendar_publisher_stock
92593,1,clara_k16,text_pca64_lexical_calendar_publisher_stock
92597,0,clara_k16,text_pca64_lexical_calendar_publisher_stock
92603,1,clara_k16,text_pca64_lexical_calendar_publisher_stock
92607,1,clara_k16,text_pca64_lexical_calendar_publisher_stock
92611,2,clara_k16,text_pca64_lexical_calendar_publisher_stock
92624,4,clara_k16,text_pca64_lexical_calendar_publisher_stock
92626,1,clara_k16,text_pca64_lexical_calendar_publisher_stock
92647,1,clara_k16,text_pca64_lexical_calendar_publisher_stock
92648,0,clara_k16,text_pca64_lexical_calendar_publisher_stock
92663,5,clara_k16,text_pca64_lexical_calendar_publisher_stock
92664,4,clara_k16,text_pca64_lexical_calendar_publisher_stock
92665,6,clara_k16,text_pca64_lexical_calendar_publisher_stock
92670,0,clara_k16,text_pca64_lexical_calendar_publisher_stock
92673,4,clara_k16,text_pca64_lexical_calendar_publisher_stock
92680,6,clara_k16,text_pca64_lexical_calendar_publisher_stock
92686,0,clara_k16,text_pca64_lexical_calendar_publisher_stock
92695,0,clara_k16,text_pca64_lexical_calendar_publisher_stock
92698,6,clara_k16,text_pca64_lexical_calendar_publisher_stock
92702,12,clara_k16,text_pca64_lexical_calendar_publisher_stock
92704,1,clara_k16,text_pca64_lexical_calendar_publisher_stock
92731,1,clara_k16,text_pca64_lexical_calendar_publisher_stock
92734,4,clara_k16,text_pca64_lexical_calendar_publisher_stock
92745,1,clara_k16,text_pca64_lexical_calendar_publisher_stock
92747,12,clara_k16,text_pca64_lexical_calendar_publisher_stock
92751,12,clara_k16,text_pca64_lexical_calendar_publisher_stock
92766,1,clara_k16,text_pca64_lexical_calendar_publisher_stock
92790,1,clara_k16,text_pca64_lexical_calendar_publisher_stock
92805,2,clara_k16,text_pca64_lexical_calendar_publisher_stock
92811,0,clara_k16,text_pca64_lexical_calendar_publisher_stock
92818,1,clara_k16,text_pca64_lexical_calendar_publisher_stock
92825,1,clara_k16,text_pca64_lexical_calendar_publisher_stock
92829,1,clara_k16,text_pca64_lexical_calendar_publisher_stock
92832,13,clara_k16,text_pca64_lexical_calendar_publisher_stock
92833,1,clara_k16,text_pca64_lexical_calendar_publisher_stock
92844,14,clara_k16,text_pca64_lexical_calendar_publisher_stock
92855,1,clara_k16,text_pca64_lexical_calendar_publisher_stock
92877,0,clara_k16,text_pca64_lexical_calendar_publisher_stock
92895,4,clara_k16,text_pca64_lexical_calendar_publisher_stock
92897,6,clara_k16,text_pca64_lexical_calendar_publisher_stock
92901,2,clara_k16,text_pca64_lexical_calendar_publisher_stock
92906,12,clara_k16,text_pca64_lexical_calendar_publisher_stock
92908,0,clara_k16,text_pca64_lexical_calendar_publisher_stock
92909,0,clara_k16,text_pca64_lexical_calendar_publisher_stock
92918,0,clara_k16,text_pca64_lexical_calendar_publisher_stock
92930,2,clara_k16,text_pca64_lexical_calendar_publisher_stock
92932,2,clara_k16,text_pca64_lexical_calendar_publisher_stock
92943,6,clara_k16,text_pca64_lexical_calendar_publisher_stock
92945,6,clara_k16,text_pca64_lexical_calendar_publisher_stock
92948,1,clara_k16,text_pca64_lexical_calendar_publisher_stock
92955,2,clara_k16,text_pca64_lexical_calendar_publisher_stock
92967,1,clara_k16,text_pca64_lexical_calendar_publisher_stock
92979,12,clara_k16,text_pca64_lexical_calendar_publisher_stock
92980,14,clara_k16,text_pca64_lexical_calendar_publisher_stock
92988,12,clara_k16,text_pca64_lexical_calendar_publisher_stock
92991,1,clara_k16,text_pca64_lexical_calendar_publisher_stock
92997,6,clara_k16,text_pca64_lexical_calendar_publisher_stock
93003,4,clara_k16,text_pca64_lexical_calendar_publisher_stock
93005,2,clara_k16,text_pca64_lexical_calendar_publisher_stock
93007,1,clara_k16,text_pca64_lexical_calendar_publisher_stock
93029,1,clara_k16,text_pca64_lexical_calendar_publisher_stock
93037,4,clara_k16,text_pca64_lexical_calendar_publisher_stock
93039,1,clara_k16,text_pca64_lexical_calendar_publisher_stock
93044,12,clara_k16,text_pca64_lexical_calendar_publisher_stock
93050,1,clara_k16,text_pca64_lexical_calendar_publisher_stock
93051,0,clara_k16,text_pca64_lexical_calendar_publisher_stock
93054,1,clara_k16,text_pca64_lexical_calendar_publisher_stock
93064,4,clara_k16,text_pca64_lexical_calendar_publisher_stock
93081,13,clara_k16,text_pca64_lexical_calendar_publisher_stock
93083,0,clara_k16,text_pca64_lexical_calendar_publisher_stock
93097,0,clara_k16,text_pca64_lexical_calendar_publisher_stock
93101,8,clara_k16,text_pca64_lexical_calendar_publisher_stock
93104,13,clara_k16,text_pca64_lexical_calendar_publisher_stock
93111,1,clara_k16,text_pca64_lexical_calendar_publisher_stock
93116,1,clara_k16,text_pca64_lexical_calendar_publisher_stock
93119,1,clara_k16,text_pca64_lexical_calendar_publisher_stock
93125,1,clara_k16,text_pca64_lexical_calendar_publisher_stock
93135,4,clara_k16,text_pca64_lexical_calendar_publisher_stock
93141,1,clara_k16,text_pca64_lexical_calendar_publisher_stock
93144,14,clara_k16,text_pca64_lexical_calendar_publisher_stock
93146,1,clara_k16,text_pca64_lexical_calendar_publisher_stock
93155,0,clara_k16,text_pca64_lexical_calendar_publisher_stock
93157,13,clara_k16,text_pca64_lexical_calendar_publisher_stock
93158,1,clara_k16,text_pca64_lexical_calendar_publisher_stock
93161,1,clara_k16,text_pca64_lexical_calendar_publisher_stock
93166,14,clara_k16,text_pca64_lexical_calendar_publisher_stock
93168,1,clara_k16,text_pca64_lexical_calendar_publisher_stock
93174,1,clara_k16,text_pca64_lexical_calendar_publisher_stock
93176,1,clara_k16,text_pca64_lexical_calendar_publisher_stock
93180,1,clara_k16,text_pca64_lexical_calendar_publisher_stock
93186,4,clara_k16,text_pca64_lexical_calendar_publisher_stock
93191,6,clara_k16,text_pca64_lexical_calendar_publisher_stock
93192,1,clara_k16,text_pca64_lexical_calendar_publisher_stock
93193,12,clara_k16,text_pca64_lexical_calendar_publisher_stock
93194,1,clara_k16,text_pca64_lexical_calendar_publisher_stock
93213,4,clara_k16,text_pca64_lexical_calendar_publisher_stock
93218,4,clara_k16,text_pca64_lexical_calendar_publisher_stock
93219,4,clara_k16,text_pca64_lexical_calendar_publisher_stock
93223,5,clara_k16,text_pca64_lexical_calendar_publisher_stock
93242,1,clara_k16,text_pca64_lexical_calendar_publisher_stock
93243,1,clara_k16,text_pca64_lexical_calendar_publisher_stock
93248,13,clara_k16,text_pca64_lexical_calendar_publisher_stock
93257,6,clara_k16,text_pca64_lexical_calendar_publisher_stock
93263,6,clara_k16,text_pca64_lexical_calendar_publisher_stock
93268,1,clara_k16,text_pca64_lexical_calendar_publisher_stock
93270,12,clara_k16,text_pca64_lexical_calendar_publisher_stock
93271,12,clara_k16,text_pca64_lexical_calendar_publisher_stock
93273,6,clara_k16,text_pca64_lexical_calendar_publisher_stock
93282,4,clara_k16,text_pca64_lexical_calendar_publisher_stock
93298,1,clara_k16,text_pca64_lexical_calendar_publisher_stock
93303,1,clara_k16,text_pca64_lexical_calendar_publisher_stock
93322,4,clara_k16,text_pca64_lexical_calendar_publisher_stock
93337,4,clara_k16,text_pca64_lexical_calendar_publisher_stock
93350,1,clara_k16,text_pca64_lexical_calendar_publisher_stock
93352,4,clara_k16,text_pca64_lexical_calendar_publisher_stock
93353,13,clara_k16,text_pca64_lexical_calendar_publisher_stock
93364,1,clara_k16,text_pca64_lexical_calendar_publisher_stock
93375,0,clara_k16,text_pca64_lexical_calendar_publisher_stock
93377,12,clara_k16,text_pca64_lexical_calendar_publisher_stock
93380,0,clara_k16,text_pca64_lexical_calendar_publisher_stock
93385,6,clara_k16,text_pca64_lexical_calendar_publisher_stock
93387,6,clara_k16,text_pca64_lexical_calendar_publisher_stock
93389,0,clara_k16,text_pca64_lexical_calendar_publisher_stock
93394,8,clara_k16,text_pca64_lexical_calendar_publisher_stock
93399,1,clara_k16,text_pca64_lexical_calendar_publisher_stock
93402,4,clara_k16,text_pca64_lexical_calendar_publisher_stock
93406,14,clara_k16,text_pca64_lexical_calendar_publisher_stock
93408,1,clara_k16,text_pca64_lexical_calendar_publisher_stock
93411,13,clara_k16,text_pca64_lexical_calendar_publisher_stock
93424,4,clara_k16,text_pca64_lexical_calendar_publisher_stock
93430,0,clara_k16,text_pca64_lexical_calendar_publisher_stock
93446,3,clara_k16,text_pca64_lexical_calendar_publisher_stock
93453,12,clara_k16,text_pca64_lexical_calendar_publisher_stock
93454,6,clara_k16,text_pca64_lexical_calendar_publisher_stock
93458,2,clara_k16,text_pca64_lexical_calendar_publisher_stock
93465,12,clara_k16,text_pca64_lexical_calendar_publisher_stock
93476,1,clara_k16,text_pca64_lexical_calendar_publisher_stock
93481,12,clara_k16,text_pca64_lexical_calendar_publisher_stock
93485,8,clara_k16,text_pca64_lexical_calendar_publisher_stock
93486,8,clara_k16,text_pca64_lexical_calendar_publisher_stock
93491,8,clara_k16,text_pca64_lexical_calendar_publisher_stock
93504,0,clara_k16,text_pca64_lexical_calendar_publisher_stock
93530,8,clara_k16,text_pca64_lexical_calendar_publisher_stock
93544,8,clara_k16,text_pca64_lexical_calendar_publisher_stock
93550,14,clara_k16,text_pca64_lexical_calendar_publisher_stock
93554,0,clara_k16,text_pca64_lexical_calendar_publisher_stock
93560,14,clara_k16,text_pca64_lexical_calendar_publisher_stock
93566,2,clara_k16,text_pca64_lexical_calendar_publisher_stock
93568,2,clara_k16,text_pca64_lexical_calendar_publisher_stock
93575,11,clara_k16,text_pca64_lexical_calendar_publisher_stock
93601,6,clara_k16,text_pca64_lexical_calendar_publisher_stock
93605,7,clara_k16,text_pca64_lexical_calendar_publisher_stock
93621,1,clara_k16,text_pca64_lexical_calendar_publisher_stock
93628,13,clara_k16,text_pca64_lexical_calendar_publisher_stock
93632,2,clara_k16,text_pca64_lexical_calendar_publisher_stock
93637,13,clara_k16,text_pca64_lexical_calendar_publisher_stock
93643,9,clara_k16,text_pca64_lexical_calendar_publisher_stock
93646,1,clara_k16,text_pca64_lexical_calendar_publisher_stock
93651,13,clara_k16,text_pca64_lexical_calendar_publisher_stock
93657,12,clara_k16,text_pca64_lexical_calendar_publisher_stock
93660,13,clara_k16,text_pca64_lexical_calendar_publisher_stock
93666,13,clara_k16,text_pca64_lexical_calendar_publisher_stock
93668,1,clara_k16,text_pca64_lexical_calendar_publisher_stock
93684,14,clara_k16,text_pca64_lexical_calendar_publisher_stock
93697,15,clara_k16,text_pca64_lexical_calendar_publisher_stock
93702,2,clara_k16,text_pca64_lexical_calendar_publisher_stock
93703,0,clara_k16,text_pca64_lexical_calendar_publisher_stock
93711,12,clara_k16,text_pca64_lexical_calendar_publisher_stock
93716,0,clara_k16,text_pca64_lexical_calendar_publisher_stock
93720,0,clara_k16,text_pca64_lexical_calendar_publisher_stock
93732,0,clara_k16,text_pca64_lexical_calendar_publisher_stock
93746,0,clara_k16,text_pca64_lexical_calendar_publisher_stock
93751,6,clara_k16,text_pca64_lexical_calendar_publisher_stock
93773,8,clara_k16,text_pca64_lexical_calendar_publisher_stock
93780,8,clara_k16,text_pca64_lexical_calendar_publisher_stock
93792,14,clara_k16,text_pca64_lexical_calendar_publisher_stock
93800,1,clara_k16,text_pca64_lexical_calendar_publisher_stock
93811,0,clara_k16,text_pca64_lexical_calendar_publisher_stock
93819,9,clara_k16,text_pca64_lexical_calendar_publisher_stock
93831,7,clara_k16,text_pca64_lexical_calendar_publisher_stock
93835,4,clara_k16,text_pca64_lexical_calendar_publisher_stock
93842,8,clara_k16,text_pca64_lexical_calendar_publisher_stock
93868,2,clara_k16,text_pca64_lexical_calendar_publisher_stock
93872,14,clara_k16,text_pca64_lexical_calendar_publisher_stock
93878,14,clara_k16,text_pca64_lexical_calendar_publisher_stock
93880,2,clara_k16,text_pca64_lexical_calendar_publisher_stock
93881,2,clara_k16,text_pca64_lexical_calendar_publisher_stock
93888,2,clara_k16,text_pca64_lexical_calendar_publisher_stock
93925,14,clara_k16,text_pca64_lexical_calendar_publisher_stock
93951,5,clara_k16,text_pca64_lexical_calendar_publisher_stock
93965,0,clara_k16,text_pca64_lexical_calendar_publisher_stock
93967,0,clara_k16,text_pca64_lexical_calendar_publisher_stock
93979,0,clara_k16,text_pca64_lexical_calendar_publisher_stock
93981,5,clara_k16,text_pca64_lexical_calendar_publisher_stock
93989,4,clara_k16,text_pca64_lexical_calendar_publisher_stock
93993,14,clara_k16,text_pca64_lexical_calendar_publisher_stock
93999,0,clara_k16,text_pca64_lexical_calendar_publisher_stock
94014,4,clara_k16,text_pca64_lexical_calendar_publisher_stock
94017,0,clara_k16,text_pca64_lexical_calendar_publisher_stock
94021,6,clara_k16,text_pca64_lexical_calendar_publisher_stock
94027,0,clara_k16,text_pca64_lexical_calendar_publisher_stock
94028,0,clara_k16,text_pca64_lexical_calendar_publisher_stock
94034,14,clara_k16,text_pca64_lexical_calendar_publisher_stock
94035,14,clara_k16,text_pca64_lexical_calendar_publisher_stock
94036,14,clara_k16,text_pca64_lexical_calendar_publisher_stock
94039,14,clara_k16,text_pca64_lexical_calendar_publisher_stock
94040,14,clara_k16,text_pca64_lexical_calendar_publisher_stock
94057,14,clara_k16,text_pca64_lexical_calendar_publisher_stock
94058,5,clara_k16,text_pca64_lexical_calendar_publisher_stock
94064,1,clara_k16,text_pca64_lexical_calendar_publisher_stock
94065,4,clara_k16,text_pca64_lexical_calendar_publisher_stock
94072,0,clara_k16,text_pca64_lexical_calendar_publisher_stock
94110,8,clara_k16,text_pca64_lexical_calendar_publisher_stock
94112,8,clara_k16,text_pca64_lexical_calendar_publisher_stock
94114,8,clara_k16,text_pca64_lexical_calendar_publisher_stock
94144,6,clara_k16,text_pca64_lexical_calendar_publisher_stock
94145,8,clara_k16,text_pca64_lexical_calendar_publisher_stock
94158,8,clara_k16,text_pca64_lexical_calendar_publisher_stock
94167,0,clara_k16,text_pca64_lexical_calendar_publisher_stock
94184,0,clara_k16,text_pca64_lexical_calendar_publisher_stock
94186,9,clara_k16,text_pca64_lexical_calendar_publisher_stock
94188,13,clara_k16,text_pca64_lexical_calendar_publisher_stock
94194,12,clara_k16,text_pca64_lexical_calendar_publisher_stock
94198,2,clara_k16,text_pca64_lexical_calendar_publisher_stock
94201,14,clara_k16,text_pca64_lexical_calendar_publisher_stock
94205,0,clara_k16,text_pca64_lexical_calendar_publisher_stock
94212,2,clara_k16,text_pca64_lexical_calendar_publisher_stock
94215,4,clara_k16,text_pca64_lexical_calendar_publisher_stock
94216,0,clara_k16,text_pca64_lexical_calendar_publisher_stock
94217,14,clara_k16,text_pca64_lexical_calendar_publisher_stock
94226,2,clara_k16,text_pca64_lexical_calendar_publisher_stock
94228,2,clara_k16,text_pca64_lexical_calendar_publisher_stock
94235,0,clara_k16,text_pca64_lexical_calendar_publisher_stock
94260,1,clara_k16,text_pca64_lexical_calendar_publisher_stock
94262,1,clara_k16,text_pca64_lexical_calendar_publisher_stock
94263,1,clara_k16,text_pca64_lexical_calendar_publisher_stock
94264,1,clara_k16,text_pca64_lexical_calendar_publisher_stock
94265,0,clara_k16,text_pca64_lexical_calendar_publisher_stock
94268,0,clara_k16,text_pca64_lexical_calendar_publisher_stock
94295,12,clara_k16,text_pca64_lexical_calendar_publisher_stock
94296,1,clara_k16,text_pca64_lexical_calendar_publisher_stock
94305,1,clara_k16,text_pca64_lexical_calendar_publisher_stock
94311,1,clara_k16,text_pca64_lexical_calendar_publisher_stock
94312,0,clara_k16,text_pca64_lexical_calendar_publisher_stock
94313,1,clara_k16,text_pca64_lexical_calendar_publisher_stock
94317,4,clara_k16,text_pca64_lexical_calendar_publisher_stock
94343,13,clara_k16,text_pca64_lexical_calendar_publisher_stock
94349,4,clara_k16,text_pca64_lexical_calendar_publisher_stock
94352,0,clara_k16,text_pca64_lexical_calendar_publisher_stock
94361,1,clara_k16,text_pca64_lexical_calendar_publisher_stock
94363,0,clara_k16,text_pca64_lexical_calendar_publisher_stock
94364,0,clara_k16,text_pca64_lexical_calendar_publisher_stock
94369,4,clara_k16,text_pca64_lexical_calendar_publisher_stock
94379,4,clara_k16,text_pca64_lexical_calendar_publisher_stock
94384,0,clara_k16,text_pca64_lexical_calendar_publisher_stock
94392,4,clara_k16,text_pca64_lexical_calendar_publisher_stock
94396,9,clara_k16,text_pca64_lexical_calendar_publisher_stock
94404,13,clara_k16,text_pca64_lexical_calendar_publisher_stock
94409,1,clara_k16,text_pca64_lexical_calendar_publisher_stock
94420,1,clara_k16,text_pca64_lexical_calendar_publisher_stock
94434,1,clara_k16,text_pca64_lexical_calendar_publisher_stock
94451,0,clara_k16,text_pca64_lexical_calendar_publisher_stock
94453,3,clara_k16,text_pca64_lexical_calendar_publisher_stock
94471,1,clara_k16,text_pca64_lexical_calendar_publisher_stock
94480,4,clara_k16,text_pca64_lexical_calendar_publisher_stock
94481,15,clara_k16,text_pca64_lexical_calendar_publisher_stock
94484,0,clara_k16,text_pca64_lexical_calendar_publisher_stock
94488,1,clara_k16,text_pca64_lexical_calendar_publisher_stock
94490,0,clara_k16,text_pca64_lexical_calendar_publisher_stock
94494,1,clara_k16,text_pca64_lexical_calendar_publisher_stock
94495,12,clara_k16,text_pca64_lexical_calendar_publisher_stock
94496,1,clara_k16,text_pca64_lexical_calendar_publisher_stock
94499,1,clara_k16,text_pca64_lexical_calendar_publisher_stock
94505,1,clara_k16,text_pca64_lexical_calendar_publisher_stock
94511,0,clara_k16,text_pca64_lexical_calendar_publisher_stock
94519,4,clara_k16,text_pca64_lexical_calendar_publisher_stock
94529,4,clara_k16,text_pca64_lexical_calendar_publisher_stock
94537,4,clara_k16,text_pca64_lexical_calendar_publisher_stock
94547,4,clara_k16,text_pca64_lexical_calendar_publisher_stock
94556,12,clara_k16,text_pca64_lexical_calendar_publisher_stock
94557,0,clara_k16,text_pca64_lexical_calendar_publisher_stock
94564,13,clara_k16,text_pca64_lexical_calendar_publisher_stock
94565,1,clara_k16,text_pca64_lexical_calendar_publisher_stock
94581,1,clara_k16,text_pca64_lexical_calendar_publisher_stock
94589,0,clara_k16,text_pca64_lexical_calendar_publisher_stock
94590,1,clara_k16,text_pca64_lexical_calendar_publisher_stock
94603,1,clara_k16,text_pca64_lexical_calendar_publisher_stock
94614,6,clara_k16,text_pca64_lexical_calendar_publisher_stock
94615,0,clara_k16,text_pca64_lexical_calendar_publisher_stock
94632,1,clara_k16,text_pca64_lexical_calendar_publisher_stock
94637,0,clara_k16,text_pca64_lexical_calendar_publisher_stock
94640,12,clara_k16,text_pca64_lexical_calendar_publisher_stock
94657,0,clara_k16,text_pca64_lexical_calendar_publisher_stock
94671,0,clara_k16,text_pca64_lexical_calendar_publisher_stock
94676,4,clara_k16,text_pca64_lexical_calendar_publisher_stock
94683,13,clara_k16,text_pca64_lexical_calendar_publisher_stock
94700,1,clara_k16,text_pca64_lexical_calendar_publisher_stock
94707,1,clara_k16,text_pca64_lexical_calendar_publisher_stock
94723,4,clara_k16,text_pca64_lexical_calendar_publisher_stock
94728,0,clara_k16,text_pca64_lexical_calendar_publisher_stock
94740,1,clara_k16,text_pca64_lexical_calendar_publisher_stock
94757,0,clara_k16,text_pca64_lexical_calendar_publisher_stock
94762,0,clara_k16,text_pca64_lexical_calendar_publisher_stock
94764,4,clara_k16,text_pca64_lexical_calendar_publisher_stock
94765,1,clara_k16,text_pca64_lexical_calendar_publisher_stock
94777,1,clara_k16,text_pca64_lexical_calendar_publisher_stock
94780,1,clara_k16,text_pca64_lexical_calendar_publisher_stock
94782,0,clara_k16,text_pca64_lexical_calendar_publisher_stock
94802,1,clara_k16,text_pca64_lexical_calendar_publisher_stock
94820,1,clara_k16,text_pca64_lexical_calendar_publisher_stock
94825,6,clara_k16,text_pca64_lexical_calendar_publisher_stock
94827,1,clara_k16,text_pca64_lexical_calendar_publisher_stock
94842,13,clara_k16,text_pca64_lexical_calendar_publisher_stock
94843,0,clara_k16,text_pca64_lexical_calendar_publisher_stock
94850,0,clara_k16,text_pca64_lexical_calendar_publisher_stock
94858,1,clara_k16,text_pca64_lexical_calendar_publisher_stock
94859,0,clara_k16,text_pca64_lexical_calendar_publisher_stock
94866,0,clara_k16,text_pca64_lexical_calendar_publisher_stock
94879,2,clara_k16,text_pca64_lexical_calendar_publisher_stock
94882,13,clara_k16,text_pca64_lexical_calendar_publisher_stock
94888,15,clara_k16,text_pca64_lexical_calendar_publisher_stock
94892,4,clara_k16,text_pca64_lexical_calendar_publisher_stock
94906,12,clara_k16,text_pca64_lexical_calendar_publisher_stock
94912,1,clara_k16,text_pca64_lexical_calendar_publisher_stock
94921,0,clara_k16,text_pca64_lexical_calendar_publisher_stock
94924,1,clara_k16,text_pca64_lexical_calendar_publisher_stock
94925,2,clara_k16,text_pca64_lexical_calendar_publisher_stock
94927,0,clara_k16,text_pca64_lexical_calendar_publisher_stock
94931,1,clara_k16,text_pca64_lexical_calendar_publisher_stock
94935,0,clara_k16,text_pca64_lexical_calendar_publisher_stock
94952,1,clara_k16,text_pca64_lexical_calendar_publisher_stock
94953,1,clara_k16,text_pca64_lexical_calendar_publisher_stock
94958,0,clara_k16,text_pca64_lexical_calendar_publisher_stock
94961,1,clara_k16,text_pca64_lexical_calendar_publisher_stock
94980,0,clara_k16,text_pca64_lexical_calendar_publisher_stock
94992,1,clara_k16,text_pca64_lexical_calendar_publisher_stock
95000,13,clara_k16,text_pca64_lexical_calendar_publisher_stock
95008,13,clara_k16,text_pca64_lexical_calendar_publisher_stock
95011,0,clara_k16,text_pca64_lexical_calendar_publisher_stock
95022,12,clara_k16,text_pca64_lexical_calendar_publisher_stock
95027,1,clara_k16,text_pca64_lexical_calendar_publisher_stock
95046,12,clara_k16,text_pca64_lexical_calendar_publisher_stock
95054,13,clara_k16,text_pca64_lexical_calendar_publisher_stock
95057,13,clara_k16,text_pca64_lexical_calendar_publisher_stock
95063,14,clara_k16,text_pca64_lexical_calendar_publisher_stock
95065,14,clara_k16,text_pca64_lexical_calendar_publisher_stock
95080,14,clara_k16,text_pca64_lexical_calendar_publisher_stock
95098,14,clara_k16,text_pca64_lexical_calendar_publisher_stock
95111,12,clara_k16,text_pca64_lexical_calendar_publisher_stock
95115,13,clara_k16,text_pca64_lexical_calendar_publisher_stock
95123,2,clara_k16,text_pca64_lexical_calendar_publisher_stock
95124,13,clara_k16,text_pca64_lexical_calendar_publisher_stock
95125,13,clara_k16,text_pca64_lexical_calendar_publisher_stock
95128,4,clara_k16,text_pca64_lexical_calendar_publisher_stock
95132,2,clara_k16,text_pca64_lexical_calendar_publisher_stock
95133,0,clara_k16,text_pca64_lexical_calendar_publisher_stock
95140,1,clara_k16,text_pca64_lexical_calendar_publisher_stock
95149,2,clara_k16,text_pca64_lexical_calendar_publisher_stock
95153,4,clara_k16,text_pca64_lexical_calendar_publisher_stock
95157,2,clara_k16,text_pca64_lexical_calendar_publisher_stock
95159,2,clara_k16,text_pca64_lexical_calendar_publisher_stock
95165,14,clara_k16,text_pca64_lexical_calendar_publisher_stock
95176,4,clara_k16,text_pca64_lexical_calendar_publisher_stock
95179,2,clara_k16,text_pca64_lexical_calendar_publisher_stock
95181,1,clara_k16,text_pca64_lexical_calendar_publisher_stock
95184,12,clara_k16,text_pca64_lexical_calendar_publisher_stock
95196,14,clara_k16,text_pca64_lexical_calendar_publisher_stock
95203,0,clara_k16,text_pca64_lexical_calendar_publisher_stock
95206,6,clara_k16,text_pca64_lexical_calendar_publisher_stock
95208,0,clara_k16,text_pca64_lexical_calendar_publisher_stock
95220,0,clara_k16,text_pca64_lexical_calendar_publisher_stock
95226,0,clara_k16,text_pca64_lexical_calendar_publisher_stock
95233,4,clara_k16,text_pca64_lexical_calendar_publisher_stock
95236,0,clara_k16,text_pca64_lexical_calendar_publisher_stock
95252,1,clara_k16,text_pca64_lexical_calendar_publisher_stock
95255,12,clara_k16,text_pca64_lexical_calendar_publisher_stock
95260,2,clara_k16,text_pca64_lexical_calendar_publisher_stock
95265,6,clara_k16,text_pca64_lexical_calendar_publisher_stock
95267,9,clara_k16,text_pca64_lexical_calendar_publisher_stock
95271,0,clara_k16,text_pca64_lexical_calendar_publisher_stock
95275,1,clara_k16,text_pca64_lexical_calendar_publisher_stock
95278,12,clara_k16,text_pca64_lexical_calendar_publisher_stock
95282,1,clara_k16,text_pca64_lexical_calendar_publisher_stock
95284,4,clara_k16,text_pca64_lexical_calendar_publisher_stock
95296,4,clara_k16,text_pca64_lexical_calendar_publisher_stock
95300,0,clara_k16,text_pca64_lexical_calendar_publisher_stock
95327,2,clara_k16,text_pca64_lexical_calendar_publisher_stock
95331,0,clara_k16,text_pca64_lexical_calendar_publisher_stock
95333,0,clara_k16,text_pca64_lexical_calendar_publisher_stock
95334,12,clara_k16,text_pca64_lexical_calendar_publisher_stock
95335,2,clara_k16,text_pca64_lexical_calendar_publisher_stock
95336,4,clara_k16,text_pca64_lexical_calendar_publisher_stock
95339,4,clara_k16,text_pca64_lexical_calendar_publisher_stock
95340,0,clara_k16,text_pca64_lexical_calendar_publisher_stock
95342,9,clara_k16,text_pca64_lexical_calendar_publisher_stock
95347,0,clara_k16,text_pca64_lexical_calendar_publisher_stock
95352,4,clara_k16,text_pca64_lexical_calendar_publisher_stock
95358,5,clara_k16,text_pca64_lexical_calendar_publisher_stock
95363,0,clara_k16,text_pca64_lexical_calendar_publisher_stock
95366,4,clara_k16,text_pca64_lexical_calendar_publisher_stock
95367,12,clara_k16,text_pca64_lexical_calendar_publisher_stock
95376,1,clara_k16,text_pca64_lexical_calendar_publisher_stock
95386,0,clara_k16,text_pca64_lexical_calendar_publisher_stock
95388,9,clara_k16,text_pca64_lexical_calendar_publisher_stock
95404,4,clara_k16,text_pca64_lexical_calendar_publisher_stock
95413,6,clara_k16,text_pca64_lexical_calendar_publisher_stock
95414,0,clara_k16,text_pca64_lexical_calendar_publisher_stock
95419,0,clara_k16,text_pca64_lexical_calendar_publisher_stock
95434,1,clara_k16,text_pca64_lexical_calendar_publisher_stock
95453,6,clara_k16,text_pca64_lexical_calendar_publisher_stock
95454,0,clara_k16,text_pca64_lexical_calendar_publisher_stock
95456,0,clara_k16,text_pca64_lexical_calendar_publisher_stock
95458,1,clara_k16,text_pca64_lexical_calendar_publisher_stock
95468,4,clara_k16,text_pca64_lexical_calendar_publisher_stock
95471,12,clara_k16,text_pca64_lexical_calendar_publisher_stock
95476,0,clara_k16,text_pca64_lexical_calendar_publisher_stock
95487,2,clara_k16,text_pca64_lexical_calendar_publisher_stock
95497,13,clara_k16,text_pca64_lexical_calendar_publisher_stock
95527,4,clara_k16,text_pca64_lexical_calendar_publisher_stock
95535,1,clara_k16,text_pca64_lexical_calendar_publisher_stock
95539,0,clara_k16,text_pca64_lexical_calendar_publisher_stock
95552,0,clara_k16,text_pca64_lexical_calendar_publisher_stock
95555,6,clara_k16,text_pca64_lexical_calendar_publisher_stock
95557,1,clara_k16,text_pca64_lexical_calendar_publisher_stock
95573,0,clara_k16,text_pca64_lexical_calendar_publisher_stock
95578,4,clara_k16,text_pca64_lexical_calendar_publisher_stock
95587,4,clara_k16,text_pca64_lexical_calendar_publisher_stock
95591,4,clara_k16,text_pca64_lexical_calendar_publisher_stock
95601,2,clara_k16,text_pca64_lexical_calendar_publisher_stock
95609,6,clara_k16,text_pca64_lexical_calendar_publisher_stock
95615,4,clara_k16,text_pca64_lexical_calendar_publisher_stock
95632,4,clara_k16,text_pca64_lexical_calendar_publisher_stock
95635,13,clara_k16,text_pca64_lexical_calendar_publisher_stock
95636,4,clara_k16,text_pca64_lexical_calendar_publisher_stock
95641,4,clara_k16,text_pca64_lexical_calendar_publisher_stock
95645,4,clara_k16,text_pca64_lexical_calendar_publisher_stock
95651,1,clara_k16,text_pca64_lexical_calendar_publisher_stock
95652,1,clara_k16,text_pca64_lexical_calendar_publisher_stock
95653,4,clara_k16,text_pca64_lexical_calendar_publisher_stock
95656,1,clara_k16,text_pca64_lexical_calendar_publisher_stock
95659,4,clara_k16,text_pca64_lexical_calendar_publisher_stock
95670,1,clara_k16,text_pca64_lexical_calendar_publisher_stock
95675,1,clara_k16,text_pca64_lexical_calendar_publisher_stock
95677,4,clara_k16,text_pca64_lexical_calendar_publisher_stock
95681,1,clara_k16,text_pca64_lexical_calendar_publisher_stock
95687,1,clara_k16,text_pca64_lexical_calendar_publisher_stock
95695,4,clara_k16,text_pca64_lexical_calendar_publisher_stock
95704,0,clara_k16,text_pca64_lexical_calendar_publisher_stock
95706,1,clara_k16,text_pca64_lexical_calendar_publisher_stock
95707,4,clara_k16,text_pca64_lexical_calendar_publisher_stock
95710,1,clara_k16,text_pca64_lexical_calendar_publisher_stock
95711,0,clara_k16,text_pca64_lexical_calendar_publisher_stock
95713,1,clara_k16,text_pca64_lexical_calendar_publisher_stock
95715,0,clara_k16,text_pca64_lexical_calendar_publisher_stock
95717,14,clara_k16,text_pca64_lexical_calendar_publisher_stock
95720,13,clara_k16,text_pca64_lexical_calendar_publisher_stock
95728,4,clara_k16,text_pca64_lexical_calendar_publisher_stock
95739,0,clara_k16,text_pca64_lexical_calendar_publisher_stock
95744,13,clara_k16,text_pca64_lexical_calendar_publisher_stock
95750,4,clara_k16,text_pca64_lexical_calendar_publisher_stock
95754,0,clara_k16,text_pca64_lexical_calendar_publisher_stock
95762,0,clara_k16,text_pca64_lexical_calendar_publisher_stock
95764,14,clara_k16,text_pca64_lexical_calendar_publisher_stock
95769,0,clara_k16,text_pca64_lexical_calendar_publisher_stock
95770,13,clara_k16,text_pca64_lexical_calendar_publisher_stock
95774,0,clara_k16,text_pca64_lexical_calendar_publisher_stock
95787,0,clara_k16,text_pca64_lexical_calendar_publisher_stock
95790,11,clara_k16,text_pca64_lexical_calendar_publisher_stock
95793,1,clara_k16,text_pca64_lexical_calendar_publisher_stock
95799,12,clara_k16,text_pca64_lexical_calendar_publisher_stock
95806,4,clara_k16,text_pca64_lexical_calendar_publisher_stock
95814,13,clara_k16,text_pca64_lexical_calendar_publisher_stock
95815,0,clara_k16,text_pca64_lexical_calendar_publisher_stock
95819,1,clara_k16,text_pca64_lexical_calendar_publisher_stock
95823,15,clara_k16,text_pca64_lexical_calendar_publisher_stock
95825,2,clara_k16,text_pca64_lexical_calendar_publisher_stock
95835,0,clara_k16,text_pca64_lexical_calendar_publisher_stock
95851,1,clara_k16,text_pca64_lexical_calendar_publisher_stock
95852,12,clara_k16,text_pca64_lexical_calendar_publisher_stock
95857,1,clara_k16,text_pca64_lexical_calendar_publisher_stock
95865,1,clara_k16,text_pca64_lexical_calendar_publisher_stock
95867,1,clara_k16,text_pca64_lexical_calendar_publisher_stock
95870,1,clara_k16,text_pca64_lexical_calendar_publisher_stock
95884,1,clara_k16,text_pca64_lexical_calendar_publisher_stock
95906,14,clara_k16,text_pca64_lexical_calendar_publisher_stock
95916,13,clara_k16,text_pca64_lexical_calendar_publisher_stock
95926,14,clara_k16,text_pca64_lexical_calendar_publisher_stock
95947,0,clara_k16,text_pca64_lexical_calendar_publisher_stock
95949,14,clara_k16,text_pca64_lexical_calendar_publisher_stock
95963,14,clara_k16,text_pca64_lexical_calendar_publisher_stock
95983,4,clara_k16,text_pca64_lexical_calendar_publisher_stock
95985,13,clara_k16,text_pca64_lexical_calendar_publisher_stock
95992,12,clara_k16,text_pca64_lexical_calendar_publisher_stock
95995,0,clara_k16,text_pca64_lexical_calendar_publisher_stock
95999,0,clara_k16,text_pca64_lexical_calendar_publisher_stock
96007,0,clara_k16,text_pca64_lexical_calendar_publisher_stock
96009,7,clara_k16,text_pca64_lexical_calendar_publisher_stock
96015,14,clara_k16,text_pca64_lexical_calendar_publisher_stock
96021,14,clara_k16,text_pca64_lexical_calendar_publisher_stock
96024,12,clara_k16,text_pca64_lexical_calendar_publisher_stock
96026,5,clara_k16,text_pca64_lexical_calendar_publisher_stock
96027,14,clara_k16,text_pca64_lexical_calendar_publisher_stock
96032,12,clara_k16,text_pca64_lexical_calendar_publisher_stock
96062,0,clara_k16,text_pca64_lexical_calendar_publisher_stock
96064,2,clara_k16,text_pca64_lexical_calendar_publisher_stock
96065,1,clara_k16,text_pca64_lexical_calendar_publisher_stock
96070,1,clara_k16,text_pca64_lexical_calendar_publisher_stock
96075,14,clara_k16,text_pca64_lexical_calendar_publisher_stock
96080,4,clara_k16,text_pca64_lexical_calendar_publisher_stock
96083,0,clara_k16,text_pca64_lexical_calendar_publisher_stock
96095,0,clara_k16,text_pca64_lexical_calendar_publisher_stock
96106,14,clara_k16,text_pca64_lexical_calendar_publisher_stock
96115,12,clara_k16,text_pca64_lexical_calendar_publisher_stock
96125,0,clara_k16,text_pca64_lexical_calendar_publisher_stock
96129,1,clara_k16,text_pca64_lexical_calendar_publisher_stock
96149,6,clara_k16,text_pca64_lexical_calendar_publisher_stock
96152,2,clara_k16,text_pca64_lexical_calendar_publisher_stock
96163,12,clara_k16,text_pca64_lexical_calendar_publisher_stock
96189,12,clara_k16,text_pca64_lexical_calendar_publisher_stock
96192,12,clara_k16,text_pca64_lexical_calendar_publisher_stock
96199,4,clara_k16,text_pca64_lexical_calendar_publisher_stock
96201,12,clara_k16,text_pca64_lexical_calendar_publisher_stock
96219,4,clara_k16,text_pca64_lexical_calendar_publisher_stock
96222,12,clara_k16,text_pca64_lexical_calendar_publisher_stock
96224,6,clara_k16,text_pca64_lexical_calendar_publisher_stock
96251,12,clara_k16,text_pca64_lexical_calendar_publisher_stock
96260,0,clara_k16,text_pca64_lexical_calendar_publisher_stock
96265,0,clara_k16,text_pca64_lexical_calendar_publisher_stock
96267,14,clara_k16,text_pca64_lexical_calendar_publisher_stock
96275,12,clara_k16,text_pca64_lexical_calendar_publisher_stock
96281,12,clara_k16,text_pca64_lexical_calendar_publisher_stock
96284,13,clara_k16,text_pca64_lexical_calendar_publisher_stock
96295,7,clara_k16,text_pca64_lexical_calendar_publisher_stock
96307,0,clara_k16,text_pca64_lexical_calendar_publisher_stock
96308,6,clara_k16,text_pca64_lexical_calendar_publisher_stock
96314,0,clara_k16,text_pca64_lexical_calendar_publisher_stock
96318,4,clara_k16,text_pca64_lexical_calendar_publisher_stock
96329,4,clara_k16,text_pca64_lexical_calendar_publisher_stock
96331,0,clara_k16,text_pca64_lexical_calendar_publisher_stock
96346,5,clara_k16,text_pca64_lexical_calendar_publisher_stock
96360,1,clara_k16,text_pca64_lexical_calendar_publisher_stock
96364,4,clara_k16,text_pca64_lexical_calendar_publisher_stock
96369,0,clara_k16,text_pca64_lexical_calendar_publisher_stock
96372,6,clara_k16,text_pca64_lexical_calendar_publisher_stock
96377,2,clara_k16,text_pca64_lexical_calendar_publisher_stock
96378,0,clara_k16,text_pca64_lexical_calendar_publisher_stock
96385,0,clara_k16,text_pca64_lexical_calendar_publisher_stock
96397,6,clara_k16,text_pca64_lexical_calendar_publisher_stock
96401,6,clara_k16,text_pca64_lexical_calendar_publisher_stock
96421,0,clara_k16,text_pca64_lexical_calendar_publisher_stock
96439,0,clara_k16,text_pca64_lexical_calendar_publisher_stock
96442,4,clara_k16,text_pca64_lexical_calendar_publisher_stock
96444,0,clara_k16,text_pca64_lexical_calendar_publisher_stock
96449,11,clara_k16,text_pca64_lexical_calendar_publisher_stock
96452,6,clara_k16,text_pca64_lexical_calendar_publisher_stock
96460,7,clara_k16,text_pca64_lexical_calendar_publisher_stock
96462,14,clara_k16,text_pca64_lexical_calendar_publisher_stock
96470,0,clara_k16,text_pca64_lexical_calendar_publisher_stock
96472,0,clara_k16,text_pca64_lexical_calendar_publisher_stock
96476,0,clara_k16,text_pca64_lexical_calendar_publisher_stock
96477,5,clara_k16,text_pca64_lexical_calendar_publisher_stock
96480,12,clara_k16,text_pca64_lexical_calendar_publisher_stock
96488,2,clara_k16,text_pca64_lexical_calendar_publisher_stock
96490,6,clara_k16,text_pca64_lexical_calendar_publisher_stock
96492,4,clara_k16,text_pca64_lexical_calendar_publisher_stock
96493,6,clara_k16,text_pca64_lexical_calendar_publisher_stock
96494,0,clara_k16,text_pca64_lexical_calendar_publisher_stock
96499,6,clara_k16,text_pca64_lexical_calendar_publisher_stock
96503,7,clara_k16,text_pca64_lexical_calendar_publisher_stock
96505,6,clara_k16,text_pca64_lexical_calendar_publisher_stock
96508,2,clara_k16,text_pca64_lexical_calendar_publisher_stock
96511,14,clara_k16,text_pca64_lexical_calendar_publisher_stock
96522,0,clara_k16,text_pca64_lexical_calendar_publisher_stock
96530,1,clara_k16,text_pca64_lexical_calendar_publisher_stock
96533,1,clara_k16,text_pca64_lexical_calendar_publisher_stock
96536,2,clara_k16,text_pca64_lexical_calendar_publisher_stock
96540,0,clara_k16,text_pca64_lexical_calendar_publisher_stock
96541,0,clara_k16,text_pca64_lexical_calendar_publisher_stock
96548,10,clara_k16,text_pca64_lexical_calendar_publisher_stock
96555,12,clara_k16,text_pca64_lexical_calendar_publisher_stock
96557,6,clara_k16,text_pca64_lexical_calendar_publisher_stock
96563,4,clara_k16,text_pca64_lexical_calendar_publisher_stock
96565,1,clara_k16,text_pca64_lexical_calendar_publisher_stock
96566,1,clara_k16,text_pca64_lexical_calendar_publisher_stock
96582,4,clara_k16,text_pca64_lexical_calendar_publisher_stock
96583,0,clara_k16,text_pca64_lexical_calendar_publisher_stock
96587,4,clara_k16,text_pca64_lexical_calendar_publisher_stock
96590,7,clara_k16,text_pca64_lexical_calendar_publisher_stock
96591,4,clara_k16,text_pca64_lexical_calendar_publisher_stock
96594,1,clara_k16,text_pca64_lexical_calendar_publisher_stock
96600,1,clara_k16,text_pca64_lexical_calendar_publisher_stock
96605,1,clara_k16,text_pca64_lexical_calendar_publisher_stock
96610,13,clara_k16,text_pca64_lexical_calendar_publisher_stock
96611,2,clara_k16,text_pca64_lexical_calendar_publisher_stock
96634,4,clara_k16,text_pca64_lexical_calendar_publisher_stock
96639,1,clara_k16,text_pca64_lexical_calendar_publisher_stock
96640,4,clara_k16,text_pca64_lexical_calendar_publisher_stock
96642,1,clara_k16,text_pca64_lexical_calendar_publisher_stock
96657,4,clara_k16,text_pca64_lexical_calendar_publisher_stock
96660,1,clara_k16,text_pca64_lexical_calendar_publisher_stock
96662,4,clara_k16,text_pca64_lexical_calendar_publisher_stock
96665,0,clara_k16,text_pca64_lexical_calendar_publisher_stock
96668,1,clara_k16,text_pca64_lexical_calendar_publisher_stock
96670,11,clara_k16,text_pca64_lexical_calendar_publisher_stock
96673,0,clara_k16,text_pca64_lexical_calendar_publisher_stock
96683,7,clara_k16,text_pca64_lexical_calendar_publisher_stock
96688,1,clara_k16,text_pca64_lexical_calendar_publisher_stock
96697,4,clara_k16,text_pca64_lexical_calendar_publisher_stock
96700,6,clara_k16,text_pca64_lexical_calendar_publisher_stock
96706,4,clara_k16,text_pca64_lexical_calendar_publisher_stock
96711,1,clara_k16,text_pca64_lexical_calendar_publisher_stock
96713,1,clara_k16,text_pca64_lexical_calendar_publisher_stock
96729,1,clara_k16,text_pca64_lexical_calendar_publisher_stock
96735,4,clara_k16,text_pca64_lexical_calendar_publisher_stock
96740,6,clara_k16,text_pca64_lexical_calendar_publisher_stock
96758,4,clara_k16,text_pca64_lexical_calendar_publisher_stock
96793,7,clara_k16,text_pca64_lexical_calendar_publisher_stock
96799,1,clara_k16,text_pca64_lexical_calendar_publisher_stock
96806,1,clara_k16,text_pca64_lexical_calendar_publisher_stock
96810,1,clara_k16,text_pca64_lexical_calendar_publisher_stock
96813,1,clara_k16,text_pca64_lexical_calendar_publisher_stock
96820,1,clara_k16,text_pca64_lexical_calendar_publisher_stock
96829,4,clara_k16,text_pca64_lexical_calendar_publisher_stock
96838,4,clara_k16,text_pca64_lexical_calendar_publisher_stock
96839,4,clara_k16,text_pca64_lexical_calendar_publisher_stock
96840,1,clara_k16,text_pca64_lexical_calendar_publisher_stock
96844,0,clara_k16,text_pca64_lexical_calendar_publisher_stock
96847,4,clara_k16,text_pca64_lexical_calendar_publisher_stock
96852,1,clara_k16,text_pca64_lexical_calendar_publisher_stock
96853,0,clara_k16,text_pca64_lexical_calendar_publisher_stock
96854,0,clara_k16,text_pca64_lexical_calendar_publisher_stock
96864,4,clara_k16,text_pca64_lexical_calendar_publisher_stock
96865,1,clara_k16,text_pca64_lexical_calendar_publisher_stock
96873,1,clara_k16,text_pca64_lexical_calendar_publisher_stock
96887,4,clara_k16,text_pca64_lexical_calendar_publisher_stock
96891,0,clara_k16,text_pca64_lexical_calendar_publisher_stock
96896,13,clara_k16,text_pca64_lexical_calendar_publisher_stock
96908,4,clara_k16,text_pca64_lexical_calendar_publisher_stock
96915,10,clara_k16,text_pca64_lexical_calendar_publisher_stock
96920,1,clara_k16,text_pca64_lexical_calendar_publisher_stock
96922,1,clara_k16,text_pca64_lexical_calendar_publisher_stock
96926,4,clara_k16,text_pca64_lexical_calendar_publisher_stock
96928,1,clara_k16,text_pca64_lexical_calendar_publisher_stock
96933,4,clara_k16,text_pca64_lexical_calendar_publisher_stock
96936,4,clara_k16,text_pca64_lexical_calendar_publisher_stock
96939,0,clara_k16,text_pca64_lexical_calendar_publisher_stock
96943,4,clara_k16,text_pca64_lexical_calendar_publisher_stock
96947,1,clara_k16,text_pca64_lexical_calendar_publisher_stock
96949,1,clara_k16,text_pca64_lexical_calendar_publisher_stock
96959,1,clara_k16,text_pca64_lexical_calendar_publisher_stock
96962,1,clara_k16,text_pca64_lexical_calendar_publisher_stock
96971,1,clara_k16,text_pca64_lexical_calendar_publisher_stock
96983,1,clara_k16,text_pca64_lexical_calendar_publisher_stock
96986,4,clara_k16,text_pca64_lexical_calendar_publisher_stock
96991,4,clara_k16,text_pca64_lexical_calendar_publisher_stock
97006,4,clara_k16,text_pca64_lexical_calendar_publisher_stock
97009,1,clara_k16,text_pca64_lexical_calendar_publisher_stock
97023,4,clara_k16,text_pca64_lexical_calendar_publisher_stock
97026,4,clara_k16,text_pca64_lexical_calendar_publisher_stock
97031,2,clara_k16,text_pca64_lexical_calendar_publisher_stock
97032,2,clara_k16,text_pca64_lexical_calendar_publisher_stock
97041,2,clara_k16,text_pca64_lexical_calendar_publisher_stock
97052,0,clara_k16,text_pca64_lexical_calendar_publisher_stock
97055,0,clara_k16,text_pca64_lexical_calendar_publisher_stock
97057,0,clara_k16,text_pca64_lexical_calendar_publisher_stock
97074,2,clara_k16,text_pca64_lexical_calendar_publisher_stock
97075,2,clara_k16,text_pca64_lexical_calendar_publisher_stock
97087,2,clara_k16,text_pca64_lexical_calendar_publisher_stock
97106,0,clara_k16,text_pca64_lexical_calendar_publisher_stock
97109,1,clara_k16,text_pca64_lexical_calendar_publisher_stock
97110,2,clara_k16,text_pca64_lexical_calendar_publisher_stock
97115,0,clara_k16,text_pca64_lexical_calendar_publisher_stock
97120,1,clara_k16,text_pca64_lexical_calendar_publisher_stock
97123,1,clara_k16,text_pca64_lexical_calendar_publisher_stock
97137,1,clara_k16,text_pca64_lexical_calendar_publisher_stock
97139,12,clara_k16,text_pca64_lexical_calendar_publisher_stock
97144,0,clara_k16,text_pca64_lexical_calendar_publisher_stock
97150,4,clara_k16,text_pca64_lexical_calendar_publisher_stock
97152,0,clara_k16,text_pca64_lexical_calendar_publisher_stock
97159,2,clara_k16,text_pca64_lexical_calendar_publisher_stock
97174,1,clara_k16,text_pca64_lexical_calendar_publisher_stock
97181,9,clara_k16,text_pca64_lexical_calendar_publisher_stock
97191,0,clara_k16,text_pca64_lexical_calendar_publisher_stock
97194,14,clara_k16,text_pca64_lexical_calendar_publisher_stock
97200,0,clara_k16,text_pca64_lexical_calendar_publisher_stock
97202,14,clara_k16,text_pca64_lexical_calendar_publisher_stock
97206,4,clara_k16,text_pca64_lexical_calendar_publisher_stock
97216,6,clara_k16,text_pca64_lexical_calendar_publisher_stock
97230,9,clara_k16,text_pca64_lexical_calendar_publisher_stock
97231,4,clara_k16,text_pca64_lexical_calendar_publisher_stock
97242,1,clara_k16,text_pca64_lexical_calendar_publisher_stock
97246,5,clara_k16,text_pca64_lexical_calendar_publisher_stock
97247,0,clara_k16,text_pca64_lexical_calendar_publisher_stock
97255,14,clara_k16,text_pca64_lexical_calendar_publisher_stock
97259,12,clara_k16,text_pca64_lexical_calendar_publisher_stock
97265,6,clara_k16,text_pca64_lexical_calendar_publisher_stock
97270,6,clara_k16,text_pca64_lexical_calendar_publisher_stock
97281,2,clara_k16,text_pca64_lexical_calendar_publisher_stock
97292,6,clara_k16,text_pca64_lexical_calendar_publisher_stock
97295,0,clara_k16,text_pca64_lexical_calendar_publisher_stock
97297,0,clara_k16,text_pca64_lexical_calendar_publisher_stock
97302,13,clara_k16,text_pca64_lexical_calendar_publisher_stock
97303,6,clara_k16,text_pca64_lexical_calendar_publisher_stock
97305,12,clara_k16,text_pca64_lexical_calendar_publisher_stock
97308,6,clara_k16,text_pca64_lexical_calendar_publisher_stock
97313,12,clara_k16,text_pca64_lexical_calendar_publisher_stock
97316,0,clara_k16,text_pca64_lexical_calendar_publisher_stock
97319,6,clara_k16,text_pca64_lexical_calendar_publisher_stock
97329,6,clara_k16,text_pca64_lexical_calendar_publisher_stock
97336,5,clara_k16,text_pca64_lexical_calendar_publisher_stock
97354,6,clara_k16,text_pca64_lexical_calendar_publisher_stock
97357,0,clara_k16,text_pca64_lexical_calendar_publisher_stock
97362,4,clara_k16,text_pca64_lexical_calendar_publisher_stock
97367,1,clara_k16,text_pca64_lexical_calendar_publisher_stock
97371,2,clara_k16,text_pca64_lexical_calendar_publisher_stock
97373,12,clara_k16,text_pca64_lexical_calendar_publisher_stock
97378,1,clara_k16,text_pca64_lexical_calendar_publisher_stock
97387,1,clara_k16,text_pca64_lexical_calendar_publisher_stock
97392,1,clara_k16,text_pca64_lexical_calendar_publisher_stock
97405,2,clara_k16,text_pca64_lexical_calendar_publisher_stock
97408,11,clara_k16,text_pca64_lexical_calendar_publisher_stock
97410,0,clara_k16,text_pca64_lexical_calendar_publisher_stock
97412,11,clara_k16,text_pca64_lexical_calendar_publisher_stock
97417,14,clara_k16,text_pca64_lexical_calendar_publisher_stock
97424,1,clara_k16,text_pca64_lexical_calendar_publisher_stock
97431,2,clara_k16,text_pca64_lexical_calendar_publisher_stock
97433,2,clara_k16,text_pca64_lexical_calendar_publisher_stock
97451,2,clara_k16,text_pca64_lexical_calendar_publisher_stock
97459,0,clara_k16,text_pca64_lexical_calendar_publisher_stock
97463,2,clara_k16,text_pca64_lexical_calendar_publisher_stock
97467,6,clara_k16,text_pca64_lexical_calendar_publisher_stock
97475,6,clara_k16,text_pca64_lexical_calendar_publisher_stock
97476,2,clara_k16,text_pca64_lexical_calendar_publisher_stock
97478,12,clara_k16,text_pca64_lexical_calendar_publisher_stock
97485,0,clara_k16,text_pca64_lexical_calendar_publisher_stock
97486,1,clara_k16,text_pca64_lexical_calendar_publisher_stock
97489,11,clara_k16,text_pca64_lexical_calendar_publisher_stock
97493,4,clara_k16,text_pca64_lexical_calendar_publisher_stock
97509,4,clara_k16,text_pca64_lexical_calendar_publisher_stock
97514,11,clara_k16,text_pca64_lexical_calendar_publisher_stock
97525,4,clara_k16,text_pca64_lexical_calendar_publisher_stock
97533,2,clara_k16,text_pca64_lexical_calendar_publisher_stock
97548,1,clara_k16,text_pca64_lexical_calendar_publisher_stock
97554,4,clara_k16,text_pca64_lexical_calendar_publisher_stock
97559,0,clara_k16,text_pca64_lexical_calendar_publisher_stock
97562,2,clara_k16,text_pca64_lexical_calendar_publisher_stock
97564,14,clara_k16,text_pca64_lexical_calendar_publisher_stock
97571,11,clara_k16,text_pca64_lexical_calendar_publisher_stock
97580,11,clara_k16,text_pca64_lexical_calendar_publisher_stock
97593,1,clara_k16,text_pca64_lexical_calendar_publisher_stock
97598,2,clara_k16,text_pca64_lexical_calendar_publisher_stock
97610,0,clara_k16,text_pca64_lexical_calendar_publisher_stock
97613,0,clara_k16,text_pca64_lexical_calendar_publisher_stock
97618,11,clara_k16,text_pca64_lexical_calendar_publisher_stock
97620,2,clara_k16,text_pca64_lexical_calendar_publisher_stock
97626,8,clara_k16,text_pca64_lexical_calendar_publisher_stock
97642,11,clara_k16,text_pca64_lexical_calendar_publisher_stock
97649,6,clara_k16,text_pca64_lexical_calendar_publisher_stock
97653,0,clara_k16,text_pca64_lexical_calendar_publisher_stock
97656,14,clara_k16,text_pca64_lexical_calendar_publisher_stock
97665,1,clara_k16,text_pca64_lexical_calendar_publisher_stock
97666,2,clara_k16,text_pca64_lexical_calendar_publisher_stock
97669,0,clara_k16,text_pca64_lexical_calendar_publisher_stock
97671,14,clara_k16,text_pca64_lexical_calendar_publisher_stock
97672,0,clara_k16,text_pca64_lexical_calendar_publisher_stock
97678,0,clara_k16,text_pca64_lexical_calendar_publisher_stock
97682,0,clara_k16,text_pca64_lexical_calendar_publisher_stock
97689,0,clara_k16,text_pca64_lexical_calendar_publisher_stock
97694,6,clara_k16,text_pca64_lexical_calendar_publisher_stock
97699,0,clara_k16,text_pca64_lexical_calendar_publisher_stock
97705,6,clara_k16,text_pca64_lexical_calendar_publisher_stock
97713,14,clara_k16,text_pca64_lexical_calendar_publisher_stock
97716,0,clara_k16,text_pca64_lexical_calendar_publisher_stock
97726,2,clara_k16,text_pca64_lexical_calendar_publisher_stock
97732,0,clara_k16,text_pca64_lexical_calendar_publisher_stock
97743,11,clara_k16,text_pca64_lexical_calendar_publisher_stock
97748,11,clara_k16,text_pca64_lexical_calendar_publisher_stock
97752,0,clara_k16,text_pca64_lexical_calendar_publisher_stock
97757,5,clara_k16,text_pca64_lexical_calendar_publisher_stock
97779,6,clara_k16,text_pca64_lexical_calendar_publisher_stock
97791,4,clara_k16,text_pca64_lexical_calendar_publisher_stock
97795,1,clara_k16,text_pca64_lexical_calendar_publisher_stock
97799,4,clara_k16,text_pca64_lexical_calendar_publisher_stock
97808,1,clara_k16,text_pca64_lexical_calendar_publisher_stock
97817,4,clara_k16,text_pca64_lexical_calendar_publisher_stock
97826,12,clara_k16,text_pca64_lexical_calendar_publisher_stock
97847,12,clara_k16,text_pca64_lexical_calendar_publisher_stock
97850,0,clara_k16,text_pca64_lexical_calendar_publisher_stock
97865,2,clara_k16,text_pca64_lexical_calendar_publisher_stock
97869,14,clara_k16,text_pca64_lexical_calendar_publisher_stock
97870,12,clara_k16,text_pca64_lexical_calendar_publisher_stock
97874,14,clara_k16,text_pca64_lexical_calendar_publisher_stock
97890,0,clara_k16,text_pca64_lexical_calendar_publisher_stock
97901,2,clara_k16,text_pca64_lexical_calendar_publisher_stock
97902,2,clara_k16,text_pca64_lexical_calendar_publisher_stock
97904,1,clara_k16,text_pca64_lexical_calendar_publisher_stock
97906,2,clara_k16,text_pca64_lexical_calendar_publisher_stock
97907,2,clara_k16,text_pca64_lexical_calendar_publisher_stock
97908,14,clara_k16,text_pca64_lexical_calendar_publisher_stock
97909,2,clara_k16,text_pca64_lexical_calendar_publisher_stock
97932,2,clara_k16,text_pca64_lexical_calendar_publisher_stock
97933,2,clara_k16,text_pca64_lexical_calendar_publisher_stock
97940,0,clara_k16,text_pca64_lexical_calendar_publisher_stock
97946,2,clara_k16,text_pca64_lexical_calendar_publisher_stock
97963,0,clara_k16,text_pca64_lexical_calendar_publisher_stock
97964,12,clara_k16,text_pca64_lexical_calendar_publisher_stock
97965,13,clara_k16,text_pca64_lexical_calendar_publisher_stock
97976,2,clara_k16,text_pca64_lexical_calendar_publisher_stock
97977,2,clara_k16,text_pca64_lexical_calendar_publisher_stock
97979,0,clara_k16,text_pca64_lexical_calendar_publisher_stock
97989,0,clara_k16,text_pca64_lexical_calendar_publisher_stock
97998,6,clara_k16,text_pca64_lexical_calendar_publisher_stock
98003,2,clara_k16,text_pca64_lexical_calendar_publisher_stock
98021,0,clara_k16,text_pca64_lexical_calendar_publisher_stock
98022,14,clara_k16,text_pca64_lexical_calendar_publisher_stock
98023,0,clara_k16,text_pca64_lexical_calendar_publisher_stock
98030,2,clara_k16,text_pca64_lexical_calendar_publisher_stock
98041,14,clara_k16,text_pca64_lexical_calendar_publisher_stock
98046,2,clara_k16,text_pca64_lexical_calendar_publisher_stock
98051,1,clara_k16,text_pca64_lexical_calendar_publisher_stock
98056,2,clara_k16,text_pca64_lexical_calendar_publisher_stock
98066,0,clara_k16,text_pca64_lexical_calendar_publisher_stock
98070,4,clara_k16,text_pca64_lexical_calendar_publisher_stock
98072,14,clara_k16,text_pca64_lexical_calendar_publisher_stock
98076,2,clara_k16,text_pca64_lexical_calendar_publisher_stock
98083,1,clara_k16,text_pca64_lexical_calendar_publisher_stock
98084,2,clara_k16,text_pca64_lexical_calendar_publisher_stock
98093,2,clara_k16,text_pca64_lexical_calendar_publisher_stock
98097,0,clara_k16,text_pca64_lexical_calendar_publisher_stock
98101,12,clara_k16,text_pca64_lexical_calendar_publisher_stock
98105,2,clara_k16,text_pca64_lexical_calendar_publisher_stock
98109,11,clara_k16,text_pca64_lexical_calendar_publisher_stock
98111,0,clara_k16,text_pca64_lexical_calendar_publisher_stock
98113,12,clara_k16,text_pca64_lexical_calendar_publisher_stock
98125,1,clara_k16,text_pca64_lexical_calendar_publisher_stock
98126,7,clara_k16,text_pca64_lexical_calendar_publisher_stock
98133,6,clara_k16,text_pca64_lexical_calendar_publisher_stock
98138,0,clara_k16,text_pca64_lexical_calendar_publisher_stock
98170,0,clara_k16,text_pca64_lexical_calendar_publisher_stock
98172,4,clara_k16,text_pca64_lexical_calendar_publisher_stock
98174,4,clara_k16,text_pca64_lexical_calendar_publisher_stock
98182,4,clara_k16,text_pca64_lexical_calendar_publisher_stock
98189,1,clara_k16,text_pca64_lexical_calendar_publisher_stock
98203,6,clara_k16,text_pca64_lexical_calendar_publisher_stock
98204,2,clara_k16,text_pca64_lexical_calendar_publisher_stock
98213,1,clara_k16,text_pca64_lexical_calendar_publisher_stock
98219,9,clara_k16,text_pca64_lexical_calendar_publisher_stock
98229,1,clara_k16,text_pca64_lexical_calendar_publisher_stock
98231,2,clara_k16,text_pca64_lexical_calendar_publisher_stock
98237,2,clara_k16,text_pca64_lexical_calendar_publisher_stock
98252,2,clara_k16,text_pca64_lexical_calendar_publisher_stock
98254,13,clara_k16,text_pca64_lexical_calendar_publisher_stock
98256,14,clara_k16,text_pca64_lexical_calendar_publisher_stock
98257,2,clara_k16,text_pca64_lexical_calendar_publisher_stock
98259,1,clara_k16,text_pca64_lexical_calendar_publisher_stock
98272,0,clara_k16,text_pca64_lexical_calendar_publisher_stock
98275,1,clara_k16,text_pca64_lexical_calendar_publisher_stock
98281,1,clara_k16,text_pca64_lexical_calendar_publisher_stock
98295,4,clara_k16,text_pca64_lexical_calendar_publisher_stock
98307,13,clara_k16,text_pca64_lexical_calendar_publisher_stock
98308,13,clara_k16,text_pca64_lexical_calendar_publisher_stock
98310,2,clara_k16,text_pca64_lexical_calendar_publisher_stock
98337,1,clara_k16,text_pca64_lexical_calendar_publisher_stock
98340,12,clara_k16,text_pca64_lexical_calendar_publisher_stock
98350,11,clara_k16,text_pca64_lexical_calendar_publisher_stock
98351,6,clara_k16,text_pca64_lexical_calendar_publisher_stock
98356,12,clara_k16,text_pca64_lexical_calendar_publisher_stock
98357,6,clara_k16,text_pca64_lexical_calendar_publisher_stock
98363,2,clara_k16,text_pca64_lexical_calendar_publisher_stock
98365,13,clara_k16,text_pca64_lexical_calendar_publisher_stock
98367,13,clara_k16,text_pca64_lexical_calendar_publisher_stock
98369,2,clara_k16,text_pca64_lexical_calendar_publisher_stock
98370,6,clara_k16,text_pca64_lexical_calendar_publisher_stock
98386,1,clara_k16,text_pca64_lexical_calendar_publisher_stock
98399,0,clara_k16,text_pca64_lexical_calendar_publisher_stock
98410,14,clara_k16,text_pca64_lexical_calendar_publisher_stock
98415,1,clara_k16,text_pca64_lexical_calendar_publisher_stock
98422,13,clara_k16,text_pca64_lexical_calendar_publisher_stock
98424,6,clara_k16,text_pca64_lexical_calendar_publisher_stock
98434,0,clara_k16,text_pca64_lexical_calendar_publisher_stock
98443,0,clara_k16,text_pca64_lexical_calendar_publisher_stock
98447,6,clara_k16,text_pca64_lexical_calendar_publisher_stock
98453,13,clara_k16,text_pca64_lexical_calendar_publisher_stock
98457,1,clara_k16,text_pca64_lexical_calendar_publisher_stock
98462,4,clara_k16,text_pca64_lexical_calendar_publisher_stock
98465,9,clara_k16,text_pca64_lexical_calendar_publisher_stock
98466,7,clara_k16,text_pca64_lexical_calendar_publisher_stock
98468,0,clara_k16,text_pca64_lexical_calendar_publisher_stock
98474,0,clara_k16,text_pca64_lexical_calendar_publisher_stock
98480,0,clara_k16,text_pca64_lexical_calendar_publisher_stock
98481,14,clara_k16,text_pca64_lexical_calendar_publisher_stock
98486,1,clara_k16,text_pca64_lexical_calendar_publisher_stock
98513,2,clara_k16,text_pca64_lexical_calendar_publisher_stock
98517,1,clara_k16,text_pca64_lexical_calendar_publisher_stock
98518,6,clara_k16,text_pca64_lexical_calendar_publisher_stock
98519,2,clara_k16,text_pca64_lexical_calendar_publisher_stock
98520,2,clara_k16,text_pca64_lexical_calendar_publisher_stock
98522,12,clara_k16,text_pca64_lexical_calendar_publisher_stock
98527,13,clara_k16,text_pca64_lexical_calendar_publisher_stock
98531,12,clara_k16,text_pca64_lexical_calendar_publisher_stock
98541,6,clara_k16,text_pca64_lexical_calendar_publisher_stock
98545,6,clara_k16,text_pca64_lexical_calendar_publisher_stock
98554,2,clara_k16,text_pca64_lexical_calendar_publisher_stock
98555,0,clara_k16,text_pca64_lexical_calendar_publisher_stock
98562,1,clara_k16,text_pca64_lexical_calendar_publisher_stock
98565,1,clara_k16,text_pca64_lexical_calendar_publisher_stock
98566,2,clara_k16,text_pca64_lexical_calendar_publisher_stock
98567,14,clara_k16,text_pca64_lexical_calendar_publisher_stock
98569,0,clara_k16,text_pca64_lexical_calendar_publisher_stock
98572,4,clara_k16,text_pca64_lexical_calendar_publisher_stock
98583,14,clara_k16,text_pca64_lexical_calendar_publisher_stock
98587,13,clara_k16,text_pca64_lexical_calendar_publisher_stock
98588,1,clara_k16,text_pca64_lexical_calendar_publisher_stock
98590,0,clara_k16,text_pca64_lexical_calendar_publisher_stock
98598,2,clara_k16,text_pca64_lexical_calendar_publisher_stock
98600,2,clara_k16,text_pca64_lexical_calendar_publisher_stock
98604,2,clara_k16,text_pca64_lexical_calendar_publisher_stock
98605,4,clara_k16,text_pca64_lexical_calendar_publisher_stock
98611,11,clara_k16,text_pca64_lexical_calendar_publisher_stock
98623,4,clara_k16,text_pca64_lexical_calendar_publisher_stock
98646,1,clara_k16,text_pca64_lexical_calendar_publisher_stock
98647,2,clara_k16,text_pca64_lexical_calendar_publisher_stock
98654,13,clara_k16,text_pca64_lexical_calendar_publisher_stock
98665,2,clara_k16,text_pca64_lexical_calendar_publisher_stock
98667,1,clara_k16,text_pca64_lexical_calendar_publisher_stock
98674,1,clara_k16,text_pca64_lexical_calendar_publisher_stock
98680,0,clara_k16,text_pca64_lexical_calendar_publisher_stock
98682,0,clara_k16,text_pca64_lexical_calendar_publisher_stock
98684,4,clara_k16,text_pca64_lexical_calendar_publisher_stock
98690,2,clara_k16,text_pca64_lexical_calendar_publisher_stock
98691,2,clara_k16,text_pca64_lexical_calendar_publisher_stock
98695,1,clara_k16,text_pca64_lexical_calendar_publisher_stock
98696,6,clara_k16,text_pca64_lexical_calendar_publisher_stock
98703,0,clara_k16,text_pca64_lexical_calendar_publisher_stock
98707,2,clara_k16,text_pca64_lexical_calendar_publisher_stock
98710,0,clara_k16,text_pca64_lexical_calendar_publisher_stock
98716,1,clara_k16,text_pca64_lexical_calendar_publisher_stock
98733,2,clara_k16,text_pca64_lexical_calendar_publisher_stock
98734,12,clara_k16,text_pca64_lexical_calendar_publisher_stock
98735,14,clara_k16,text_pca64_lexical_calendar_publisher_stock
98739,0,clara_k16,text_pca64_lexical_calendar_publisher_stock
98755,6,clara_k16,text_pca64_lexical_calendar_publisher_stock
98776,2,clara_k16,text_pca64_lexical_calendar_publisher_stock
98783,6,clara_k16,text_pca64_lexical_calendar_publisher_stock
98788,2,clara_k16,text_pca64_lexical_calendar_publisher_stock
98795,0,clara_k16,text_pca64_lexical_calendar_publisher_stock
98804,1,clara_k16,text_pca64_lexical_calendar_publisher_stock
98814,0,clara_k16,text_pca64_lexical_calendar_publisher_stock
98822,6,clara_k16,text_pca64_lexical_calendar_publisher_stock
98840,2,clara_k16,text_pca64_lexical_calendar_publisher_stock
98845,2,clara_k16,text_pca64_lexical_calendar_publisher_stock
98866,2,clara_k16,text_pca64_lexical_calendar_publisher_stock
98869,0,clara_k16,text_pca64_lexical_calendar_publisher_stock
98870,1,clara_k16,text_pca64_lexical_calendar_publisher_stock
98871,0,clara_k16,text_pca64_lexical_calendar_publisher_stock
98881,1,clara_k16,text_pca64_lexical_calendar_publisher_stock
98883,14,clara_k16,text_pca64_lexical_calendar_publisher_stock
98898,2,clara_k16,text_pca64_lexical_calendar_publisher_stock
98913,2,clara_k16,text_pca64_lexical_calendar_publisher_stock
98931,2,clara_k16,text_pca64_lexical_calendar_publisher_stock
98932,4,clara_k16,text_pca64_lexical_calendar_publisher_stock
98939,7,clara_k16,text_pca64_lexical_calendar_publisher_stock
98940,2,clara_k16,text_pca64_lexical_calendar_publisher_stock
98952,2,clara_k16,text_pca64_lexical_calendar_publisher_stock
98958,2,clara_k16,text_pca64_lexical_calendar_publisher_stock
98973,12,clara_k16,text_pca64_lexical_calendar_publisher_stock
98974,6,clara_k16,text_pca64_lexical_calendar_publisher_stock
98976,2,clara_k16,text_pca64_lexical_calendar_publisher_stock
98981,14,clara_k16,text_pca64_lexical_calendar_publisher_stock
99002,6,clara_k16,text_pca64_lexical_calendar_publisher_stock
99013,0,clara_k16,text_pca64_lexical_calendar_publisher_stock
99023,6,clara_k16,text_pca64_lexical_calendar_publisher_stock
99025,0,clara_k16,text_pca64_lexical_calendar_publisher_stock
99028,0,clara_k16,text_pca64_lexical_calendar_publisher_stock
99031,13,clara_k16,text_pca64_lexical_calendar_publisher_stock
99033,0,clara_k16,text_pca64_lexical_calendar_publisher_stock
99035,1,clara_k16,text_pca64_lexical_calendar_publisher_stock
99040,13,clara_k16,text_pca64_lexical_calendar_publisher_stock
99059,12,clara_k16,text_pca64_lexical_calendar_publisher_stock
99061,4,clara_k16,text_pca64_lexical_calendar_publisher_stock
99062,12,clara_k16,text_pca64_lexical_calendar_publisher_stock
99075,0,clara_k16,text_pca64_lexical_calendar_publisher_stock
99088,14,clara_k16,text_pca64_lexical_calendar_publisher_stock
99089,0,clara_k16,text_pca64_lexical_calendar_publisher_stock
99090,0,clara_k16,text_pca64_lexical_calendar_publisher_stock
99103,7,clara_k16,text_pca64_lexical_calendar_publisher_stock
99106,1,clara_k16,text_pca64_lexical_calendar_publisher_stock
99109,6,clara_k16,text_pca64_lexical_calendar_publisher_stock
99110,0,clara_k16,text_pca64_lexical_calendar_publisher_stock
99125,4,clara_k16,text_pca64_lexical_calendar_publisher_stock
99126,1,clara_k16,text_pca64_lexical_calendar_publisher_stock
99131,0,clara_k16,text_pca64_lexical_calendar_publisher_stock
99138,12,clara_k16,text_pca64_lexical_calendar_publisher_stock
99148,13,clara_k16,text_pca64_lexical_calendar_publisher_stock
99151,2,clara_k16,text_pca64_lexical_calendar_publisher_stock
99154,6,clara_k16,text_pca64_lexical_calendar_publisher_stock
99160,0,clara_k16,text_pca64_lexical_calendar_publisher_stock
99173,6,clara_k16,text_pca64_lexical_calendar_publisher_stock
99178,4,clara_k16,text_pca64_lexical_calendar_publisher_stock
99182,4,clara_k16,text_pca64_lexical_calendar_publisher_stock
99184,1,clara_k16,text_pca64_lexical_calendar_publisher_stock
99185,4,clara_k16,text_pca64_lexical_calendar_publisher_stock
99187,12,clara_k16,text_pca64_lexical_calendar_publisher_stock
99192,4,clara_k16,text_pca64_lexical_calendar_publisher_stock
99201,12,clara_k16,text_pca64_lexical_calendar_publisher_stock
99202,4,clara_k16,text_pca64_lexical_calendar_publisher_stock
99218,6,clara_k16,text_pca64_lexical_calendar_publisher_stock
99221,7,clara_k16,text_pca64_lexical_calendar_publisher_stock
99228,13,clara_k16,text_pca64_lexical_calendar_publisher_stock
99234,13,clara_k16,text_pca64_lexical_calendar_publisher_stock
99236,6,clara_k16,text_pca64_lexical_calendar_publisher_stock
99243,1,clara_k16,text_pca64_lexical_calendar_publisher_stock
99254,9,clara_k16,text_pca64_lexical_calendar_publisher_stock
99268,6,clara_k16,text_pca64_lexical_calendar_publisher_stock
99272,6,clara_k16,text_pca64_lexical_calendar_publisher_stock
99279,0,clara_k16,text_pca64_lexical_calendar_publisher_stock
99291,6,clara_k16,text_pca64_lexical_calendar_publisher_stock
99298,0,clara_k16,text_pca64_lexical_calendar_publisher_stock
99309,4,clara_k16,text_pca64_lexical_calendar_publisher_stock
99311,7,clara_k16,text_pca64_lexical_calendar_publisher_stock
99322,4,clara_k16,text_pca64_lexical_calendar_publisher_stock
99348,0,clara_k16,text_pca64_lexical_calendar_publisher_stock
99349,1,clara_k16,text_pca64_lexical_calendar_publisher_stock
99355,4,clara_k16,text_pca64_lexical_calendar_publisher_stock
99387,1,clara_k16,text_pca64_lexical_calendar_publisher_stock
99390,0,clara_k16,text_pca64_lexical_calendar_publisher_stock
99394,4,clara_k16,text_pca64_lexical_calendar_publisher_stock
99405,6,clara_k16,text_pca64_lexical_calendar_publisher_stock
99413,1,clara_k16,text_pca64_lexical_calendar_publisher_stock
99417,2,clara_k16,text_pca64_lexical_calendar_publisher_stock
99432,8,clara_k16,text_pca64_lexical_calendar_publisher_stock
99434,11,clara_k16,text_pca64_lexical_calendar_publisher_stock
99440,1,clara_k16,text_pca64_lexical_calendar_publisher_stock
99449,13,clara_k16,text_pca64_lexical_calendar_publisher_stock
99450,4,clara_k16,text_pca64_lexical_calendar_publisher_stock
99454,15,clara_k16,text_pca64_lexical_calendar_publisher_stock
99461,0,clara_k16,text_pca64_lexical_calendar_publisher_stock
99462,1,clara_k16,text_pca64_lexical_calendar_publisher_stock
99464,0,clara_k16,text_pca64_lexical_calendar_publisher_stock
99470,4,clara_k16,text_pca64_lexical_calendar_publisher_stock
99471,15,clara_k16,text_pca64_lexical_calendar_publisher_stock
99474,12,clara_k16,text_pca64_lexical_calendar_publisher_stock
99475,0,clara_k16,text_pca64_lexical_calendar_publisher_stock
99476,11,clara_k16,text_pca64_lexical_calendar_publisher_stock
99477,0,clara_k16,text_pca64_lexical_calendar_publisher_stock
99481,1,clara_k16,text_pca64_lexical_calendar_publisher_stock
99488,12,clara_k16,text_pca64_lexical_calendar_publisher_stock
99496,1,clara_k16,text_pca64_lexical_calendar_publisher_stock
99505,1,clara_k16,text_pca64_lexical_calendar_publisher_stock
99532,1,clara_k16,text_pca64_lexical_calendar_publisher_stock
99538,6,clara_k16,text_pca64_lexical_calendar_publisher_stock
99554,1,clara_k16,text_pca64_lexical_calendar_publisher_stock
99565,11,clara_k16,text_pca64_lexical_calendar_publisher_stock
99566,1,clara_k16,text_pca64_lexical_calendar_publisher_stock
99569,1,clara_k16,text_pca64_lexical_calendar_publisher_stock
99574,1,clara_k16,text_pca64_lexical_calendar_publisher_stock
99577,2,clara_k16,text_pca64_lexical_calendar_publisher_stock
99585,13,clara_k16,text_pca64_lexical_calendar_publisher_stock
99587,15,clara_k16,text_pca64_lexical_calendar_publisher_stock
99623,13,clara_k16,text_pca64_lexical_calendar_publisher_stock
99624,14,clara_k16,text_pca64_lexical_calendar_publisher_stock
99625,2,clara_k16,text_pca64_lexical_calendar_publisher_stock
99632,2,clara_k16,text_pca64_lexical_calendar_publisher_stock
99662,14,clara_k16,text_pca64_lexical_calendar_publisher_stock
99669,2,clara_k16,text_pca64_lexical_calendar_publisher_stock
99698,1,clara_k16,text_pca64_lexical_calendar_publisher_stock
99707,0,clara_k16,text_pca64_lexical_calendar_publisher_stock
99715,6,clara_k16,text_pca64_lexical_calendar_publisher_stock
99727,0,clara_k16,text_pca64_lexical_calendar_publisher_stock
99728,1,clara_k16,text_pca64_lexical_calendar_publisher_stock
99753,0,clara_k16,text_pca64_lexical_calendar_publisher_stock
99760,0,clara_k16,text_pca64_lexical_calendar_publisher_stock
99764,0,clara_k16,text_pca64_lexical_calendar_publisher_stock
99769,6,clara_k16,text_pca64_lexical_calendar_publisher_stock
99782,9,clara_k16,text_pca64_lexical_calendar_publisher_stock
99791,1,clara_k16,text_pca64_lexical_calendar_publisher_stock
99793,2,clara_k16,text_pca64_lexical_calendar_publisher_stock
99794,14,clara_k16,text_pca64_lexical_calendar_publisher_stock
99803,1,clara_k16,text_pca64_lexical_calendar_publisher_stock
99805,0,clara_k16,text_pca64_lexical_calendar_publisher_stock
99816,2,clara_k16,text_pca64_lexical_calendar_publisher_stock
99824,0,clara_k16,text_pca64_lexical_calendar_publisher_stock
99831,1,clara_k16,text_pca64_lexical_calendar_publisher_stock
99835,6,clara_k16,text_pca64_lexical_calendar_publisher_stock
99836,1,clara_k16,text_pca64_lexical_calendar_publisher_stock
99842,14,clara_k16,text_pca64_lexical_calendar_publisher_stock
99848,0,clara_k16,text_pca64_lexical_calendar_publisher_stock
99857,2,clara_k16,text_pca64_lexical_calendar_publisher_stock
99863,1,clara_k16,text_pca64_lexical_calendar_publisher_stock
99866,1,clara_k16,text_pca64_lexical_calendar_publisher_stock
99886,0,clara_k16,text_pca64_lexical_calendar_publisher_stock
99906,1,clara_k16,text_pca64_lexical_calendar_publisher_stock
99907,1,clara_k16,text_pca64_lexical_calendar_publisher_stock
99911,0,clara_k16,text_pca64_lexical_calendar_publisher_stock
99923,1,clara_k16,text_pca64_lexical_calendar_publisher_stock
99925,12,clara_k16,text_pca64_lexical_calendar_publisher_stock
99927,1,clara_k16,text_pca64_lexical_calendar_publisher_stock
99933,1,clara_k16,text_pca64_lexical_calendar_publisher_stock
99943,12,clara_k16,text_pca64_lexical_calendar_publisher_stock
99954,0,clara_k16,text_pca64_lexical_calendar_publisher_stock
99955,5,clara_k16,text_pca64_lexical_calendar_publisher_stock
99967,1,clara_k16,text_pca64_lexical_calendar_publisher_stock
99971,1,clara_k16,text_pca64_lexical_calendar_publisher_stock
99991,4,clara_k16,text_pca64_lexical_calendar_publisher_stock
99993,0,clara_k16,text_pca64_lexical_calendar_publisher_stock
