row_index,label,seed
4,9,13
6,18,13
7,25,13
8,25,13
12,7,13
21,25,13
23,16,13
24,28,13
27,6,13
32,20,13
33,6,13
34,2,13
35,22,13
39,25,13
40,25,13
41,20,13
49,7,13
52,3,13
53,7,13
54,2,13
62,25,13
69,10,13
70,20,13
72,14,13
73,11,13
75,16,13
80,18,13
83,29,13
85,9,13
86,29,13
87,30,13
88,25,13
95,20,13
97,25,13
98,25,13
101,20,13
102,25,13
103,7,13
104,9,13
106,22,13
107,16,13
108,3,13
109,25,13
110,17,13
114,2,13
115,25,13
119,28,13
120,20,13
122,2,13
124,18,13
127,2,13
128,7,13
130,15,13
131,7,13
134,18,13
135,25,13
137,25,13
140,11,13
142,22,13
144,0,13
147,12,13
149,25,13
150,11,13
151,21,13
152,30,13
156,9,13
158,16,13
160,9,13
161,16,13
167,2,13
170,20,13
172,15,13
173,16,13
175,23,13
176,18,13
179,10,13
180,14,13
182,5,13
186,4,13
187,9,13
190,14,13
191,30,13
194,22,13
195,10,13
196,11,13
197,9,13
198,30,13
199,6,13
202,30,13
208,19,13
210,25,13
212,24,13
216,30,13
219,30,13
221,30,13
222,25,13
223,25,13
224,11,13
225,6,13
226,30,13
231,30,13
237,5,13
239,15,13
241,14,13
242,30,13
245,11,13
248,29,13
249,28,13
250,29,13
251,28,13
253,11,13
256,6,13
259,15,13
261,30,13
262,30,13
264,22,13
265,17,13
266,16,13
267,30,13
268,30,13
269,30,13
270,11,13
271,15,13
272,11,13
273,3,13
274,28,13
277,20,13
278,29,13
279,30,13
280,10,13
283,4,13
285,24,13
288,0,13
291,23,13
292,30,13
293,15,13
295,15,13
297,22,13
300,17,13
304,20,13
305,13,13
309,14,13
312,2,13
313,14,13
314,20,13
321,3,13
323,24,13
325,9,13
326,4,13
328,14,13
330,21,13
331,29,13
332,22,13
333,30,13
335,12,13
341,30,13
342,27,13
344,30,13
345,3,13
347,11,13
351,0,13
353,30,13
354,30,13
355,25,13
356,30,13
359,23,13
362,18,13
365,15,13
369,18,13
373,19,13
374,4,13
375,24,13
378,18,13
379,22,13
380,21,13
381,30,13
383,15,13
385,6,13
394,9,13
396,18,13
398,15,13
399,28,13
400,20,13
401,7,13
402,7,13
406,23,13
407,17,13
410,20,13
414,22,13
416,13,13
417,15,13
419,11,13
421,24,13
422,18,13
423,14,13
428,20,13
429,11,13
430,3,13
431,30,13
433,30,13
435,25,13
436,9,13
437,3,13
439,28,13
441,16,13
444,4,13
446,10,13
447,5,13
448,18,13
450,30,13
452,9,13
454,4,13
456,19,13
457,14,13
458,30,13
460,0,13
462,28,13
466,6,13
467,0,13
469,25,13
470,2,13
471,30,13
472,15,13
473,15,13
474,18,13
475,0,13
476,9,13
477,0,13
478,9,13
481,29,13
482,22,13
483,18,13
484,2,13
487,11,13
488,29,13
489,12,13
491,0,13
494,0,13
499,12,13
501,22,13
502,20,13
504,2,13
505,19,13
506,10,13
508,24,13
510,21,13
512,22,13
516,9,13
519,24,13
520,11,13
522,6,13
524,22,13
525,15,13
529,14,13
532,0,13
536,14,13
539,5,13
541,22,13
542,18,13
543,2,13
545,5,13
548,22,13
549,9,13
550,2,13
554,9,13
556,18,13
561,12,13
562,22,13
563,9,13
564,16,13
568,4,13
572,22,13
573,7,13
574,3,13
575,3,13
578,9,13
581,22,13
582,28,13
585,22,13
586,26,13
588,26,13
590,26,13
592,26,13
593,26,13
598,26,13
600,26,13
601,26,13
602,26,13
604,26,13
611,23,13
612,28,13
614,7,13
616,10,13
618,11,13
622,14,13
624,30,13
625,17,13
627,26,13
628,15,13
629,18,13
630,26,13
631,15,13
632,26,13
640,12,13
642,7,13
643,18,13
644,17,13
646,15,13
647,10,13
651,17,13
652,17,13
653,14,13
655,4,13
659,19,13
662,26,13
664,21,13
665,9,13
666,30,13
669,26,13
672,7,13
673,19,13
674,9,13
675,18,13
676,15,13
677,18,13
679,27,13
680,15,13
681,3,13
685,15,13
686,22,13
687,7,13
688,29,13
689,20,13
690,14,13
695,11,13
696,4,13
697,18,13
698,28,13
700,28,13
701,11,13
702,21,13
703,19,13
708,22,13
709,17,13
711,0,13
712,11,13
713,17,13
716,27,13
718,1,13
720,23,13
724,23,13
725,19,13
726,17,13
729,18,13
730,11,13
732,11,13
736,3,13
738,3,13
745,4,13
748,24,13
749,11,13
751,16,13
752,17,13
754,17,13
756,1,13
758,16,13
759,19,13
762,28,13
763,19,13
766,27,13
771,27,13
772,16,13
773,0,13
774,11,13
775,17,13
776,19,13
777,6,13
779,27,13
780,27,13
782,27,13
784,3,13
788,0,13
790,0,13
793,27,13
795,3,13
800,27,13
802,3,13
803,27,13
804,17,13
807,19,13
808,17,13
809,6,13
811,3,13
812,27,13
816,5,13
820,28,13
821,17,13
822,9,13
828,27,13
829,27,13
831,28,13
833,22,13
836,27,13
838,19,13
839,17,13
842,27,13
843,27,13
845,3,13
848,27,13
849,11,13
851,27,13
852,9,13
853,8,13
856,22,13
862,10,13
866,7,13
867,7,13
870,18,13
871,22,13
872,5,13
873,16,13
874,27,13
875,22,13
876,7,13
878,3,13
879,19,13
880,6,13
883,27,13
884,27,13
885,27,13
886,8,13
890,5,13
892,7,13
895,18,13
896,17,13
897,12,13
898,13,13
902,9,13
904,5,13
905,7,13
906,23,13
911,27,13
913,22,13
914,27,13
915,27,13
920,3,13
921,24,13
923,23,13
926,0,13
928,27,13
930,27,13
931,9,13
933,17,13
934,28,13
935,28,13
936,30,13
938,25,13
940,25,13
942,2,13
943,16,13
945,12,13
948,2,13
949,16,13
951,2,13
953,30,13
954,24,13
955,25,13
957,25,13
959,17,13
960,28,13
962,16,13
963,16,13
964,10,13
965,6,13
966,24,13
967,29,13
970,3,13
971,29,13
976,2,13
978,13,13
979,5,13
980,16,13
985,0,13
986,20,13
988,2,13
989,12,13
994,18,13
995,3,13
996,4,13
998,6,13
999,17,13
1000,19,13
1001,14,13
1002,12,13
1003,21,13
1005,11,13
1012,12,13
1013,16,13
1018,1,13
1019,10,13
1020,25,13
1021,12,13
1022,2,13
1024,5,13
1025,30,13
1028,0,13
1029,24,13
1030,4,13
1031,22,13
1032,6,13
1033,19,13
1034,14,13
1035,11,13
1036,21,13
1038,25,13
1039,7,13
1040,6,13
1041,28,13
1043,3,13
1045,7,13
1048,10,13
1050,24,13
1053,3,13
1054,1,13
1057,2,13
1059,19,13
1060,25,13
1061,3,13
1064,25,13
1065,16,13
1068,5,13
1070,24,13
1072,6,13
1075,11,13
1077,30,13
1078,3,13
1081,30,13
1087,0,13
1088,3,13
1090,3,13
1091,2,13
1092,28,13
1096,3,13
1097,2,13
1098,9,13
1099,3,13
1101,28,13
1106,10,13
1108,24,13
1114,24,13
1116,30,13
1117,3,13
1118,2,13
1121,16,13
1122,6,13
1123,0,13
1124,19,13
1126,25,13
1127,22,13
1131,9,13
1137,13,13
1138,9,13
1139,10,13
1141,1,13
1146,10,13
1148,16,13
1152,15,13
1154,17,13
1155,30,13
1162,14,13
1163,14,13
1164,7,13
1165,18,13
1166,6,13
1167,17,13
1169,1,13
1170,28,13
1171,23,13
1173,9,13
1174,1,13
1175,1,13
1176,1,13
1179,1,13
1180,1,13
1181,1,13
1182,22,13
1185,9,13
1186,1,13
1187,25,13
1189,10,13
1190,9,13
1192,10,13
1193,22,13
1194,1,13
1196,23,13
1197,4,13
1199,9,13
1200,23,13
1202,23,13
1203,5,13
1205,23,13
1213,29,13
1215,1,13
1216,1,13
1217,12,13
1219,5,13
1220,29,13
1221,28,13
1222,22,13
1224,5,13
1226,9,13
1227,4,13
1228,29,13
1230,18,13
1232,6,13
1235,23,13
1241,21,13
1246,12,13
1247,17,13
1248,4,13
1250,21,13
1253,28,13
1255,19,13
1256,24,13
1257,14,13
1260,28,13
1261,4,13
1262,28,13
1266,4,13
1270,21,13
1272,2,13
1274,24,13
1275,4,13
1276,14,13
1277,21,13
1278,24,13
1281,28,13
1282,4,13
1285,16,13
1288,28,13
1289,28,13
1290,1,13
1291,16,13
1292,16,13
1295,16,13
1296,16,13
1297,16,13
1298,16,13
1300,16,13
1302,2,13
1305,9,13
1308,9,13
1309,9,13
1311,29,13
1314,5,13
1315,29,13
1317,13,13
1318,22,13
1319,9,13
1322,28,13
1323,10,13
1325,1,13
1326,11,13
1327,29,13
1328,9,13
1330,5,13
1332,5,13
1334,18,13
1340,18,13
1343,18,13
1346,14,13
1347,13,13
1348,9,13
1349,9,13
1350,18,13
1351,16,13
1356,18,13
1357,13,13
1361,18,13
1362,9,13
1364,0,13
1366,17,13
1368,25,13
1370,17,13
1371,22,13
1372,17,13
1373,2,13
1380,2,13
1384,19,13
1385,14,13
1386,12,13
1387,2,13
1388,5,13
1389,17,13
1390,12,13
1392,16,13
1393,22,13
1394,17,13
1397,29,13
1399,2,13
1400,30,13
1402,10,13
1404,4,13
1406,24,13
1409,2,13
1410,20,13
1413,16,13
1414,1,13
1418,28,13
1419,25,13
1422,22,13
1424,2,13
1427,5,13
1428,5,13
1430,7,13
1433,0,13
1434,18,13
1437,18,13
1438,9,13
1441,24,13
1442,9,13
1443,29,13
1444,22,13
1445,24,13
1447,1,13
1448,20,13
1449,24,13
1452,24,13
1453,24,13
1456,24,13
1457,24,13
1458,24,13
1463,24,13
1464,24,13
1465,13,13
1469,24,13
1470,10,13
1472,10,13
1477,28,13
1478,20,13
1479,10,13
1480,10,13
1482,9,13
1483,3,13
1484,19,13
1485,2,13
1486,10,13
1489,4,13
1490,24,13
1491,28,13
1498,20,13
1499,4,13
1500,9,13
1501,16,13
1503,9,13
1506,13,13
1507,1,13
1512,18,13
1513,10,13
1517,1,13
1518,16,13
1519,4,13
1520,10,13
1522,30,13
1523,28,13
1529,24,13
1531,14,13
1534,24,13
1536,24,13
1540,14,13
1543,14,13
1546,12,13
1549,24,13
1550,24,13
1551,24,13
1554,24,13
1556,24,13
1557,14,13
1558,2,13
1563,1,13
1566,6,13
1568,17,13
1570,1,13
1572,9,13
1574,17,13
1575,2,13
1576,22,13
1578,1,13
1579,1,13
1580,3,13
1581,24,13
1583,3,13
1584,25,13
1586,6,13
1588,1,13
1590,1,13
1592,1,13
1594,1,13
1598,11,13
1599,1,13
1602,1,13
1603,1,13
1604,17,13
1606,28,13
1608,25,13
1612,1,13
1618,1,13
1621,9,13
1623,22,13
1624,7,13
1627,1,13
1632,1,13
1633,1,13
1638,12,13
1639,1,13
1640,7,13
1641,1,13
1644,1,13
1647,1,13
1653,1,13
1654,1,13
1655,1,13
1661,30,13
1664,25,13
1666,16,13
1668,15,13
1670,22,13
1671,17,13
1675,16,13
1678,24,13
1679,4,13
1681,4,13
1682,6,13
1683,9,13
1684,14,13
1685,21,13
1689,11,13
1692,2,13
1696,30,13
1697,6,13
1698,6,13
1699,28,13
1709,2,13
1710,18,13
1714,3,13
1715,16,13
1717,10,13
1718,20,13
1720,16,13
1721,11,13
1723,9,13
1726,9,13
1727,28,13
1728,19,13
1731,2,13
1734,9,13
1735,7,13
1736,28,13
1738,2,13
1739,4,13
1741,18,13
1742,14,13
1743,22,13
1744,28,13
1747,30,13
1748,9,13
1749,11,13
1751,9,13
1752,20,13
1758,16,13
1760,28,13
1761,29,13
1762,29,13
1763,17,13
1764,12,13
1768,28,13
1773,20,13
1784,12,13
1786,18,13
1787,4,13
1788,0,13
1791,30,13
1792,17,13
1793,18,13
1795,22,13
1798,9,13
1801,4,13
1804,9,13
1805,29,13
1807,21,13
1810,29,13
1811,12,13
1812,12,13
1815,18,13
1817,20,13
1818,10,13
1819,15,13
1820,3,13
1822,22,13
1824,25,13
1826,11,13
1827,25,13
1829,18,13
1830,4,13
1834,21,13
1836,2,13
1840,28,13
1841,10,13
1842,20,13
1846,14,13
1848,30,13
1850,24,13
1851,11,13
1852,4,13
1853,24,13
1854,14,13
1855,21,13
1856,22,13
1857,22,13
1858,2,13
1859,3,13
1860,0,13
1862,28,13
1863,14,13
1864,15,13
1866,19,13
1870,14,13
1871,21,13
1874,12,13
1876,14,13
1877,29,13
1878,14,13
1879,2,13
1880,9,13
1886,4,13
1888,0,13
1889,14,13
1890,3,13
1892,30,13
1897,11,13
1899,24,13
1900,18,13
1901,22,13
1910,16,13
1911,6,13
1913,18,13
1916,18,13
1918,18,13
1923,10,13
1926,9,13
1928,9,13
1931,30,13
1934,28,13
1938,2,13
1940,28,13
1941,0,13
1944,13,13
1945,28,13
1948,5,13
1955,19,13
1956,12,13
1957,11,13
1958,0,13
1960,1,13
1964,0,13
1965,6,13
1966,28,13
1967,0,13
1970,28,13
1972,1,13
1973,3,13
1975,5,13
1977,0,13
1978,18,13
1983,16,13
1985,18,13
1990,12,13
1991,9,13
1993,25,13
1994,10,13
1997,5,13
2000,4,13
2001,30,13
2004,22,13
2005,12,13
2006,29,13
2007,12,13
2008,10,13
2009,9,13
2010,20,13
2020,22,13
2021,7,13
2025,7,13
2028,14,13
2029,21,13
2030,9,13
2031,9,13
2032,7,13
2033,3,13
2034,18,13
2037,7,13
2038,13,13
2040,14,13
2044,16,13
2046,9,13
2047,2,13
2051,22,13
2054,30,13
2055,4,13
2058,10,13
2059,9,13
2060,2,13
2061,9,13
2062,18,13
2065,9,13
2069,0,13
2071,12,13
2072,7,13
2073,2,13
2077,28,13
2083,22,13
2084,28,13
2085,18,13
2086,9,13
2087,13,13
2088,18,13
2089,29,13
2092,18,13
2095,18,13
2097,0,13
2098,24,13
2099,29,13
2101,11,13
2102,19,13
2104,14,13
2107,28,13
2109,18,13
2110,29,13
2111,9,13
2113,11,13
2114,29,13
2115,28,13
2119,0,13
2121,14,13
2122,21,13
2125,9,13
2126,18,13
2129,3,13
2130,29,13
2131,3,13
2132,11,13
2133,29,13
2135,28,13
2138,19,13
2141,18,13
2142,5,13
2144,28,13
2145,22,13
2148,18,13
2150,0,13
2151,0,13
2152,11,13
2156,4,13
2157,30,13
2158,19,13
2161,19,13
2163,14,13
2165,11,13
2166,31,13
2167,2,13
2168,3,13
2171,9,13
2172,11,13
2173,29,13
2174,11,13
2180,14,13
2181,4,13
2182,21,13
2183,11,13
2185,7,13
2188,15,13
2189,11,13
2190,4,13
2191,24,13
2193,14,13
2195,19,13
2197,16,13
2206,3,13
2207,19,13
2210,18,13
2211,19,13
2212,4,13
2216,28,13
2217,12,13
2218,5,13
2220,6,13
2223,6,13
2225,19,13
2226,13,13
2227,9,13
2228,3,13
2229,18,13
2230,18,13
2231,28,13
2232,22,13
2233,0,13
2235,27,13
2236,28,13
2237,13,13
2238,28,13
2239,0,13
2240,0,13
2241,19,13
2242,4,13
2245,0,13
2247,11,13
2248,19,13
2249,31,13
2254,4,13
2255,6,13
2259,31,13
2262,31,13
2264,9,13
2265,27,13
2266,11,13
2267,3,13
2268,31,13
2269,6,13
2270,0,13
2271,0,13
2273,5,13
2276,27,13
2279,17,13
2280,0,13
2284,3,13
2285,31,13
2286,19,13
2287,3,13
2288,3,13
2290,26,13
2293,16,13
2295,0,13
2296,2,13
2298,8,13
2299,8,13
2300,27,13
2305,15,13
2306,8,13
2307,27,13
2308,6,13
2309,8,13
2310,27,13
2311,8,13
2312,6,13
2313,0,13
2314,3,13
2316,27,13
2317,24,13
2318,27,13
2320,27,13
2321,3,13
2322,0,13
2323,19,13
2324,10,13
2326,9,13
2327,2,13
2328,28,13
2329,27,13
2330,3,13
2331,11,13
2333,27,13
2334,4,13
2337,27,13
2338,26,13
2339,4,13
2341,2,13
2344,3,13
2346,28,13
2348,30,13
2349,5,13
2350,15,13
2351,3,13
2354,27,13
2357,28,13
2359,28,13
2360,27,13
2361,3,13
2362,3,13
2370,7,13
2371,22,13
2372,7,13
2373,18,13
2375,24,13
2376,27,13
2378,9,13
2381,7,13
2383,9,13
2385,7,13
2386,2,13
2388,24,13
2390,27,13
2391,28,13
2392,27,13
2394,29,13
2398,27,13
2399,27,13
2401,3,13
2403,27,13
2404,3,13
2406,3,13
2408,7,13
2409,27,13
2417,3,13
2423,28,13
2425,5,13
2427,22,13
2428,28,13
2430,17,13
2432,27,13
2436,27,13
2437,18,13
2439,28,13
2440,24,13
2441,7,13
2442,2,13
2444,6,13
2446,24,13
2447,2,13
2448,17,13
2449,9,13
2450,3,13
2463,30,13
2465,30,13
2468,3,13
2471,30,13
2474,27,13
2475,20,13
2476,9,13
2480,12,13
2481,25,13
2483,17,13
2490,7,13
2492,13,13
2493,10,13
2494,29,13
2495,28,13
2498,30,13
2499,24,13
2501,30,13
2502,2,13
2503,13,13
2504,28,13
2507,15,13
2508,9,13
2510,2,13
2511,10,13
2513,22,13
2514,14,13
2515,4,13
2516,29,13
2517,29,13
2518,14,13
2522,16,13
2524,2,13
2527,23,13
2528,30,13
2530,14,13
2531,21,13
2532,30,13
2533,24,13
2535,5,13
2538,24,13
2540,24,13
2541,4,13
2542,6,13
2544,6,13
2546,29,13
2547,28,13
2549,18,13
2550,2,13
2554,2,13
2556,14,13
2558,5,13
2562,14,13
2563,21,13
2564,2,13
2569,22,13
2570,0,13
2572,11,13
2574,21,13
2575,25,13
2576,24,13
2578,9,13
2579,17,13
2582,6,13
2584,4,13
2585,14,13
2586,21,13
2588,22,13
2592,4,13
2593,14,13
2601,14,13
2605,18,13
2608,14,13
2611,21,13
2615,14,13
2616,21,13
2617,9,13
2618,14,13
2619,18,13
2621,14,13
2622,21,13
2623,4,13
2625,21,13
2626,13,13
2629,14,13
2630,21,13
2633,29,13
2635,20,13
2636,29,13
2638,4,13
2641,4,13
2644,3,13
2645,29,13
2647,24,13
2648,14,13
2651,18,13
2652,11,13
2653,19,13
2656,24,13
2657,17,13
2658,17,13
2660,22,13
2662,24,13
2664,8,13
2667,8,13
2668,24,13
2672,8,13
2676,22,13
2677,28,13
2679,0,13
2680,19,13
2683,20,13
2685,1,13
2686,25,13
2687,17,13
2688,25,13
2691,7,13
2694,17,13
2699,17,13
2701,2,13
2702,13,13
2705,28,13
2706,1,13
2707,18,13
2709,17,13
2710,24,13
2712,6,13
2713,15,13
2715,20,13
2718,2,13
2721,25,13
2722,25,13
2724,25,13
2725,17,13
2726,4,13
2727,25,13
2729,2,13
2730,2,13
2731,19,13
2732,4,13
2734,18,13
2735,9,13
2737,11,13
2738,14,13
2740,21,13
2741,11,13
2742,3,13
2743,30,13
2744,28,13
2746,3,13
2750,12,13
2753,24,13
2755,10,13
2756,18,13
2757,22,13
2758,1,13
2761,18,13
2762,9,13
2764,11,13
2767,2,13
2769,24,13
2771,4,13
2772,13,13
2773,9,13
2776,14,13
2777,14,13
2778,21,13
2780,5,13
2782,22,13
2783,22,13
2784,28,13
2785,30,13
2787,6,13
2788,11,13
2789,9,13
2790,11,13
2791,11,13
2793,6,13
2796,11,13
2797,3,13
2803,9,13
2805,25,13
2807,2,13
2813,3,13
2814,18,13
2815,23,13
2818,18,13
2819,19,13
2820,13,13
2823,16,13
2824,3,13
2825,13,13
2826,11,13
2827,11,13
2828,11,13
2830,14,13
2831,25,13
2833,11,13
2836,4,13
2840,16,13
2842,17,13
2844,22,13
2849,20,13
2851,2,13
2852,2,13
2854,9,13
2855,6,13
2856,9,13
2857,0,13
2858,13,13
2863,3,13
2864,16,13
2865,4,13
2867,6,13
2868,14,13
2872,24,13
2873,18,13
2874,9,13
2875,28,13
2880,13,13
2885,5,13
2886,3,13
2888,13,13
2891,1,13
2893,29,13
2894,20,13
2898,7,13
2899,3,13
2901,5,13
2903,2,13
2905,19,13
2907,22,13
2909,22,13
2913,22,13
2914,16,13
2915,7,13
2916,10,13
2924,11,13
2926,14,13
2927,14,13
2930,4,13
2933,9,13
2935,18,13
2937,30,13
2941,11,13
2943,18,13
2945,16,13
2946,4,13
2947,11,13
2949,11,13
2950,11,13
2951,11,13
2952,11,13
2954,18,13
2955,28,13
2957,11,13
2958,6,13
2959,9,13
2960,0,13
2964,13,13
2965,22,13
2968,30,13
2969,28,13
2971,9,13
2973,3,13
2974,9,13
2975,9,13
2979,7,13
2980,28,13
2981,5,13
2982,0,13
2984,3,13
2990,29,13
2992,5,13
2995,22,13
2996,25,13
2997,2,13
2999,18,13
3000,10,13
3001,0,13
3002,28,13
3003,9,13
3007,9,13
3008,28,13
3010,9,13
3011,25,13
3012,16,13
3013,5,13
3014,5,13
3015,4,13
3016,25,13
3019,29,13
3021,24,13
3022,14,13
3023,11,13
3024,4,13
3025,14,13
3026,22,13
3027,27,13
3028,21,13
3029,17,13
3030,7,13
3031,12,13
3032,12,13
3035,0,13
3036,30,13
3037,19,13
3038,5,13
3040,12,13
3041,18,13
3047,25,13
3050,13,13
3053,25,13
3054,18,13
3056,11,13
3057,25,13
3059,4,13
3064,21,13
3066,17,13
3070,11,13
3071,25,13
3073,2,13
3074,12,13
3075,18,13
3076,15,13
3077,25,13
3080,10,13
3082,1,13
3083,20,13
3085,18,13
3087,1,13
3091,22,13
3094,0,13
3095,10,13
3096,18,13
3097,4,13
3099,12,13
3102,11,13
3104,14,13
3106,1,13
3108,5,13
3112,14,13
3115,28,13
3116,9,13
3117,18,13
3118,17,13
3120,17,13
3124,2,13
3125,24,13
3126,18,13
3128,29,13
3129,11,13
3130,3,13
3131,9,13
3132,5,13
3136,1,13
3137,3,13
3142,22,13
3146,23,13
3147,25,13
3149,17,13
3150,25,13
3151,6,13
3152,20,13
3153,24,13
3154,11,13
3156,25,13
3158,25,13
3161,19,13
3162,10,13
3166,25,13
3167,3,13
3168,25,13
3169,28,13
3170,18,13
3171,3,13
3172,0,13
3173,16,13
3175,24,13
3176,19,13
3179,12,13
3180,10,13
3181,6,13
3182,10,13
3183,12,13
3184,0,13
3186,12,13
3187,24,13
3189,18,13
3195,0,13
3198,12,13
3200,0,13
3202,28,13
3208,24,13
3209,28,13
3211,14,13
3214,28,13
3215,25,13
3218,5,13
3219,25,13
3220,9,13
3221,30,13
3222,12,13
3224,5,13
3227,2,13
3229,18,13
3231,30,13
3233,1,13
3235,31,13
3237,9,13
3238,13,13
3241,4,13
3242,3,13
3245,12,13
3248,18,13
3249,21,13
3251,7,13
3252,22,13
3253,12,13
3254,28,13
3256,28,13
3259,22,13
3263,6,13
3265,14,13
3269,1,13
3270,0,13
3272,1,13
3275,28,13
3276,15,13
3278,28,13
3279,26,13
3282,24,13
3283,28,13
3284,28,13
3288,7,13
3289,26,13
3292,5,13
3295,6,13
3297,0,13
3298,1,13
3299,13,13
3300,14,13
3301,21,13
3304,26,13
3306,7,13
3308,26,13
3309,5,13
3310,30,13
3313,15,13
3315,17,13
3319,26,13
3322,9,13
3325,7,13
3329,9,13
3330,2,13
3334,15,13
3335,0,13
3336,4,13
3337,0,13
3342,21,13
3344,15,13
3348,2,13
3350,26,13
3351,7,13
3354,12,13
3355,5,13
3357,9,13
3360,0,13
3361,19,13
3363,28,13
3365,20,13
3367,10,13
3368,22,13
3369,5,13
3370,26,13
3374,30,13
3375,3,13
3377,28,13
3378,20,13
3380,0,13
3381,12,13
3382,18,13
3383,4,13
3387,0,13
3388,18,13
3390,9,13
3393,12,13
3394,12,13
3395,18,13
3396,0,13
3398,0,13
3401,12,13
3402,7,13
3403,9,13
3406,0,13
3414,2,13
3416,17,13
3418,3,13
3419,23,13
3421,17,13
3422,1,13
3424,15,13
3425,13,13
3426,28,13
3427,7,13
3428,3,13
3429,18,13
3431,15,13
3432,5,13
3433,16,13
3434,28,13
3437,3,13
3441,11,13
3444,24,13
3445,14,13
3446,21,13
3451,10,13
3452,30,13
3455,19,13
3457,5,13
3461,17,13
3467,6,13
3473,0,13
3478,26,13
3482,5,13
3483,9,13
3489,15,13
3490,24,13
3493,11,13
3495,19,13
3496,0,13
3499,28,13
3502,10,13
3503,24,13
3504,11,13
3506,14,13
3507,21,13
3508,9,13
3509,30,13
3510,10,13
3511,15,13
3517,2,13
3519,5,13
3521,9,13
3522,22,13
3524,10,13
3528,10,13
3530,19,13
3533,0,13
3536,6,13
3537,6,13
3538,5,13
3540,28,13
3541,14,13
3542,28,13
3545,29,13
3548,11,13
3550,20,13
3551,19,13
3555,17,13
3556,18,13
3559,3,13
3563,10,13
3564,31,13
3565,22,13
3568,12,13
3570,10,13
3575,0,13
3580,9,13
3584,28,13
3585,9,13
3586,2,13
3587,19,13
3593,19,13
3594,19,13
3597,12,13
3601,4,13
3603,19,13
3605,4,13
3607,0,13
3609,11,13
3611,11,13
3613,19,13
3614,22,13
3615,3,13
3616,11,13
3617,3,13
3618,13,13
3619,9,13
3620,20,13
3623,13,13
3624,19,13
3627,2,13
3628,5,13
3629,3,13
3635,28,13
3636,9,13
3638,9,13
3644,0,13
3645,11,13
3647,2,13
3648,19,13
3649,9,13
3651,11,13
3653,20,13
3655,29,13
3656,29,13
3660,13,13
3661,12,13
3670,18,13
3673,4,13
3675,12,13
3676,0,13
3680,4,13
3689,24,13
3693,2,13
3694,18,13
3695,4,13
3697,22,13
3698,4,13
3699,17,13
3700,15,13
3701,6,13
3702,0,13
3707,10,13
3711,2,13
3713,28,13
3714,13,13
3715,18,13
3716,28,13
3719,30,13
3721,0,13
3723,13,13
3724,19,13
3725,2,13
3727,28,13
3731,31,13
3732,10,13
3733,11,13
3735,0,13
3737,19,13
3738,12,13
3740,4,13
3742,0,13
3746,27,13
3751,4,13
3752,22,13
3753,9,13
3757,27,13
3758,29,13
3761,12,13
3767,27,13
3776,4,13
3777,4,13
3778,28,13
3780,19,13
3785,19,13
3786,16,13
3787,27,13
3788,17,13
3789,19,13
3791,0,13
3792,11,13
3793,22,13
3795,27,13
3798,2,13
3799,27,13
3802,22,13
3803,5,13
3804,5,13
3805,5,13
3806,7,13
3807,10,13
3813,13,13
3815,27,13
3817,3,13
3821,8,13
3822,8,13
3826,6,13
3827,28,13
3829,8,13
3831,24,13
3833,27,13
3834,19,13
3835,24,13
3836,18,13
3840,8,13
3842,5,13
3844,27,13
3847,19,13
3848,28,13
3850,8,13
3853,18,13
3854,22,13
3855,27,13
3859,19,13
3860,27,13
3861,24,13
3862,3,13
3863,10,13
3865,8,13
3867,22,13
3871,0,13
3872,10,13
3873,10,13
3874,2,13
3882,16,13
3885,20,13
3886,5,13
3887,22,13
3891,0,13
3896,5,13
3897,7,13
3898,22,13
3899,22,13
3904,10,13
3906,22,13
3908,12,13
3910,19,13
3912,28,13
3913,13,13
3914,12,13
3915,13,13
3918,13,13
3919,29,13
3920,13,13
3921,12,13
3927,13,13
3928,16,13
3929,12,13
3930,24,13
3933,18,13
3935,9,13
3940,0,13
3942,27,13
3944,30,13
3946,27,13
3947,18,13
3948,18,13
3951,18,13
3953,27,13
3955,10,13
3957,20,13
3958,7,13
3962,22,13
3967,18,13
3968,0,13
3971,29,13
3976,0,13
3977,28,13
3978,0,13
3982,2,13
3988,7,13
3989,22,13
3990,22,13
3994,22,13
3995,22,13
3997,10,13
3999,0,13
4003,0,13
4004,16,13
4005,9,13
4007,24,13
4009,13,13
4012,12,13
4013,0,13
4016,16,13
4021,28,13
4022,0,13
4024,28,13
4026,8,13
4028,0,13
4031,27,13
4032,27,13
4034,16,13
4035,28,13
4036,4,13
4039,27,13
4040,19,13
4041,1,13
4043,27,13
4044,27,13
4045,17,13
4046,27,13
4048,19,13
4050,28,13
4051,12,13
4053,27,13
4057,28,13
4058,26,13
4059,26,13
4060,26,13
4063,30,13
4065,10,13
4066,28,13
4068,1,13
4070,16,13
4072,28,13
4074,12,13
4077,2,13
4079,19,13
4080,10,13
4081,9,13
4082,5,13
4084,24,13
4086,11,13
4087,17,13
4088,18,13
4091,28,13
4092,9,13
4093,25,13
4095,30,13
4097,10,13
4098,10,13
4103,20,13
4104,15,13
4105,17,13
4107,17,13
4108,9,13
4109,15,13
4116,28,13
4118,28,13
4124,3,13
4128,5,13
4129,5,13
4130,5,13
4139,1,13
4143,13,13
4144,29,13
4145,29,13
4148,2,13
4151,18,13
4154,12,13
4155,17,13
4157,17,13
4160,29,13
4162,13,13
4164,2,13
4166,24,13
4168,9,13
4169,24,13
4172,9,13
4175,5,13
4179,9,13
4181,24,13
4182,17,13
4183,9,13
4184,30,13
4185,12,13
4187,9,13
4189,9,13
4190,24,13
4191,5,13
4193,5,13
4195,21,13
4196,2,13
4197,9,13
4198,6,13
4199,21,13
4203,23,13
4204,9,13
4205,24,13
4207,24,13
4208,2,13
4209,24,13
4211,5,13
4212,19,13
4215,15,13
4219,16,13
4221,9,13
4227,5,13
4228,19,13
4229,19,13
4230,9,13
4232,7,13
4233,2,13
4238,9,13
4242,12,13
4243,23,13
4244,19,13
4245,5,13
4246,17,13
4248,23,13
4249,9,13
4250,5,13
4251,27,13
4252,1,13
4253,9,13
4256,10,13
4259,10,13
4264,1,13
4265,19,13
4267,23,13
4269,23,13
4272,23,13
4276,23,13
4278,18,13
4279,23,13
4280,16,13
4281,28,13
4282,10,13
4285,13,13
4287,13,13
4289,13,13
4292,12,13
4293,10,13
4295,15,13
4296,26,13
4299,30,13
4301,26,13
4303,24,13
4304,19,13
4305,14,13
4308,15,13
4309,23,13
4313,26,13
4315,2,13
4316,15,13
4319,26,13
4320,15,13
4323,23,13
4325,18,13
4326,19,13
4327,22,13
4328,5,13
4330,5,13
4336,0,13
4337,18,13
4338,2,13
4339,3,13
4341,15,13
4343,9,13
4345,9,13
4346,16,13
4347,10,13
4348,29,13
4354,28,13
4356,16,13
4361,16,13
4363,16,13
4364,16,13
4365,16,13
4366,16,13
4367,25,13
4371,16,13
4373,25,13
4374,25,13
4375,25,13
4376,16,13
4377,16,13
4380,25,13
4382,25,13
4384,16,13
4385,16,13
4387,16,13
4389,16,13
4390,16,13
4391,16,13
4392,16,13
4393,16,13
4394,16,13
4397,30,13
4399,16,13
4402,16,13
4404,16,13
4408,16,13
4411,16,13
4413,16,13
4416,16,13
4417,16,13
4419,16,13
4420,16,13
4421,16,13
4422,16,13
4427,17,13
4431,1,13
4440,10,13
4442,17,13
4443,17,13
4444,17,13
4446,15,13
4448,17,13
4449,17,13
4450,17,13
4451,17,13
4452,17,13
4456,15,13
4457,28,13
4460,17,13
4461,15,13
4463,2,13
4464,15,13
4465,16,13
4467,17,13
4468,7,13
4469,17,13
4472,2,13
4473,17,13
4475,28,13
4479,17,13
4484,28,13
4488,17,13
4491,7,13
4492,2,13
4495,17,13
4496,15,13
4497,15,13
4498,17,13
4500,7,13
4503,29,13
4505,17,13
4506,15,13
4508,7,13
4510,17,13
4511,17,13
4513,17,13
4514,17,13
4515,28,13
4517,29,13
4519,15,13
4523,10,13
4524,17,13
4525,17,13
4526,16,13
4528,17,13
4530,29,13
4536,29,13
4542,29,13
4543,10,13
4545,28,13
4549,28,13
4553,28,13
4557,24,13
4559,23,13
4560,28,13
4562,9,13
4563,9,13
4565,29,13
4568,15,13
4569,28,13
4571,9,13
4572,5,13
4573,2,13
4575,2,13
4577,9,13
4578,2,13
4579,0,13
4580,9,13
4584,27,13
4586,17,13
4587,15,13
4588,3,13
4591,3,13
4593,0,13
4594,3,13
4598,17,13
4599,24,13
4604,11,13
4605,17,13
4607,17,13
4608,17,13
4609,17,13
4612,28,13
4613,17,13
4614,17,13
4615,17,13
4618,17,13
4620,17,13
4623,27,13
4624,15,13
4625,28,13
4631,17,13
4634,22,13
4635,15,13
4636,3,13
4637,9,13
4639,0,13
4643,28,13
4644,17,13
4645,17,13
4647,9,13
4651,29,13
4653,10,13
4654,28,13
4656,17,13
4657,9,13
4658,22,13
4660,15,13
4663,28,13
4664,17,13
4665,28,13
4668,15,13
4669,0,13
4670,0,13
4672,15,13
4673,0,13
4674,2,13
4678,29,13
4679,2,13
4680,15,13
4684,11,13
4685,29,13
4688,17,13
4689,17,13
4690,29,13
4691,29,13
4692,29,13
4693,11,13
4699,17,13
4704,13,13
4706,2,13
4709,23,13
4710,5,13
4712,22,13
4713,17,13
4719,0,13
4724,18,13
4727,17,13
4728,4,13
4729,11,13
4731,14,13
4733,30,13
4735,29,13
4736,23,13
4738,9,13
4740,0,13
4742,0,13
4745,10,13
4749,4,13
4751,6,13
4754,30,13
4755,29,13
4756,9,13
4759,7,13
4762,24,13
4766,18,13
4768,5,13
4769,9,13
4770,18,13
4771,20,13
4772,7,13
4774,19,13
4775,17,13
4779,19,13
4780,24,13
4783,21,13
4784,30,13
4785,10,13
4786,10,13
4788,25,13
4790,2,13
4795,10,13
4796,9,13
4800,9,13
4801,9,13
4802,1,13
4805,2,13
4810,2,13
4811,0,13
4812,2,13
4813,12,13
4815,11,13
4816,10,13
4818,11,13
4822,12,13
4828,0,13
4829,2,13
4831,19,13
4836,24,13
4845,7,13
4846,0,13
4850,2,13
4855,29,13
4859,2,13
4863,28,13
4864,29,13
4867,24,13
4869,14,13
4871,11,13
4872,11,13
4873,29,13
4874,28,13
4875,9,13
4877,2,13
4878,22,13
4879,28,13
4880,11,13
4881,28,13
4882,2,13
4883,29,13
4884,25,13
4885,28,13
4890,29,13
4891,11,13
4892,28,13
4893,7,13
4894,20,13
4896,2,13
4898,22,13
4900,5,13
4903,4,13
4904,14,13
4905,21,13
4906,0,13
4908,5,13
4911,25,13
4912,0,13
4913,2,13
4914,17,13
4916,26,13
4917,22,13
4918,10,13
4921,12,13
4927,2,13
4929,13,13
4931,3,13
4933,9,13
4935,2,13
4936,2,13
4938,7,13
4939,0,13
4940,7,13
4941,5,13
4945,0,13
4946,11,13
4948,27,13
4954,22,13
4955,3,13
4961,4,13
4964,21,13
4969,18,13
4970,5,13
4971,12,13
4972,9,13
4973,10,13
4975,19,13
4976,21,13
4977,29,13
4978,9,13
4980,29,13
4981,6,13
4984,13,13
4985,22,13
4989,29,13
4990,4,13
4997,27,13
4998,15,13
5001,5,13
5002,22,13
5003,6,13
5005,9,13
5006,0,13
5007,18,13
5011,14,13
5012,7,13
5013,21,13
5014,31,13
5016,18,13
5018,31,13
5019,31,13
5020,0,13
5026,31,13
5031,18,13
5034,1,13
5035,9,13
5036,3,13
5038,18,13
5040,28,13
5043,6,13
5045,5,13
5046,2,13
5047,24,13
5048,27,13
5049,26,13
5052,27,13
5053,0,13
5055,4,13
5056,9,13
5058,9,13
5061,27,13
5064,3,13
5065,18,13
5066,27,13
5068,19,13
5069,5,13
5070,18,13
5071,5,13
5073,19,13
5076,0,13
5078,18,13
5080,18,13
5083,6,13
5085,1,13
5086,6,13
5088,20,13
5089,9,13
5090,22,13
5093,4,13
5095,27,13
5096,6,13
5098,17,13
5102,9,13
5104,9,13
5106,9,13
5111,27,13
5112,18,13
5113,7,13
5114,0,13
5115,19,13
5118,0,13
5119,0,13
5120,0,13
5123,9,13
5124,0,13
5125,0,13
5130,27,13
5133,9,13
5134,27,13
5137,1,13
5138,1,13
5140,27,13
5142,27,13
5143,27,13
5146,25,13
5148,18,13
5152,26,13
5154,8,13
5157,26,13
5158,7,13
5159,16,13
5161,26,13
5162,27,13
5163,9,13
5168,24,13
5169,8,13
5170,10,13
5172,12,13
5173,24,13
5178,5,13
5182,9,13
5184,2,13
5185,10,13
5186,10,13
5187,23,13
5194,24,13
5195,22,13
5199,3,13
5201,11,13
5204,18,13
5205,2,13
5210,25,13
5211,2,13
5214,11,13
5215,3,13
5216,25,13
5218,2,13
5219,17,13
5222,17,13
5223,17,13
5225,17,13
5226,17,13
5227,17,13
5228,20,13
5229,17,13
5231,17,13
5234,15,13
5238,15,13
5244,17,13
5245,15,13
5246,15,13
5248,20,13
5252,17,13
5253,7,13
5254,17,13
5256,17,13
5262,28,13
5264,17,13
5265,17,13
5266,17,13
5268,17,13
5270,20,13
5275,2,13
5276,17,13
5281,17,13
5284,15,13
5288,17,13
5292,17,13
5296,17,13
5297,17,13
5298,15,13
5299,17,13
5300,17,13
5303,17,13
5304,17,13
5308,17,13
5309,17,13
5314,17,13
5317,3,13
5319,17,13
5320,17,13
5323,25,13
5324,17,13
5325,30,13
5326,17,13
5329,17,13
5330,17,13
5333,17,13
5338,17,13
5342,17,13
5343,17,13
5344,6,13
5345,30,13
5346,7,13
5348,22,13
5350,17,13
5353,28,13
5354,9,13
5358,17,13
5359,17,13
5360,9,13
5365,3,13
5366,17,13
5367,3,13
5369,2,13
5370,28,13
5371,18,13
5372,9,13
5373,5,13
5374,3,13
5376,15,13
5377,17,13
5381,17,13
5382,28,13
5384,15,13
5386,17,13
5388,17,13
5389,17,13
5393,15,13
5394,13,13
5395,16,13
5396,25,13
5398,2,13
5399,17,13
5401,17,13
5405,3,13
5406,12,13
5411,20,13
5412,4,13
5414,24,13
5417,17,13
5418,17,13
5421,25,13
5422,0,13
5423,17,13
5426,3,13
5428,15,13
5431,17,13
5436,15,13
5438,2,13
5442,3,13
5444,3,13
5447,17,13
5448,17,13
5449,17,13
5453,15,13
5458,0,13
5464,2,13
5466,9,13
5467,13,13
5471,15,13
5473,24,13
5476,7,13
5477,29,13
5479,17,13
5480,17,13
5483,9,13
5484,15,13
5485,2,13
5488,12,13
5491,18,13
5494,17,13
5496,15,13
5497,15,13
5500,3,13
5501,16,13
5502,9,13
5503,22,13
5509,17,13
5510,22,13
5511,17,13
5512,25,13
5513,12,13
5514,17,13
5517,25,13
5518,9,13
5519,18,13
5522,17,13
5524,13,13
5525,5,13
5526,15,13
5527,17,13
5528,15,13
5531,15,13
5532,20,13
5533,12,13
5536,9,13
5537,9,13
5540,24,13
5541,4,13
5545,19,13
5546,14,13
5547,13,13
5548,25,13
5549,2,13
5550,5,13
5551,14,13
5552,12,13
5553,30,13
5554,17,13
5555,12,13
5558,2,13
5559,6,13
5562,6,13
5563,14,13
5564,3,13
5567,9,13
5568,13,13
5570,1,13
5572,15,13
5576,3,13
5578,12,13
5579,30,13
5581,18,13
5582,7,13
5590,3,13
5592,15,13
5598,3,13
5601,22,13
5603,18,13
5604,3,13
5610,22,13
5612,17,13
5613,30,13
5614,4,13
5619,19,13
5621,7,13
5624,2,13
5625,15,13
5627,2,13
5633,9,13
5637,9,13
5638,0,13
5641,3,13
5645,13,13
5651,7,13
5652,9,13
5654,18,13
5657,5,13
5658,13,13
5660,16,13
5662,5,13
5665,20,13
5667,14,13
5669,5,13
5671,3,13
5672,2,13
5676,7,13
5677,28,13
5679,2,13
5683,3,13
5687,22,13
5688,2,13
5689,31,13
5692,2,13
5693,13,13
5697,22,13
5701,9,13
5705,0,13
5706,21,13
5707,9,13
5709,17,13
5710,7,13
5711,15,13
5712,3,13
5714,7,13
5715,1,13
5716,22,13
5718,2,13
5719,9,13
5732,25,13
5735,9,13
5739,18,13
5740,30,13
5743,28,13
5746,20,13
5747,11,13
5748,20,13
5751,20,13
5757,3,13
5761,7,13
5762,29,13
5763,3,13
5764,6,13
5766,11,13
5767,25,13
5768,25,13
5770,0,13
5771,17,13
5772,15,13
5775,7,13
5777,6,13
5779,7,13
5780,3,13
5781,25,13
5783,12,13
5784,17,13
5785,23,13
5787,3,13
5788,5,13
5789,13,13
5790,18,13
5791,7,13
5792,1,13
5795,1,13
5797,2,13
5798,25,13
5799,1,13
5802,10,13
5803,4,13
5805,24,13
5808,24,13
5809,21,13
5815,28,13
5816,3,13
5819,2,13
5820,30,13
5821,18,13
5827,2,13
5828,1,13
5832,24,13
5835,14,13
5836,21,13
5841,10,13
5843,7,13
5847,2,13
5852,3,13
5854,20,13
5855,5,13
5856,5,13
5858,2,13
5859,10,13
5860,5,13
5862,4,13
5864,24,13
5865,14,13
5866,21,13
5868,24,13
5869,20,13
5872,13,13
5874,17,13
5875,17,13
5878,10,13
5879,7,13
5880,27,13
5881,12,13
5882,4,13
5889,3,13
5890,1,13
5892,1,13
5893,26,13
5894,1,13
5896,5,13
5897,5,13
5903,18,13
5904,14,13
5907,7,13
5909,10,13
5911,9,13
5918,4,13
5920,21,13
5921,24,13
5923,2,13
5924,30,13
5927,4,13
5928,30,13
5929,20,13
5930,6,13
5931,27,13
5932,15,13
5933,15,13
5935,15,13
5936,9,13
5937,12,13
5938,7,13
5941,23,13
5945,15,13
5946,2,13
5952,3,13
5953,17,13
5954,0,13
5955,13,13
5957,17,13
5958,17,13
5960,7,13
5964,9,13
5966,28,13
5968,20,13
5970,17,13
5971,5,13
5975,15,13
5977,11,13
5979,21,13
5980,3,13
5981,3,13
5982,3,13
5985,3,13
5986,2,13
5987,17,13
5989,5,13
5991,7,13
5992,3,13
5994,3,13
5995,17,13
5998,17,13
6000,3,13
6001,15,13
6003,12,13
6004,3,13
6006,3,13
6009,24,13
6010,17,13
6013,3,13
6016,12,13
6017,17,13
6019,17,13
6020,22,13
6029,16,13
6034,3,13
6036,3,13
6038,18,13
6039,1,13
6046,3,13
6048,3,13
6049,3,13
6051,31,13
6052,7,13
6056,3,13
6059,15,13
6060,15,13
6061,17,13
6062,3,13
6064,17,13
6065,3,13
6067,3,13
6070,4,13
6071,14,13
6072,21,13
6074,11,13
6075,4,13
6076,11,13
6077,22,13
6079,19,13
6081,11,13
6084,9,13
6091,27,13
6093,3,13
6095,3,13
6096,3,13
6097,17,13
6100,17,13
6104,6,13
6105,3,13
6106,3,13
6108,10,13
6111,18,13
6113,19,13
6117,10,13
6118,12,13
6124,27,13
6127,18,13
6128,7,13
6131,9,13
6132,3,13
6133,27,13
6134,28,13
6136,6,13
6138,26,13
6139,31,13
6144,3,13
6145,27,13
6147,27,13
6148,27,13
6151,27,13
6152,27,13
6153,27,13
6156,31,13
6158,18,13
6159,26,13
6161,27,13
6164,27,13
6165,27,13
6166,0,13
6169,18,13
6174,18,13
6175,7,13
6177,19,13
6178,9,13
6179,27,13
6182,7,13
6183,27,13
6184,7,13
6186,22,13
6187,16,13
6188,28,13
6192,7,13
6194,18,13
6196,3,13
6198,3,13
6199,18,13
6201,7,13
6204,18,13
6205,18,13
6207,3,13
6208,27,13
6209,9,13
6210,9,13
6211,15,13
6213,2,13
6215,7,13
6216,16,13
6219,7,13
6224,27,13
6225,9,13
6226,3,13
6230,27,13
6231,25,13
6232,27,13
6233,22,13
6234,16,13
6235,19,13
6238,11,13
6239,3,13
6241,27,13
6243,18,13
6245,18,13
6247,24,13
6248,16,13
6249,20,13
6252,19,13
6253,18,13
6255,17,13
6257,10,13
6262,18,13
6264,17,13
6266,7,13
6267,25,13
6268,2,13
6269,25,13
6270,22,13
6271,9,13
6272,1,13
6279,25,13
6280,25,13
6284,17,13
6287,25,13
6288,25,13
6289,25,13
6290,25,13
6291,28,13
6292,25,13
6293,25,13
6296,25,13
6297,7,13
6298,25,13
6299,25,13
6301,10,13
6308,25,13
6310,12,13
6311,25,13
6312,20,13
6313,3,13
6314,25,13
6315,25,13
6316,7,13
6317,9,13
6318,5,13
6319,2,13
6321,25,13
6322,7,13
6323,25,13
6324,25,13
6326,25,13
6328,25,13
6329,25,13
6330,7,13
6334,25,13
6337,25,13
6340,23,13
6341,13,13
6342,11,13
6347,30,13
6348,2,13
6350,25,13
6353,25,13
6355,7,13
6357,17,13
6359,4,13
6361,24,13
6362,7,13
6365,6,13
6366,23,13
6367,25,13
6370,25,13
6373,17,13
6379,25,13
6382,9,13
6383,25,13
6386,4,13
6388,25,13
6390,23,13
6391,25,13
6392,25,13
6394,25,13
6396,7,13
6398,25,13
6399,25,13
6400,28,13
6403,25,13
6404,23,13
6409,2,13
6411,4,13
6415,23,13
6417,16,13
6418,23,13
6420,23,13
6422,15,13
6423,2,13
6424,9,13
6425,9,13
6426,28,13
6429,10,13
6430,5,13
6431,18,13
6432,18,13
6433,9,13
6434,0,13
6435,9,13
6436,5,13
6437,3,13
6439,5,13
6442,23,13
6443,5,13
6444,15,13
6445,25,13
6448,12,13
6451,23,13
6452,23,13
6454,16,13
6455,18,13
6456,16,13
6459,23,13
6465,3,13
6466,23,13
6467,22,13
6468,17,13
6474,25,13
6477,0,13
6478,25,13
6479,18,13
6481,25,13
6482,30,13
6483,30,13
6484,30,13
6488,25,13
6489,25,13
6491,28,13
6495,15,13
6496,25,13
6497,25,13
6498,29,13
6501,11,13
6502,5,13
6506,5,13
6507,15,13
6509,1,13
6510,17,13
6512,29,13
6513,6,13
6515,29,13
6517,15,13
6519,18,13
6522,2,13
6525,4,13
6526,6,13
6527,14,13
6528,25,13
6529,15,13
6535,29,13
6536,29,13
6537,7,13
6539,24,13
6541,15,13
6543,17,13
6545,2,13
6546,24,13
6547,24,13
6549,24,13
6550,5,13
6551,4,13
6552,24,13
6554,24,13
6555,4,13
6556,24,13
6558,24,13
6559,4,13
6561,24,13
6568,15,13
6569,24,13
6571,8,13
6573,8,13
6578,25,13
6579,18,13
6580,22,13
6583,1,13
6585,1,13
6591,0,13
6592,10,13
6593,1,13
6595,16,13
6597,1,13
6598,1,13
6599,18,13
6601,28,13
6602,9,13
6606,25,13
6608,0,13
6616,24,13
6617,14,13
6619,7,13
6620,25,13
6622,17,13
6623,16,13
6627,7,13
6631,4,13
6633,21,13
6636,14,13
6637,21,13
6648,14,13
6649,11,13
6650,29,13
6651,23,13
6652,0,13
6653,29,13
6656,3,13
6657,29,13
6658,22,13
6660,5,13
6662,4,13
6664,29,13
6665,29,13
6666,29,13
6667,14,13
6670,4,13
6672,27,13
6673,0,13
6675,31,13
6676,9,13
6681,31,13
6682,31,13
6683,31,13
6685,22,13
6687,22,13
6689,31,13
6691,31,13
6692,17,13
6694,31,13
6695,31,13
6697,31,13
6698,31,13
6699,31,13
6700,2,13
6701,4,13
6702,11,13
6705,7,13
6706,7,13
6707,31,13
6708,24,13
6711,7,13
6712,5,13
6717,22,13
6718,7,13
6720,24,13
6723,16,13
6724,17,13
6725,17,13
6728,8,13
6729,7,13
6730,7,13
6731,8,13
6735,12,13
6736,29,13
6738,27,13
6739,7,13
6741,7,13
6742,17,13
6748,22,13
6750,7,13
6751,7,13
6752,7,13
6754,7,13
6756,7,13
6757,28,13
6758,7,13
6759,23,13
6761,7,13
6762,5,13
6763,24,13
6767,7,13
6769,8,13
6770,8,13
6778,14,13
6779,28,13
6781,24,13
6784,14,13
6785,10,13
6787,24,13
6788,24,13
6790,13,13
6792,16,13
6793,22,13
6802,16,13
6804,10,13
6807,3,13
6808,1,13
6809,1,13
6811,1,13
6812,1,13
6814,9,13
6815,1,13
6818,7,13
6819,4,13
6821,18,13
6824,14,13
6830,4,13
6831,24,13
6832,14,13
6835,1,13
6836,4,13
6837,24,13
6838,14,13
6839,10,13
6841,20,13
6843,13,13
6847,24,13
6848,7,13
6850,2,13
6851,25,13
6860,4,13
6870,15,13
6871,25,13
6872,22,13
6873,7,13
6875,18,13
6877,24,13
6879,3,13
6881,9,13
6883,10,13
6884,22,13
6887,28,13
6888,28,13
6890,4,13
6891,24,13
6892,24,13
6894,29,13
6896,0,13
6899,3,13
6903,29,13
6904,24,13
6905,4,13
6906,24,13
6911,0,13
6912,11,13
6913,9,13
6914,18,13
6915,0,13
6916,0,13
6917,1,13
6919,17,13
6920,22,13
6921,4,13
6924,6,13
6925,24,13
6926,0,13
6927,5,13
6930,22,13
6931,15,13
6933,7,13
6935,29,13
6936,12,13
6939,0,13
6942,24,13
6943,24,13
6944,12,13
6945,9,13
6946,17,13
6948,16,13
6950,3,13
6953,16,13
6954,17,13
6956,29,13
6957,24,13
6961,22,13
6962,11,13
6963,7,13
6964,4,13
6966,9,13
6969,25,13
6972,17,13
6973,25,13
6974,2,13
6975,24,13
6976,17,13
6978,7,13
6981,10,13
6985,7,13
6986,25,13
6987,2,13
6988,4,13
6989,0,13
6990,24,13
6991,24,13
6993,10,13
6994,25,13
6995,22,13
6996,7,13
6998,9,13
7000,9,13
7002,22,13
7007,7,13
7010,22,13
7013,9,13
7015,20,13
7022,4,13
7024,22,13
7026,2,13
7027,2,13
7029,12,13
7031,1,13
7035,9,13
7036,22,13
7037,5,13
7040,12,13
7041,12,13
7047,12,13
7050,2,13
7052,27,13
7055,18,13
7056,9,13
7057,7,13
7058,11,13
7059,27,13
7060,27,13
7063,2,13
7064,0,13
7067,5,13
7068,10,13
7070,20,13
7072,19,13
7077,10,13
7079,20,13
7080,0,13
7082,29,13
7091,7,13
7095,24,13
7096,27,13
7097,3,13
7098,17,13
7100,7,13
7104,18,13
7105,24,13
7106,2,13
7107,3,13
7108,7,13
7110,9,13
7112,11,13
7113,5,13
7115,2,13
7116,28,13
7117,13,13
7119,10,13
7123,7,13
7124,9,13
7126,17,13
7127,9,13
7128,17,13
7129,25,13
7132,15,13
7133,11,13
7134,4,13
7136,3,13
7137,24,13
7142,30,13
7143,28,13
7144,4,13
7146,3,13
7147,3,13
7148,29,13
7149,3,13
7153,1,13
7154,15,13
7156,24,13
7158,28,13
7161,29,13
7162,29,13
7164,28,13
7165,18,13
7167,29,13
7168,29,13
7172,10,13
7173,9,13
7175,9,13
7177,29,13
7178,1,13
7180,1,13
7182,3,13
7185,1,13
7187,19,13
7191,13,13
7192,1,13
7200,1,13
7201,1,13
7205,0,13
7206,18,13
7208,5,13
7209,1,13
7215,10,13
7216,13,13
7217,18,13
7220,15,13
7221,10,13
7224,10,13
7225,24,13
7226,0,13
7229,24,13
7230,0,13
7237,10,13
7243,29,13
7245,29,13
7246,29,13
7251,29,13
7255,24,13
7256,12,13
7258,15,13
7259,3,13
7260,19,13
7262,19,13
7264,27,13
7266,4,13
7267,6,13
7268,11,13
7269,18,13
7270,27,13
7271,6,13
7277,3,13
7278,11,13
7280,2,13
7281,31,13
7285,31,13
7290,24,13
7291,0,13
7292,0,13
7294,14,13
7298,9,13
7299,29,13
7300,23,13
7301,10,13
7302,6,13
7306,18,13
7307,23,13
7309,23,13
7315,24,13
7316,23,13
7318,24,13
7319,15,13
7320,2,13
7321,2,13
7323,28,13
7324,6,13
7325,28,13
7326,5,13
7327,2,13
7328,13,13
7329,2,13
7330,9,13
7331,16,13
7332,15,13
7333,30,13
7335,15,13
7336,30,13
7339,25,13
7340,18,13
7342,2,13
7343,6,13
7346,10,13
7351,30,13
7355,9,13
7356,2,13
7358,6,13
7359,2,13
7360,25,13
7361,25,13
7362,25,13
7363,11,13
7364,11,13
7366,12,13
7372,9,13
7376,2,13
7378,28,13
7379,18,13
7380,15,13
7383,19,13
7384,7,13
7389,24,13
7390,4,13
7395,23,13
7401,17,13
7403,23,13
7405,12,13
7409,1,13
7411,1,13
7412,7,13
7414,17,13
7416,30,13
7417,17,13
7418,30,13
7422,9,13
7423,15,13
7427,25,13
7428,1,13
7431,22,13
7433,9,13
7437,10,13
7438,2,13
7439,1,13
7440,4,13
7441,23,13
7442,22,13
7448,23,13
7451,28,13
7454,30,13
7456,27,13
7458,18,13
7459,7,13
7462,25,13
7463,4,13
7467,6,13
7468,14,13
7471,5,13
7473,25,13
7474,2,13
7475,9,13
7476,2,13
7478,10,13
7479,9,13
7480,23,13
7481,28,13
7483,16,13
7484,20,13
7486,28,13
7487,2,13
7492,2,13
7494,23,13
7495,2,13
7497,9,13
7499,15,13
7502,2,13
7505,0,13
7510,9,13
7511,2,13
7513,3,13
7514,28,13
7515,20,13
7516,15,13
7517,2,13
7518,7,13
7519,25,13
7520,24,13
7522,4,13
7528,7,13
7538,20,13
7541,24,13
7542,7,13
7545,25,13
7550,18,13
7554,7,13
7555,7,13
7556,22,13
7558,22,13
7562,22,13
7563,28,13
7567,25,13
7568,22,13
7569,18,13
7570,9,13
7572,7,13
7576,2,13
7577,16,13
7579,16,13
7580,4,13
7581,11,13
7584,16,13
7588,9,13
7592,29,13
7594,22,13
7596,7,13
7602,2,13
7606,7,13
7607,18,13
7608,17,13
7613,22,13
7615,22,13
7616,10,13
7617,29,13
7620,12,13
7622,28,13
7623,30,13
7624,9,13
7625,16,13
7626,29,13
7627,10,13
7628,9,13
7629,29,13
7630,16,13
7632,9,13
7633,22,13
7635,16,13
7638,30,13
7640,4,13
7641,20,13
7643,14,13
7646,10,13
7650,22,13
7652,10,13
7653,10,13
7654,29,13
7656,29,13
7662,10,13
7663,29,13
7665,29,13
7666,20,13
7671,22,13
7672,29,13
7673,9,13
7677,29,13
7678,12,13
7679,29,13
7680,9,13
7681,16,13
7682,3,13
7683,9,13
7685,7,13
7686,22,13
7687,28,13
7693,30,13
7694,22,13
7696,18,13
7698,16,13
7700,20,13
7701,15,13
7705,22,13
7706,7,13
7708,9,13
7709,9,13
7713,17,13
7714,0,13
7716,7,13
7718,17,13
7719,4,13
7720,11,13
7722,14,13
7723,14,13
7725,10,13
7726,30,13
7727,9,13
7729,30,13
7730,24,13
7732,7,13
7733,9,13
7735,9,13
7737,10,13
7740,15,13
7741,7,13
7742,28,13
7743,10,13
7744,30,13
7746,22,13
7748,14,13
7751,9,13
7752,11,13
7753,10,13
7754,10,13
7756,12,13
7757,9,13
7759,10,13
7760,2,13
7761,0,13
7763,12,13
7766,11,13
7767,2,13
7770,11,13
7772,14,13
7774,21,13
7776,24,13
7777,17,13
7779,2,13
7780,0,13
7781,22,13
7783,11,13
7785,2,13
7786,11,13
7789,9,13
7790,1,13
7793,11,13
7794,22,13
7795,4,13
7796,14,13
7801,7,13
7803,7,13
7808,7,13
7809,18,13
7815,7,13
7819,3,13
7820,22,13
7821,2,13
7822,22,13
7823,7,13
7828,7,13
7829,7,13
7830,2,13
7834,0,13
7836,2,13
7841,7,13
7842,29,13
7844,29,13
7845,7,13
7850,22,13
7854,22,13
7858,22,13
7860,14,13
7861,14,13
7862,21,13
7863,22,13
7864,24,13
7866,28,13
7873,3,13
7874,7,13
7875,18,13
7876,28,13
7877,22,13
7880,22,13
7881,7,13
7884,2,13
7885,15,13
7886,2,13
7888,5,13
7889,15,13
7890,2,13
7891,9,13
7892,7,13
7895,2,13
7905,5,13
7908,14,13
7909,2,13
7911,28,13
7912,29,13
7914,22,13
7915,9,13
7916,7,13
7917,5,13
7920,0,13
7922,22,13
7924,3,13
7926,22,13
7929,24,13
7932,24,13
7935,4,13
7941,2,13
7947,17,13
7949,18,13
7950,2,13
7952,4,13
7953,14,13
7954,22,13
7955,17,13
7963,22,13
7964,9,13
7966,4,13
7968,13,13
7969,18,13
7972,18,13
7975,2,13
7976,5,13
7977,22,13
7978,4,13
7979,17,13
7980,22,13
7981,2,13
7982,22,13
7984,14,13
7985,24,13
7989,2,13
7991,3,13
7995,18,13
7996,2,13
8005,14,13
8006,28,13
8008,7,13
8011,11,13
8015,7,13
8018,3,13
8020,7,13
8021,27,13
8022,7,13
8023,0,13
8027,28,13
8028,3,13
8029,16,13
8031,27,13
8032,7,13
8033,27,13
8034,7,13
8035,3,13
8037,27,13
8038,7,13
8042,27,13
8044,3,13
8047,3,13
8049,31,13
8051,24,13
8053,14,13
8054,31,13
8055,31,13
8062,10,13
8063,31,13
8069,14,13
8073,27,13
8074,5,13
8075,9,13
8081,6,13
8082,5,13
8085,9,13
8089,31,13
8092,19,13
8093,22,13
8094,22,13
8098,8,13
8099,22,13
8105,27,13
8106,22,13
8107,22,13
8111,28,13
8112,7,13
8114,7,13
8115,24,13
8119,7,13
8121,22,13
8126,28,13
8128,15,13
8130,20,13
8131,28,13
8134,17,13
8135,4,13
8138,25,13
8140,17,13
8141,17,13
8145,24,13
8147,21,13
8148,15,13
8150,4,13
8153,21,13
8156,14,13
8158,9,13
8159,0,13
8160,13,13
8161,10,13
8162,2,13
8165,11,13
8166,10,13
8169,3,13
8170,28,13
8171,0,13
8173,10,13
8178,3,13
8180,3,13
8181,9,13
8182,17,13
8183,2,13
8184,3,13
8185,7,13
8188,3,13
8189,17,13
8191,3,13
8192,2,13
8193,29,13
8194,9,13
8196,9,13
8197,17,13
8202,21,13
8206,17,13
8207,28,13
8211,1,13
8212,10,13
8213,28,13
8214,15,13
8215,28,13
8217,27,13
8218,28,13
8224,15,13
8225,3,13
8226,6,13
8227,4,13
8228,21,13
8229,28,13
8230,2,13
8231,4,13
8232,18,13
8233,0,13
8235,11,13
8236,18,13
8237,30,13
8238,11,13
8239,10,13
8240,28,13
8241,27,13
8243,27,13
8246,9,13
8247,20,13
8248,27,13
8249,1,13
8251,27,13
8256,22,13
8257,3,13
8260,0,13
8264,27,13
8266,12,13
8269,28,13
8270,31,13
8274,18,13
8276,9,13
8277,4,13
8278,22,13
8279,14,13
8281,27,13
8282,9,13
8284,28,13
8285,7,13
8286,17,13
8287,27,13
8289,20,13
8295,10,13
8296,27,13
8297,18,13
8304,19,13
8305,7,13
8306,19,13
8309,9,13
8311,17,13
8313,3,13
8315,0,13
8317,4,13
8319,6,13
8322,0,13
8325,18,13
8326,31,13
8327,0,13
8331,12,13
8332,30,13
8334,7,13
8336,5,13
8339,16,13
8340,27,13
8341,13,13
8343,15,13
8344,18,13
8345,13,13
8347,13,13
8349,28,13
8350,10,13
8355,12,13
8356,0,13
8357,18,13
8358,9,13
8361,29,13
8363,10,13
8364,0,13
8365,28,13
8368,0,13
8369,10,13
8370,18,13
8372,18,13
8375,0,13
8378,8,13
8379,8,13
8383,8,13
8384,8,13
8385,7,13
8386,8,13
8388,24,13
8391,22,13
8393,24,13
8394,9,13
8395,2,13
8398,7,13
8400,9,13
8401,9,13
8402,17,13
8403,10,13
8404,1,13
8405,9,13
8406,1,13
8409,25,13
8410,3,13
8411,7,13
8412,7,13
8413,2,13
8414,7,13
8416,1,13
8420,9,13
8423,15,13
8424,18,13
8425,7,13
8426,18,13
8428,12,13
8435,16,13
8437,18,13
8439,16,13
8440,16,13
8441,16,13
8443,1,13
8445,4,13
8447,27,13
8449,30,13
8451,29,13
8452,25,13
8453,3,13
8454,24,13
8455,24,13
8456,9,13
8458,18,13
8460,11,13
8464,3,13
8465,11,13
8466,19,13
8468,20,13
8470,22,13
8471,21,13
8473,7,13
8474,0,13
8477,12,13
8478,9,13
8479,10,13
8480,2,13
8481,10,13
8485,5,13
8489,7,13
8490,18,13
8492,20,13
8494,2,13
8497,13,13
8500,16,13
8501,3,13
8502,7,13
8503,18,13
8504,1,13
8506,9,13
8508,10,13
8514,18,13
8517,5,13
8518,7,13
8519,30,13
8522,7,13
8523,30,13
8525,7,13
8529,1,13
8530,5,13
8533,9,13
8534,9,13
8535,28,13
8537,5,13
8538,7,13
8542,27,13
8543,12,13
8544,5,13
8546,5,13
8547,13,13
8548,3,13
8550,9,13
8552,27,13
8553,13,13
8554,26,13
8557,10,13
8558,13,13
8561,24,13
8563,4,13
8564,6,13
8565,14,13
8569,3,13
8579,9,13
8580,30,13
8581,29,13
8582,5,13
8585,25,13
8586,13,13
8587,5,13
8588,5,13
8589,26,13
8590,26,13
8591,5,13
8596,29,13
8598,18,13
8599,15,13
8600,10,13
8601,30,13
8603,9,13
8604,28,13
8607,7,13
8610,12,13
8613,9,13
8615,0,13
8617,30,13
8618,24,13
8619,4,13
8620,14,13
8621,16,13
8622,0,13
8623,29,13
8626,9,13
8632,22,13
8633,6,13
8636,0,13
8638,0,13
8639,17,13
8641,13,13
8643,0,13
8644,29,13
8648,19,13
8651,0,13
8653,18,13
8654,7,13
8658,9,13
8659,0,13
8662,29,13
8663,10,13
8665,2,13
8667,12,13
8668,28,13
8671,9,13
8675,9,13
8676,4,13
8677,12,13
8682,11,13
8683,14,13
8686,9,13
8688,12,13
8690,30,13
8693,7,13
8700,7,13
8701,18,13
8703,2,13
8704,30,13
8708,16,13
8710,28,13
8713,22,13
8714,11,13
8719,9,13
8721,16,13
8723,30,13
8725,16,13
8726,7,13
8728,9,13
8730,12,13
8731,16,13
8735,22,13
8736,10,13
8737,1,13
8739,5,13
8740,5,13
8741,4,13
8742,12,13
8743,5,13
8745,7,13
8746,5,13
8748,2,13
8750,25,13
8751,6,13
8753,6,13
8754,25,13
8755,25,13
8760,9,13
8761,0,13
8764,25,13
8766,3,13
8768,28,13
8771,0,13
8772,18,13
8773,9,13
8774,2,13
8776,20,13
8777,2,13
8779,0,13
8780,29,13
8781,25,13
8782,28,13
8783,5,13
8784,25,13
8786,11,13
8788,11,13
8790,3,13
8791,26,13
8795,7,13
8796,7,13
8797,7,13
8799,7,13
8805,1,13
8807,7,13
8808,1,13
8813,1,13
8814,9,13
8815,7,13
8817,1,13
8818,5,13
8819,25,13
8821,9,13
8822,18,13
8824,25,13
8825,2,13
8827,25,13
8829,25,13
8830,7,13
8832,28,13
8835,18,13
8836,15,13
8840,10,13
8841,15,13
8842,9,13
8844,26,13
8849,1,13
8850,3,13
8851,26,13
8852,1,13
8854,2,13
8855,15,13
8856,7,13
8857,15,13
8858,26,13
8863,2,13
8864,18,13
8865,5,13
8866,19,13
8870,0,13
8873,2,13
8874,0,13
8875,26,13
8879,1,13
8880,2,13
8881,5,13
8883,14,13
8886,3,13
8887,22,13
8889,12,13
8891,19,13
8893,15,13
8898,10,13
8901,30,13
8902,5,13
8907,4,13
8908,5,13
8909,20,13
8910,7,13
8913,30,13
8914,0,13
8917,18,13
8919,14,13
8923,25,13
8925,12,13
8926,20,13
8928,7,13
8929,20,13
8930,22,13
8931,18,13
8932,29,13
8934,26,13
8935,10,13
8936,7,13
8938,12,13
8939,17,13
8941,30,13
8943,27,13
8950,10,13
8952,2,13
8953,9,13
8954,12,13
8956,9,13
8959,5,13
8960,12,13
8961,20,13
8962,3,13
8964,0,13
8965,12,13
8966,3,13
8970,30,13
8971,9,13
8972,7,13
8974,0,13
8978,2,13
8979,2,13
8987,5,13
8991,28,13
8992,26,13
8993,26,13
8994,2,13
8999,10,13
9002,0,13
9008,12,13
9010,22,13
9011,30,13
9015,9,13
9016,12,13
9019,7,13
9020,12,13
9021,18,13
9022,1,13
9023,7,13
9024,18,13
9025,5,13
9026,5,13
9030,2,13
9031,12,13
9034,9,13
9035,28,13
9036,5,13
9037,2,13
9038,1,13
9040,9,13
9043,7,13
9049,17,13
9050,9,13
9051,19,13
9053,7,13
9054,3,13
9055,2,13
9057,5,13
9058,7,13
9059,24,13
9060,0,13
9061,0,13
9062,0,13
9063,5,13
9064,0,13
9065,0,13
9067,2,13
9069,5,13
9071,2,13
9073,5,13
9075,0,13
9080,2,13
9082,9,13
9083,2,13
9084,20,13
9085,28,13
9086,2,13
9087,30,13
9089,9,13
9090,24,13
9091,20,13
9093,4,13
9099,14,13
9100,21,13
9101,18,13
9103,16,13
9104,4,13
9105,1,13
9106,2,13
9113,2,13
9115,9,13
9116,9,13
9118,4,13
9119,9,13
9120,9,13
9122,22,13
9124,19,13
9125,12,13
9126,12,13
9128,7,13
9129,9,13
9134,2,13
9135,5,13
9138,9,13
9140,1,13
9141,28,13
9146,9,13
9148,9,13
9149,9,13
9150,1,13
9155,28,13
9158,9,13
9159,9,13
9161,9,13
9162,9,13
9163,12,13
9165,30,13
9167,22,13
9169,5,13
9172,7,13
9174,28,13
9175,1,13
9177,2,13
9178,1,13
9180,7,13
9181,12,13
9183,5,13
9187,5,13
9188,5,13
9189,19,13
9191,9,13
9193,28,13
9194,20,13
9195,2,13
9197,29,13
9199,2,13
9202,5,13
9203,18,13
9204,3,13
9205,2,13
9206,2,13
9207,9,13
9208,12,13
9209,12,13
9211,9,13
9214,2,13
9222,12,13
9227,10,13
9231,12,13
9232,25,13
9234,7,13
9237,18,13
9239,5,13
9242,18,13
9246,10,13
9248,13,13
9249,9,13
9254,30,13
9255,5,13
9258,5,13
9259,27,13
9261,19,13
9263,4,13
9264,5,13
9266,3,13
9267,5,13
9272,14,13
9273,15,13
9274,2,13
9276,3,13
9279,7,13
9281,11,13
9282,2,13
9284,9,13
9287,9,13
9288,2,13
9289,2,13
9292,2,13
9293,5,13
9296,10,13
9298,18,13
9301,5,13
9302,5,13
9306,28,13
9307,0,13
9309,20,13
9311,7,13
9312,12,13
9313,9,13
9314,2,13
9315,3,13
9316,9,13
9317,9,13
9318,9,13
9320,5,13
9328,10,13
9330,2,13
9331,9,13
9338,3,13
9339,2,13
9341,26,13
9342,15,13
9349,15,13
9350,10,13
9351,2,13
9352,16,13
9354,0,13
9355,26,13
9362,1,13
9364,2,13
9365,12,13
9366,2,13
9367,2,13
9368,5,13
9370,15,13
9375,2,13
9377,22,13
9378,15,13
9379,3,13
9381,26,13
9384,9,13
9385,5,13
9389,9,13
9391,15,13
9393,12,13
9396,15,13
9401,26,13
9403,2,13
9405,4,13
9406,14,13
9408,20,13
9410,14,13
9411,21,13
9419,9,13
9420,26,13
9421,5,13
9423,2,13
9424,5,13
9430,26,13
9434,7,13
9437,5,13
9439,26,13
9441,2,13
9444,15,13
9447,0,13
9450,5,13
9451,2,13
9452,1,13
9454,2,13
9455,19,13
9456,2,13
9459,15,13
9462,7,13
9463,30,13
9467,5,13
9468,12,13
9469,15,13
9473,18,13
9478,12,13
9480,26,13
9481,10,13
9482,9,13
9483,15,13
9484,22,13
9485,3,13
9488,15,13
9489,30,13
9492,5,13
9494,5,13
9497,2,13
9499,7,13
9501,26,13
9502,28,13
9506,28,13
9508,26,13
9509,3,13
9510,30,13
9517,28,13
9518,2,13
9519,1,13
9520,27,13
9521,18,13
9523,14,13
9526,15,13
9536,5,13
9538,2,13
9539,26,13
9541,0,13
9543,9,13
9544,12,13
9545,5,13
9546,30,13
9548,26,13
9553,26,13
9555,15,13
9556,20,13
9558,5,13
9560,18,13
9561,16,13
9562,0,13
9563,9,13
9567,1,13
9573,17,13
9576,19,13
9578,20,13
9579,5,13
9580,15,13
9581,15,13
9582,5,13
9590,16,13
9591,17,13
9592,19,13
9594,2,13
9598,28,13
9600,9,13
9601,17,13
9602,12,13
9606,16,13
9608,5,13
9609,20,13
9611,2,13
9613,1,13
9618,9,13
9619,22,13
9620,10,13
9621,1,13
9624,1,13
9625,22,13
9626,26,13
9631,0,13
9632,18,13
9633,26,13
9634,18,13
9636,12,13
9639,3,13
9645,7,13
9647,7,13
9648,1,13
9652,7,13
9654,1,13
9655,3,13
9656,22,13
9658,1,13
9659,2,13
9660,0,13
9661,15,13
9666,5,13
9667,28,13
9668,4,13
9670,2,13
9671,7,13
9672,3,13
9673,7,13
9674,13,13
9679,5,13
9682,5,13
9683,0,13
9685,20,13
9687,3,13
9688,5,13
9689,9,13
9690,5,13
9691,13,13
9694,1,13
9696,5,13
9697,16,13
9698,27,13
9699,20,13
9700,16,13
9706,20,13
9709,19,13
9710,22,13
9712,5,13
9720,10,13
9721,27,13
9722,13,13
9724,7,13
9725,27,13
9728,28,13
9730,12,13
9731,22,13
9732,5,13
9735,0,13
9736,30,13
9738,12,13
9739,24,13
9746,18,13
9749,18,13
9750,27,13
9751,15,13
9753,1,13
9755,18,13
9758,28,13
9760,28,13
9761,27,13
9763,1,13
9767,27,13
9769,10,13
9771,27,13
9772,9,13
9774,5,13
9781,7,13
9783,3,13
9784,5,13
9785,18,13
9788,7,13
9789,7,13
9790,2,13
9791,7,13
9792,3,13
9793,9,13
9794,5,13
9798,20,13
9799,15,13
9801,27,13
9803,5,13
9804,9,13
9805,9,13
9806,11,13
9807,18,13
9809,27,13
9811,5,13
9812,9,13
9814,9,13
9816,14,13
9817,10,13
9818,1,13
9819,20,13
9822,17,13
9826,21,13
9828,12,13
9830,1,13
9836,6,13
9841,5,13
9842,18,13
9843,3,13
9844,30,13
9845,15,13
9848,28,13
9851,27,13
9853,19,13
9856,7,13
9858,10,13
9861,1,13
9869,13,13
9870,7,13
9871,23,13
9878,27,13
9881,12,13
9883,3,13
9886,12,13
9887,13,13
9889,9,13
9891,12,13
9892,2,13
9894,30,13
9897,12,13
9898,4,13
9899,3,13
9900,13,13
9902,12,13
9904,11,13
9908,6,13
9912,0,13
9917,10,13
9918,29,13
9919,7,13
9920,5,13
9922,5,13
9924,9,13
9925,16,13
9928,16,13
9931,5,13
9932,1,13
9935,7,13
9936,7,13
9937,18,13
9938,5,13
9939,12,13
9942,9,13
9945,18,13
9951,26,13
9954,18,13
9955,7,13
9957,3,13
9961,1,13
9962,9,13
9965,28,13
9970,5,13
9975,30,13
9976,9,13
9977,0,13
9979,5,13
9980,28,13
9981,1,13
9983,10,13
9985,27,13
9986,3,13
9987,3,13
9988,5,13
9989,7,13
9991,9,13
9992,4,13
9994,27,13
9995,7,13
9996,6,13
9998,0,13
9999,27,13
10003,9,13
10005,22,13
10008,4,13
10009,18,13
10010,19,13
10012,7,13
10016,9,13
10018,27,13
10020,27,13
10021,9,13
10023,9,13
10025,27,13
10026,19,13
10028,27,13
10029,28,13
10032,27,13
10034,9,13
10035,26,13
10036,4,13
10039,5,13
10043,9,13
10045,19,13
10048,10,13
10049,4,13
10053,6,13
10054,27,13
10055,7,13
10056,7,13
10061,13,13
10062,27,13
10063,5,13
10064,17,13
10065,27,13
10074,1,13
10075,18,13
10077,16,13
10078,10,13
10080,2,13
10081,2,13
10083,5,13
10084,27,13
10085,10,13
10088,19,13
10089,19,13
10090,16,13
10092,4,13
10093,0,13
10094,19,13
10098,27,13
10099,24,13
10102,18,13
10105,18,13
10107,4,13
10113,10,13
10115,2,13
10116,27,13
10117,7,13
10118,18,13
10120,27,13
10121,9,13
10123,2,13
10124,28,13
10126,27,13
10127,27,13
10130,6,13
10132,7,13
10134,13,13
10137,2,13
10138,13,13
10139,28,13
10140,27,13
10141,13,13
10145,18,13
10147,9,13
10151,10,13
10152,5,13
10153,16,13
10154,5,13
10156,1,13
10157,13,13
10159,9,13
10161,2,13
10163,5,13
10164,18,13
10166,27,13
10169,12,13
10171,30,13
10172,5,13
10173,27,13
10174,5,13
10177,1,13
10179,9,13
10180,18,13
10182,22,13
10183,27,13
10186,3,13
10187,2,13
10189,12,13
10192,19,13
10193,27,13
10194,18,13
10199,5,13
10201,9,13
10202,5,13
10205,14,13
10206,12,13
10212,10,13
10213,5,13
10214,19,13
10215,13,13
10216,10,13
10218,12,13
10221,3,13
10228,22,13
10230,2,13
10232,22,13
10235,5,13
10238,31,13
10239,27,13
10240,19,13
10241,24,13
10242,0,13
10243,0,13
10253,12,13
10254,12,13
10255,13,13
10257,13,13
10259,16,13
10262,16,13
10268,24,13
10271,9,13
10276,6,13
10279,11,13
10280,17,13
10284,4,13
10288,22,13
10289,25,13
10290,19,13
10291,22,13
10294,4,13
10297,18,13
10299,19,13
10302,31,13
10303,24,13
10305,14,13
10307,9,13
10308,28,13
10309,12,13
10311,19,13
10312,0,13
10314,0,13
10317,9,13
10319,7,13
10324,17,13
10329,22,13
10330,3,13
10331,0,13
10332,11,13
10338,9,13
10340,1,13
10341,18,13
10342,19,13
10343,5,13
10344,1,13
10351,22,13
10353,10,13
10359,29,13
10361,19,13
10363,4,13
10365,14,13
10366,19,13
10369,2,13
10371,17,13
10374,29,13
10375,12,13
10380,1,13
10383,4,13
10392,3,13
10393,10,13
10394,7,13
10396,1,13
10398,7,13
10399,3,13
10403,31,13
10404,4,13
10405,24,13
10406,31,13
10407,18,13
10408,7,13
10409,0,13
10412,18,13
10414,31,13
10415,18,13
10417,22,13
10419,9,13
10421,18,13
10422,22,13
10424,28,13
10429,7,13
10430,20,13
10432,18,13
10434,18,13
10437,25,13
10438,6,13
10439,11,13
10440,7,13
10441,9,13
10443,10,13
10445,13,13
10448,15,13
10452,11,13
10453,6,13
10454,5,13
10457,12,13
10459,12,13
10460,22,13
10463,9,13
10464,0,13
10465,10,13
10469,28,13
10474,7,13
10475,12,13
10476,20,13
10477,23,13
10479,18,13
10483,2,13
10484,15,13
10493,28,13
10495,30,13
10496,16,13
10498,18,13
10499,10,13
10500,0,13
10501,10,13
10502,9,13
10504,9,13
10505,16,13
10506,28,13
10507,4,13
10508,24,13
10509,6,13
10512,30,13
10513,27,13
10520,28,13
10521,14,13
10524,15,13
10525,16,13
10527,16,13
10530,12,13
10531,23,13
10536,27,13
10538,10,13
10539,10,13
10540,18,13
10544,30,13
10548,29,13
10549,29,13
10550,2,13
10551,12,13
10552,0,13
10554,16,13
10560,20,13
10562,6,13
10563,10,13
10565,5,13
10566,22,13
10568,28,13
10569,0,13
10570,9,13
10571,2,13
10572,16,13
10573,29,13
10574,10,13
10575,28,13
10576,5,13
10577,16,13
10579,15,13
10580,2,13
10583,24,13
10585,18,13
10590,14,13
10591,9,13
10592,16,13
10593,10,13
10595,23,13
10597,16,13
10598,5,13
10600,9,13
10602,10,13
10604,27,13
10606,9,13
10608,5,13
10610,18,13
10611,30,13
10612,25,13
10614,25,13
10617,25,13
10618,29,13
10629,12,13
10630,30,13
10631,0,13
10632,20,13
10636,0,13
10639,9,13
10640,18,13
10641,15,13
10642,20,13
10643,23,13
10645,1,13
10646,12,13
10648,18,13
10649,28,13
10650,28,13
10653,20,13
10654,10,13
10656,7,13
10658,18,13
10659,18,13
10660,7,13
10661,20,13
10665,11,13
10666,24,13
10667,4,13
10668,6,13
10670,9,13
10671,21,13
10672,18,13
10673,18,13
10674,7,13
10675,22,13
10676,18,13
10678,15,13
10682,29,13
10684,23,13
10685,24,13
10688,23,13
10689,24,13
10690,23,13
10693,1,13
10694,22,13
10696,1,13
10697,22,13
10698,25,13
10700,1,13
10706,1,13
10708,2,13
10710,22,13
10713,1,13
10717,23,13
10720,24,13
10723,13,13
10724,24,13
10727,21,13
10730,17,13
10732,28,13
10733,5,13
10734,1,13
10735,25,13
10740,1,13
10741,1,13
10742,1,13
10743,25,13
10744,2,13
10746,7,13
10753,17,13
10755,7,13
10757,23,13
10758,5,13
10759,4,13
10761,24,13
10762,23,13
10765,5,13
10766,18,13
10767,23,13
10772,23,13
10774,19,13
10776,24,13
10777,19,13
10779,5,13
10783,25,13
10784,28,13
10787,13,13
10788,24,13
10791,4,13
10792,19,13
10793,14,13
10801,12,13
10802,23,13
10803,9,13
10804,23,13
10809,0,13
10810,10,13
10811,10,13
10812,17,13
10813,17,13
10815,2,13
10817,6,13
10820,18,13
10821,9,13
10823,10,13
10824,29,13
10825,30,13
10829,5,13
10831,2,13
10833,22,13
10835,25,13
10837,7,13
10838,25,13
10840,5,13
10841,27,13
10843,17,13
10848,28,13
10849,22,13
10850,22,13
10852,14,13
10853,10,13
10854,22,13
10855,24,13
10858,17,13
10859,10,13
10867,14,13
10869,16,13
10870,16,13
10871,22,13
10874,16,13
10876,16,13
10877,22,13
10880,30,13
10881,5,13
10882,3,13
10883,5,13
10885,3,13
10887,30,13
10888,2,13
10889,9,13
10893,7,13
10894,19,13
10897,28,13
10898,30,13
10899,7,13
10900,9,13
10901,25,13
10902,7,13
10903,9,13
10904,22,13
10905,7,13
10907,3,13
10912,5,13
10915,0,13
10917,1,13
10918,25,13
10919,7,13
10921,5,13
10923,3,13
10925,18,13
10926,7,13
10927,7,13
10930,17,13
10936,7,13
10941,2,13
10942,10,13
10945,17,13
10946,3,13
10947,12,13
10948,7,13
10949,17,13
10950,12,13
10953,28,13
10955,2,13
10958,4,13
10959,11,13
10961,14,13
10962,21,13
10963,19,13
10968,19,13
10969,30,13
10970,4,13
10972,17,13
10978,11,13
10979,5,13
10980,9,13
10981,30,13
10982,18,13
10984,4,13
10986,9,13
10989,9,13
10990,10,13
10992,30,13
10993,2,13
10996,7,13
10997,7,13
10999,7,13
11000,18,13
11003,27,13
11006,4,13
11008,7,13
11010,17,13
11011,21,13
11013,6,13
11014,4,13
11016,11,13
11019,24,13
11021,5,13
11024,18,13
11028,9,13
11030,7,13
11032,19,13
11035,4,13
11037,30,13
11038,14,13
11040,21,13
11041,12,13
11042,22,13
11043,11,13
11045,3,13
11047,24,13
11048,24,13
11050,22,13
11051,7,13
11052,14,13
11053,3,13
11056,4,13
11060,2,13
11061,31,13
11062,31,13
11065,31,13
11067,31,13
11069,31,13
11071,27,13
11072,31,13
11074,31,13
11076,31,13
11077,6,13
11078,4,13
11080,15,13
11081,7,13
11082,9,13
11083,6,13
11084,0,13
11086,11,13
11088,19,13
11089,22,13
11090,27,13
11092,18,13
11096,31,13
11097,13,13
11098,19,13
11099,27,13
11102,28,13
11103,9,13
11113,27,13
11114,13,13
11115,6,13
11118,28,13
11119,6,13
11121,4,13
11124,4,13
11125,18,13
11126,31,13
11128,18,13
11129,3,13
11131,4,13
11133,18,13
11134,18,13
11141,27,13
11142,24,13
11144,6,13
11145,0,13
11146,27,13
11147,28,13
11149,7,13
11150,8,13
11152,27,13
11153,27,13
11155,7,13
11159,27,13
11165,7,13
11168,7,13
11169,27,13
11172,16,13
11175,22,13
11177,25,13
11181,18,13
11186,10,13
11188,15,13
11189,9,13
11192,5,13
11193,10,13
11197,14,13
11199,9,13
11200,18,13
11201,24,13
11208,24,13
11209,13,13
11210,10,13
11212,18,13
11222,10,13
11224,22,13
11228,12,13
11234,16,13
11235,16,13
11236,16,13
11237,16,13
11239,16,13
11241,16,13
11245,14,13
11247,21,13
11248,12,13
11250,7,13
11253,13,13
11256,28,13
11257,14,13
11259,21,13
11261,3,13
11262,12,13
11265,31,13
11269,14,13
11270,16,13
11272,21,13
11275,22,13
11276,9,13
11280,31,13
11281,12,13
11285,2,13
11287,31,13
11288,5,13
11293,28,13
11295,14,13
11296,21,13
11298,5,13
11299,18,13
11306,5,13
11307,5,13
11310,10,13
11312,31,13
11313,31,13
11316,9,13
11317,8,13
11321,13,13
11327,27,13
11331,27,13
11335,2,13
11336,6,13
11337,10,13
11342,13,13
11343,13,13
11348,9,13
11359,8,13
11361,9,13
11362,8,13
11363,0,13
11364,7,13
11365,20,13
11368,0,13
11370,13,13
11371,5,13
11372,24,13
11373,1,13
11374,20,13
11375,22,13
11376,1,13
11378,13,13
11379,13,13
11380,7,13
11383,28,13
11384,28,13
11385,17,13
11386,8,13
11387,1,13
11392,28,13
11393,22,13
11396,7,13
11400,3,13
11401,28,13
11402,30,13
11404,0,13
11405,0,13
11407,20,13
11409,12,13
11413,3,13
11417,26,13
11418,16,13
11420,18,13
11421,7,13
11424,12,13
11425,16,13
11428,13,13
11429,29,13
11432,17,13
11435,25,13
11436,25,13
11445,2,13
11446,29,13
11449,17,13
11451,17,13
11453,17,13
11454,10,13
11455,9,13
11458,9,13
11459,19,13
11461,5,13
11464,13,13
11466,16,13
11468,14,13
11469,4,13
11471,14,13
11477,15,13
11478,20,13
11479,2,13
11482,20,13
11483,20,13
11484,16,13
11486,16,13
11487,14,13
11488,29,13
11490,4,13
11491,18,13
11493,11,13
11494,11,13
11495,14,13
11496,21,13
11497,9,13
11499,20,13
11500,17,13
11501,22,13
11504,16,13
11505,5,13
11507,25,13
11508,29,13
11511,3,13
11512,4,13
11514,10,13
11515,12,13
11518,21,13
11520,2,13
11521,22,13
11524,4,13
11525,17,13
11527,2,13
11529,14,13
11530,28,13
11533,5,13
11535,9,13
11538,16,13
11540,20,13
11541,5,13
11542,4,13
11546,14,13
11547,21,13
11548,18,13
11550,2,13
11553,12,13
11554,4,13
11557,14,13
11558,21,13
11562,13,13
11566,5,13
11567,28,13
11570,13,13
11572,14,13
11576,12,13
11578,21,13
11579,28,13
11581,13,13
11582,22,13
11583,9,13
11585,5,13
11587,24,13
11588,4,13
11589,28,13
11591,16,13
11594,5,13
11597,2,13
11599,14,13
11601,5,13
11604,5,13
11605,25,13
11607,22,13
11608,22,13
11610,22,13
11614,9,13
11615,22,13
11616,5,13
11617,9,13
11619,25,13
11622,25,13
11623,22,13
11625,28,13
11626,2,13
11627,2,13
11632,21,13
11633,22,13
11634,2,13
11636,0,13
11639,25,13
11642,5,13
11643,2,13
11644,5,13
11645,5,13
11647,5,13
11649,14,13
11650,2,13
11652,22,13
11657,10,13
11658,2,13
11659,22,13
11661,22,13
11665,12,13
11666,14,13
11667,24,13
11668,19,13
11670,5,13
11671,4,13
11673,30,13
11678,14,13
11680,18,13
11681,24,13
11685,28,13
11686,14,13
11687,21,13
11689,13,13
11691,9,13
11692,2,13
11699,12,13
11700,21,13
11701,9,13
11702,22,13
11705,14,13
11707,3,13
11708,14,13
11710,27,13
11711,27,13
11712,7,13
11713,16,13
11714,22,13
11716,9,13
11719,6,13
11720,21,13
11723,9,13
11724,28,13
11725,20,13
11727,14,13
11728,3,13
11729,10,13
11730,4,13
11732,14,13
11733,21,13
11734,12,13
11735,28,13
11737,29,13
11742,28,13
11744,21,13
11746,6,13
11747,14,13
11749,17,13
11750,31,13
11751,15,13
11753,10,13
11754,5,13
11756,30,13
11757,2,13
11758,23,13
11759,30,13
11761,18,13
11762,27,13
11763,9,13
11764,0,13
11765,0,13
11771,20,13
11773,28,13
11776,8,13
11777,8,13
11778,8,13
11779,16,13
11782,18,13
11784,9,13
11786,2,13
11787,27,13
11789,27,13
11790,27,13
11791,27,13
11792,27,13
11793,27,13
11794,28,13
11796,27,13
11798,27,13
11799,16,13
11800,27,13
11803,24,13
11806,7,13
11812,18,13
11813,5,13
11815,15,13
11816,5,13
11818,10,13
11820,27,13
11821,8,13
11822,15,13
11823,5,13
11824,3,13
11827,27,13
11832,25,13
11833,28,13
11834,9,13
11835,11,13
11836,11,13
11838,11,13
11839,30,13
11841,11,13
11846,13,13
11847,2,13
11848,2,13
11852,2,13
11854,17,13
11855,17,13
11856,25,13
11860,4,13
11861,24,13
11863,6,13
11866,14,13
11867,21,13
11868,22,13
11872,9,13
11873,28,13
11875,5,13
11876,9,13
11877,7,13
11878,22,13
11886,7,13
11887,14,13
11888,4,13
11890,9,13
11893,14,13
11894,11,13
11895,30,13
11896,9,13
11897,30,13
11898,30,13
11902,5,13
11903,5,13
11904,4,13
11906,11,13
11909,14,13
11910,11,13
11911,25,13
11912,28,13
11914,22,13
11915,16,13
11916,14,13
11919,30,13
11921,17,13
11922,6,13
11923,22,13
11925,23,13
11926,4,13
11927,14,13
11930,24,13
11931,6,13
11933,14,13
11934,21,13
11940,24,13
11941,14,13
11942,21,13
11943,22,13
11946,18,13
11947,17,13
11948,18,13
11949,2,13
11951,15,13
11956,17,13
11958,20,13
11959,4,13
11960,29,13
11961,29,13
11965,14,13
11966,24,13
11967,14,13
11968,21,13
11970,3,13
11972,6,13
11976,17,13
11977,29,13
11978,9,13
11979,4,13
11980,24,13
11982,28,13
11983,14,13
11985,21,13
11986,0,13
11987,30,13
11988,5,13
11993,3,13
11995,29,13
12000,11,13
12001,0,13
12004,28,13
12005,9,13
12007,29,13
12009,6,13
12019,18,13
12024,20,13
12030,4,13
12033,30,13
12035,21,13
12036,7,13
12037,23,13
12038,6,13
12040,10,13
12042,2,13
12044,12,13
12046,24,13
12047,24,13
12048,24,13
12049,4,13
12051,4,13
12052,14,13
12053,21,13
12060,2,13
12063,5,13
12064,5,13
12065,4,13
12066,24,13
12067,30,13
12070,22,13
12071,6,13
12073,3,13
12074,3,13
12075,0,13
12077,3,13
12078,22,13
12079,13,13
12080,3,13
12081,12,13
12082,29,13
12083,29,13
12085,15,13
12088,13,13
12090,15,13
12091,13,13
12102,3,13
12103,17,13
12106,20,13
12107,28,13
12110,7,13
12111,6,13
12114,6,13
12116,24,13
12119,29,13
12123,0,13
12125,21,13
12127,0,13
12131,6,13
12132,11,13
12136,14,13
12139,24,13
12140,30,13
12141,14,13
12142,21,13
12143,11,13
12144,18,13
12147,18,13
12148,31,13
12153,13,13
12154,19,13
12156,31,13
12159,31,13
12160,5,13
12162,31,13
12163,31,13
12165,31,13
12166,19,13
12169,6,13
12172,0,13
12173,13,13
12174,3,13
12176,27,13
12179,19,13
12181,19,13
12184,2,13
12186,9,13
12187,18,13
12189,27,13
12195,13,13
12200,11,13
12203,19,13
12212,11,13
12214,28,13
12215,27,13
12216,27,13
12222,27,13
12223,18,13
12225,27,13
12229,10,13
12233,8,13
12234,7,13
12235,7,13
12238,12,13
12240,7,13
12241,8,13
12243,5,13
12244,28,13
12246,22,13
12248,5,13
12250,28,13
12252,24,13
12255,28,13
12256,28,13
12257,2,13
12258,17,13
12260,17,13
12261,23,13
12262,9,13
12263,22,13
12265,22,13
12266,22,13
12267,9,13
12269,3,13
12273,7,13
12274,22,13
12275,18,13
12276,9,13
12277,16,13
12278,2,13
12282,4,13
12283,11,13
12284,9,13
12285,10,13
12290,1,13
12293,29,13
12294,9,13
12295,7,13
12296,17,13
12298,20,13
12301,30,13
12302,22,13
12307,15,13
12308,14,13
12309,3,13
12310,0,13
12311,28,13
12312,2,13
12314,15,13
12316,6,13
12319,11,13
12320,19,13
12321,19,13
12322,18,13
12325,4,13
12327,9,13
12330,13,13
12331,3,13
12334,18,13
12335,2,13
12339,7,13
12341,27,13
12345,2,13
12346,30,13
12347,18,13
12348,1,13
12351,18,13
12353,5,13
12354,3,13
12355,7,13
12357,0,13
12358,18,13
12362,12,13
12364,10,13
12367,22,13
12368,22,13
12371,22,13
12373,3,13
12375,15,13
12376,14,13
12378,5,13
12381,6,13
12382,19,13
12383,11,13
12385,6,13
12386,11,13
12387,13,13
12388,12,13
12389,4,13
12393,6,13
12395,3,13
12396,7,13
12399,15,13
12400,27,13
12401,27,13
12403,15,13
12406,18,13
12407,11,13
12408,3,13
12409,7,13
12414,11,13
12418,11,13
12421,11,13
12422,19,13
12423,4,13
12424,18,13
12426,18,13
12428,28,13
12429,14,13
12430,21,13
12431,10,13
12432,2,13
12433,18,13
12435,29,13
12436,4,13
12439,27,13
12440,5,13
12443,27,13
12445,3,13
12447,18,13
12448,18,13
12450,19,13
12452,11,13
12455,11,13
12456,6,13
12457,18,13
12462,18,13
12465,24,13
12469,18,13
12471,31,13
12472,4,13
12474,31,13
12475,19,13
12476,17,13
12477,2,13
12478,10,13
12479,17,13
12480,7,13
12481,11,13
12482,19,13
12484,11,13
12486,4,13
12487,6,13
12488,11,13
12489,4,13
12490,6,13
12492,18,13
12495,18,13
12496,19,13
12498,11,13
12499,6,13
12503,18,13
12504,6,13
12506,5,13
12508,19,13
12510,5,13
12511,11,13
12514,3,13
12518,27,13
12520,20,13
12522,31,13
12523,5,13
12524,12,13
12526,13,13
12527,4,13
12528,4,13
12529,19,13
12530,19,13
12532,4,13
12533,9,13
12535,2,13
12539,27,13
12541,27,13
12542,11,13
12543,27,13
12544,27,13
12545,0,13
12547,28,13
12548,7,13
12551,19,13
12553,18,13
12555,31,13
12557,22,13
12558,6,13
12560,2,13
12562,18,13
12566,4,13
12570,9,13
12574,18,13
12575,11,13
12576,4,13
12577,4,13
12579,31,13
12580,18,13
12581,27,13
12582,8,13
12584,19,13
12585,27,13
12586,11,13
12590,8,13
12592,27,13
12593,27,13
12594,27,13
12596,15,13
12597,27,13
12599,27,13
12600,27,13
12601,4,13
12603,28,13
12604,4,13
12606,27,13
12608,15,13
12610,10,13
12611,14,13
12613,4,13
12616,4,13
12617,4,13
12618,4,13
12619,9,13
12621,19,13
12622,18,13
12623,8,13
12627,27,13
12628,27,13
12630,27,13
12633,19,13
12634,19,13
12635,19,13
12639,27,13
12640,27,13
12641,4,13
12642,4,13
12643,11,13
12645,11,13
12646,4,13
12649,0,13
12650,27,13
12652,27,13
12653,27,13
12655,9,13
12656,27,13
12658,14,13
12659,0,13
12662,28,13
12667,0,13
12668,7,13
12670,27,13
12672,27,13
12677,27,13
12678,7,13
12680,22,13
12681,18,13
12682,29,13
12684,11,13
12687,7,13
12689,19,13
12690,27,13
12691,27,13
12692,19,13
12694,13,13
12695,18,13
12701,27,13
12702,27,13
12707,7,13
12708,0,13
12709,12,13
12711,27,13
12714,24,13
12717,18,13
12718,27,13
12723,27,13
12724,15,13
12725,22,13
12727,27,13
12728,18,13
12731,27,13
12732,7,13
12733,7,13
12734,27,13
12739,27,13
12743,27,13
12745,27,13
12749,16,13
12750,12,13
12751,13,13
12752,27,13
12753,18,13
12757,27,13
12758,27,13
12760,2,13
12761,7,13
12769,27,13
12772,14,13
12774,3,13
12775,24,13
12779,10,13
12783,22,13
12784,27,13
12786,19,13
12788,22,13
12789,27,13
12790,5,13
12791,2,13
12792,27,13
12794,24,13
12796,18,13
12797,5,13
12799,28,13
12800,16,13
12801,19,13
12802,16,13
12804,4,13
12806,18,13
12807,22,13
12808,18,13
12811,3,13
12814,22,13
12820,27,13
12824,27,13
12825,18,13
12826,27,13
12827,10,13
12829,19,13
12830,19,13
12831,7,13
12837,27,13
12840,27,13
12844,27,13
12845,7,13
12847,19,13
12848,4,13
12852,11,13
12853,19,13
12858,27,13
12862,19,13
12868,4,13
12871,27,13
12878,4,13
12883,19,13
12885,22,13
12887,27,13
12889,27,13
12890,13,13
12892,10,13
12894,18,13
12895,13,13
12896,2,13
12897,27,13
12898,5,13
12899,27,13
12900,11,13
12902,27,13
12908,1,13
12909,5,13
12912,13,13
12913,23,13
12925,23,13
12928,23,13
12931,20,13
12932,9,13
12933,13,13
12934,4,13
12936,14,13
12942,4,13
12944,24,13
12945,14,13
12946,24,13
12948,19,13
12950,14,13
12951,11,13
12954,12,13
12955,24,13
12956,18,13
12957,24,13
12958,24,13
12959,19,13
12961,1,13
12962,22,13
12964,1,13
12966,24,13
12967,16,13
12969,1,13
12970,1,13
12972,24,13
12977,1,13
12978,1,13
12981,24,13
12982,19,13
12983,24,13
12986,29,13
12990,6,13
12993,24,13
12994,4,13
12995,19,13
12997,13,13
12998,14,13
13001,23,13
13002,14,13
13004,29,13
13005,16,13
13006,10,13
13007,28,13
13009,24,13
13010,23,13
13013,28,13
13017,29,13
13019,22,13
13022,4,13
13023,24,13
13024,14,13
13027,2,13
13032,24,13
13033,21,13
13036,15,13
13037,15,13
13038,1,13
13039,14,13
13041,4,13
13043,14,13
13044,21,13
13047,5,13
13048,30,13
13051,0,13
13053,4,13
13055,14,13
13058,10,13
13067,4,13
13069,14,13
13072,12,13
13073,22,13
13075,24,13
13076,24,13
13077,22,13
13080,27,13
13081,28,13
13082,9,13
13083,24,13
13085,24,13
13086,24,13
13087,9,13
13089,17,13
13090,19,13
13093,14,13
13094,7,13
13098,9,13
13099,14,13
13108,0,13
13109,19,13
13110,4,13
13113,18,13
13114,19,13
13119,16,13
13121,10,13
13122,20,13
13124,4,13
13125,24,13
13126,17,13
13129,4,13
13130,24,13
13131,10,13
13132,17,13
13134,24,13
13135,7,13
13136,4,13
13137,30,13
13141,17,13
13143,24,13
13145,4,13
13147,4,13
13148,17,13
13150,24,13
13151,17,13
13152,7,13
13154,4,13
13158,7,13
13159,2,13
13164,24,13
13165,4,13
13166,24,13
13168,24,13
13171,27,13
13175,10,13
13178,7,13
13179,7,13
13183,7,13
13184,17,13
13187,3,13
13190,11,13
13191,3,13
13195,17,13
13197,15,13
13198,17,13
13202,15,13
13203,18,13
13205,12,13
13206,9,13
13207,5,13
13208,5,13
13211,10,13
13212,17,13
13215,12,13
13216,0,13
13221,5,13
13228,24,13
13232,24,13
13235,12,13
13238,2,13
13240,22,13
13242,24,13
13244,7,13
13245,25,13
13247,11,13
13249,28,13
13250,22,13
13252,25,13
13253,1,13
13254,18,13
13257,7,13
13258,25,13
13260,11,13
13263,24,13
13267,7,13
13270,25,13
13274,28,13
13278,22,13
13279,12,13
13282,21,13
13287,19,13
13289,29,13
13290,19,13
13291,9,13
13294,2,13
13295,18,13
13296,0,13
13297,2,13
13301,22,13
13304,9,13
13308,3,13
13309,4,13
13312,24,13
13314,7,13
13316,30,13
13318,5,13
13320,9,13
13321,29,13
13323,29,13
13325,10,13
13326,9,13
13327,17,13
13330,0,13
13337,2,13
13340,17,13
13342,29,13
13343,29,13
13344,4,13
13345,14,13
13352,6,13
13355,9,13
13358,3,13
13359,7,13
13361,18,13
13363,7,13
13364,2,13
13367,3,13
13370,7,13
13371,17,13
13373,19,13
13375,22,13
13378,16,13
13379,18,13
13380,18,13
13387,14,13
13388,21,13
13389,6,13
13391,20,13
13393,19,13
13396,6,13
13398,6,13
13399,20,13
13400,3,13
13401,2,13
13402,3,13
13404,3,13
13407,18,13
13408,18,13
13411,9,13
13413,4,13
13415,21,13
13420,2,13
13422,0,13
13424,15,13
13425,7,13
13426,2,13
13431,2,13
13433,0,13
13434,17,13
13436,18,13
13437,10,13
13438,20,13
13439,4,13
13441,21,13
13442,15,13
13443,12,13
13446,10,13
13447,5,13
13451,12,13
13452,6,13
13458,14,13
13459,21,13
13461,10,13
13464,1,13
13465,7,13
13466,4,13
13468,14,13
13469,21,13
13471,22,13
13474,11,13
13476,16,13
13477,15,13
13479,11,13
13480,7,13
13481,2,13
13482,24,13
13484,12,13
13486,25,13
13491,28,13
13492,2,13
13495,29,13
13497,29,13
13498,2,13
13504,28,13
13505,20,13
13506,0,13
13509,0,13
13511,9,13
13512,0,13
13516,17,13
13517,2,13
13519,28,13
13521,12,13
13523,30,13
13524,17,13
13525,15,13
13526,3,13
13529,13,13
13530,27,13
13534,17,13
13535,0,13
13540,15,13
13542,17,13
13547,17,13
13548,3,13
13551,1,13
13552,13,13
13556,24,13
13557,10,13
13558,12,13
13559,13,13
13560,3,13
13561,18,13
13563,9,13
13564,0,13
13567,13,13
13568,17,13
13572,13,13
13575,13,13
13577,1,13
13579,20,13
13581,10,13
13585,3,13
13586,13,13
13588,3,13
13592,3,13
13593,7,13
13596,23,13
13597,2,13
13599,9,13
13600,15,13
13605,15,13
13609,23,13
13611,24,13
13614,19,13
13618,0,13
13619,11,13
13620,7,13
13622,7,13
13623,7,13
13624,22,13
13625,7,13
13626,23,13
13630,7,13
13631,15,13
13634,1,13
13636,3,13
13641,27,13
13642,17,13
13643,18,13
13644,15,13
13645,22,13
13647,7,13
13649,1,13
13650,19,13
13651,1,13
13653,3,13
13655,26,13
13658,27,13
13659,24,13
13661,15,13
13662,13,13
13664,16,13
13667,7,13
13670,28,13
13671,3,13
13674,3,13
13675,27,13
13676,3,13
13678,16,13
13681,29,13
13683,27,13
13684,27,13
13685,3,13
13688,7,13
13694,27,13
13695,5,13
13697,3,13
13701,27,13
13702,27,13
13705,16,13
13709,15,13
13710,9,13
13711,3,13
13712,15,13
13715,17,13
13716,7,13
13717,12,13
13719,28,13
13721,16,13
13722,16,13
13723,27,13
13724,3,13
13726,28,13
13734,28,13
13735,27,13
13737,22,13
13738,27,13
13741,13,13
13742,17,13
13744,16,13
13745,27,13
13748,9,13
13751,22,13
13752,28,13
13756,27,13
13757,7,13
13759,27,13
13765,3,13
13768,27,13
13770,27,13
13773,27,13
13774,19,13
13775,27,13
13778,27,13
13779,28,13
13781,27,13
13787,13,13
13788,13,13
13791,6,13
13793,5,13
13797,12,13
13799,5,13
13800,3,13
13801,12,13
13802,25,13
13804,24,13
13809,18,13
13810,11,13
13811,20,13
13812,25,13
13813,25,13
13814,25,13
13815,20,13
13816,18,13
13817,4,13
13818,18,13
13819,20,13
13821,25,13
13822,25,13
13824,6,13
13826,14,13
13828,30,13
13835,27,13
13836,15,13
13838,28,13
13839,28,13
13840,2,13
13842,21,13
13845,30,13
13848,30,13
13852,20,13
13853,7,13
13856,7,13
13858,19,13
13863,4,13
13864,14,13
13865,5,13
13868,28,13
13873,9,13
13876,17,13
13879,14,13
13881,22,13
13883,1,13
13884,9,13
13888,1,13
13889,30,13
13892,11,13
13895,30,13
13896,5,13
13897,1,13
13899,10,13
13902,1,13
13903,5,13
13904,29,13
13905,13,13
13906,26,13
13911,19,13
13912,2,13
13914,1,13
13915,22,13
13922,1,13
13923,1,13
13924,2,13
13925,13,13
13927,1,13
13928,5,13
13929,9,13
13930,23,13
13931,13,13
13932,12,13
13933,18,13
13935,1,13
13938,1,13
13939,22,13
13940,22,13
13941,1,13
13942,4,13
13943,5,13
13945,21,13
13946,1,13
13948,15,13
13949,9,13
13951,22,13
13953,1,13
13954,1,13
13955,24,13
13956,0,13
13957,30,13
13958,0,13
13959,1,13
13961,1,13
13962,22,13
13964,9,13
13966,22,13
13968,4,13
13969,6,13
13970,24,13
13972,21,13
13973,5,13
13974,20,13
13976,9,13
13977,17,13
13980,17,13
13981,20,13
13983,1,13
13992,10,13
13993,1,13
13995,25,13
14000,9,13
14001,25,13
14004,5,13
14005,25,13
14006,25,13
14007,25,13
14009,29,13
14010,6,13
14013,18,13
14014,7,13
14018,4,13
14019,3,13
14023,25,13
14025,25,13
14029,12,13
14032,7,13
14033,1,13
14034,1,13
14036,29,13
14038,6,13
14041,2,13
14042,7,13
14043,7,13
14044,7,13
14046,25,13
14047,30,13
14049,23,13
14050,11,13
14051,6,13
14054,13,13
14061,7,13
14062,1,13
14064,2,13
14069,16,13
14070,24,13
14074,27,13
14076,0,13
14077,6,13
14081,17,13
14083,23,13
14084,7,13
14085,28,13
14086,28,13
14087,3,13
14090,7,13
14091,18,13
14094,17,13
14095,20,13
14097,28,13
14098,28,13
14104,14,13
14106,5,13
14107,30,13
14108,28,13
14109,30,13
14111,22,13
14112,9,13
14113,29,13
14114,27,13
14115,18,13
14117,0,13
14119,0,13
14120,20,13
14121,28,13
14124,7,13
14127,0,13
14128,22,13
14129,19,13
14131,18,13
14132,30,13
14136,28,13
14137,18,13
14139,11,13
14140,9,13
14142,18,13
14144,11,13
14145,0,13
14146,14,13
14148,21,13
14149,31,13
14151,11,13
14152,2,13
14154,9,13
14157,10,13
14158,11,13
14159,4,13
14161,28,13
14162,6,13
14164,21,13
14165,30,13
14167,18,13
14168,30,13
14169,27,13
14170,18,13
14173,9,13
14174,9,13
14180,31,13
14181,18,13
14182,9,13
14183,15,13
14185,31,13
14187,0,13
14188,4,13
14189,18,13
14192,31,13
14194,0,13
14195,0,13
14196,9,13
14200,0,13
14204,2,13
14208,0,13
14212,27,13
14215,9,13
14217,26,13
14218,26,13
14222,27,13
14224,26,13
14225,3,13
14228,26,13
14229,27,13
14230,19,13
14231,18,13
14233,11,13
14236,19,13
14237,27,13
14238,27,13
14240,5,13
14241,6,13
14243,19,13
14246,27,13
14247,18,13
14252,7,13
14253,0,13
14254,27,13
14258,10,13
14259,28,13
14261,11,13
14264,27,13
14267,3,13
14268,15,13
14273,7,13
14275,7,13
14276,7,13
14277,7,13
14278,7,13
14283,28,13
14286,28,13
14290,27,13
14293,5,13
14294,2,13
14295,29,13
14296,10,13
14297,6,13
14298,23,13
14300,3,13
14301,10,13
14302,23,13
14303,23,13
14304,0,13
14305,23,13
14310,20,13
14311,1,13
14313,0,13
14314,18,13
14315,9,13
14317,7,13
14320,16,13
14321,1,13
14326,15,13
14329,23,13
14330,3,13
14336,28,13
14338,9,13
14339,9,13
14340,28,13
14343,10,13
14344,0,13
14346,23,13
14347,0,13
14348,23,13
14354,10,13
14355,25,13
14359,28,13
14360,3,13
14361,6,13
14363,22,13
14364,11,13
14365,18,13
14366,23,13
14369,23,13
14370,23,13
14375,28,13
14377,27,13
14381,20,13
14383,0,13
14384,10,13
14386,0,13
14391,25,13
14392,10,13
14394,5,13
14395,14,13
14398,15,13
14399,28,13
14401,7,13
14402,18,13
14405,7,13
14406,23,13
14408,24,13
14409,14,13
14411,19,13
14415,23,13
14416,23,13
14419,22,13
14420,17,13
14421,23,13
14422,28,13
14423,16,13
14424,28,13
14427,27,13
14430,9,13
14431,28,13
14435,0,13
14437,19,13
14438,24,13
14441,19,13
14442,4,13
14445,21,13
14446,16,13
14447,23,13
14448,9,13
14452,23,13
14455,23,13
14458,1,13
14459,7,13
14461,23,13
14463,23,13
14467,23,13
14468,23,13
14471,23,13
14473,10,13
14474,7,13
14475,6,13
14477,10,13
14479,28,13
14483,23,13
14485,30,13
14486,30,13
14487,6,13
14488,6,13
14490,14,13
14491,21,13
14492,24,13
14493,23,13
14494,24,13
14495,5,13
14496,12,13
14499,27,13
14500,7,13
14502,23,13
14503,2,13
14504,14,13
14510,13,13
14511,12,13
14512,15,13
14513,9,13
14514,23,13
14516,14,13
14518,14,13
14519,23,13
14521,23,13
14522,9,13
14523,6,13
14524,23,13
14527,28,13
14528,24,13
14529,23,13
14531,5,13
14534,28,13
14535,14,13
14536,21,13
14541,3,13
14543,16,13
14544,30,13
14545,28,13
14552,18,13
14554,0,13
14555,19,13
14556,28,13
14561,10,13
14562,23,13
14564,7,13
14565,29,13
14569,3,13
14572,23,13
14573,23,13
14575,29,13
14576,29,13
14579,10,13
14583,30,13
14592,23,13
14593,28,13
14594,6,13
14595,5,13
14599,27,13
14600,2,13
14603,24,13
14604,15,13
14606,23,13
14607,23,13
14608,23,13
14609,19,13
14611,10,13
14613,2,13
14614,7,13
14615,9,13
14617,14,13
14619,22,13
14622,2,13
14623,28,13
14624,5,13
14625,15,13
14630,9,13
14634,27,13
14636,24,13
14637,2,13
14638,14,13
14640,23,13
14643,2,13
14644,7,13
14649,15,13
14651,11,13
14653,23,13
14654,7,13
14655,7,13
14657,0,13
14660,24,13
14663,18,13
14664,23,13
14667,10,13
14668,13,13
14670,5,13
14672,5,13
14673,18,13
14675,5,13
14680,11,13
14682,19,13
14689,0,13
14696,23,13
14697,15,13
14701,19,13
14704,23,13
14707,3,13
14710,28,13
14711,23,13
14712,3,13
14713,4,13
14717,7,13
14720,18,13
14721,3,13
14723,23,13
14724,1,13
14726,18,13
14727,5,13
14729,9,13
14730,18,13
14731,3,13
14733,19,13
14734,22,13
14736,16,13
14737,0,13
14740,0,13
14741,7,13
14752,18,13
14753,11,13
14755,19,13
14757,19,13
14759,23,13
14762,23,13
14763,0,13
14766,15,13
14767,3,13
14768,22,13
14769,23,13
14771,24,13
14773,23,13
14775,5,13
14777,12,13
14778,7,13
14784,2,13
14785,23,13
14790,10,13
14791,13,13
14792,26,13
14793,22,13
14796,9,13
14797,0,13
14798,10,13
14801,28,13
14804,22,13
14805,28,13
14806,7,13
14808,28,13
14809,28,13
14811,7,13
14813,13,13
14815,17,13
14816,7,13
14818,28,13
14820,9,13
14824,7,13
14825,7,13
14827,12,13
14829,29,13
14830,22,13
14831,12,13
14832,23,13
14839,28,13
14841,16,13
14844,7,13
14845,7,13
14846,22,13
14848,15,13
14850,22,13
14851,17,13
14854,28,13
14856,22,13
14857,5,13
14858,2,13
14861,22,13
14863,12,13
14865,5,13
14868,17,13
14869,16,13
14871,22,13
14872,17,13
14875,9,13
14879,28,13
14881,28,13
14882,28,13
14883,25,13
14884,25,13
14885,25,13
14886,25,13
14888,7,13
14889,20,13
14893,25,13
14894,15,13
14895,28,13
14896,17,13
14899,27,13
14900,25,13
14902,4,13
14904,24,13
14906,2,13
14910,4,13
14911,24,13
14912,14,13
14913,25,13
14916,22,13
14917,7,13
14918,7,13
14920,18,13
14921,2,13
14926,11,13
14930,6,13
14933,6,13
14934,11,13
14936,5,13
14938,11,13
14942,11,13
14943,11,13
14944,6,13
14945,11,13
14946,11,13
14948,11,13
14949,11,13
14951,11,13
14952,29,13
14956,28,13
14957,15,13
14958,28,13
14960,9,13
14964,29,13
14965,22,13
14966,22,13
14967,4,13
14968,24,13
14969,7,13
14972,19,13
14976,22,13
14980,11,13
14981,11,13
14982,14,13
14983,21,13
14984,18,13
14986,18,13
14993,6,13
14994,14,13
14996,20,13
14998,4,13
15000,24,13
15001,14,13
15002,21,13
15004,7,13
15005,20,13
15006,0,13
15010,4,13
15012,14,13
15013,21,13
15016,22,13
15017,25,13
15019,24,13
15022,17,13
15023,17,13
15024,1,13
15026,3,13
15028,20,13
15030,18,13
15033,17,13
15035,12,13
15039,4,13
15041,14,13
15042,21,13
15044,25,13
15045,25,13
15047,12,13
15054,14,13
15056,28,13
15057,15,13
15061,22,13
15062,4,13
15067,5,13
15069,28,13
15071,28,13
15074,21,13
15075,4,13
15081,28,13
15083,17,13
15084,9,13
15085,9,13
15087,29,13
15093,17,13
15099,28,13
15101,13,13
15102,4,13
15108,2,13
15110,11,13
15112,0,13
15113,15,13
15114,31,13
15117,6,13
15118,19,13
15119,0,13
15122,0,13
15124,0,13
15125,0,13
15127,0,13
15129,31,13
15130,31,13
15131,31,13
15132,31,13
15134,9,13
15135,31,13
15137,31,13
15138,31,13
15139,2,13
15142,13,13
15143,0,13
15145,0,13
15146,9,13
15147,0,13
15148,18,13
15149,18,13
15152,0,13
15153,18,13
15155,8,13
15156,2,13
15157,12,13
15159,6,13
15163,11,13
15165,7,13
15170,10,13
15172,18,13
15176,8,13
15177,24,13
15179,24,13
15181,15,13
15182,20,13
15183,8,13
15184,16,13
15186,25,13
15189,30,13
15190,11,13
15191,30,13
15192,2,13
15194,25,13
15196,2,13
15197,25,13
15199,11,13
15200,6,13
15204,18,13
15206,7,13
15207,25,13
15208,25,13
15214,14,13
15215,21,13
15217,2,13
15219,16,13
15222,9,13
15226,2,13
15230,6,13
15235,26,13
15236,24,13
15237,11,13
15241,16,13
15242,6,13
15243,0,13
15244,6,13
15247,22,13
15249,20,13
15252,14,13
15253,6,13
15255,0,13
15257,28,13
15260,17,13
15262,20,13
15267,11,13
15268,14,13
15269,21,13
15272,28,13
15273,28,13
15274,13,13
15275,17,13
15276,13,13
15277,28,13
15278,18,13
15279,4,13
15280,24,13
15281,14,13
15283,0,13
15284,17,13
15286,13,13
15287,28,13
15288,2,13
15291,17,13
15292,10,13
15294,13,13
15296,28,13
15301,14,13
15302,13,13
15308,28,13
15310,16,13
15312,5,13
15315,7,13
15318,15,13
15320,2,13
15321,19,13
15323,11,13
15325,3,13
15331,17,13
15333,3,13
15334,3,13
15337,20,13
15340,17,13
15341,11,13
15342,30,13
15343,30,13
15346,17,13
15347,25,13
15348,6,13
15351,20,13
15354,2,13
15355,7,13
15356,3,13
15359,3,13
15363,9,13
15364,30,13
15365,3,13
15368,18,13
15370,18,13
15371,22,13
15374,17,13
15377,27,13
15381,24,13
15382,6,13
15384,9,13
15387,21,13
15388,11,13
15391,6,13
15392,5,13
15393,11,13
15394,0,13
15397,2,13
15399,9,13
15403,18,13
15404,0,13
15410,3,13
15415,18,13
15420,18,13
15423,20,13
15424,2,13
15425,9,13
15429,7,13
15433,11,13
15435,14,13
15440,18,13
15441,3,13
15442,3,13
15443,16,13
15444,2,13
15446,3,13
15447,3,13
15448,7,13
15450,17,13
15460,3,13
15462,3,13
15463,7,13
15464,9,13
15465,3,13
15466,30,13
15469,3,13
15470,18,13
15471,22,13
15472,11,13
15474,24,13
15476,11,13
15477,14,13
15478,29,13
15480,18,13
15482,3,13
15483,18,13
15484,15,13
15486,10,13
15488,3,13
15490,2,13
15492,18,13
15495,5,13
15496,22,13
15497,11,13
15499,24,13
15501,21,13
15502,10,13
15506,3,13
15509,29,13
15513,25,13
15514,9,13
15517,29,13
15518,11,13
15519,25,13
15520,4,13
15521,24,13
15525,21,13
15527,30,13
15528,3,13
15530,9,13
15531,9,13
15532,24,13
15533,30,13
15536,1,13
15537,15,13
15538,28,13
15539,18,13
15541,2,13
15543,15,13
15545,6,13
15547,9,13
15548,17,13
15550,3,13
15551,3,13
15557,20,13
15560,6,13
15561,24,13
15562,12,13
15564,9,13
15570,30,13
15571,5,13
15572,22,13
15575,15,13
15576,11,13
15578,24,13
15579,7,13
15580,14,13
15585,2,13
15587,17,13
15593,13,13
15595,11,13
15597,27,13
15598,11,13
15599,30,13
15602,25,13
15603,24,13
15606,5,13
15607,10,13
15608,3,13
15610,1,13
15612,25,13
15613,22,13
15614,25,13
15617,24,13
15618,14,13
15621,22,13
15623,25,13
15625,5,13
15626,5,13
15632,28,13
15633,12,13
15635,30,13
15639,6,13
15644,31,13
15647,19,13
15651,16,13
15654,7,13
15655,27,13
15662,0,13
15663,0,13
15664,3,13
15666,18,13
15669,27,13
15671,27,13
15672,9,13
15673,7,13
15677,4,13
15678,4,13
15679,3,13
15680,8,13
15681,28,13
15682,3,13
15683,19,13
15686,13,13
15687,27,13
15691,9,13
15692,9,13
15693,9,13
15694,6,13
15695,27,13
15697,31,13
15699,27,13
15702,22,13
15703,27,13
15709,8,13
15710,29,13
15711,22,13
15713,9,13
15714,30,13
15715,25,13
15717,17,13
15719,25,13
15720,25,13
15721,25,13
15722,25,13
15723,13,13
15724,25,13
15725,25,13
15726,25,13
15727,25,13
15731,25,13
15736,2,13
15741,3,13
15742,25,13
15743,20,13
15744,7,13
15745,7,13
15746,25,13
15750,25,13
15752,2,13
15753,25,13
15755,7,13
15756,25,13
15757,2,13
15759,25,13
15760,25,13
15761,3,13
15763,25,13
15766,15,13
15767,25,13
15769,7,13
15774,25,13
15776,20,13
15777,7,13
15780,2,13
15781,15,13
15785,12,13
15786,10,13
15790,23,13
15794,24,13
15796,2,13
15798,28,13
15799,15,13
15803,7,13
15806,25,13
15807,25,13
15808,25,13
15809,25,13
15811,25,13
15812,25,13
15814,25,13
15815,25,13
15818,25,13
15820,25,13
15821,25,13
15822,25,13
15824,7,13
15825,25,13
15826,25,13
15827,7,13
15832,2,13
15833,17,13
15835,9,13
15837,15,13
15838,28,13
15841,28,13
15842,2,13
15844,15,13
15845,30,13
15849,2,13
15851,2,13
15854,17,13
15856,0,13
15862,9,13
15864,10,13
15865,18,13
15866,9,13
15869,24,13
15871,10,13
15872,20,13
15875,28,13
15878,2,13
15879,16,13
15880,7,13
15881,22,13
15883,7,13
15884,28,13
15885,28,13
15886,7,13
15887,3,13
15888,3,13
15889,15,13
15891,29,13
15894,17,13
15895,9,13
15897,2,13
15898,25,13
15901,7,13
15902,28,13
15906,25,13
15910,25,13
15911,16,13
15912,25,13
15913,25,13
15914,25,13
15918,9,13
15919,22,13
15922,18,13
15923,10,13
15924,20,13
15927,7,13
15936,16,13
15937,25,13
15938,7,13
15939,3,13
15940,9,13
15943,2,13
15944,16,13
15949,3,13
15951,2,13
15959,15,13
15961,11,13
15962,19,13
15965,24,13
15966,21,13
15967,15,13
15968,30,13
15969,18,13
15974,2,13
15975,3,13
15976,23,13
15978,17,13
15982,9,13
15983,3,13
15985,16,13
15988,15,13
15990,4,13
15991,29,13
15992,18,13
15996,10,13
15998,7,13
15999,7,13
16001,10,13
16002,2,13
16005,7,13
16008,2,13
16009,2,13
16013,2,13
16015,19,13
16016,25,13
16018,25,13
16019,11,13
16021,25,13
16022,25,13
16024,25,13
16028,16,13
16030,0,13
16033,25,13
16034,11,13
16038,18,13
16039,25,13
16042,25,13
16045,20,13
16046,24,13
16047,22,13
16048,14,13
16050,24,13
16051,7,13
16053,25,13
16054,7,13
16055,24,13
16060,14,13
16062,14,13
16063,24,13
16064,31,13
16068,1,13
16069,14,13
16070,1,13
16071,19,13
16072,7,13
16073,2,13
16074,19,13
16078,16,13
16079,25,13
16081,25,13
16083,30,13
16084,9,13
16085,23,13
16089,28,13
16093,29,13
16094,2,13
16095,6,13
16096,22,13
16097,6,13
16098,11,13
16100,10,13
16106,19,13
16107,6,13
16109,10,13
16111,11,13
16112,24,13
16113,4,13
16114,6,13
16115,18,13
16117,21,13
16123,13,13
16125,10,13
16126,30,13
16129,1,13
16130,9,13
16131,0,13
16132,23,13
16133,23,13
16136,0,13
16137,23,13
16141,23,13
16144,0,13
16152,11,13
16153,5,13
16156,10,13
16159,6,13
16160,6,13
16162,6,13
16164,19,13
16165,11,13
16166,11,13
16168,7,13
16170,6,13
16171,9,13
16172,11,13
16174,23,13
16177,23,13
16180,2,13
16183,23,13
16187,23,13
16188,23,13
16189,23,13
16194,18,13
16195,3,13
16196,23,13
16200,23,13
16203,23,13
16207,23,13
16210,0,13
16213,4,13
16215,24,13
16221,7,13
16222,1,13
16223,17,13
16224,7,13
16227,11,13
16229,4,13
16230,9,13
16231,24,13
16233,13,13
16234,14,13
16235,0,13
16240,10,13
16242,0,13
16243,23,13
16244,10,13
16245,10,13
16247,24,13
16248,0,13
16249,22,13
16251,10,13
16252,24,13
16253,23,13
16261,29,13
16264,19,13
16266,10,13
16269,29,13
16271,7,13
16273,4,13
16274,24,13
16275,11,13
16276,14,13
16278,11,13
16280,15,13
16284,23,13
16286,24,13
16287,24,13
16290,9,13
16293,13,13
16295,17,13
16299,28,13
16300,30,13
16301,9,13
16302,1,13
16305,24,13
16307,14,13
16310,20,13
16311,30,13
16314,18,13
16316,12,13
16317,10,13
16319,12,13
16320,24,13
16323,23,13
16324,24,13
16326,14,13
16327,21,13
16329,20,13
16330,29,13
16331,20,13
16332,20,13
16334,20,13
16336,23,13
16337,30,13
16338,10,13
16339,16,13
16340,23,13
16341,1,13
16342,20,13
16343,25,13
16344,2,13
16345,28,13
16346,23,13
16348,19,13
16349,24,13
16353,11,13
16354,14,13
16355,21,13
16356,20,13
16357,30,13
16358,15,13
16361,29,13
16366,28,13
16367,0,13
16368,0,13
16369,28,13
16370,20,13
16372,23,13
16373,1,13
16377,30,13
16379,18,13
16380,1,13
16381,1,13
16382,7,13
16383,20,13
16384,18,13
16386,1,13
16388,28,13
16392,1,13
16393,1,13
16394,17,13
16397,5,13
16398,28,13
16399,30,13
16400,10,13
16402,18,13
16404,19,13
16405,2,13
16407,30,13
16408,1,13
16409,5,13
16412,23,13
16413,20,13
16414,15,13
16419,23,13
16420,23,13
16421,1,13
16422,13,13
16423,20,13
16424,15,13
16425,18,13
16426,11,13
16430,23,13
16431,0,13
16434,15,13
16435,23,13
16437,26,13
16438,15,13
16440,28,13
16441,18,13
16443,10,13
16445,24,13
16446,14,13
16449,10,13
16451,18,13
16452,23,13
16454,23,13
16455,17,13
16457,10,13
16458,27,13
16460,10,13
16461,0,13
16463,6,13
16465,4,13
16467,21,13
16469,10,13
16474,10,13
16477,21,13
16483,3,13
16485,28,13
16487,7,13
16495,23,13
16496,20,13
16497,28,13
16499,28,13
16502,24,13
16503,28,13
16509,23,13
16510,1,13
16512,23,13
16513,3,13
16514,3,13
16516,23,13
16517,23,13
16520,18,13
16521,1,13
16522,0,13
16525,10,13
16526,1,13
16527,4,13
16528,1,13
16529,4,13
16530,28,13
16534,3,13
16536,19,13
16537,27,13
16539,4,13
16540,23,13
16541,20,13
16546,18,13
16547,23,13
16553,23,13
16554,1,13
16556,27,13
16557,23,13
16558,23,13
16567,22,13
16570,2,13
16572,4,13
16573,4,13
16577,18,13
16579,23,13
16580,23,13
16581,9,13
16584,23,13
16586,23,13
16591,19,13
16592,23,13
16594,13,13
16595,20,13
16596,6,13
16597,18,13
16598,13,13
16599,23,13
16602,28,13
16604,10,13
16606,19,13
16607,0,13
16612,10,13
16613,13,13
16615,3,13
16617,0,13
16618,7,13
16620,18,13
16622,5,13
16624,3,13
16625,18,13
16628,13,13
16629,4,13
16634,0,13
16635,31,13
16638,23,13
16644,11,13
16648,5,13
16649,13,13
16653,11,13
16654,19,13
16655,19,13
16656,18,13
16657,23,13
16658,5,13
16662,19,13
16666,11,13
16667,11,13
16669,18,13
16670,24,13
16671,11,13
16672,30,13
16675,7,13
16678,0,13
16680,31,13
16681,0,13
16686,18,13
16694,18,13
16695,15,13
16697,19,13
16698,10,13
16700,19,13
16701,2,13
16703,5,13
16706,0,13
16710,9,13
16716,1,13
16717,19,13
16718,0,13
16726,11,13
16727,23,13
16728,18,13
16730,23,13
16731,18,13
16735,4,13
16736,31,13
16739,27,13
16741,22,13
16743,10,13
16745,27,13
16747,27,13
16749,7,13
16750,27,13
16751,27,13
16752,13,13
16754,29,13
16755,29,13
16757,27,13
16758,27,13
16759,0,13
16763,17,13
16764,5,13
16765,1,13
16769,18,13
16770,8,13
16774,28,13
16776,28,13
16777,29,13
16778,0,13
16780,0,13
16782,16,13
16783,19,13
16784,23,13
16787,3,13
16788,28,13
16789,8,13
16790,3,13
16792,27,13
16794,16,13
16795,17,13
16796,27,13
16799,8,13
16800,4,13
16801,19,13
16803,27,13
16804,7,13
16805,16,13
16807,22,13
16808,22,13
16809,25,13
16810,25,13
16812,25,13
16813,25,13
16814,22,13
16815,16,13
16816,22,13
16817,16,13
16821,5,13
16822,22,13
16823,14,13
16824,22,13
16826,19,13
16828,22,13
16836,10,13
16837,0,13
16840,2,13
16841,12,13
16842,12,13
16844,22,13
16845,5,13
16846,5,13
16848,14,13
16849,9,13
16850,16,13
16851,22,13
16853,22,13
16861,16,13
16864,5,13
16866,10,13
16869,12,13
16870,2,13
16871,10,13
16873,2,13
16874,16,13
16879,6,13
16880,10,13
16883,16,13
16884,10,13
16885,22,13
16886,10,13
16887,7,13
16889,10,13
16890,22,13
16891,16,13
16895,16,13
16898,9,13
16902,9,13
16903,16,13
16904,0,13
16909,0,13
16910,19,13
16912,9,13
16913,22,13
16914,5,13
16916,25,13
16927,0,13
16929,5,13
16930,12,13
16931,16,13
16933,9,13
16935,19,13
16936,13,13
16946,9,13
16947,2,13
16948,2,13
16949,0,13
16950,14,13
16952,9,13
16954,0,13
16955,2,13
16957,5,13
16958,17,13
16962,19,13
16965,2,13
16969,12,13
16970,9,13
16971,5,13
16974,24,13
16976,1,13
16980,16,13
16981,10,13
16986,1,13
16987,30,13
16989,2,13
16990,14,13
16993,22,13
16996,2,13
17000,10,13
17001,16,13
17002,13,13
17003,2,13
17005,18,13
17009,13,13
17011,5,13
17012,22,13
17017,5,13
17020,2,13
17022,10,13
17026,30,13
17030,0,13
17033,28,13
17034,12,13
17035,18,13
17037,5,13
17041,16,13
17047,18,13
17049,24,13
17050,22,13
17051,10,13
17052,20,13
17053,10,13
17055,2,13
17056,16,13
17058,18,13
17062,22,13
17063,24,13
17064,5,13
17067,22,13
17068,28,13
17070,10,13
17075,10,13
17076,22,13
17078,24,13
17079,5,13
17080,18,13
17081,12,13
17082,12,13
17086,14,13
17088,5,13
17089,13,13
17090,10,13
17091,0,13
17092,0,13
17093,30,13
17095,24,13
17096,16,13
17097,5,13
17098,5,13
17099,10,13
17102,5,13
17104,5,13
17109,10,13
17113,2,13
17114,14,13
17115,16,13
17117,2,13
17119,5,13
17121,5,13
17122,24,13
17123,13,13
17124,13,13
17126,5,13
17128,10,13
17132,5,13
17133,12,13
17134,5,13
17136,13,13
17137,5,13
17141,5,13
17145,2,13
17146,5,13
17147,5,13
17148,28,13
17149,10,13
17150,18,13
17155,24,13
17160,16,13
17162,16,13
17163,2,13
17164,14,13
17166,16,13
17168,16,13
17169,16,13
17170,12,13
17172,16,13
17176,24,13
17179,14,13
17180,16,13
17181,16,13
17183,22,13
17188,2,13
17190,5,13
17195,19,13
17200,10,13
17201,2,13
17203,22,13
17208,5,13
17209,12,13
17210,14,13
17212,5,13
17213,2,13
17217,5,13
17219,28,13
17222,5,13
17224,30,13
17226,16,13
17231,5,13
17233,2,13
17236,19,13
17237,5,13
17240,15,13
17242,5,13
17244,14,13
17246,5,13
17247,10,13
17249,9,13
17250,2,13
17251,22,13
17252,12,13
17254,5,13
17262,5,13
17263,5,13
17264,9,13
17268,0,13
17271,5,13
17277,30,13
17278,5,13
17281,1,13
17282,25,13
17283,2,13
17284,9,13
17287,22,13
17289,10,13
17291,5,13
17292,16,13
17293,2,13
17294,5,13
17295,14,13
17296,12,13
17298,12,13
17299,22,13
17302,5,13
17303,12,13
17306,5,13
17307,10,13
17308,5,13
17311,14,13
17312,5,13
17313,16,13
17314,12,13
17315,24,13
17317,10,13
17318,12,13
17319,10,13
17320,5,13
17324,9,13
17326,5,13
17328,10,13
17329,10,13
17334,10,13
17337,5,13
17339,9,13
17342,1,13
17345,5,13
17346,5,13
17348,5,13
17350,17,13
17353,10,13
17354,10,13
17356,20,13
17359,12,13
17360,5,13
17361,5,13
17362,5,13
17364,2,13
17367,22,13
17370,5,13
17372,17,13
17376,20,13
17377,13,13
17380,2,13
17382,5,13
17385,10,13
17386,16,13
17389,0,13
17394,24,13
17395,14,13
17396,22,13
17402,22,13
17403,2,13
17405,10,13
17406,0,13
17411,2,13
17415,2,13
17417,12,13
17419,5,13
17420,5,13
17425,5,13
17432,13,13
17433,0,13
17434,1,13
17435,5,13
17436,28,13
17437,1,13
17440,16,13
17444,5,13
17446,9,13
17448,5,13
17449,5,13
17451,9,13
17452,5,13
17454,27,13
17457,5,13
17462,5,13
17463,10,13
17464,29,13
17466,5,13
17468,13,13
17471,2,13
17472,12,13
17473,5,13
17475,5,13
17477,30,13
17478,9,13
17479,5,13
17481,12,13
17483,12,13
17484,2,13
17485,12,13
17486,5,13
17491,28,13
17492,5,13
17493,13,13
17494,12,13
17497,12,13
17499,12,13
17501,5,13
17502,9,13
17510,12,13
17512,2,13
17513,5,13
17515,12,13
17516,9,13
17518,5,13
17520,2,13
17521,10,13
17524,5,13
17526,12,13
17530,17,13
17531,2,13
17532,22,13
17534,9,13
17535,2,13
17537,14,13
17539,14,13
17541,3,13
17542,3,13
17547,16,13
17549,28,13
17550,14,13
17551,7,13
17552,16,13
17553,17,13
17554,1,13
17555,7,13
17556,27,13
17559,2,13
17561,29,13
17562,29,13
17566,13,13
17567,29,13
17570,29,13
17571,17,13
17575,11,13
17578,4,13
17579,14,13
17582,29,13
17583,27,13
17584,29,13
17586,3,13
17588,9,13
17589,29,13
17590,31,13
17591,3,13
17594,31,13
17595,4,13
17596,28,13
17598,0,13
17599,4,13
17604,17,13
17605,31,13
17606,4,13
17607,31,13
17609,31,13
17612,28,13
17613,0,13
17616,31,13
17617,6,13
17620,27,13
17624,27,13
17626,11,13
17627,8,13
17631,31,13
17635,19,13
17636,31,13
17638,10,13
17641,24,13
17642,30,13
17643,16,13
17644,24,13
17646,0,13
17647,12,13
17648,10,13
17649,29,13
17651,25,13
17652,6,13
17654,2,13
17655,5,13
17657,22,13
17661,6,13
17662,9,13
17672,6,13
17679,14,13
17683,3,13
17686,22,13
17687,10,13
17688,2,13
17689,28,13
17690,4,13
17691,24,13
17695,14,13
17697,9,13
17698,3,13
17699,15,13
17700,17,13
17703,13,13
17707,10,13
17708,4,13
17711,2,13
17712,22,13
17713,24,13
17714,17,13
17715,28,13
17719,9,13
17720,4,13
17723,14,13
17724,22,13
17726,28,13
17728,18,13
17729,15,13
17730,24,13
17731,4,13
17732,14,13
17735,24,13
17737,21,13
17739,2,13
17741,5,13
17742,5,13
17743,6,13
17746,5,13
17749,24,13
17756,9,13
17758,4,13
17759,24,13
17760,14,13
17761,21,13
17763,17,13
17764,16,13
17765,22,13
17768,22,13
17773,2,13
17774,22,13
17775,2,13
17777,7,13
17779,14,13
17780,21,13
17781,17,13
17782,2,13
17783,4,13
17784,14,13
17786,21,13
17788,9,13
17799,28,13
17800,9,13
17803,4,13
17805,21,13
17808,22,13
17810,4,13
17814,2,13
17815,4,13
17817,2,13
17819,31,13
17820,31,13
17823,19,13
17825,9,13
17826,31,13
17828,31,13
17831,27,13
17832,27,13
17834,4,13
17835,19,13
17836,28,13
17837,19,13
17838,18,13
17840,16,13
17841,9,13
17844,7,13
17846,7,13
17847,2,13
17848,9,13
17849,30,13
17853,9,13
17855,30,13
17860,9,13
17863,23,13
17865,13,13
17866,11,13
17867,4,13
17869,6,13
17872,3,13
17873,15,13
17876,25,13
17877,4,13
17880,23,13
17884,5,13
17885,23,13
17888,5,13
17890,30,13
17891,29,13
17892,5,13
17895,29,13
17897,29,13
17898,9,13
17901,15,13
17902,28,13
17904,6,13
17906,14,13
17911,29,13
17913,23,13
17914,23,13
17915,18,13
17919,7,13
17922,23,13
17923,9,13
17927,19,13
17930,23,13
17931,15,13
17932,14,13
17933,23,13
17934,24,13
17937,23,13
17940,16,13
17941,30,13
17943,10,13
17947,3,13
17951,2,13
17952,18,13
17953,19,13
17954,23,13
17956,19,13
17960,24,13
17961,18,13
17962,4,13
17964,24,13
17966,30,13
17967,16,13
17968,1,13
17969,5,13
17971,23,13
17972,9,13
17973,23,13
17976,23,13
17980,11,13
17983,6,13
17987,15,13
17990,24,13
17992,24,13
17995,18,13
17998,23,13
18002,29,13
18005,16,13
18010,3,13
18012,23,13
18021,13,13
18022,23,13
18023,17,13
18024,1,13
18025,24,13
18026,24,13
18028,23,13
18029,23,13
18031,1,13
18034,24,13
18035,23,13
18041,9,13
18042,13,13
18045,30,13
18046,23,13
18048,23,13
18052,23,13
18053,17,13
18054,23,13
18056,15,13
18057,25,13
18060,0,13
18063,10,13
18067,4,13
18072,23,13
18078,14,13
18081,9,13
18084,23,13
18086,23,13
18087,4,13
18089,23,13
18092,23,13
18093,23,13
18094,23,13
18096,23,13
18097,5,13
18102,13,13
18104,29,13
18106,23,13
18107,23,13
18109,23,13
18110,24,13
18111,28,13
18112,7,13
18115,24,13
18116,2,13
18118,24,13
18120,23,13
18122,23,13
18124,23,13
18125,0,13
18129,4,13
18137,10,13
18138,28,13
18139,18,13
18140,23,13
18142,6,13
18143,24,13
18144,13,13
18145,4,13
18146,10,13
18147,14,13
18149,3,13
18151,6,13
18152,23,13
18162,23,13
18163,18,13
18166,31,13
18168,31,13
18171,0,13
18172,6,13
18173,31,13
18176,31,13
18177,31,13
18178,13,13
18182,19,13
18183,0,13
18185,0,13
18188,23,13
18189,2,13
18190,0,13
18191,28,13
18193,27,13
18194,12,13
18195,23,13
18196,27,13
18198,9,13
18200,16,13
18207,22,13
18208,22,13
18209,22,13
18213,22,13
18214,24,13
18215,24,13
18218,16,13
18219,22,13
18221,2,13
18222,11,13
18232,23,13
18233,16,13
18234,22,13
18236,28,13
18237,24,13
18241,23,13
18244,27,13
18247,4,13
18248,23,13
18249,14,13
18250,28,13
18252,18,13
18253,23,13
18255,0,13
18258,23,13
18259,23,13
18265,23,13
18266,14,13
18267,17,13
18269,23,13
18271,0,13
18273,29,13
18275,10,13
18276,23,13
18278,23,13
18282,9,13
18283,4,13
18284,4,13
18285,0,13
18286,23,13
18291,24,13
18292,23,13
18293,1,13
18294,23,13
18295,4,13
18301,23,13
18303,16,13
18304,24,13
18305,7,13
18307,24,13
18308,19,13
18310,24,13
18314,24,13
18324,1,13
18329,23,13
18331,19,13
18333,3,13
18334,24,13
18336,24,13
18337,23,13
18338,28,13
18342,24,13
18343,18,13
18346,24,13
18348,23,13
18352,24,13
18353,15,13
18355,24,13
18357,1,13
18359,23,13
18360,11,13
18364,24,13
18365,11,13
18367,28,13
18369,23,13
18370,11,13
18373,0,13
18374,9,13
18379,23,13
18380,17,13
18382,17,13
18386,17,13
18387,5,13
18388,28,13
18391,17,13
18393,28,13
18396,5,13
18397,16,13
18399,28,13
18400,5,13
18401,15,13
18406,2,13
18412,17,13
18415,17,13
18416,28,13
18417,17,13
18418,12,13
18420,17,13
18425,4,13
18427,5,13
18432,17,13
18433,13,13
18434,17,13
18437,23,13
18438,5,13
18439,0,13
18441,28,13
18442,3,13
18446,1,13
18448,18,13
18450,17,13
18451,3,13
18454,3,13
18455,17,13
18457,18,13
18463,9,13
18465,13,13
18466,10,13
18468,13,13
18469,2,13
18473,13,13
18475,22,13
18478,2,13
18479,9,13
18483,5,13
18485,5,13
18486,3,13
18487,23,13
18488,22,13
18490,22,13
18491,28,13
18492,19,13
18493,30,13
18494,22,13
18496,12,13
18497,2,13
18498,2,13
18500,18,13
18502,9,13
18503,9,13
18504,9,13
18505,1,13
18509,23,13
18511,0,13
18512,18,13
18513,5,13
18514,23,13
18516,7,13
18518,10,13
18519,27,13
18520,27,13
18523,22,13
18525,2,13
18528,7,13
18532,10,13
18533,15,13
18536,3,13
18538,7,13
18542,7,13
18543,17,13
18544,28,13
18545,18,13
18547,15,13
18548,5,13
18549,23,13
18550,11,13
18552,4,13
18553,11,13
18554,18,13
18555,12,13
18563,21,13
18566,5,13
18567,19,13
18568,19,13
18569,19,13
18571,11,13
18572,9,13
18573,5,13
18575,0,13
18576,23,13
18577,5,13
18578,10,13
18581,30,13
18583,4,13
18585,11,13
18586,20,13
18588,9,13
18590,9,13
18591,5,13
18592,4,13
18593,30,13
18596,5,13
18597,19,13
18598,30,13
18600,11,13
18602,22,13
18603,9,13
18605,19,13
18607,19,13
18611,30,13
18613,5,13
18617,18,13
18619,19,13
18620,19,13
18621,19,13
18623,4,13
18625,11,13
18627,6,13
18629,4,13
18630,4,13
18633,28,13
18634,19,13
18635,5,13
18636,18,13
18641,18,13
18644,23,13
18647,6,13
18652,11,13
18654,15,13
18657,23,13
18659,2,13
18660,0,13
18661,23,13
18662,2,13
18664,23,13
18666,23,13
18670,15,13
18672,24,13
18678,18,13
18682,9,13
18684,3,13
18685,24,13
18686,10,13
18692,5,13
18694,28,13
18698,9,13
18699,9,13
18702,5,13
18709,28,13
18712,9,13
18713,0,13
18716,23,13
18717,12,13
18718,1,13
18720,1,13
18723,13,13
18726,10,13
18727,28,13
18729,2,13
18732,9,13
18734,29,13
18736,18,13
18737,0,13
18739,1,13
18742,27,13
18746,23,13
18749,5,13
18750,2,13
18751,13,13
18753,28,13
18754,2,13
18755,5,13
18758,18,13
18759,12,13
18762,5,13
18763,9,13
18765,3,13
18766,23,13
18769,3,13
18770,10,13
18771,23,13
18774,23,13
18775,20,13
18776,23,13
18779,0,13
18783,3,13
18784,1,13
18786,3,13
18789,23,13
18790,5,13
18791,22,13
18795,22,13
18797,4,13
18801,12,13
18804,2,13
18806,22,13
18810,7,13
18811,4,13
18813,11,13
18815,14,13
18817,21,13
18818,2,13
18820,0,13
18822,23,13
18826,4,13
18827,27,13
18828,19,13
18829,11,13
18832,29,13
18835,28,13
18838,19,13
18842,5,13
18843,5,13
18844,5,13
18845,7,13
18846,30,13
18848,6,13
18849,16,13
18850,7,13
18852,11,13
18853,5,13
18856,19,13
18858,5,13
18859,30,13
18860,4,13
18861,6,13
18864,2,13
18871,23,13
18872,7,13
18874,23,13
18875,17,13
18878,13,13
18880,22,13
18881,0,13
18882,5,13
18885,19,13
18886,7,13
18887,19,13
18892,4,13
18893,4,13
18896,28,13
18897,28,13
18900,23,13
18901,19,13
18903,3,13
18905,4,13
18906,11,13
18911,11,13
18912,11,13
18914,24,13
18915,2,13
18917,0,13
18921,10,13
18922,7,13
18924,0,13
18925,11,13
18926,0,13
18928,11,13
18929,16,13
18933,15,13
18935,27,13
18937,18,13
18938,16,13
18943,18,13
18944,17,13
18945,23,13
18947,9,13
18948,23,13
18949,1,13
18952,23,13
18954,23,13
18956,18,13
18958,0,13
18959,19,13
18960,3,13
18962,1,13
18963,13,13
18965,27,13
18966,23,13
18967,23,13
18969,23,13
18974,23,13
18977,9,13
18979,29,13
18985,11,13
18986,17,13
18987,18,13
18988,1,13
18992,23,13
18994,15,13
18995,0,13
18997,3,13
18999,16,13
19000,27,13
19002,28,13
19004,10,13
19007,13,13
19010,23,13
19011,28,13
19013,5,13
19016,23,13
19018,0,13
19019,0,13
19020,7,13
19021,19,13
19022,7,13
19025,7,13
19026,12,13
19027,7,13
19028,18,13
19030,22,13
19031,30,13
19034,16,13
19035,18,13
19037,0,13
19038,11,13
19040,0,13
19041,19,13
19043,5,13
19047,11,13
19049,3,13
19051,11,13
19052,19,13
19055,0,13
19057,18,13
19059,4,13
19064,27,13
19066,18,13
19068,5,13
19069,28,13
19070,6,13
19071,18,13
19074,29,13
19076,18,13
19078,30,13
19080,23,13
19081,0,13
19083,23,13
19084,12,13
19085,27,13
19090,22,13
19095,5,13
19100,12,13
19101,23,13
19102,11,13
19105,0,13
19106,23,13
19107,23,13
19108,9,13
19110,7,13
19111,3,13
19113,15,13
19117,23,13
19120,15,13
19123,14,13
19124,30,13
19125,3,13
19126,25,13
19128,23,13
19130,23,13
19132,18,13
19135,23,13
19136,5,13
19138,28,13
19140,9,13
19141,5,13
19143,15,13
19145,0,13
19146,9,13
19147,0,13
19148,0,13
19150,23,13
19151,10,13
19152,9,13
19153,23,13
19155,23,13
19160,18,13
19161,10,13
19162,11,13
19164,4,13
19166,6,13
19170,4,13
19172,15,13
19175,4,13
19176,10,13
19180,27,13
19181,3,13
19183,27,13
19185,23,13
19193,3,13
19194,20,13
19196,22,13
19200,18,13
19204,0,13
19206,23,13
19209,18,13
19210,0,13
19211,7,13
19212,27,13
19213,9,13
19214,1,13
19217,2,13
19218,12,13
19220,3,13
19223,9,13
19224,23,13
19225,19,13
19226,2,13
19227,19,13
19228,0,13
19230,18,13
19234,16,13
19235,18,13
19236,18,13
19238,10,13
19240,31,13
19241,28,13
19242,10,13
19243,9,13
19245,18,13
19246,18,13
19247,7,13
19251,5,13
19253,3,13
19254,16,13
19255,0,13
19257,5,13
19258,9,13
19260,4,13
19261,18,13
19263,18,13
19264,4,13
19269,27,13
19270,5,13
19272,23,13
19273,27,13
19274,12,13
19277,27,13
19278,0,13
19279,0,13
19280,7,13
19281,9,13
19284,18,13
19285,29,13
19286,28,13
19287,23,13
19289,23,13
19291,9,13
19293,23,13
19294,0,13
19298,28,13
19302,9,13
19304,7,13
19306,7,13
19308,3,13
19310,23,13
19312,19,13
19313,1,13
19315,2,13
19316,12,13
19320,19,13
19321,0,13
19325,18,13
19326,23,13
19327,23,13
19331,6,13
19334,28,13
19341,0,13
19342,9,13
19345,5,13
19349,0,13
19353,31,13
19354,18,13
19356,16,13
19363,0,13
19364,4,13
19365,0,13
19366,19,13
19368,3,13
19370,0,13
19372,9,13
19373,11,13
19375,9,13
19376,23,13
19379,0,13
19380,17,13
19382,27,13
19383,7,13
19384,9,13
19386,10,13
19387,28,13
19388,23,13
19390,5,13
19392,24,13
19393,23,13
19395,0,13
19400,9,13
19401,4,13
19402,7,13
19406,4,13
19407,19,13
19408,13,13
19409,4,13
19410,10,13
19413,19,13
19414,9,13
19415,27,13
19418,11,13
19419,18,13
19421,10,13
19424,2,13
19425,30,13
19427,11,13
19428,17,13
19429,27,13
19430,27,13
19434,2,13
19435,10,13
19436,17,13
19437,28,13
19438,28,13
19440,23,13
19441,1,13
19442,28,13
19443,28,13
19444,9,13
19445,17,13
19447,11,13
19448,12,13
19451,0,13
19452,23,13
19454,16,13
19458,28,13
19461,23,13
19463,11,13
19468,29,13
19469,19,13
19470,13,13
19472,0,13
19473,27,13
19474,0,13
19475,0,13
19478,19,13
19479,0,13
19482,24,13
19484,18,13
19485,27,13
19486,23,13
19487,28,13
19488,28,13
19489,28,13
19490,29,13
19495,13,13
19496,27,13
19497,15,13
19499,28,13
19500,18,13
19501,0,13
19502,19,13
19506,10,13
19511,7,13
19516,27,13
19518,0,13
19519,3,13
19524,28,13
19526,0,13
19527,0,13
19530,4,13
19534,7,13
19536,27,13
19537,5,13
19538,19,13
19540,23,13
19542,29,13
19543,10,13
19545,27,13
19548,19,13
19554,4,13
19555,23,13
19556,0,13
19557,19,13
19559,11,13
19561,23,13
19568,5,13
19570,22,13
19571,30,13
19573,7,13
19574,5,13
19577,1,13
19578,16,13
19580,4,13
19582,14,13
19587,9,13
19591,14,13
19592,21,13
19593,24,13
19594,10,13
19597,19,13
19598,21,13
19599,28,13
19602,0,13
19603,4,13
19604,14,13
19609,14,13
19614,3,13
19615,6,13
19616,28,13
19618,22,13
19619,0,13
19620,28,13
19621,3,13
19625,9,13
19626,31,13
19630,4,13
19632,21,13
19639,21,13
19645,2,13
19647,2,13
19648,4,13
19649,24,13
19651,2,13
19652,4,13
19655,24,13
19656,24,13
19657,17,13
19660,24,13
19661,21,13
19662,10,13
19663,9,13
19664,15,13
19669,5,13
19672,21,13
19677,16,13
19681,22,13
19683,7,13
19686,25,13
19687,25,13
19688,25,13
19690,2,13
19694,16,13
19695,4,13
19696,14,13
19697,21,13
19698,22,13
19701,15,13
19706,4,13
19707,14,13
19709,1,13
19711,28,13
19712,28,13
19714,30,13
19716,4,13
19717,14,13
19719,13,13
19720,28,13
19721,0,13
19722,24,13
19723,28,13
19729,21,13
19730,27,13
19732,17,13
19735,17,13
19736,24,13
19737,19,13
19741,4,13
19742,21,13
19745,5,13
19746,7,13
19747,2,13
19753,14,13
19756,7,13
19757,11,13
19759,9,13
19761,6,13
19762,4,13
19764,21,13
19765,1,13
19767,9,13
19770,9,13
19771,31,13
19772,23,13
19774,31,13
19776,31,13
19777,28,13
19778,29,13
19783,14,13
19786,10,13
19791,31,13
19792,31,13
19793,31,13
19794,11,13
19801,21,13
19802,15,13
19803,5,13
19805,9,13
19808,13,13
19809,10,13
19811,18,13
19813,31,13
19814,5,13
19815,31,13
19818,31,13
19819,31,13
19821,8,13
19823,28,13
19824,18,13
19825,8,13
19826,8,13
19827,16,13
19828,27,13
19831,8,13
19832,8,13
19833,22,13
19835,31,13
19836,5,13
19837,27,13
19838,7,13
19842,8,13
19844,7,13
19845,7,13
19846,28,13
19847,7,13
19848,7,13
19849,7,13
19850,7,13
19852,7,13
19855,5,13
19858,8,13
19862,7,13
19863,7,13
19864,16,13
19865,7,13
19869,13,13
19872,7,13
19878,16,13
19886,0,13
19889,7,13
19890,22,13
19891,22,13
19892,22,13
19893,22,13
19895,24,13
19898,24,13
19899,24,13
19900,7,13
19901,7,13
19902,7,13
19903,7,13
19905,7,13
19907,8,13
19908,29,13
19909,8,13
19910,8,13
19911,8,13
19912,29,13
19913,8,13
19914,8,13
19915,24,13
19916,8,13
19917,0,13
19919,22,13
19921,10,13
19922,30,13
19925,5,13
19926,3,13
19927,7,13
19931,24,13
19933,24,13
19936,4,13
19940,2,13
19948,4,13
19949,14,13
19952,2,13
19953,5,13
19955,16,13
19957,17,13
19959,4,13
19960,6,13
19962,28,13
19964,16,13
19966,24,13
19968,9,13
19969,16,13
19972,14,13
19974,9,13
19976,29,13
19978,28,13
19980,10,13
19981,29,13
19987,13,13
19988,23,13
19989,29,13
19993,29,13
19994,22,13
19997,28,13
19998,4,13
20000,22,13
20003,17,13
20004,14,13
20006,10,13
20007,4,13
20013,4,13
20014,22,13
20015,14,13
20016,24,13
20017,14,13
20019,30,13
20020,14,13
20021,24,13
20023,14,13
20024,4,13
20030,14,13
20034,17,13
20035,24,13
20036,14,13
20037,29,13
20038,4,13
20040,9,13
20041,25,13
20042,25,13
20050,14,13
20051,9,13
20052,17,13
20053,10,13
20055,14,13
20057,10,13
20059,20,13
20060,4,13
20061,14,13
20065,4,13
20066,14,13
20067,28,13
20068,30,13
20070,10,13
20072,17,13
20075,13,13
20076,28,13
20078,18,13
20081,17,13
20082,22,13
20086,14,13
20088,14,13
20090,4,13
20091,24,13
20094,15,13
20097,2,13
20101,7,13
20106,24,13
20107,24,13
20109,23,13
20111,23,13
20112,23,13
20117,24,13
20118,1,13
20123,23,13
20124,1,13
20126,23,13
20127,1,13
20130,23,13
20133,23,13
20135,13,13
20136,17,13
20138,1,13
20139,12,13
20142,13,13
20144,23,13
20145,4,13
20147,23,13
20148,23,13
20149,23,13
20151,23,13
20153,7,13
20154,19,13
20157,14,13
20158,23,13
20160,24,13
20164,17,13
20166,18,13
20167,28,13
20168,4,13
20170,18,13
20172,23,13
20173,0,13
20174,7,13
20181,4,13
20182,14,13
20186,1,13
20188,4,13
20189,24,13
20190,14,13
20194,23,13
20196,23,13
20197,18,13
20198,23,13
20203,27,13
20204,4,13
20205,1,13
20206,23,13
20207,0,13
20208,18,13
20209,27,13
20210,9,13
20212,5,13
20214,12,13
20216,27,13
20217,23,13
20218,12,13
20220,0,13
20222,13,13
20225,24,13
20226,28,13
20227,27,13
20228,23,13
20230,17,13
20231,5,13
20235,23,13
20237,22,13
20238,28,13
20241,12,13
20248,12,13
20252,12,13
20253,25,13
20254,12,13
20255,30,13
20258,7,13
20259,10,13
20260,10,13
20261,25,13
20262,13,13
20263,25,13
20266,7,13
20267,12,13
20268,9,13
20272,7,13
20274,25,13
20275,12,13
20276,25,13
20277,0,13
20278,25,13
20279,0,13
20280,25,13
20282,10,13
20283,0,13
20284,25,13
20285,25,13
20288,25,13
20290,0,13
20291,12,13
20292,7,13
20294,30,13
20295,25,13
20296,29,13
20297,17,13
20298,30,13
20299,18,13
20300,12,13
20301,0,13
20302,25,13
20304,9,13
20305,12,13
20306,25,13
20308,3,13
20312,23,13
20314,25,13
20315,25,13
20318,7,13
20321,7,13
20322,25,13
20327,25,13
20329,25,13
20330,25,13
20331,25,13
20332,25,13
20334,25,13
20335,25,13
20338,7,13
20340,25,13
20345,12,13
20346,25,13
20347,19,13
20348,2,13
20350,19,13
20351,24,13
20352,25,13
20355,25,13
20356,25,13
20359,5,13
20361,5,13
20362,17,13
20363,25,13
20364,19,13
20366,16,13
20368,5,13
20370,24,13
20371,10,13
20374,1,13
20375,10,13
20376,29,13
20379,10,13
20380,28,13
20381,5,13
20382,0,13
20383,9,13
20385,10,13
20391,28,13
20393,2,13
20395,24,13
20397,20,13
20399,9,13
20400,5,13
20401,4,13
20403,30,13
20406,1,13
20408,7,13
20409,20,13
20411,7,13
20412,0,13
20413,16,13
20414,19,13
20415,7,13
20416,24,13
20417,3,13
20418,18,13
20419,10,13
20423,28,13
20424,18,13
20425,20,13
20427,20,13
20429,11,13
20430,24,13
20433,24,13
20434,6,13
20436,21,13
20438,10,13
20440,1,13
20441,0,13
20443,24,13
20444,19,13
20445,19,13
20451,4,13
20452,24,13
20453,6,13
20454,14,13
20457,15,13
20458,3,13
20459,11,13
20461,11,13
20462,25,13
20464,12,13
20465,28,13
20468,16,13
20473,18,13
20474,24,13
20475,14,13
20476,3,13
20477,21,13
20479,0,13
20480,7,13
20481,12,13
20482,3,13
20484,4,13
20485,11,13
20488,28,13
20489,29,13
20492,4,13
20496,28,13
20499,4,13
20503,27,13
20506,24,13
20507,14,13
20508,21,13
20510,1,13
20512,0,13
20515,19,13
20518,21,13
20524,22,13
20525,6,13
20528,24,13
20530,27,13
20531,21,13
20533,3,13
20535,27,13
20536,6,13
20537,4,13
20540,4,13
20542,9,13
20544,3,13
20546,11,13
20548,22,13
20549,22,13
20550,27,13
20552,31,13
20555,23,13
20560,15,13
20562,27,13
20564,18,13
20565,4,13
20568,3,13
20569,0,13
20571,0,13
20573,18,13
20574,9,13
20576,9,13
20579,28,13
20582,9,13
20584,28,13
20585,19,13
20586,3,13
20589,28,13
20590,19,13
20591,11,13
20593,27,13
20596,8,13
20597,8,13
20599,8,13
20602,8,13
20603,8,13
20606,8,13
20610,8,13
20612,24,13
20613,8,13
20617,0,13
20619,27,13
20621,27,13
20622,27,13
20623,17,13
20624,12,13
20626,28,13
20627,28,13
20628,11,13
20629,15,13
20632,27,13
20634,27,13
20636,27,13
20638,8,13
20643,8,13
20648,8,13
20649,8,13
20652,27,13
20657,2,13
20658,2,13
20660,17,13
20663,2,13
20664,2,13
20665,2,13
20667,29,13
20668,2,13
20670,11,13
20671,17,13
20676,19,13
20678,9,13
20679,17,13
20680,19,13
20681,11,13
20682,6,13
20683,7,13
20685,22,13
20686,24,13
20687,29,13
20690,11,13
20691,6,13
20692,25,13
20696,2,13
20697,29,13
20699,29,13
20701,29,13
20702,10,13
20705,29,13
20713,14,13
20716,15,13
20718,28,13
20722,24,13
20725,10,13
20727,28,13
20728,11,13
20730,29,13
20731,24,13
20732,11,13
20735,28,13
20737,19,13
20738,14,13
20740,11,13
20741,19,13
20743,6,13
20747,0,13
20749,10,13
20751,7,13
20755,18,13
20756,27,13
20759,10,13
20761,31,13
20763,3,13
20768,24,13
20770,11,13
20772,0,13
20774,24,13
20775,24,13
20776,15,13
20777,24,13
20778,13,13
20779,22,13
20780,24,13
20784,24,13
20787,24,13
20788,24,13
20793,0,13
20794,18,13
20795,28,13
20796,15,13
20797,7,13
20798,10,13
20799,30,13
20801,25,13
20803,17,13
20807,25,13
20812,25,13
20814,25,13
20818,25,13
20820,25,13
20821,25,13
20824,25,13
20825,25,13
20829,25,13
20831,25,13
20832,25,13
20833,19,13
20834,25,13
20839,25,13
20844,25,13
20847,25,13
20848,25,13
20849,25,13
20850,25,13
20851,29,13
20852,25,13
20853,0,13
20854,25,13
20858,25,13
20859,25,13
20861,7,13
20864,25,13
20865,25,13
20868,17,13
20870,25,13
20871,25,13
20873,0,13
20877,25,13
20882,0,13
20887,12,13
20888,5,13
20889,25,13
20890,2,13
20892,25,13
20896,25,13
20898,25,13
20899,25,13
20900,25,13
20901,25,13
20902,25,13
20903,25,13
20904,28,13
20906,17,13
20911,25,13
20913,28,13
20915,30,13
20920,3,13
20921,15,13
20925,25,13
20928,20,13
20933,18,13
20934,20,13
20938,7,13
20940,7,13
20941,17,13
20942,15,13
20944,17,13
20945,17,13
20947,18,13
20949,15,13
20950,15,13
20956,10,13
20958,0,13
20959,20,13
20960,3,13
20961,16,13
20962,19,13
20964,20,13
20965,14,13
20969,10,13
20970,12,13
20972,7,13
20974,9,13
20975,4,13
20979,30,13
20980,28,13
20984,7,13
20985,24,13
20988,16,13
20989,28,13
20990,22,13
20992,14,13
20993,2,13
21000,11,13
21002,14,13
21003,16,13
21004,18,13
21005,9,13
21006,29,13
21010,22,13
21011,2,13
21012,28,13
21013,9,13
21015,7,13
21018,16,13
21020,9,13
21022,22,13
21023,25,13
21025,22,13
21028,4,13
21030,18,13
21033,5,13
21034,10,13
21035,30,13
21036,30,13
21039,1,13
21040,20,13
21041,22,13
21043,22,13
21044,3,13
21046,0,13
21047,7,13
21051,14,13
21052,18,13
21054,18,13
21055,2,13
21056,17,13
21060,11,13
21062,17,13
21064,18,13
21066,2,13
21069,16,13
21070,20,13
21073,10,13
21075,19,13
21076,14,13
21077,2,13
21079,7,13
21080,2,13
21081,2,13
21082,24,13
21084,29,13
21087,22,13
21088,29,13
21089,15,13
21090,25,13
21093,20,13
21095,22,13
21096,14,13
21099,4,13
21100,22,13
21102,28,13
21104,14,13
21105,5,13
21107,19,13
21108,2,13
21109,22,13
21111,14,13
21115,13,13
21117,21,13
21121,22,13
21124,2,13
21126,16,13
21127,3,13
21129,22,13
21130,30,13
21132,18,13
21133,20,13
21136,15,13
21138,18,13
21139,20,13
21140,10,13
21141,20,13
21142,20,13
21144,18,13
21145,18,13
21146,20,13
21147,18,13
21151,20,13
21154,20,13
21156,18,13
21158,18,13
21161,20,13
21163,20,13
21165,18,13
21166,20,13
21170,2,13
21171,4,13
21174,2,13
21175,7,13
21176,2,13
21177,2,13
21181,5,13
21184,5,13
21186,2,13
21188,22,13
21189,2,13
21190,9,13
21192,7,13
21193,22,13
21194,22,13
21196,17,13
21201,2,13
21204,6,13
21206,4,13
21207,14,13
21208,2,13
21210,17,13
21211,14,13
21212,9,13
21217,9,13
21218,18,13
21222,7,13
21224,22,13
21226,9,13
21228,4,13
21231,9,13
21232,18,13
21234,9,13
21238,3,13
21239,22,13
21240,14,13
21242,30,13
21243,30,13
21244,5,13
21247,5,13
21251,23,13
21254,9,13
21255,29,13
21257,17,13
21260,7,13
21261,16,13
21262,9,13
21267,7,13
21268,3,13
21269,30,13
21270,7,13
21271,23,13
21272,9,13
21273,22,13
21276,9,13
21279,7,13
21282,3,13
21285,7,13
21286,7,13
21287,5,13
21289,0,13
21290,11,13
21296,7,13
21297,16,13
21303,24,13
21315,0,13
21317,0,13
21321,4,13
21324,12,13
21325,7,13
21327,7,13
21328,28,13
21332,12,13
21333,14,13
21334,14,13
21336,7,13
21337,3,13
21338,3,13
21339,7,13
21343,11,13
21344,13,13
21347,19,13
21349,7,13
21350,27,13
21351,9,13
21353,4,13
21354,12,13
21356,27,13
21358,27,13
21361,27,13
21362,27,13
21363,7,13
21364,27,13
21365,3,13
21367,11,13
21368,4,13
21369,3,13
21371,3,13
21372,3,13
21373,27,13
21374,19,13
21377,27,13
21379,4,13
21382,18,13
21389,3,13
21391,27,13
21393,0,13
21394,28,13
21396,15,13
21397,15,13
21403,7,13
21404,27,13
21406,24,13
21408,8,13
21410,8,13
21412,8,13
21413,8,13
21415,22,13
21417,5,13
21418,5,13
21419,5,13
21421,18,13
21423,7,13
21425,24,13
21426,3,13
21428,4,13
21429,13,13
21431,14,13
21436,15,13
21437,4,13
21439,21,13
21442,24,13
21445,18,13
21449,14,13
21451,21,13
21452,11,13
21454,11,13
21456,31,13
21458,24,13
21460,4,13
21461,19,13
21463,19,13
21466,5,13
21472,11,13
21474,9,13
21475,20,13
21476,31,13
21477,11,13
21479,19,13
21482,22,13
21484,9,13
21489,20,13
21490,22,13
21495,8,13
21499,9,13
21501,5,13
21502,2,13
21503,24,13
21504,8,13
21508,24,13
21510,27,13
21513,2,13
21516,24,13
21517,30,13
21519,29,13
21522,4,13
21523,14,13
21524,14,13
21525,15,13
21527,17,13
21533,17,13
21537,14,13
21538,6,13
21541,9,13
21543,5,13
21544,1,13
21546,20,13
21548,29,13
21549,29,13
21550,3,13
21551,24,13
21558,30,13
21559,11,13
21560,29,13
21561,29,13
21562,22,13
21564,28,13
21567,28,13
21568,29,13
21569,15,13
21572,5,13
21578,29,13
21579,9,13
21580,29,13
21581,29,13
21582,4,13
21583,24,13
21586,18,13
21587,1,13
21588,0,13
21589,17,13
21590,25,13
21591,7,13
21592,17,13
21594,4,13
21595,14,13
21598,18,13
21599,15,13
21600,15,13
21606,6,13
21608,20,13
21609,3,13
21610,2,13
21611,2,13
21612,7,13
21614,4,13
21615,24,13
21616,14,13
21617,14,13
21618,28,13
21619,22,13
21620,4,13
21623,2,13
21624,2,13
21626,17,13
21631,17,13
21632,18,13
21633,29,13
21634,22,13
21641,28,13
21646,24,13
21647,16,13
21648,18,13
21651,16,13
21653,24,13
21654,24,13
21656,16,13
21657,4,13
21659,24,13
21660,24,13
21664,5,13
21665,5,13
21666,11,13
21667,6,13
21668,4,13
21669,11,13
21670,11,13
21674,3,13
21678,12,13
21679,20,13
21680,19,13
21681,13,13
21685,19,13
21688,5,13
21691,7,13
21692,5,13
21693,17,13
21696,3,13
21697,18,13
21700,13,13
21701,0,13
21702,3,13
21704,11,13
21706,18,13
21709,10,13
21710,11,13
21712,11,13
21713,11,13
21714,13,13
21717,16,13
21721,19,13
21723,19,13
21724,18,13
21728,11,13
21729,0,13
21731,13,13
21733,0,13
21737,4,13
21738,0,13
21741,6,13
21743,19,13
21744,13,13
21745,0,13
21748,20,13
21749,29,13
21750,17,13
21752,7,13
21753,7,13
21756,7,13
21758,7,13
21759,8,13
21763,17,13
21764,17,13
21765,17,13
21766,17,13
21769,0,13
21771,7,13
21774,7,13
21776,8,13
21779,12,13
21781,22,13
21782,4,13
21783,24,13
21787,4,13
21789,4,13
21790,7,13
21793,24,13
21794,4,13
21795,24,13
21798,1,13
21802,15,13
21805,5,13
21806,28,13
21807,28,13
21808,4,13
21809,24,13
21811,28,13
21815,5,13
21819,24,13
21820,15,13
21821,26,13
21822,15,13
21824,24,13
21830,17,13
21831,23,13
21835,14,13
21837,5,13
21838,13,13
21840,4,13
21841,11,13
21842,14,13
21843,2,13
21844,0,13
21846,14,13
21847,16,13
21848,4,13
21849,24,13
21850,14,13
21851,23,13
21853,3,13
21854,23,13
21855,0,13
21856,23,13
21860,0,13
21861,0,13
21862,28,13
21866,29,13
21868,0,13
21870,0,13
21872,0,13
21877,28,13
21878,29,13
21879,3,13
21884,13,13
21885,9,13
21886,3,13
21890,29,13
21894,19,13
21895,6,13
21896,19,13
21897,11,13
21898,6,13
21899,23,13
21900,7,13
21904,19,13
21905,10,13
21906,31,13
21907,4,13
21908,20,13
21909,14,13
21911,17,13
21913,15,13
21915,1,13
21917,24,13
21920,4,13
21921,18,13
21922,18,13
21923,3,13
21926,13,13
21928,31,13
21929,4,13
21931,14,13
21934,9,13
21935,0,13
21939,23,13
21941,4,13
21945,0,13
21947,0,13
21948,31,13
21950,19,13
21953,23,13
21956,23,13
21957,0,13
21962,0,13
21965,0,13
21967,25,13
21968,25,13
21969,25,13
21970,25,13
21973,20,13
21974,25,13
21977,20,13
21978,24,13
21981,20,13
21982,22,13
21986,6,13
21992,25,13
21994,7,13
21995,16,13
21998,17,13
22000,30,13
22001,29,13
22002,16,13
22004,15,13
22006,1,13
22008,7,13
22017,6,13
22018,6,13
22020,14,13
22021,21,13
22023,15,13
22033,7,13
22034,7,13
22035,17,13
22037,7,13
22038,25,13
22039,18,13
22040,22,13
22041,20,13
22045,22,13
22048,18,13
22049,20,13
22050,7,13
22051,22,13
22056,4,13
22057,11,13
22058,11,13
22060,6,13
22067,30,13
22071,9,13
22078,5,13
22079,25,13
22082,25,13
22083,25,13
22085,9,13
22086,30,13
22087,18,13
22088,25,13
22089,7,13
22091,20,13
22094,22,13
22095,18,13
22096,0,13
22100,3,13
22101,22,13
22103,10,13
22107,29,13
22108,16,13
22109,16,13
22110,20,13
22112,11,13
22122,22,13
22123,25,13
22124,25,13
22125,9,13
22127,5,13
22128,25,13
22130,28,13
22131,30,13
22133,25,13
22136,15,13
22138,19,13
22139,27,13
22142,18,13
22143,18,13
22145,16,13
22147,10,13
22153,13,13
22154,14,13
22155,21,13
22156,18,13
22160,3,13
22162,30,13
22166,6,13
22170,20,13
22171,22,13
22174,7,13
22175,18,13
22176,9,13
22177,0,13
22181,20,13
22183,20,13
22186,26,13
22189,10,13
22192,9,13
22193,1,13
22194,22,13
22196,10,13
22197,4,13
22198,11,13
22199,11,13
22200,17,13
22201,14,13
22202,21,13
22204,13,13
22206,6,13
22208,16,13
22210,24,13
22212,30,13
22213,20,13
22215,13,13
22216,7,13
22217,22,13
22220,5,13
22221,6,13
22223,25,13
22224,10,13
22225,16,13
22226,10,13
22227,26,13
22230,0,13
22232,15,13
22238,28,13
22239,10,13
22241,2,13
22242,4,13
22251,7,13
22252,9,13
22255,25,13
22256,13,13
22260,11,13
22261,11,13
22262,19,13
22265,13,13
22266,11,13
22268,4,13
22269,17,13
22270,17,13
22271,25,13
22273,15,13
22274,13,13
22275,22,13
22276,20,13
22278,4,13
22279,10,13
22283,11,13
22284,11,13
22285,14,13
22288,15,13
22292,0,13
22293,18,13
22295,22,13
22296,11,13
22297,30,13
22302,30,13
22304,30,13
22306,9,13
22308,11,13
22309,15,13
22311,9,13
22314,20,13
22316,3,13
22317,30,13
22321,3,13
22322,22,13
22324,5,13
22325,7,13
22326,3,13
22328,4,13
22330,11,13
22332,21,13
22334,5,13
22338,9,13
22344,11,13
22348,22,13
22349,25,13
22350,25,13
22351,19,13
22352,25,13
22353,25,13
22356,30,13
22358,30,13
22359,0,13
22361,25,13
22363,11,13
22364,0,13
22366,17,13
22367,4,13
22370,9,13
22372,30,13
22373,25,13
22374,25,13
22376,11,13
22377,20,13
22379,28,13
22382,7,13
22383,0,13
22384,14,13
22387,9,13
22389,24,13
22392,28,13
22395,0,13
22396,24,13
22397,25,13
22401,2,13
22402,2,13
22403,2,13
22405,9,13
22407,15,13
22408,15,13
22410,2,13
22411,17,13
22417,16,13
22421,10,13
22429,20,13
22433,6,13
22434,14,13
22437,30,13
22441,25,13
22445,11,13
22446,25,13
22450,25,13
22452,11,13
22456,11,13
22459,11,13
22460,18,13
22461,20,13
22464,20,13
22465,0,13
22467,12,13
22471,20,13
22472,0,13
22473,3,13
22475,25,13
22476,20,13
22477,18,13
22478,20,13
22479,20,13
22481,20,13
22484,1,13
22491,18,13
22492,18,13
22493,10,13
22494,0,13
22495,11,13
22496,17,13
22498,11,13
22503,25,13
22506,25,13
22508,25,13
22509,25,13
22511,9,13
22512,25,13
22513,9,13
22514,25,13
22515,25,13
22519,25,13
22520,25,13
22521,0,13
22524,25,13
22526,13,13
22527,0,13
22528,25,13
22529,0,13
22530,7,13
22531,12,13
22532,9,13
22533,10,13
22536,12,13
22538,13,13
22541,0,13
22543,0,13
22545,19,13
22548,3,13
22549,0,13
22550,18,13
22556,25,13
22557,25,13
22558,25,13
22561,25,13
22565,25,13
22566,25,13
22569,22,13
22570,25,13
22571,10,13
22572,25,13
22573,16,13
22576,18,13
22577,24,13
22581,18,13
22582,0,13
22583,17,13
22585,3,13
22587,18,13
22589,2,13
22591,1,13
22596,22,13
22598,11,13
22599,25,13
22600,4,13
22602,10,13
22603,11,13
22609,30,13
22610,22,13
22611,28,13
22613,28,13
22618,7,13
22621,22,13
22624,15,13
22629,3,13
22630,28,13
22633,14,13
22636,30,13
22637,19,13
22638,16,13
22639,24,13
22640,19,13
22641,10,13
22643,11,13
22644,11,13
22646,14,13
22647,21,13
22648,3,13
22649,30,13
22651,22,13
22652,7,13
22653,17,13
22654,22,13
22655,0,13
22657,3,13
22660,7,13
22661,3,13
22663,3,13
22668,4,13
22672,20,13
22673,14,13
22675,7,13
22679,16,13
22682,3,13
22683,3,13
22684,5,13
22685,18,13
22686,19,13
22688,2,13
22693,18,13
22696,0,13
22705,12,13
22708,19,13
22710,3,13
22711,20,13
22712,3,13
22714,3,13
22719,22,13
22721,18,13
22722,4,13
22723,18,13
22724,30,13
22728,13,13
22729,22,13
22731,15,13
22732,22,13
22739,5,13
22749,18,13
22750,18,13
22751,4,13
22753,21,13
22755,14,13
22756,5,13
22758,2,13
22762,19,13
22764,9,13
22767,19,13
22768,6,13
22770,28,13
22771,13,13
22773,13,13
22774,18,13
22775,26,13
22777,7,13
22779,7,13
22780,3,13
22781,14,13
22782,5,13
22786,24,13
22790,19,13
22793,3,13
22794,3,13
22798,3,13
22799,3,13
22801,13,13
22802,5,13
22803,9,13
22804,10,13
22806,3,13
22808,12,13
22809,7,13
22810,3,13
22811,26,13
22818,19,13
22819,12,13
22823,0,13
22824,13,13
22826,0,13
22827,9,13
22828,5,13
22829,0,13
22830,15,13
22832,18,13
22833,11,13
22834,18,13
22835,0,13
22840,10,13
22841,4,13
22842,0,13
22843,21,13
22845,30,13
22846,30,13
22848,13,13
22850,17,13
22853,9,13
22855,13,13
22858,12,13
22860,17,13
22862,0,13
22864,9,13
22866,16,13
22868,0,13
22869,12,13
22871,10,13
22876,4,13
22877,12,13
22881,2,13
22882,30,13
22883,12,13
22886,0,13
22889,12,13
22891,19,13
22892,4,13
22893,20,13
22895,11,13
22896,19,13
22899,17,13
22901,17,13
22902,9,13
22904,18,13
22905,10,13
22906,17,13
22907,3,13
22909,18,13
22910,0,13
22913,2,13
22914,3,13
22915,18,13
22916,2,13
22917,28,13
22918,22,13
22919,22,13
22920,27,13
22921,9,13
22924,18,13
22926,24,13
22928,19,13
22929,31,13
22932,1,13
22933,4,13
22934,11,13
22935,28,13
22937,4,13
22941,4,13
22944,22,13
22950,18,13
22952,14,13
22956,22,13
22957,22,13
22959,16,13
22960,4,13
22961,16,13
22962,10,13
22964,11,13
22965,10,13
22967,5,13
22973,5,13
22974,15,13
22977,28,13
22978,26,13
22980,2,13
22981,5,13
22983,2,13
22984,17,13
22986,28,13
22988,17,13
22989,12,13
22992,19,13
22994,18,13
22996,17,13
22997,5,13
22998,17,13
22999,27,13
23000,18,13
23001,18,13
23002,18,13
23006,27,13
23008,18,13
23009,4,13
23011,0,13
23012,0,13
23015,15,13
23017,18,13
23020,3,13
23023,3,13
23024,0,13
23025,18,13
23029,18,13
23030,4,13
23032,0,13
23034,2,13
23035,28,13
23037,9,13
23040,28,13
23042,18,13
23044,8,13
23045,8,13
23046,8,13
23047,8,13
23048,16,13
23050,28,13
23056,3,13
23058,13,13
23062,17,13
23067,20,13
23069,8,13
23072,12,13
23073,4,13
23076,5,13
23077,0,13
23079,27,13
23080,22,13
23083,19,13
23085,29,13
23087,22,13
23090,4,13
23101,28,13
23105,3,13
23106,17,13
23110,27,13
23112,12,13
23113,9,13
23114,9,13
23120,28,13
23121,28,13
23122,9,13
23124,28,13
23125,18,13
23126,27,13
23127,27,13
23129,30,13
23131,24,13
23133,9,13
23136,29,13
23137,29,13
23139,25,13
23141,27,13
23143,3,13
23144,22,13
23145,18,13
23146,28,13
23151,29,13
23152,29,13
23153,19,13
23155,2,13
23156,9,13
23158,11,13
23159,24,13
23160,17,13
23163,24,13
23164,2,13
23166,5,13
23168,4,13
23169,11,13
23170,24,13
23172,17,13
23174,5,13
23175,2,13
23176,17,13
23180,4,13
23181,24,13
23186,27,13
23189,28,13
23190,3,13
23192,7,13
23193,4,13
23194,11,13
23195,24,13
23197,23,13
23198,14,13
23200,7,13
23201,24,13
23204,24,13
23205,4,13
23207,14,13
23208,3,13
23209,23,13
23210,12,13
23211,17,13
23213,25,13
23217,12,13
23219,8,13
23220,8,13
23221,8,13
23222,8,13
23223,22,13
23224,8,13
23228,8,13
23230,8,13
23234,17,13
23239,25,13
23240,28,13
23242,1,13
23243,16,13
23250,13,13
23253,25,13
23256,2,13
23257,1,13
23258,10,13
23260,2,13
23261,9,13
23262,13,13
23264,28,13
23269,6,13
23271,15,13
23272,17,13
23273,16,13
23274,17,13
23277,25,13
23278,25,13
23280,17,13
23282,17,13
23285,25,13
23286,25,13
23288,16,13
23292,17,13
23293,7,13
23294,7,13
23295,2,13
23297,14,13
23299,23,13
23300,23,13
23303,28,13
23305,25,13
23307,15,13
23309,3,13
23310,14,13
23311,18,13
23313,28,13
23314,5,13
23315,12,13
23316,15,13
23317,23,13
23319,17,13
23320,7,13
23322,28,13
23323,13,13
23325,13,13
23326,18,13
23327,23,13
23329,7,13
23330,23,13
23334,0,13
23335,23,13
23336,18,13
23337,22,13
23338,16,13
23339,23,13
23342,23,13
23343,10,13
23344,23,13
23346,3,13
23348,18,13
23351,23,13
23352,10,13
23353,23,13
23355,19,13
23356,23,13
23364,23,13
23366,28,13
23367,11,13
23369,28,13
23370,23,13
23372,24,13
23373,23,13
23374,24,13
23375,29,13
23378,27,13
23379,7,13
23380,16,13
23381,7,13
23388,28,13
23389,5,13
23394,29,13
23399,23,13
23400,17,13
23405,28,13
23413,12,13
23414,24,13
23415,24,13
23416,17,13
23417,14,13
23418,28,13
23420,28,13
23422,7,13
23428,23,13
23431,28,13
23432,7,13
23433,7,13
23435,24,13
23436,15,13
23441,17,13
23444,23,13
23445,24,13
23448,0,13
23454,25,13
23455,4,13
23456,24,13
23458,12,13
23460,19,13
23465,23,13
23468,15,13
23469,4,13
23476,30,13
23477,30,13
23479,0,13
23487,5,13
23489,13,13
23491,10,13
23493,19,13
23494,29,13
23495,4,13
23496,6,13
23498,6,13
23503,23,13
23505,19,13
23506,1,13
23507,23,13
23509,30,13
23512,17,13
23514,0,13
23515,18,13
23516,23,13
23517,7,13
23518,7,13
23520,23,13
23521,18,13
23522,23,13
23526,3,13
23529,23,13
23530,2,13
23531,5,13
23532,10,13
23537,19,13
23538,23,13
23540,23,13
23541,2,13
23543,13,13
23546,7,13
23551,10,13
23556,19,13
23561,6,13
23564,19,13
23566,19,13
23568,3,13
23573,19,13
23578,7,13
23579,19,13
23582,10,13
23585,19,13
23588,30,13
23589,30,13
23590,17,13
23591,10,13
23592,28,13
23594,23,13
23595,1,13
23598,2,13
23599,28,13
23601,23,13
23602,19,13
23603,24,13
23604,16,13
23605,5,13
23606,19,13
23607,24,13
23608,23,13
23611,23,13
23613,5,13
23614,23,13
23615,17,13
23616,23,13
23617,28,13
23619,23,13
23621,23,13
23623,17,13
23626,7,13
23627,0,13
23628,10,13
23629,17,13
23630,17,13
23633,1,13
23635,24,13
23637,23,13
23642,1,13
23644,24,13
23646,30,13
23647,0,13
23650,7,13
23651,18,13
23654,10,13
23657,24,13
23658,23,13
23660,17,13
23661,10,13
23662,12,13
23663,10,13
23668,23,13
23672,30,13
23673,25,13
23675,19,13
23676,24,13
23678,25,13
23679,30,13
23680,28,13
23682,25,13
23686,28,13
23687,9,13
23688,25,13
23690,22,13
23692,1,13
23697,1,13
23698,1,13
23699,17,13
23701,1,13
23706,3,13
23708,19,13
23715,10,13
23716,28,13
23717,23,13
23718,23,13
23720,7,13
23721,27,13
23722,7,13
23724,23,13
23726,25,13
23727,20,13
23734,0,13
23736,22,13
23737,17,13
23739,1,13
23740,1,13
23742,1,13
23743,1,13
23744,1,13
23745,25,13
23747,9,13
23749,6,13
23751,7,13
23754,23,13
23755,9,13
23757,23,13
23761,4,13
23764,9,13
23766,9,13
23767,30,13
23768,9,13
23771,3,13
23773,22,13
23775,12,13
23779,3,13
23780,24,13
23781,23,13
23785,18,13
23786,22,13
23787,23,13
23788,6,13
23789,27,13
23790,13,13
23791,4,13
23796,30,13
23797,23,13
23799,17,13
23800,20,13
23801,28,13
23803,20,13
23805,20,13
23809,5,13
23811,17,13
23813,9,13
23817,18,13
23818,4,13
23819,14,13
23820,30,13
23822,2,13
23823,28,13
23825,9,13
23827,16,13
23828,20,13
23832,20,13
23835,20,13
23837,22,13
23839,17,13
23841,13,13
23842,1,13
23843,20,13
23844,2,13
23845,28,13
23846,9,13
23847,29,13
23850,4,13
23851,14,13
23852,28,13
23856,24,13
23858,24,13
23859,28,13
23861,28,13
23863,17,13
23864,23,13
23865,28,13
23866,23,13
23868,7,13
23869,25,13
23870,23,13
23871,12,13
23873,23,13
23875,23,13
23879,9,13
23881,23,13
23882,23,13
23883,16,13
23886,29,13
23887,18,13
23890,20,13
23891,18,13
23893,23,13
23894,25,13
23895,18,13
23896,20,13
23899,23,13
23904,16,13
23905,23,13
23907,7,13
23909,17,13
23910,28,13
23912,28,13
23913,14,13
23916,14,13
23917,23,13
23919,24,13
23920,28,13
23921,24,13
23923,24,13
23924,1,13
23928,23,13
23934,28,13
23935,10,13
23939,24,13
23941,24,13
23943,24,13
23944,24,13
23945,24,13
23947,24,13
23948,24,13
23955,4,13
23957,23,13
23962,14,13
23963,0,13
23965,28,13
23966,28,13
23967,23,13
23969,0,13
23970,3,13
23971,19,13
23972,13,13
23973,10,13
23974,18,13
23975,10,13
23976,23,13
23979,28,13
23980,0,13
23981,31,13
23984,28,13
23985,23,13
23986,24,13
23987,24,13
23992,23,13
23994,0,13
23996,1,13
24004,6,13
24005,13,13
24006,16,13
24007,0,13
24008,22,13
24010,5,13
24012,9,13
24013,9,13
24015,2,13
24018,10,13
24021,18,13
24023,17,13
24024,13,13
24025,5,13
24027,0,13
24029,2,13
24030,22,13
24032,12,13
24033,9,13
24034,0,13
24035,3,13
24036,18,13
24037,2,13
24038,11,13
24040,31,13
24041,22,13
24043,14,13
24047,9,13
24048,15,13
24049,17,13
24052,3,13
24056,16,13
24059,0,13
24062,7,13
24065,9,13
24066,0,13
24068,7,13
24069,12,13
24072,19,13
24075,5,13
24076,12,13
24079,16,13
24080,13,13
24084,26,13
24086,5,13
24088,0,13
24092,15,13
24094,25,13
24095,25,13
24096,7,13
24097,25,13
24098,25,13
24100,25,13
24101,25,13
24103,25,13
24106,11,13
24108,25,13
24112,25,13
24113,25,13
24114,2,13
24115,25,13
24128,11,13
24130,24,13
24134,0,13
24135,10,13
24137,25,13
24138,17,13
24141,25,13
24145,0,13
24147,7,13
24149,7,13
24150,19,13
24155,6,13
24157,24,13
24159,9,13
24163,11,13
24164,30,13
24165,15,13
24167,17,13
24169,25,13
24171,3,13
24173,10,13
24174,2,13
24176,22,13
24178,5,13
24179,16,13
24181,5,13
24183,16,13
24184,22,13
24185,15,13
24186,22,13
24187,2,13
24191,28,13
24196,7,13
24197,16,13
24199,25,13
24200,25,13
24202,25,13
24203,25,13
24205,25,13
24206,3,13
24207,25,13
24208,25,13
24210,25,13
24211,14,13
24212,29,13
24213,30,13
24215,25,13
24216,17,13
24218,25,13
24219,25,13
24221,22,13
24222,3,13
24223,29,13
24228,4,13
24231,11,13
24233,24,13
24237,30,13
24239,20,13
24243,7,13
24244,10,13
24246,22,13
24247,22,13
24249,2,13
24250,18,13
24251,25,13
24252,18,13
24254,22,13
24255,9,13
24257,11,13
24258,16,13
24261,30,13
24263,16,13
24266,7,13
24277,29,13
24280,18,13
24289,15,13
24291,28,13
24292,3,13
24293,9,13
24294,25,13
24295,28,13
24298,7,13
24301,24,13
24302,18,13
24304,19,13
24305,6,13
24308,14,13
24310,24,13
24311,25,13
24313,10,13
24314,22,13
24316,28,13
24317,18,13
24321,25,13
24323,7,13
24326,28,13
24327,19,13
24328,17,13
24332,13,13
24333,16,13
24334,19,13
24337,20,13
24338,0,13
24340,22,13
24341,12,13
24342,2,13
24344,3,13
24345,10,13
24348,13,13
24349,6,13
24350,13,13
24352,7,13
24355,18,13
24359,24,13
24361,22,13
24362,28,13
24364,2,13
24367,12,13
24368,25,13
24369,17,13
24370,7,13
24371,6,13
24372,11,13
24374,25,13
24375,25,13
24376,25,13
24377,19,13
24378,6,13
24380,24,13
24381,4,13
24382,11,13
24383,6,13
24384,19,13
24385,6,13
24386,6,13
24387,14,13
24388,9,13
24389,25,13
24390,0,13
24392,25,13
24393,2,13
24396,9,13
24397,25,13
24402,25,13
24403,11,13
24404,7,13
24407,2,13
24410,15,13
24411,7,13
24412,25,13
24413,2,13
24416,2,13
24418,3,13
24420,19,13
24421,13,13
24422,13,13
24423,28,13
24424,16,13
24426,19,13
24427,22,13
24429,24,13
24430,12,13
24433,19,13
24434,15,13
24436,28,13
24439,0,13
24441,2,13
24444,18,13
24445,7,13
24446,2,13
24447,13,13
24451,20,13
24452,27,13
24455,9,13
24456,24,13
24457,6,13
24458,18,13
24460,13,13
24461,3,13
24462,12,13
24465,12,13
24468,11,13
24469,2,13
24470,6,13
24471,15,13
24473,15,13
24477,2,13
24478,6,13
24480,2,13
24481,28,13
24482,17,13
24483,2,13
24484,22,13
24491,15,13
24492,0,13
24493,0,13
24494,5,13
24497,7,13
24498,2,13
24499,17,13
24500,9,13
24501,22,13
24505,0,13
24506,16,13
24511,11,13
24515,2,13
24517,22,13
24521,18,13
24522,17,13
24523,9,13
24526,20,13
24528,9,13
24533,18,13
24534,18,13
24537,12,13
24539,19,13
24540,12,13
24542,30,13
24543,16,13
24545,2,13
24546,13,13
24547,20,13
24549,2,13
24554,13,13
24555,15,13
24557,20,13
24562,3,13
24563,11,13
24565,2,13
24566,2,13
24567,22,13
24572,2,13
24573,10,13
24577,24,13
24579,2,13
24580,7,13
24582,17,13
24584,7,13
24585,25,13
24586,9,13
24588,22,13
24589,15,13
24590,29,13
24593,15,13
24595,9,13
24602,3,13
24605,30,13
24606,15,13
24607,0,13
24612,9,13
24616,6,13
24617,5,13
24619,24,13
24620,11,13
24621,24,13
24622,0,13
24623,2,13
24625,21,13
24626,4,13
24627,18,13
24628,30,13
24629,15,13
24631,11,13
24635,11,13
24637,9,13
24638,11,13
24639,1,13
24643,16,13
24645,5,13
24649,5,13
24650,6,13
24653,11,13
24655,15,13
24656,29,13
24658,30,13
24659,30,13
24661,9,13
24663,9,13
24664,2,13
24665,16,13
24669,13,13
24670,28,13
24672,25,13
24673,22,13
24674,9,13
24675,16,13
24676,3,13
24679,18,13
24681,10,13
24682,5,13
24684,18,13
24692,2,13
24693,20,13
24695,24,13
24697,29,13
24699,12,13
24705,2,13
24706,3,13
24709,12,13
24710,22,13
24712,24,13
24716,11,13
24724,3,13
24728,25,13
24730,25,13
24731,25,13
24733,5,13
24735,27,13
24736,28,13
24738,5,13
24739,9,13
24745,2,13
24746,11,13
24748,7,13
24750,15,13
24751,2,13
24752,9,13
24753,29,13
24758,24,13
24759,17,13
24760,2,13
24763,0,13
24764,9,13
24765,28,13
24768,9,13
24772,0,13
24773,22,13
24775,18,13
24777,3,13
24778,3,13
24779,12,13
24780,22,13
24781,16,13
24782,22,13
24784,2,13
24785,10,13
24786,9,13
24788,2,13
24794,7,13
24799,3,13
24800,28,13
24801,2,13
24803,3,13
24804,22,13
24808,28,13
24812,20,13
24813,20,13
24819,12,13
24822,19,13
24823,11,13
24824,14,13
24827,4,13
24828,24,13
24830,12,13
24835,17,13
24840,15,13
24847,28,13
24848,1,13
24850,18,13
24851,14,13
24852,10,13
24856,0,13
24857,20,13
24859,13,13
24861,7,13
24863,4,13
24864,9,13
24865,9,13
24867,9,13
24868,28,13
24872,19,13
24873,2,13
24874,16,13
24876,14,13
24878,22,13
24880,17,13
24882,0,13
24888,2,13
24890,9,13
24891,22,13
24893,2,13
24894,20,13
24895,12,13
24896,6,13
24898,16,13
24899,5,13
24901,0,13
24903,11,13
24906,14,13
24908,9,13
24909,22,13
24910,2,13
24912,2,13
24913,25,13
24915,18,13
24916,16,13
24921,25,13
24922,28,13
24924,17,13
24926,22,13
24929,12,13
24930,25,13
24931,0,13
24933,9,13
24934,5,13
24936,25,13
24938,16,13
24943,18,13
24947,20,13
24948,30,13
24949,9,13
24950,5,13
24952,22,13
24953,9,13
24954,18,13
24957,5,13
24958,18,13
24960,9,13
24961,20,13
24962,19,13
24963,28,13
24965,18,13
24969,1,13
24973,22,13
24975,22,13
24978,22,13
24979,11,13
24980,24,13
24981,22,13
24983,25,13
24984,3,13
24986,18,13
24991,16,13
24994,25,13
24998,25,13
24999,7,13
25002,7,13
25007,3,13
25010,18,13
25011,23,13
25013,7,13
25014,7,13
25018,23,13
25021,17,13
25023,17,13
25024,7,13
25026,17,13
25027,28,13
25029,24,13
25031,18,13
25033,17,13
25034,7,13
25038,4,13
25039,21,13
25043,23,13
25045,23,13
25049,17,13
25050,21,13
25054,10,13
25055,17,13
25056,0,13
25058,18,13
25064,30,13
25066,30,13
25071,1,13
25072,5,13
25073,1,13
25074,24,13
25075,24,13
25076,24,13
25077,12,13
25079,5,13
25082,12,13
25084,18,13
25085,17,13
25086,13,13
25087,27,13
25088,26,13
25091,14,13
25093,22,13
25096,13,13
25097,24,13
25098,4,13
25100,14,13
25108,7,13
25111,24,13
25114,7,13
25116,22,13
25119,14,13
25124,10,13
25125,16,13
25126,14,13
25128,6,13
25129,15,13
25132,29,13
25133,3,13
25134,13,13
25136,29,13
25137,0,13
25138,20,13
25139,22,13
25140,18,13
25141,18,13
25142,18,13
25144,18,13
25145,4,13
25148,15,13
25152,18,13
25153,28,13
25155,12,13
25157,11,13
25159,28,13
25160,6,13
25161,12,13
25164,31,13
25170,14,13
25171,18,13
25172,12,13
25173,6,13
25174,4,13
25175,10,13
25179,13,13
25181,27,13
25182,18,13
25188,18,13
25190,0,13
25193,0,13
25195,22,13
25197,24,13
25199,28,13
25200,24,13
25201,22,13
25202,24,13
25203,7,13
25206,7,13
25207,7,13
25208,7,13
25210,5,13
25211,9,13
25213,0,13
25214,18,13
25219,30,13
25220,5,13
25222,5,13
25224,6,13
25225,15,13
25228,5,13
25231,29,13
25232,22,13
25233,12,13
25234,13,13
25237,9,13
25238,16,13
25239,9,13
25240,4,13
25243,22,13
25244,16,13
25245,2,13
25246,5,13
25248,5,13
25249,5,13
25250,30,13
25252,16,13
25253,10,13
25254,13,13
25255,0,13
25260,12,13
25263,12,13
25264,12,13
25265,5,13
25266,12,13
25267,5,13
25269,2,13
25271,30,13
25281,13,13
25283,13,13
25284,16,13
25285,5,13
25288,17,13
25290,15,13
25291,16,13
25292,13,13
25296,24,13
25300,16,13
25303,16,13
25304,5,13
25305,9,13
25306,12,13
25308,13,13
25309,30,13
25310,5,13
25311,5,13
25315,16,13
25321,22,13
25323,12,13
25324,2,13
25325,0,13
25326,18,13
25327,9,13
25329,12,13
25330,24,13
25331,18,13
25332,2,13
25335,18,13
25340,18,13
25341,10,13
25344,30,13
25348,12,13
25349,13,13
25350,17,13
25352,30,13
25353,15,13
25355,9,13
25356,10,13
25359,22,13
25361,9,13
25364,12,13
25369,16,13
25371,9,13
25373,16,13
25374,22,13
25375,17,13
25376,5,13
25377,15,13
25383,2,13
25385,5,13
25388,5,13
25389,5,13
25393,20,13
25396,10,13
25399,2,13
25400,24,13
25403,9,13
25404,5,13
25405,5,13
25408,5,13
25409,5,13
25413,12,13
25415,5,13
25417,12,13
25418,5,13
25421,29,13
25422,10,13
25424,5,13
25429,24,13
25430,9,13
25434,16,13
25438,25,13
25439,25,13
25441,28,13
25442,25,13
25445,28,13
25446,10,13
25447,25,13
25449,6,13
25451,16,13
25452,30,13
25453,24,13
25455,7,13
25458,2,13
25459,10,13
25461,12,13
25462,18,13
25466,2,13
25467,28,13
25468,2,13
25469,17,13
25471,6,13
25473,7,13
25477,16,13
25478,25,13
25480,25,13
25481,25,13
25484,25,13
25486,6,13
25487,16,13
25488,14,13
25495,3,13
25501,22,13
25502,28,13
25503,29,13
25506,28,13
25507,10,13
25508,27,13
25509,27,13
25512,10,13
25513,24,13
25514,16,13
25520,17,13
25521,3,13
25526,1,13
25528,13,13
25529,20,13
25531,4,13
25533,6,13
25535,14,13
25536,16,13
25540,9,13
25541,24,13
25542,24,13
25543,30,13
25546,9,13
25554,24,13
25558,18,13
25564,29,13
25565,2,13
25569,22,13
25571,22,13
25572,22,13
25573,10,13
25576,25,13
25578,6,13
25580,20,13
25581,13,13
25582,7,13
25584,25,13
25588,25,13
25590,22,13
25593,25,13
25597,16,13
25598,4,13
25603,14,13
25604,14,13
25605,24,13
25606,28,13
25608,22,13
25609,22,13
25610,0,13
25612,3,13
25614,22,13
25615,7,13
25620,11,13
25621,0,13
25623,9,13
25624,9,13
25626,25,13
25627,25,13
25628,25,13
25630,25,13
25631,25,13
25635,25,13
25636,25,13
25637,25,13
25640,29,13
25641,25,13
25643,12,13
25647,20,13
25648,20,13
25652,7,13
25653,20,13
25655,28,13
25659,30,13
25661,15,13
25662,20,13
25663,24,13
25665,18,13
25668,11,13
25669,11,13
25670,30,13
25671,30,13
25676,25,13
25679,2,13
25681,25,13
25684,25,13
25685,25,13
25686,16,13
25687,2,13
25689,19,13
25690,15,13
25691,10,13
25693,29,13
25694,2,13
25696,22,13
25697,12,13
25701,29,13
25703,0,13
25707,24,13
25708,0,13
25709,10,13
25713,19,13
25716,24,13
25717,21,13
25718,10,13
25721,25,13
25725,25,13
25726,25,13
25729,25,13
25730,18,13
25731,2,13
25732,9,13
25735,22,13
25737,0,13
25740,25,13
25742,25,13
25743,28,13
25747,18,13
25749,9,13
25750,30,13
25751,29,13
25752,30,13
25754,22,13
25755,28,13
25756,2,13
25758,10,13
25760,13,13
25763,5,13
25764,11,13
25767,10,13
25768,4,13
25769,10,13
25770,10,13
25771,10,13
25773,10,13
25774,9,13
25776,21,13
25779,12,13
25781,4,13
25782,25,13
25783,19,13
25787,25,13
25794,2,13
25795,18,13
25796,18,13
25797,0,13
25798,0,13
25799,12,13
25802,9,13
25803,10,13
25806,18,13
25807,15,13
25809,10,13
25810,22,13
25812,18,13
25813,28,13
25815,3,13
25817,9,13
25818,12,13
25819,10,13
25827,27,13
25828,4,13
25829,12,13
25830,9,13
25831,3,13
25833,13,13
25834,2,13
25837,30,13
25840,0,13
25841,9,13
25842,25,13
25843,29,13
25844,22,13
25845,25,13
25846,25,13
25855,16,13
25856,2,13
25857,15,13
25858,29,13
25859,18,13
25861,6,13
25862,17,13
25863,30,13
25864,17,13
25865,24,13
25867,25,13
25868,15,13
25869,9,13
25870,22,13
25871,30,13
25872,7,13
25873,7,13
25876,13,13
25878,20,13
25880,24,13
25881,4,13
25882,6,13
25884,14,13
25885,21,13
25886,11,13
25889,7,13
25891,13,13
25892,17,13
25893,7,13
25894,15,13
25896,15,13
25898,7,13
25899,15,13
25900,7,13
25904,15,13
25907,5,13
25908,29,13
25913,5,13
25914,4,13
25915,14,13
25916,21,13
25922,2,13
25924,12,13
25925,9,13
25926,9,13
25927,7,13
25930,22,13
25932,24,13
25936,14,13
25937,14,13
25941,24,13
25942,22,13
25946,28,13
25948,7,13
25949,10,13
25950,6,13
25952,4,13
25953,24,13
25955,14,13
25959,24,13
25962,17,13
25964,7,13
25965,29,13
25967,29,13
25969,7,13
25971,22,13
25974,22,13
25980,21,13
25983,10,13
25984,9,13
25986,18,13
25987,28,13
25990,7,13
25994,22,13
25995,17,13
25996,24,13
25997,4,13
26001,27,13
26002,12,13
26003,16,13
26005,30,13
26010,12,13
26018,9,13
26019,1,13
26020,10,13
26021,24,13
26023,3,13
26024,24,13
26027,14,13
26031,9,13
26032,16,13
26033,20,13
26034,30,13
26037,16,13
26040,24,13
26041,24,13
26042,14,13
26043,3,13
26045,1,13
26050,3,13
26051,5,13
26052,7,13
26053,31,13
26054,5,13
26058,13,13
26059,18,13
26060,7,13
26061,9,13
26063,16,13
26064,3,13
26066,22,13
26068,10,13
26072,7,13
26073,22,13
26074,5,13
26075,5,13
26077,3,13
26079,5,13
26080,1,13
26083,2,13
26087,1,13
26090,22,13
26091,5,13
26095,13,13
26096,9,13
26097,0,13
26100,3,13
26101,18,13
26103,7,13
26106,24,13
26108,7,13
26109,3,13
26112,4,13
26113,28,13
26114,14,13
26115,21,13
26116,10,13
26120,15,13
26122,3,13
26124,22,13
26126,14,13
26127,2,13
26129,22,13
26130,22,13
26131,22,13
26134,22,13
26135,22,13
26136,22,13
26139,26,13
26142,26,13
26144,22,13
26146,2,13
26147,4,13
26150,4,13
26158,15,13
26159,9,13
26161,22,13
26163,0,13
26164,2,13
26166,1,13
26167,3,13
26168,5,13
26169,2,13
26171,22,13
26174,5,13
26179,21,13
26180,18,13
26181,22,13
26182,2,13
26184,15,13
26186,0,13
26191,27,13
26192,16,13
26193,16,13
26197,9,13
26200,10,13
26202,18,13
26203,28,13
26210,0,13
26211,19,13
26212,2,13
26213,14,13
26216,6,13
26217,22,13
26223,3,13
26224,31,13
26227,26,13
26229,9,13
26231,9,13
26233,31,13
26236,19,13
26237,11,13
26241,22,13
26242,17,13
26243,3,13
26244,17,13
26246,3,13
26247,2,13
26249,22,13
26251,7,13
26252,27,13
26253,28,13
26257,19,13
26258,27,13
26259,2,13
26260,5,13
26262,31,13
26267,27,13
26268,28,13
26271,13,13
26274,27,13
26275,3,13
26276,28,13
26280,0,13
26282,7,13
26286,16,13
26288,4,13
26294,0,13
26298,15,13
26302,13,13
26303,7,13
26305,7,13
26306,28,13
26307,27,13
26308,27,13
26310,22,13
26311,22,13
26313,2,13
26316,0,13
26317,2,13
26318,12,13
26319,18,13
26320,15,13
26322,29,13
26323,29,13
26324,25,13
26329,3,13
26330,2,13
26332,6,13
26334,6,13
26335,2,13
26337,28,13
26338,3,13
26339,25,13
26342,5,13
26343,1,13
26344,22,13
26345,1,13
26346,28,13
26348,1,13
26349,22,13
26351,1,13
26353,9,13
26355,1,13
26357,17,13
26360,16,13
26364,25,13
26367,22,13
26368,28,13
26371,9,13
26375,22,13
26377,9,13
26380,1,13
26381,1,13
26383,29,13
26384,30,13
26387,28,13
26388,6,13
26389,22,13
26391,4,13
26392,29,13
26394,14,13
26396,19,13
26397,25,13
26402,1,13
26404,1,13
26405,25,13
26410,1,13
26412,10,13
26413,19,13
26415,2,13
26416,16,13
26418,15,13
26422,1,13
26424,1,13
26426,1,13
26429,1,13
26434,28,13
26435,2,13
26436,16,13
26438,4,13
26441,19,13
26443,14,13
26446,21,13
26448,28,13
26449,4,13
26450,22,13
26452,15,13
26454,28,13
26456,17,13
26458,5,13
26459,16,13
26460,28,13
26461,18,13
26462,4,13
26463,4,13
26464,0,13
26466,16,13
26472,3,13
26473,3,13
26476,3,13
26479,6,13
26480,14,13
26481,14,13
26482,21,13
26486,1,13
26487,15,13
26488,17,13
26491,15,13
26492,2,13
26493,17,13
26494,29,13
26495,24,13
26496,4,13
26500,14,13
26501,14,13
26504,20,13
26509,19,13
26513,4,13
26514,4,13
26516,6,13
26517,14,13
26518,14,13
26522,19,13
26523,17,13
26524,12,13
26526,17,13
26529,10,13
26530,4,13
26535,21,13
26537,0,13
26538,28,13
26540,24,13
26541,16,13
26544,14,13
26545,14,13
26546,14,13
26549,24,13
26550,10,13
26551,16,13
26552,6,13
26554,20,13
26556,3,13
26557,12,13
26561,20,13
26562,2,13
26563,9,13
26565,9,13
26566,29,13
26569,11,13
26575,0,13
26577,14,13
26582,9,13
26584,4,13
26586,14,13
26587,21,13
26588,7,13
26590,14,13
26591,14,13
26593,18,13
26594,4,13
26596,14,13
26599,19,13
26602,18,13
26603,13,13
26604,28,13
26605,12,13
26607,4,13
26610,0,13
26621,3,13
26624,4,13
26625,7,13
26629,21,13
26632,1,13
26635,3,13
26637,28,13
26638,24,13
26640,31,13
26642,19,13
26647,14,13
26650,28,13
26652,9,13
26653,17,13
26658,11,13
26661,21,13
26662,3,13
26663,31,13
26664,31,13
26665,31,13
26666,31,13
26667,31,13
26668,13,13
26669,11,13
26674,6,13
26675,17,13
26676,3,13
26677,31,13
26678,31,13
26679,18,13
26682,31,13
26683,4,13
26684,18,13
26686,3,13
26687,27,13
26688,11,13
26689,4,13
26693,9,13
26694,0,13
26695,0,13
26697,18,13
26698,9,13
26699,2,13
26700,0,13
26701,28,13
26703,18,13
26704,19,13
26705,9,13
26706,9,13
26711,17,13
26712,27,13
26713,19,13
26717,9,13
26718,27,13
26721,0,13
26724,11,13
26725,18,13
26729,8,13
26735,11,13
26740,10,13
26743,7,13
26744,24,13
26746,11,13
26748,24,13
26749,13,13
26750,5,13
26753,4,13
26757,27,13
26758,27,13
26760,17,13
26764,13,13
26765,3,13
26766,16,13
26767,24,13
26768,24,13
26769,26,13
26771,27,13
26772,12,13
26773,13,13
26774,6,13
26776,28,13
26777,27,13
26778,3,13
26779,28,13
26780,27,13
26781,7,13
26784,22,13
26785,9,13
26786,8,13
26787,27,13
26788,18,13
26789,19,13
26791,10,13
26792,10,13
26793,19,13
26795,27,13
26800,28,13
26803,24,13
26808,29,13
26812,13,13
26813,16,13
26814,28,13
26815,18,13
26816,5,13
26818,16,13
26820,18,13
26821,9,13
26824,16,13
26827,26,13
26828,20,13
26829,22,13
26830,3,13
26833,4,13
26837,28,13
26839,0,13
26840,19,13
26841,0,13
26843,11,13
26845,28,13
26846,9,13
26847,17,13
26856,15,13
26858,11,13
26860,11,13
26861,31,13
26864,21,13
26867,13,13
26868,17,13
26869,18,13
26871,30,13
26873,4,13
26874,7,13
26879,28,13
26882,0,13
26884,1,13
26888,12,13
26890,7,13
26891,18,13
26892,13,13
26893,17,13
26894,5,13
26895,17,13
26899,0,13
26900,28,13
26902,1,13
26903,15,13
26906,31,13
26908,28,13
26910,15,13
26911,2,13
26912,0,13
26915,3,13
26919,0,13
26922,13,13
26927,10,13
26929,4,13
26931,4,13
26933,9,13
26934,0,13
26936,8,13
26937,8,13
26940,3,13
26941,18,13
26942,27,13
26944,27,13
26945,3,13
26949,9,13
26956,28,13
26960,22,13
26961,18,13
26963,20,13
26967,27,13
26969,0,13
26970,2,13
26971,7,13
26973,11,13
26977,19,13
26978,31,13
26979,28,13
26980,31,13
26983,31,13
26985,31,13
26988,2,13
26993,4,13
26994,27,13
26995,30,13
26996,9,13
27000,7,13
27001,7,13
27004,18,13
27006,22,13
27008,7,13
27009,13,13
27010,13,13
27012,1,13
27016,7,13
27017,7,13
27018,7,13
27019,24,13
27021,7,13
27022,28,13
27024,7,13
27026,11,13
27028,7,13
27031,7,13
27034,27,13
27035,7,13
27036,7,13
27037,27,13
27038,11,13
27040,9,13
27046,7,13
27047,16,13
27049,7,13
27051,25,13
27053,16,13
27054,16,13
27058,7,13
27059,24,13
27060,24,13
27061,16,13
27062,24,13
27063,25,13
27064,4,13
27067,9,13
27069,2,13
27070,22,13
27071,2,13
27072,5,13
27078,16,13
27079,25,13
27084,2,13
27085,16,13
27088,2,13
27090,10,13
27092,16,13
27093,25,13
27096,9,13
27098,14,13
27099,16,13
27101,5,13
27102,2,13
27104,14,13
27107,5,13
27109,10,13
27110,0,13
27112,4,13
27116,5,13
27119,10,13
27121,5,13
27123,1,13
27125,19,13
27126,1,13
27131,9,13
27137,25,13
27138,4,13
27142,16,13
27143,20,13
27144,30,13
27145,29,13
27147,12,13
27148,13,13
27149,2,13
27152,28,13
27155,29,13
27158,12,13
27159,22,13
27162,5,13
27165,14,13
27169,13,13
27171,13,13
27173,19,13
27174,17,13
27175,3,13
27176,13,13
27178,5,13
27179,2,13
27183,22,13
27184,12,13
27185,2,13
27187,12,13
27189,30,13
27191,2,13
27193,1,13
27194,28,13
27199,2,13
27202,9,13
27203,24,13
27210,28,13
27212,23,13
27214,28,13
27218,29,13
27220,6,13
27221,13,13
27223,10,13
27225,10,13
27227,9,13
27229,18,13
27231,0,13
27232,14,13
27233,10,13
27234,0,13
27237,17,13
27239,11,13
27242,10,13
27244,30,13
27245,13,13
27247,9,13
27248,23,13
27249,18,13
27252,9,13
27253,15,13
27259,10,13
27261,9,13
27263,23,13
27264,4,13
27267,24,13
27269,19,13
27270,9,13
27271,7,13
27274,7,13
27275,24,13
27282,17,13
27283,24,13
27286,5,13
27288,23,13
27291,23,13
27292,9,13
27294,24,13
27295,24,13
27296,23,13
27297,9,13
27298,28,13
27300,17,13
27303,2,13
27305,4,13
27308,17,13
27310,2,13
27311,17,13
27314,5,13
27316,5,13
27317,18,13
27318,19,13
27320,24,13
27322,23,13
27325,24,13
27327,23,13
27329,24,13
27333,16,13
27334,2,13
27335,19,13
27336,23,13
27342,2,13
27343,23,13
27344,28,13
27348,28,13
27349,23,13
27351,4,13
27352,10,13
27356,24,13
27357,24,13
27359,23,13
27362,2,13
27363,28,13
27365,25,13
27367,23,13
27368,9,13
27369,24,13
27373,1,13
27375,2,13
27379,23,13
27380,9,13
27381,5,13
27389,23,13
27390,24,13
27393,9,13
27395,12,13
27396,17,13
27401,3,13
27402,2,13
27403,2,13
27404,2,13
27406,28,13
27408,23,13
27409,2,13
27411,2,13
27416,2,13
27417,2,13
27418,2,13
27421,24,13
27422,7,13
27427,24,13
27432,23,13
27433,7,13
27434,30,13
27435,10,13
27436,10,13
27437,28,13
27438,10,13
27439,3,13
27441,28,13
27443,7,13
27447,28,13
27448,13,13
27449,23,13
27451,24,13
27454,24,13
27455,28,13
27456,7,13
27457,23,13
27458,24,13
27459,24,13
27461,10,13
27463,13,13
27465,1,13
27466,7,13
27469,18,13
27471,23,13
27474,2,13
27477,0,13
27479,23,13
27480,23,13
27481,23,13
27485,3,13
27486,0,13
27487,0,13
27489,27,13
27495,18,13
27496,18,13
27498,6,13
27504,23,13
27505,0,13
27507,18,13
27511,19,13
27512,27,13
27514,27,13
27517,23,13
27519,28,13
27522,3,13
27523,3,13
27527,0,13
27529,5,13
27530,18,13
27534,30,13
27536,5,13
27537,18,13
27538,24,13
27539,16,13
27540,5,13
27542,10,13
27543,7,13
27544,18,13
27545,3,13
27547,9,13
27548,5,13
27550,16,13
27555,16,13
27556,14,13
27558,5,13
27561,5,13
27562,10,13
27565,30,13
27567,12,13
27568,12,13
27570,24,13
27576,20,13
27581,10,13
27582,3,13
27583,5,13
27585,16,13
27587,9,13
27590,10,13
27592,7,13
27593,1,13
27595,13,13
27596,25,13
27599,24,13
27600,17,13
27601,28,13
27602,17,13
27604,9,13
27607,9,13
27611,24,13
27612,15,13
27613,14,13
27614,24,13
27615,17,13
27616,24,13
27622,24,13
27625,14,13
27627,27,13
27628,24,13
27630,14,13
27631,23,13
27635,24,13
27636,14,13
27637,11,13
27638,1,13
27642,30,13
27643,14,13
27644,2,13
27646,12,13
27647,24,13
27650,10,13
27651,24,13
27652,14,13
27654,24,13
27656,15,13
27658,7,13
27660,24,13
27661,9,13
27662,27,13
27665,24,13
27667,22,13
27668,17,13
27669,25,13
27670,2,13
27671,9,13
27673,28,13
27674,2,13
27680,14,13
27681,21,13
27687,3,13
27688,7,13
27693,7,13
27695,10,13
27697,24,13
27698,4,13
27699,22,13
27701,2,13
27704,16,13
27705,22,13
27708,29,13
27709,25,13
27710,0,13
27711,12,13
27714,7,13
27715,27,13
27717,27,13
27719,16,13
27720,7,13
27721,22,13
27722,13,13
27724,5,13
27726,22,13
27730,7,13
27733,27,13
27736,22,13
27741,27,13
27743,24,13
27744,28,13
27748,2,13
27749,4,13
27750,16,13
27752,7,13
27753,1,13
27754,30,13
27755,17,13
27756,25,13
27758,7,13
27760,20,13
27761,28,13
27765,7,13
27767,9,13
27768,6,13
27772,7,13
27773,7,13
27776,20,13
27779,1,13
27782,2,13
27783,30,13
27784,30,13
27789,25,13
27790,11,13
27792,30,13
27794,30,13
27795,30,13
27797,30,13
27800,16,13
27801,5,13
27803,16,13
27804,28,13
27805,15,13
27807,25,13
27812,6,13
27813,28,13
27814,9,13
27815,24,13
27816,21,13
27819,18,13
27820,25,13
27822,5,13
27824,27,13
27827,16,13
27828,14,13
27830,9,13
27831,29,13
27833,28,13
27834,20,13
27836,22,13
27837,16,13
27839,3,13
27840,20,13
27842,16,13
27845,18,13
27847,10,13
27850,4,13
27851,24,13
27852,6,13
27853,14,13
27858,1,13
27859,6,13
27860,25,13
27864,28,13
27869,6,13
27871,6,13
27872,14,13
27876,10,13
27878,30,13
27880,30,13
27886,13,13
27887,28,13
27888,2,13
27889,18,13
27890,17,13
27891,11,13
27893,11,13
27894,9,13
27896,6,13
27900,4,13
27901,11,13
27902,6,13
27903,14,13
27904,29,13
27905,24,13
27907,28,13
27908,30,13
27910,9,13
27911,14,13
27914,30,13
27918,30,13
27919,28,13
27923,22,13
27925,11,13
27927,9,13
27932,7,13
27934,7,13
27936,10,13
27942,12,13
27950,10,13
27951,7,13
27953,7,13
27954,24,13
27958,28,13
27963,20,13
27964,3,13
27965,17,13
27966,2,13
27969,2,13
27970,17,13
27972,17,13
27974,3,13
27975,3,13
27976,15,13
27977,22,13
27978,10,13
27979,9,13
27981,15,13
27982,9,13
27983,18,13
27985,3,13
27986,28,13
27989,12,13
27991,24,13
27992,16,13
27994,24,13
27995,14,13
27996,21,13
27997,24,13
27998,30,13
27999,18,13
28005,28,13
28006,30,13
28009,30,13
28010,6,13
28011,4,13
28012,4,13
28017,2,13
28019,28,13
28020,14,13
28021,10,13
28023,7,13
28027,28,13
28029,9,13
28030,9,13
28033,28,13
28034,20,13
28035,28,13
28040,7,13
28041,7,13
28042,9,13
28043,28,13
28045,28,13
28046,5,13
28047,2,13
28049,3,13
28051,0,13
28052,28,13
28053,2,13
28056,19,13
28059,2,13
28061,2,13
28065,3,13
28068,14,13
28072,30,13
28073,24,13
28075,4,13
28076,11,13
28078,11,13
28079,14,13
28081,6,13
28083,4,13
28086,9,13
28089,25,13
28092,9,13
28095,3,13
28096,2,13
28097,7,13
28098,28,13
28099,17,13
28100,10,13
28101,23,13
28102,7,13
28103,14,13
28104,2,13
28105,2,13
28107,0,13
28108,3,13
28109,0,13
28110,28,13
28112,2,13
28113,7,13
28115,28,13
28116,2,13
28117,2,13
28118,9,13
28119,15,13
28120,18,13
28121,18,13
28122,7,13
28124,20,13
28125,28,13
28126,7,13
28127,25,13
28128,30,13
28131,4,13
28136,9,13
28137,5,13
28139,28,13
28140,4,13
28144,16,13
28146,28,13
28148,4,13
28150,14,13
28153,30,13
28156,18,13
28157,12,13
28158,13,13
28159,3,13
28161,28,13
28162,3,13
28163,20,13
28165,3,13
28166,20,13
28168,17,13
28169,19,13
28171,3,13
28175,17,13
28177,0,13
28178,18,13
28186,25,13
28189,9,13
28191,9,13
28193,25,13
28196,29,13
28199,24,13
28200,4,13
28204,5,13
28206,28,13
28211,22,13
28212,20,13
28213,5,13
28218,24,13
28219,17,13
28221,5,13
28227,5,13
28236,21,13
28238,10,13
28240,22,13
28241,11,13
28243,18,13
28244,12,13
28246,7,13
28248,5,13
28249,1,13
28252,4,13
28253,28,13
28254,14,13
28256,28,13
28257,5,13
28258,3,13
28260,5,13
28262,28,13
28263,14,13
28265,14,13
28267,9,13
28271,5,13
28272,16,13
28275,4,13
28276,4,13
28282,14,13
28284,7,13
28286,17,13
28290,15,13
28291,14,13
28292,2,13
28293,16,13
28296,4,13
28297,6,13
28303,15,13
28306,7,13
28309,4,13
28310,11,13
28311,28,13
28312,11,13
28313,14,13
28315,4,13
28316,11,13
28319,10,13
28320,16,13
28322,16,13
28323,3,13
28324,16,13
28326,4,13
28331,21,13
28332,5,13
28334,19,13
28335,5,13
28338,12,13
28339,16,13
28342,2,13
28344,7,13
28346,9,13
28347,14,13
28349,9,13
28356,18,13
28358,20,13
28360,18,13
28361,2,13
28362,27,13
28366,11,13
28367,18,13
28372,18,13
28373,4,13
28374,4,13
28376,31,13
28377,11,13
28382,9,13
28383,5,13
28384,27,13
28388,3,13
28389,9,13
28392,4,13
28396,18,13
28397,3,13
28399,11,13
28402,4,13
28406,27,13
28408,28,13
28409,16,13
28411,0,13
28413,11,13
28416,11,13
28417,7,13
28420,27,13
28421,27,13
28422,4,13
28423,19,13
28425,28,13
28426,27,13
28427,27,13
28430,6,13
28431,19,13
28435,22,13
28437,12,13
28438,28,13
28440,19,13
28441,7,13
28442,1,13
28444,18,13
28445,18,13
28446,27,13
28447,4,13
28449,27,13
28455,27,13
28456,27,13
28457,19,13
28458,27,13
28461,19,13
28462,18,13
28463,19,13
28464,19,13
28465,22,13
28467,19,13
28470,19,13
28471,27,13
28472,3,13
28473,26,13
28479,18,13
28480,8,13
28486,23,13
28487,10,13
28488,24,13
28489,10,13
28494,24,13
28495,13,13
28496,28,13
28500,27,13
28501,16,13
28503,27,13
28505,27,13
28509,27,13
28510,27,13
28513,27,13
28515,5,13
28516,22,13
28518,9,13
28519,28,13
28521,2,13
28524,18,13
28526,27,13
28531,30,13
28532,27,13
28533,22,13
28542,24,13
28543,24,13
28550,28,13
28551,2,13
28553,22,13
28556,27,13
28558,24,13
28560,4,13
28563,27,13
28565,22,13
28567,3,13
28569,27,13
28574,18,13
28576,27,13
28578,22,13
28579,27,13
28580,27,13
28581,4,13
28583,4,13
28584,22,13
28585,16,13
28586,27,13
28589,27,13
28591,3,13
28592,27,13
28594,4,13
28595,4,13
28596,4,13
28597,19,13
28598,27,13
28599,27,13
28600,27,13
28601,5,13
28607,5,13
28608,11,13
28609,16,13
28611,15,13
28613,29,13
28614,29,13
28616,7,13
28617,17,13
28619,7,13
28622,7,13
28623,15,13
28624,15,13
28626,24,13
28627,9,13
28630,24,13
28632,17,13
28636,22,13
28637,7,13
28640,29,13
28641,9,13
28642,29,13
28643,3,13
28644,7,13
28649,29,13
28650,5,13
28656,22,13
28657,4,13
28658,13,13
28659,14,13
28661,3,13
28662,11,13
28663,9,13
28664,17,13
28665,12,13
28666,29,13
28667,9,13
28673,25,13
28674,3,13
28676,1,13
28678,24,13
28679,4,13
28680,18,13
28681,7,13
28683,7,13
28684,12,13
28685,0,13
28686,28,13
28689,29,13
28691,22,13
28701,9,13
28703,29,13
28705,20,13
28706,2,13
28710,7,13
28711,17,13
28713,24,13
28717,29,13
28719,2,13
28720,1,13
28723,2,13
28726,24,13
28727,5,13
28728,24,13
28729,24,13
28730,24,13
28738,7,13
28739,3,13
28740,7,13
28744,4,13
28745,24,13
28747,12,13
28748,24,13
28749,19,13
28751,27,13
28752,7,13
28758,31,13
28759,31,13
28761,4,13
28762,27,13
28763,18,13
28770,12,13
28771,11,13
28773,27,13
28775,27,13
28778,15,13
28779,3,13
28784,18,13
28785,19,13
28786,27,13
28789,27,13
28791,9,13
28792,9,13
28796,5,13
28799,27,13
28801,8,13
28806,31,13
28808,0,13
28809,18,13
28811,22,13
28813,26,13
28814,27,13
28815,26,13
28816,26,13
28817,18,13
28818,31,13
28819,7,13
28824,4,13
28825,19,13
28826,27,13
28827,27,13
28829,31,13
28832,13,13
28839,30,13
28847,22,13
28849,8,13
28851,29,13
28852,22,13
28856,1,13
28857,7,13
28858,19,13
28861,7,13
28862,3,13
28863,15,13
28864,29,13
28866,11,13
28867,16,13
28868,1,13
28872,6,13
28873,24,13
28877,3,13
28881,11,13
28882,0,13
28886,6,13
28888,6,13
28890,9,13
28891,0,13
28895,29,13
28898,20,13
28902,12,13
28903,7,13
28904,3,13
28905,7,13
28908,18,13
28909,15,13
28910,2,13
28912,9,13
28913,30,13
28918,15,13
28919,4,13
28921,11,13
28925,24,13
28928,3,13
28929,17,13
28934,23,13
28935,6,13
28937,14,13
28938,25,13
28939,30,13
28944,29,13
28945,7,13
28947,4,13
28950,21,13
28951,30,13
28953,24,13
28954,29,13
28955,13,13
28956,29,13
28958,29,13
28960,4,13
28961,24,13
28965,14,13
28966,21,13
28968,18,13
28969,7,13
28971,30,13
28974,11,13
28977,21,13
28978,3,13
28983,3,13
28984,18,13
28986,24,13
28988,4,13
28989,28,13
28991,11,13
28995,24,13
28996,4,13
28997,28,13
28998,21,13
29003,7,13
29005,29,13
29007,18,13
29008,29,13
29010,30,13
29012,4,13
29015,14,13
29016,24,13
29017,21,13
29019,7,13
29021,24,13
29023,21,13
29025,14,13
29026,21,13
29029,21,13
29031,19,13
29034,14,13
29035,21,13
29037,11,13
29038,4,13
29040,5,13
29041,18,13
29042,7,13
29043,5,13
29049,18,13
29050,4,13
29051,14,13
29053,17,13
29054,29,13
29056,31,13
29057,31,13
29058,19,13
29064,19,13
29065,31,13
29066,19,13
29068,11,13
29069,7,13
29070,19,13
29071,13,13
29074,19,13
29077,19,13
29078,27,13
29081,6,13
29082,19,13
29083,11,13
29085,19,13
29088,0,13
29089,4,13
29090,27,13
29091,18,13
29100,3,13
29102,3,13
29106,19,13
29108,4,13
29109,4,13
29110,4,13
29111,18,13
29112,11,13
29115,3,13
29117,7,13
29119,7,13
29120,27,13
29125,4,13
29127,5,13
29128,8,13
29129,8,13
29130,7,13
29131,4,13
29133,23,13
29137,14,13
29138,19,13
29141,23,13
29142,7,13
29143,24,13
29145,4,13
29147,21,13
29148,13,13
29149,13,13
29150,13,13
29153,21,13
29154,11,13
29155,23,13
29156,6,13
29159,28,13
29166,19,13
29167,19,13
29169,9,13
29170,30,13
29172,11,13
29174,18,13
29175,16,13
29176,7,13
29177,26,13
29182,9,13
29183,12,13
29186,17,13
29188,3,13
29191,17,13
29195,18,13
29198,10,13
29199,17,13
29200,24,13
29201,4,13
29206,30,13
29207,28,13
29208,17,13
29210,11,13
29211,18,13
29215,17,13
29217,17,13
29219,0,13
29221,17,13
29222,0,13
29223,6,13
29226,9,13
29228,24,13
29229,17,13
29231,17,13
29233,6,13
29238,14,13
29239,17,13
29242,7,13
29243,12,13
29244,3,13
29245,4,13
29246,14,13
29247,15,13
29248,25,13
29252,4,13
29254,14,13
29255,17,13
29256,0,13
29259,17,13
29260,18,13
29261,3,13
29262,23,13
29263,17,13
29266,3,13
29267,24,13
29268,4,13
29270,11,13
29271,24,13
29273,24,13
29274,24,13
29275,24,13
29276,4,13
29279,10,13
29282,24,13
29284,4,13
29285,24,13
29293,4,13
29294,24,13
29296,7,13
29302,7,13
29303,25,13
29305,13,13
29306,6,13
29308,16,13
29311,20,13
29313,2,13
29314,7,13
29315,25,13
29316,25,13
29319,23,13
29321,9,13
29322,13,13
29323,10,13
29325,9,13
29326,25,13
29331,25,13
29333,29,13
29334,29,13
29335,7,13
29337,29,13
29338,29,13
29341,29,13
29342,9,13
29343,30,13
29344,29,13
29348,9,13
29349,29,13
29351,29,13
29352,2,13
29353,9,13
29354,29,13
29355,5,13
29358,28,13
29359,18,13
29360,20,13
29364,2,13
29365,7,13
29366,3,13
29368,20,13
29370,20,13
29380,25,13
29382,29,13
29383,22,13
29387,24,13
29388,14,13
29389,21,13
29391,18,13
29392,7,13
29395,2,13
29396,7,13
29397,29,13
29399,29,13
29401,5,13
29406,24,13
29411,24,13
29412,11,13
29413,14,13
29414,9,13
29416,6,13
29417,28,13
29419,18,13
29422,2,13
29423,15,13
29429,30,13
29434,11,13
29435,14,13
29436,21,13
29438,25,13
29440,18,13
29441,2,13
29442,3,13
29444,17,13
29449,0,13
29450,3,13
29451,2,13
29452,4,13
29453,9,13
29454,11,13
29456,24,13
29457,11,13
29458,20,13
29459,22,13
29460,2,13
29462,24,13
29463,28,13
29464,2,13
29465,5,13
29466,18,13
29468,7,13
29474,28,13
29478,11,13
29479,18,13
29481,20,13
29484,9,13
29487,29,13
29488,2,13
29489,18,13
29490,10,13
29494,2,13
29498,25,13
29499,9,13
29503,4,13
29505,21,13
29506,30,13
29507,25,13
29508,29,13
29509,10,13
29514,29,13
29515,2,13
29517,7,13
29518,29,13
29521,29,13
29522,9,13
29524,9,13
29525,18,13
29528,12,13
29531,0,13
29532,29,13
29534,6,13
29535,9,13
29536,29,13
29537,2,13
29538,4,13
29539,14,13
29542,18,13
29544,11,13
29547,28,13
29551,9,13
29555,11,13
29556,18,13
29558,7,13
29560,28,13
29561,9,13
29562,20,13
29563,15,13
29567,20,13
29568,10,13
29569,25,13
29571,20,13
29573,9,13
29578,28,13
29582,15,13
29585,14,13
29586,21,13
29587,9,13
29588,24,13
29589,12,13
29593,14,13
29594,24,13
29595,4,13
29596,14,13
29599,22,13
29600,4,13
29601,14,13
29606,4,13
29608,2,13
29609,15,13
29610,29,13
29611,15,13
29612,4,13
29613,14,13
29614,21,13
29615,28,13
29618,16,13
29619,14,13
29620,22,13
29624,11,13
29626,4,13
29627,19,13
29628,14,13
29633,9,13
29634,27,13
29635,19,13
29636,18,13
29637,18,13
29638,9,13
29640,29,13
29641,18,13
29642,27,13
29643,0,13
29645,18,13
29646,31,13
29647,15,13
29648,28,13
29649,9,13
29650,9,13
29651,9,13
29656,21,13
29659,18,13
29660,31,13
29662,9,13
29664,27,13
29673,18,13
29674,17,13
29678,4,13
29679,14,13
29682,27,13
29683,31,13
29686,18,13
29687,27,13
29688,2,13
29690,29,13
29691,15,13
29693,18,13
29694,31,13
29699,0,13
29700,2,13
29701,31,13
29702,12,13
29704,18,13
29705,19,13
29706,31,13
29707,2,13
29708,2,13
29710,31,13
29716,9,13
29718,31,13
29719,31,13
29721,9,13
29723,4,13
29724,27,13
29726,0,13
29727,0,13
29729,27,13
29732,18,13
29735,1,13
29736,27,13
29743,18,13
29744,27,13
29747,19,13
29748,27,13
29751,18,13
29753,19,13
29758,7,13
29760,8,13
29761,27,13
29762,19,13
29769,24,13
29770,24,13
29771,8,13
29772,24,13
29773,7,13
29775,24,13
29776,24,13
29779,22,13
29780,18,13
29781,22,13
29786,8,13
29787,27,13
29788,22,13
29790,22,13
29791,0,13
29799,7,13
29800,28,13
29803,19,13
29804,29,13
29805,13,13
29807,6,13
29808,13,13
29809,17,13
29812,11,13
29816,30,13
29818,28,13
29819,2,13
29820,25,13
29821,25,13
29822,25,13
29823,25,13
29824,2,13
29826,5,13
29827,30,13
29828,2,13
29829,18,13
29832,5,13
29833,28,13
29834,29,13
29835,2,13
29837,5,13
29841,12,13
29842,5,13
29843,4,13
29845,2,13
29847,10,13
29848,13,13
29851,24,13
29853,12,13
29857,2,13
29859,5,13
29860,30,13
29861,17,13
29862,10,13
29866,25,13
29868,30,13
29869,25,13
29874,28,13
29875,2,13
29878,9,13
29879,25,13
29880,2,13
29881,25,13
29883,1,13
29885,5,13
29886,6,13
29887,30,13
29889,29,13
29890,10,13
29891,3,13
29892,14,13
29896,10,13
29900,11,13
29901,5,13
29906,24,13
29909,30,13
29914,28,13
29915,12,13
29916,7,13
29918,9,13
29919,5,13
29920,20,13
29923,30,13
29926,3,13
29927,3,13
29929,17,13
29931,10,13
29933,9,13
29934,12,13
29935,2,13
29937,14,13
29938,11,13
29939,10,13
29944,24,13
29946,14,13
29947,24,13
29950,6,13
29951,5,13
29952,5,13
29953,29,13
29957,12,13
29958,18,13
29959,12,13
29962,25,13
29964,25,13
29970,22,13
29971,2,13
29972,30,13
29973,18,13
29976,2,13
29977,28,13
29979,24,13
29981,16,13
29982,19,13
29983,4,13
29987,24,13
29988,24,13
29993,30,13
29994,11,13
29996,3,13
29997,27,13
30000,20,13
30002,15,13
30003,2,13
30004,12,13
30007,28,13
30010,0,13
30012,18,13
30014,29,13
30016,7,13
30017,12,13
30019,13,13
30021,7,13
30023,20,13
30025,2,13
30026,16,13
30031,29,13
30032,0,13
30035,9,13
30037,11,13
30039,10,13
30040,24,13
30042,12,13
30044,21,13
30045,10,13
30046,28,13
30047,30,13
30050,11,13
30051,18,13
30053,7,13
30055,2,13
30057,18,13
30059,30,13
30061,3,13
30062,20,13
30064,3,13
30065,28,13
30067,19,13
30069,5,13
30071,0,13
30073,30,13
30074,7,13
30076,11,13
30079,30,13
30081,1,13
30082,2,13
30088,22,13
30092,13,13
30094,18,13
30095,30,13
30096,1,13
30097,9,13
30098,14,13
30102,12,13
30107,24,13
30113,9,13
30114,21,13
30118,10,13
30119,9,13
30122,2,13
30123,2,13
30124,18,13
30125,9,13
30126,15,13
30127,20,13
30130,16,13
30137,11,13
30139,5,13
30141,30,13
30142,30,13
30144,2,13
30147,0,13
30149,13,13
30150,13,13
30151,11,13
30152,10,13
30153,18,13
30154,5,13
30155,18,13
30156,0,13
30157,20,13
30159,29,13
30160,28,13
30162,16,13
30165,25,13
30167,14,13
30168,16,13
30170,4,13
30174,21,13
30175,5,13
30176,5,13
30179,15,13
30180,20,13
30181,2,13
30182,9,13
30184,30,13
30186,20,13
30187,29,13
30188,6,13
30191,17,13
30195,0,13
30196,0,13
30197,2,13
30200,9,13
30201,10,13
30202,18,13
30204,1,13
30205,3,13
30207,5,13
30208,6,13
30211,5,13
30213,21,13
30216,10,13
30217,6,13
30218,18,13
30220,0,13
30223,9,13
30224,28,13
30227,11,13
30228,9,13
30229,29,13
30231,13,13
30233,4,13
30234,29,13
30236,29,13
30240,5,13
30242,29,13
30250,7,13
30253,29,13
30256,18,13
30258,28,13
30259,29,13
30260,10,13
30263,2,13
30264,2,13
30265,19,13
30272,9,13
30274,0,13
30275,29,13
30277,2,13
30282,29,13
30292,25,13
30293,9,13
30295,10,13
30299,29,13
30300,16,13
30301,25,13
30302,24,13
30303,16,13
30304,0,13
30305,20,13
30307,24,13
30308,11,13
30309,14,13
30310,21,13
30313,11,13
30315,11,13
30316,18,13
30317,30,13
30318,20,13
30319,10,13
30320,5,13
30321,20,13
30324,0,13
30327,30,13
30329,30,13
30330,0,13
30334,9,13
30336,18,13
30338,5,13
30343,0,13
30344,20,13
30345,11,13
30347,10,13
30349,9,13
30350,6,13
30351,6,13
30356,11,13
30357,6,13
30362,25,13
30363,9,13
30366,2,13
30369,2,13
30370,11,13
30371,18,13
30376,13,13
30378,6,13
30379,25,13
30380,25,13
30381,5,13
30385,17,13
30387,9,13
30388,0,13
30389,9,13
30390,13,13
30391,12,13
30393,29,13
30395,18,13
30397,2,13
30400,15,13
30402,25,13
30404,25,13
30405,12,13
30406,0,13
30407,12,13
30409,13,13
30411,5,13
30413,2,13
30414,26,13
30417,4,13
30418,6,13
30419,24,13
30420,6,13
30421,14,13
30422,21,13
30423,11,13
30424,9,13
30425,12,13
30426,12,13
30427,14,13
30428,22,13
30430,2,13
30433,10,13
30434,0,13
30437,6,13
30438,9,13
30440,2,13
30441,2,13
30445,30,13
30446,2,13
30449,19,13
30450,10,13
30452,15,13
30454,2,13
30455,9,13
30456,10,13
30457,14,13
30458,28,13
30459,16,13
30462,9,13
30463,4,13
30464,13,13
30468,12,13
30469,22,13
30470,21,13
30474,15,13
30476,12,13
30479,22,13
30483,12,13
30485,9,13
30487,2,13
30488,12,13
30491,10,13
30494,27,13
30499,5,13
30500,12,13
30502,0,13
30503,4,13
30504,12,13
30506,0,13
30510,21,13
30511,0,13
30512,5,13
30514,30,13
30515,0,13
30516,7,13
30517,12,13
30520,1,13
30522,5,13
30525,28,13
30526,19,13
30527,10,13
30528,2,13
30529,9,13
30532,2,13
30533,15,13
30536,5,13
30537,15,13
30538,15,13
30542,5,13
30546,26,13
30547,2,13
30548,26,13
30551,4,13
30553,19,13
30554,20,13
30557,12,13
30559,16,13
30560,5,13
30563,15,13
30566,13,13
30572,9,13
30574,15,13
30576,9,13
30577,26,13
30578,5,13
30582,4,13
30583,18,13
30586,16,13
30587,10,13
30588,26,13
30590,5,13
30594,0,13
30597,12,13
30598,18,13
30600,23,13
30602,5,13
30605,0,13
30606,19,13
30610,29,13
30613,30,13
30616,12,13
30618,18,13
30621,16,13
30622,19,13
30623,18,13
30625,3,13
30626,13,13
30629,28,13
30630,28,13
30631,14,13
30634,3,13
30635,19,13
30636,19,13
30637,5,13
30640,5,13
30644,2,13
30645,2,13
30648,18,13
30649,30,13
30650,30,13
30652,30,13
30656,30,13
30658,17,13
30660,17,13
30661,15,13
30662,0,13
30663,2,13
30665,10,13
30667,5,13
30669,9,13
30670,22,13
30671,15,13
30672,5,13
30673,28,13
30674,13,13
30675,2,13
30679,28,13
30680,2,13
30681,9,13
30683,16,13
30684,15,13
30686,24,13
30687,12,13
30690,12,13
30693,5,13
30696,13,13
30701,5,13
30703,28,13
30704,9,13
30705,2,13
30708,13,13
30710,4,13
30712,5,13
30713,18,13
30714,0,13
30715,0,13
30717,9,13
30718,7,13
30719,11,13
30721,0,13
30722,0,13
30724,15,13
30725,20,13
30726,9,13
30727,15,13
30728,6,13
30729,19,13
30730,13,13
30731,5,13
30732,6,13
30738,0,13
30739,19,13
30742,19,13
30745,21,13
30747,10,13
30749,0,13
30751,18,13
30754,10,13
30756,19,13
30757,9,13
30758,30,13
30764,30,13
30768,0,13
30769,11,13
30770,18,13
30774,11,13
30775,29,13
30777,5,13
30781,19,13
30784,9,13
30787,6,13
30789,29,13
30790,27,13
30797,5,13
30798,5,13
30799,12,13
30800,2,13
30801,18,13
30803,10,13
30808,28,13
30810,3,13
30811,3,13
30812,2,13
30813,13,13
30814,28,13
30817,19,13
30818,18,13
30819,19,13
30820,18,13
30821,19,13
30822,4,13
30823,6,13
30826,20,13
30827,27,13
30828,11,13
30829,3,13
30830,9,13
30831,11,13
30833,13,13
30834,19,13
30835,22,13
30839,18,13
30840,5,13
30843,0,13
30848,4,13
30849,18,13
30850,4,13
30851,18,13
30852,17,13
30853,3,13
30854,19,13
30855,18,13
30859,0,13
30861,18,13
30862,19,13
30863,18,13
30864,6,13
30867,4,13
30872,3,13
30874,12,13
30876,28,13
30877,11,13
30878,4,13
30880,19,13
30882,29,13
30883,0,13
30884,2,13
30886,4,13
30887,3,13
30890,10,13
30891,10,13
30892,24,13
30895,28,13
30896,14,13
30900,4,13
30901,30,13
30902,4,13
30903,19,13
30904,4,13
30909,11,13
30910,30,13
30912,30,13
30913,18,13
30914,30,13
30915,4,13
30918,11,13
30919,19,13
30922,31,13
30923,29,13
30925,30,13
30927,12,13
30939,9,13
30940,4,13
30942,19,13
30945,2,13
30946,4,13
30947,19,13
30948,4,13
30952,15,13
30953,11,13
30955,19,13
30957,11,13
30958,19,13
30959,9,13
30960,19,13
30962,11,13
30963,19,13
30965,4,13
30967,15,13
30969,4,13
30970,19,13
30972,3,13
30973,3,13
30983,3,13
30986,17,13
30989,28,13
30991,15,13
30994,3,13
30997,6,13
30998,6,13
31003,9,13
31005,11,13
31006,11,13
31008,4,13
31009,18,13
31011,3,13
31013,11,13
31014,6,13
31015,2,13
31018,19,13
31020,6,13
31021,20,13
31022,11,13
31025,12,13
31026,18,13
31029,20,13
31030,18,13
31032,28,13
31035,28,13
31039,5,13
31040,30,13
31042,24,13
31043,30,13
31045,21,13
31047,4,13
31049,4,13
31053,12,13
31054,18,13
31056,5,13
31057,18,13
31059,9,13
31060,15,13
31064,15,13
31067,11,13
31068,6,13
31071,28,13
31072,2,13
31078,28,13
31079,0,13
31082,1,13
31083,29,13
31089,9,13
31091,2,13
31095,0,13
31098,0,13
31106,9,13
31111,19,13
31112,0,13
31114,19,13
31118,4,13
31119,11,13
31120,4,13
31121,19,13
31123,18,13
31124,28,13
31125,19,13
31128,17,13
31129,17,13
31130,5,13
31133,3,13
31134,31,13
31136,27,13
31137,9,13
31138,16,13
31140,3,13
31141,7,13
31142,2,13
31144,9,13
31148,6,13
31151,16,13
31156,4,13
31160,12,13
31161,7,13
31162,9,13
31163,1,13
31164,9,13
31165,20,13
31166,29,13
31167,29,13
31168,3,13
31170,9,13
31173,4,13
31176,16,13
31179,19,13
31181,2,13
31183,1,13
31184,5,13
31185,28,13
31187,13,13
31189,13,13
31191,5,13
31192,6,13
31193,5,13
31194,27,13
31196,5,13
31197,6,13
31198,16,13
31199,16,13
31200,13,13
31201,16,13
31202,31,13
31203,12,13
31204,12,13
31205,5,13
31206,12,13
31208,19,13
31209,27,13
31211,5,13
31214,13,13
31215,5,13
31219,27,13
31220,16,13
31221,27,13
31223,0,13
31224,1,13
31226,27,13
31228,6,13
31229,19,13
31231,4,13
31233,0,13
31234,30,13
31235,18,13
31239,18,13
31240,18,13
31241,19,13
31243,12,13
31248,28,13
31249,27,13
31251,12,13
31252,16,13
31255,13,13
31260,24,13
31263,27,13
31264,6,13
31265,12,13
31266,8,13
31267,5,13
31268,10,13
31269,12,13
31270,26,13
31271,0,13
31273,0,13
31274,13,13
31277,9,13
31278,2,13
31281,0,13
31282,5,13
31284,16,13
31287,6,13
31290,12,13
31292,9,13
31294,12,13
31296,12,13
31299,16,13
31302,11,13
31304,28,13
31306,3,13
31307,2,13
31317,13,13
31318,12,13
31319,2,13
31320,3,13
31321,9,13
31326,13,13
31327,5,13
31328,2,13
31329,27,13
31332,12,13
31333,1,13
31338,28,13
31340,4,13
31341,27,13
31344,27,13
31345,2,13
31350,18,13
31353,12,13
31355,13,13
31360,6,13
31361,22,13
31363,7,13
31366,15,13
31370,0,13
31371,8,13
31372,16,13
31374,19,13
31375,3,13
31377,8,13
31378,8,13
31380,8,13
31381,3,13
31382,3,13
31383,3,13
31384,5,13
31388,9,13
31392,16,13
31393,27,13
31396,28,13
31397,5,13
31398,5,13
31399,12,13
31400,0,13
31402,0,13
31404,22,13
31405,0,13
31409,28,13
31410,30,13
31412,30,13
31413,30,13
31414,8,13
31418,28,13
31420,1,13
31421,24,13
31424,28,13
31425,8,13
31427,8,13
31429,26,13
31431,20,13
31434,28,13
31435,27,13
31436,22,13
31439,5,13
31441,18,13
31442,9,13
31443,18,13
31445,5,13
31446,5,13
31447,18,13
31448,9,13
31451,9,13
31452,5,13
31456,27,13
31462,9,13
31463,22,13
31464,0,13
31465,27,13
31466,22,13
31467,22,13
31470,9,13
31471,9,13
31472,25,13
31473,0,13
31474,20,13
31476,5,13
31479,27,13
31482,20,13
31483,22,13
31486,28,13
31487,18,13
31490,22,13
31491,9,13
31492,9,13
31493,0,13
31494,18,13
31495,0,13
31496,0,13
31497,6,13
31499,0,13
31502,22,13
31503,12,13
31504,27,13
31505,4,13
31507,30,13
31511,5,13
31513,4,13
31515,19,13
31517,5,13
31520,5,13
31523,5,13
31524,19,13
31525,9,13
31526,12,13
31527,4,13
31529,25,13
31531,19,13
31532,3,13
31534,28,13
31537,0,13
31538,24,13
31539,20,13
31540,27,13
31542,28,13
31544,24,13
31546,16,13
31547,24,13
31549,9,13
31550,0,13
31553,29,13
31557,27,13
31561,0,13
31563,22,13
31564,5,13
31567,20,13
31569,9,13
31570,19,13
31572,22,13
31573,7,13
31576,24,13
31577,7,13
31580,18,13
31581,19,13
31587,24,13
31588,24,13
31590,28,13
31591,0,13
31595,5,13
31596,10,13
31597,9,13
31599,28,13
31605,10,13
31606,4,13
31609,29,13
31610,2,13
31612,16,13
31614,12,13
31615,12,13
31617,22,13
31618,22,13
31621,28,13
31622,10,13
31623,28,13
31627,30,13
31628,5,13
31630,8,13
31631,22,13
31633,19,13
31634,4,13
31636,19,13
31637,22,13
31638,19,13
31639,0,13
31640,24,13
31641,18,13
31642,28,13
31646,5,13
31647,1,13
31649,19,13
31650,5,13
31659,27,13
31660,27,13
31662,16,13
31664,2,13
31665,27,13
31666,5,13
31669,27,13
31670,19,13
31671,16,13
31680,0,13
31681,2,13
31684,5,13
31685,22,13
31687,27,13
31690,28,13
31691,29,13
31692,24,13
31693,27,13
31694,28,13
31697,2,13
31698,3,13
31699,29,13
31700,12,13
31703,28,13
31713,28,13
31714,27,13
31715,10,13
31717,27,13
31718,28,13
31719,22,13
31720,22,13
31725,16,13
31726,22,13
31727,27,13
31729,24,13
31730,1,13
31731,27,13
31732,28,13
31733,16,13
31735,24,13
31737,27,13
31738,16,13
31741,26,13
31743,19,13
31744,16,13
31749,2,13
31751,2,13
31753,22,13
31754,1,13
31755,24,13
31756,12,13
31758,16,13
31759,5,13
31761,26,13
31762,13,13
31763,16,13
31765,5,13
31766,29,13
31774,9,13
31776,15,13
31777,5,13
31779,5,13
31780,10,13
31783,29,13
31784,16,13
31787,0,13
31788,30,13
31789,22,13
31791,26,13
31792,7,13
31794,28,13
31796,30,13
31797,5,13
31798,9,13
31799,17,13
31800,30,13
31801,5,13
31804,2,13
31806,24,13
31807,10,13
31808,18,13
31809,30,13
31810,1,13
31813,22,13
31816,6,13
31820,14,13
31825,4,13
31827,28,13
31830,4,13
31835,4,13
31836,22,13
31837,12,13
31838,23,13
31839,18,13
31840,5,13
31841,27,13
31842,4,13
31844,27,13
31846,27,13
31847,15,13
31850,25,13
31851,29,13
31855,7,13
31857,7,13
31859,25,13
31861,25,13
31862,25,13
31865,11,13
31866,24,13
31867,16,13
31868,7,13
31870,5,13
31871,28,13
31878,3,13
31880,20,13
31882,20,13
31883,25,13
31884,10,13
31885,9,13
31887,5,13
31888,25,13
31889,16,13
31891,22,13
31892,22,13
31893,10,13
31894,7,13
31895,7,13
31902,15,13
31904,25,13
31906,3,13
31907,16,13
31908,4,13
31909,24,13
31913,21,13
31916,29,13
31918,25,13
31919,30,13
31920,16,13
31922,3,13
31925,20,13
31927,2,13
31928,3,13
31929,24,13
31930,20,13
31931,22,13
31933,29,13
31934,29,13
31936,9,13
31938,20,13
31939,20,13
31944,6,13
31945,25,13
31946,25,13
31947,25,13
31948,23,13
31951,16,13
31955,3,13
31956,7,13
31959,1,13
31960,7,13
31961,25,13
31962,7,13
31963,2,13
31964,25,13
31965,24,13
31967,22,13
31968,2,13
31970,24,13
31972,25,13
31974,2,13
31975,2,13
31978,22,13
31981,6,13
31982,17,13
31983,2,13
31984,18,13
31986,9,13
31992,13,13
31993,30,13
31994,9,13
31997,30,13
31998,30,13
32000,25,13
32002,30,13
32004,30,13
32005,30,13
32011,25,13
32012,30,13
32013,7,13
32015,9,13
32017,7,13
32018,24,13
32019,2,13
32020,16,13
32025,28,13
32027,12,13
32028,9,13
32030,2,13
32032,30,13
32033,5,13
32034,2,13
32038,29,13
32040,2,13
32041,12,13
32042,7,13
32043,18,13
32044,2,13
32045,2,13
32047,16,13
32048,5,13
32051,16,13
32053,28,13
32054,2,13
32055,2,13
32056,3,13
32057,7,13
32058,2,13
32060,29,13
32062,2,13
32063,18,13
32064,28,13
32067,25,13
32068,2,13
32071,17,13
32072,9,13
32073,1,13
32074,28,13
32075,28,13
32077,18,13
32079,16,13
32080,2,13
32082,2,13
32086,4,13
32087,6,13
32090,11,13
32091,14,13
32092,25,13
32094,11,13
32095,30,13
32096,5,13
32098,16,13
32102,30,13
32105,2,13
32106,7,13
32107,2,13
32108,5,13
32109,28,13
32110,28,13
32111,22,13
32112,29,13
32114,3,13
32118,15,13
32120,2,13
32123,2,13
32124,10,13
32126,18,13
32127,2,13
32128,7,13
32129,29,13
32131,29,13
32133,5,13
32134,29,13
32138,15,13
32139,15,13
32140,2,13
32141,29,13
32142,9,13
32144,16,13
32147,6,13
32148,24,13
32149,14,13
32153,25,13
32156,17,13
32157,28,13
32159,17,13
32163,20,13
32166,28,13
32169,9,13
32170,10,13
32176,1,13
32178,2,13
32180,28,13
32181,25,13
32182,10,13
32183,17,13
32184,16,13
32186,2,13
32188,4,13
32189,4,13
32190,24,13
32193,21,13
32197,1,13
32200,17,13
32204,19,13
32211,18,13
32213,9,13
32216,24,13
32218,14,13
32220,24,13
32221,21,13
32226,10,13
32231,10,13
32233,17,13
32236,17,13
32237,17,13
32239,5,13
32240,3,13
32242,30,13
32243,5,13
32246,22,13
32247,3,13
32248,28,13
32249,3,13
32253,11,13
32255,11,13
32257,11,13
32258,11,13
32260,21,13
32263,30,13
32266,18,13
32268,2,13
32269,14,13
32271,24,13
32273,14,13
32276,28,13
32277,3,13
32278,3,13
32279,22,13
32280,15,13
32283,4,13
32284,6,13
32288,16,13
32289,28,13
32290,9,13
32292,30,13
32295,30,13
32296,5,13
32300,1,13
32301,10,13
32303,17,13
32304,7,13
32306,18,13
32310,9,13
32311,28,13
32313,24,13
32318,14,13
32319,21,13
32320,22,13
32321,9,13
32325,10,13
32329,25,13
32336,19,13
32339,28,13
32340,5,13
32342,6,13
32344,22,13
32345,15,13
32346,17,13
32347,10,13
32348,24,13
32349,15,13
32354,11,13
32358,17,13
32360,25,13
32362,16,13
32364,4,13
32365,16,13
32366,10,13
32367,4,13
32370,17,13
32372,19,13
32373,25,13
32375,2,13
32377,2,13
32378,22,13
32379,15,13
32382,7,13
32384,3,13
32385,14,13
32386,7,13
32387,0,13
32388,22,13
32392,13,13
32393,10,13
32394,25,13
32395,24,13
32396,11,13
32397,24,13
32404,30,13
32405,11,13
32409,28,13
32410,10,13
32411,9,13
32412,30,13
32416,30,13
32417,30,13
32418,30,13
32420,25,13
32422,0,13
32423,0,13
32424,30,13
32426,29,13
32428,1,13
32429,0,13
32431,15,13
32432,22,13
32433,15,13
32434,26,13
32435,16,13
32436,4,13
32438,24,13
32439,6,13
32440,6,13
32444,7,13
32445,25,13
32446,25,13
32447,6,13
32452,7,13
32455,5,13
32457,3,13
32458,4,13
32459,4,13
32460,24,13
32461,14,13
32462,21,13
32464,18,13
32465,28,13
32466,12,13
32468,2,13
32469,2,13
32475,2,13
32478,14,13
32480,22,13
32484,28,13
32485,22,13
32487,0,13
32488,7,13
32489,2,13
32490,28,13
32491,28,13
32493,14,13
32494,21,13
32495,10,13
32496,28,13
32497,14,13
32498,15,13
32501,2,13
32504,28,13
32506,4,13
32507,14,13
32508,21,13
32509,20,13
32510,18,13
32511,9,13
32512,15,13
32513,7,13
32516,0,13
32517,28,13
32520,2,13
32522,10,13
32526,11,13
32528,28,13
32529,28,13
32531,26,13
32533,20,13
32534,17,13
32536,9,13
32537,13,13
32538,24,13
32539,4,13
32540,19,13
32541,19,13
32542,14,13
32546,16,13
32547,12,13
32549,2,13
32550,18,13
32553,17,13
32555,2,13
32557,17,13
32560,30,13
32561,19,13
32562,10,13
32564,4,13
32565,4,13
32566,6,13
32569,4,13
32571,14,13
32572,1,13
32575,22,13
32576,10,13
32578,16,13
32579,16,13
32581,16,13
32584,17,13
32585,16,13
32587,4,13
32589,14,13
32590,13,13
32592,2,13
32594,22,13
32595,9,13
32603,15,13
32604,31,13
32607,4,13
32608,3,13
32610,16,13
32612,16,13
32613,16,13
32617,16,13
32618,15,13
32619,7,13
32620,7,13
32621,16,13
32622,3,13
32623,16,13
32625,5,13
32626,4,13
32630,4,13
32631,26,13
32633,6,13
32638,19,13
32644,3,13
32645,3,13
32647,16,13
32648,11,13
32649,2,13
32650,27,13
32652,28,13
32653,27,13
32659,27,13
32660,27,13
32661,27,13
32662,19,13
32663,27,13
32665,18,13
32667,22,13
32670,5,13
32672,5,13
32673,30,13
32674,2,13
32677,30,13
32678,5,13
32679,5,13
32680,17,13
32681,17,13
32684,4,13
32685,18,13
32686,5,13
32688,19,13
32689,24,13
32690,4,13
32695,17,13
32697,5,13
32698,5,13
32700,30,13
32702,5,13
32703,27,13
32704,19,13
32706,10,13
32707,10,13
32708,27,13
32709,27,13
32710,5,13
32713,27,13
32715,27,13
32718,27,13
32720,15,13
32721,15,13
32722,19,13
32724,16,13
32725,16,13
32727,24,13
32728,18,13
32729,18,13
32730,27,13
32731,27,13
32732,9,13
32736,16,13
32738,22,13
32741,15,13
32742,27,13
32744,19,13
32751,5,13
32753,9,13
32754,16,13
32755,30,13
32756,27,13
32757,5,13
32758,15,13
32760,10,13
32761,22,13
32763,17,13
32764,5,13
32765,5,13
32767,23,13
32770,10,13
32772,16,13
32773,30,13
32774,12,13
32775,10,13
32776,27,13
32777,10,13
32781,22,13
32782,19,13
32783,6,13
32786,24,13
32787,30,13
32794,18,13
32796,30,13
32798,27,13
32802,27,13
32805,15,13
32807,22,13
32808,22,13
32809,5,13
32814,23,13
32816,30,13
32819,22,13
32820,16,13
32824,6,13
32825,24,13
32829,1,13
32830,27,13
32832,22,13
32834,22,13
32838,27,13
32841,24,13
32842,10,13
32845,30,13
32846,22,13
32847,27,13
32848,23,13
32852,17,13
32856,5,13
32858,5,13
32861,22,13
32865,2,13
32866,27,13
32867,17,13
32870,24,13
32871,2,13
32874,18,13
32877,17,13
32878,10,13
32880,6,13
32883,27,13
32884,10,13
32885,5,13
32889,22,13
32890,30,13
32892,18,13
32896,30,13
32898,24,13
32900,18,13
32901,16,13
32902,27,13
32904,24,13
32906,28,13
32909,9,13
32911,18,13
32912,18,13
32915,19,13
32927,27,13
32929,27,13
32931,27,13
32932,5,13
32935,27,13
32936,19,13
32937,19,13
32939,1,13
32941,18,13
32942,28,13
32943,7,13
32944,22,13
32946,27,13
32949,3,13
32950,27,13
32951,4,13
32957,27,13
32960,27,13
32962,4,13
32965,19,13
32967,27,13
32968,29,13
32971,7,13
32974,7,13
32978,27,13
32982,27,13
32984,4,13
32985,11,13
32988,5,13
32989,0,13
32990,14,13
32993,12,13
32998,7,13
32999,22,13
33003,7,13
33004,7,13
33008,10,13
33009,0,13
33010,29,13
33011,1,13
33015,23,13
33016,28,13
33017,30,13
33018,30,13
33019,15,13
33020,30,13
33021,16,13
33023,0,13
33024,25,13
33026,30,13
33028,7,13
33029,18,13
33030,9,13
33032,7,13
33035,10,13
33036,22,13
33041,7,13
33042,7,13
33044,22,13
33045,9,13
33047,16,13
33048,7,13
33054,30,13
33056,10,13
33060,14,13
33066,25,13
33068,1,13
33070,23,13
33072,16,13
33075,10,13
33076,9,13
33078,11,13
33079,3,13
33080,10,13
33081,9,13
33082,7,13
33084,7,13
33086,3,13
33088,30,13
33090,0,13
33091,10,13
33096,3,13
33097,25,13
33100,25,13
33101,22,13
33104,22,13
33106,18,13
33109,16,13
33110,30,13
33111,15,13
33112,1,13
33113,18,13
33114,2,13
33115,2,13
33116,3,13
33118,25,13
33120,22,13
33121,25,13
33127,13,13
33129,20,13
33131,11,13
33134,14,13
33136,3,13
33137,11,13
33140,22,13
33141,22,13
33143,7,13
33144,25,13
33148,16,13
33150,0,13
33151,15,13
33153,28,13
33155,5,13
33156,12,13
33157,1,13
33162,17,13
33163,23,13
33164,25,13
33165,16,13
33167,15,13
33168,2,13
33169,25,13
33170,5,13
33171,28,13
33173,28,13
33175,27,13
33176,5,13
33177,24,13
33184,29,13
33185,3,13
33188,18,13
33189,22,13
33190,22,13
33192,23,13
33194,14,13
33195,16,13
33196,16,13
33197,16,13
33198,25,13
33199,7,13
33200,7,13
33201,10,13
33203,25,13
33206,0,13
33207,25,13
33209,2,13
33210,28,13
33211,11,13
33212,6,13
33213,6,13
33214,18,13
33215,14,13
33219,15,13
33220,18,13
33221,11,13
33222,9,13
33223,28,13
33225,30,13
33229,7,13
33230,2,13
33232,11,13
33233,9,13
33234,9,13
33237,15,13
33239,23,13
33240,9,13
33242,9,13
33244,25,13
33245,2,13
33247,5,13
33248,22,13
33249,2,13
33250,24,13
33251,13,13
33252,23,13
33253,25,13
33254,3,13
33255,7,13
33261,3,13
33263,25,13
33265,11,13
33269,16,13
33271,14,13
33273,2,13
33274,22,13
33277,7,13
33279,16,13
33280,18,13
33281,25,13
33283,2,13
33285,19,13
33286,25,13
33287,2,13
33288,22,13
33291,15,13
33294,25,13
33295,5,13
33296,15,13
33297,17,13
33300,11,13
33305,10,13
33308,3,13
33309,14,13
33311,21,13
33315,11,13
33316,1,13
33317,1,13
33319,18,13
33322,16,13
33323,28,13
33327,9,13
33331,30,13
33333,5,13
33334,5,13
33342,28,13
33346,5,13
33347,15,13
33348,12,13
33350,22,13
33352,5,13
33353,5,13
33354,1,13
33356,16,13
33358,30,13
33360,7,13
33364,9,13
33369,7,13
33372,2,13
33373,16,13
33374,28,13
33376,10,13
33378,3,13
33382,7,13
33383,28,13
33389,14,13
33391,0,13
33392,15,13
33393,7,13
33394,2,13
33395,7,13
33396,7,13
33398,25,13
33401,22,13
33403,0,13
33404,13,13
33406,6,13
33407,15,13
33408,28,13
33409,16,13
33412,0,13
33413,10,13
33415,6,13
33417,24,13
33419,5,13
33421,17,13
33422,18,13
33423,9,13
33424,28,13
33425,5,13
33426,10,13
33429,18,13
33432,2,13
33433,25,13
33437,28,13
33438,11,13
33441,20,13
33442,20,13
33446,17,13
33448,2,13
33449,0,13
33450,17,13
33451,6,13
33454,3,13
33456,2,13
33459,9,13
33465,22,13
33466,25,13
33467,15,13
33468,18,13
33471,28,13
33472,2,13
33473,0,13
33474,27,13
33475,20,13
33476,3,13
33478,10,13
33480,7,13
33483,11,13
33489,18,13
33491,1,13
33493,20,13
33494,20,13
33495,11,13
33497,11,13
33498,28,13
33499,22,13
33502,25,13
33504,30,13
33505,17,13
33506,1,13
33507,18,13
33508,17,13
33509,25,13
33510,2,13
33511,7,13
33515,9,13
33516,28,13
33517,5,13
33522,26,13
33523,15,13
33524,5,13
33526,1,13
33528,30,13
33531,25,13
33533,25,13
33534,25,13
33535,26,13
33537,25,13
33538,25,13
33543,5,13
33544,1,13
33547,2,13
33548,9,13
33549,5,13
33551,22,13
33552,7,13
33554,5,13
33555,9,13
33558,3,13
33559,10,13
33560,12,13
33561,19,13
33562,11,13
33563,10,13
33564,3,13
33567,2,13
33568,3,13
33569,2,13
33570,22,13
33571,2,13
33574,15,13
33579,7,13
33582,10,13
33584,30,13
33587,1,13
33589,0,13
33590,23,13
33592,25,13
33594,27,13
33596,1,13
33597,5,13
33598,25,13
33599,1,13
33600,4,13
33603,23,13
33604,18,13
33605,10,13
33607,15,13
33608,0,13
33610,24,13
33612,14,13
33614,28,13
33616,18,13
33619,5,13
33620,26,13
33621,5,13
33624,1,13
33625,30,13
33626,23,13
33627,1,13
33628,25,13
33631,23,13
33634,18,13
33636,12,13
33638,12,13
33640,30,13
33641,1,13
33643,15,13
33644,5,13
33647,30,13
33648,3,13
33650,9,13
33651,6,13
33652,26,13
33656,5,13
33657,28,13
33658,4,13
33659,3,13
33661,23,13
33663,5,13
33664,2,13
33666,0,13
33669,9,13
33670,22,13
33671,28,13
33673,5,13
33674,3,13
33675,24,13
33676,3,13
33680,18,13
33681,5,13
33684,5,13
33685,28,13
33689,13,13
33692,18,13
33693,5,13
33694,18,13
33695,14,13
33698,21,13
33702,5,13
33703,5,13
33704,0,13
33707,9,13
33710,22,13
33711,14,13
33714,26,13
33715,23,13
33716,5,13
33718,5,13
33720,9,13
33721,12,13
33723,5,13
33729,13,13
33730,22,13
33731,22,13
33732,23,13
33735,5,13
33736,5,13
33737,5,13
33739,10,13
33740,1,13
33751,7,13
33753,28,13
33754,18,13
33765,2,13
33767,23,13
33768,1,13
33771,28,13
33772,2,13
33773,12,13
33774,5,13
33775,11,13
33778,30,13
33781,16,13
33786,7,13
33788,9,13
33789,1,13
33793,2,13
33794,28,13
33795,14,13
33796,15,13
33801,3,13
33802,18,13
33803,9,13
33804,22,13
33805,22,13
33806,14,13
33807,5,13
33809,2,13
33810,22,13
33811,28,13
33812,13,13
33813,5,13
33814,7,13
33815,18,13
33816,12,13
33817,23,13
33819,4,13
33821,28,13
33824,1,13
33825,9,13
33829,18,13
33830,3,13
33833,2,13
33834,24,13
33836,22,13
33838,2,13
33839,2,13
33841,22,13
33842,14,13
33847,2,13
33850,10,13
33851,2,13
33852,15,13
33854,29,13
33858,9,13
33859,18,13
33860,4,13
33861,24,13
33862,3,13
33863,1,13
33865,11,13
33867,21,13
33868,24,13
33869,18,13
33873,10,13
33877,5,13
33878,11,13
33879,12,13
33880,5,13
33881,23,13
33882,5,13
33883,22,13
33886,3,13
33887,4,13
33888,5,13
33889,1,13
33894,5,13
33898,1,13
33899,12,13
33901,6,13
33903,12,13
33904,12,13
33906,12,13
33908,12,13
33909,12,13
33911,12,13
33912,12,13
33913,12,13
33915,12,13
33916,23,13
33917,12,13
33918,29,13
33925,16,13
33928,9,13
33929,9,13
33930,12,13
33931,18,13
33932,11,13
33934,4,13
33935,0,13
33936,24,13
33938,3,13
33940,28,13
33942,7,13
33943,28,13
33944,9,13
33946,5,13
33947,9,13
33949,14,13
33950,5,13
33951,1,13
33954,30,13
33955,30,13
33956,5,13
33961,7,13
33962,15,13
33963,20,13
33964,7,13
33965,3,13
33966,20,13
33967,9,13
33968,2,13
33969,10,13
33970,23,13
33972,16,13
33974,3,13
33976,5,13
33977,2,13
33981,28,13
33982,15,13
33985,16,13
33986,5,13
33987,4,13
33988,2,13
33989,4,13
33990,11,13
33994,0,13
33995,10,13
33996,28,13
33999,21,13
34002,2,13
34003,6,13
34004,6,13
34007,5,13
34009,7,13
34011,2,13
34013,7,13
34014,7,13
34015,28,13
34021,30,13
34023,5,13
34025,12,13
34034,18,13
34035,0,13
34038,27,13
34039,27,13
34040,28,13
34041,29,13
34043,9,13
34044,2,13
34046,1,13
34049,26,13
34050,16,13
34053,5,13
34054,30,13
34056,4,13
34059,13,13
34060,19,13
34061,12,13
34063,9,13
34065,23,13
34066,19,13
34071,10,13
34076,7,13
34080,12,13
34081,2,13
34083,9,13
34085,28,13
34086,18,13
34088,28,13
34089,28,13
34090,30,13
34093,3,13
34095,9,13
34097,28,13
34098,9,13
34099,10,13
34101,5,13
34102,3,13
34104,30,13
34107,5,13
34108,9,13
34109,12,13
34113,3,13
34115,28,13
34116,29,13
34119,0,13
34122,23,13
34123,18,13
34124,3,13
34127,0,13
34128,1,13
34131,29,13
34132,0,13
34135,17,13
34137,5,13
34138,18,13
34140,0,13
34141,2,13
34144,1,13
34145,10,13
34147,23,13
34149,27,13
34150,7,13
34153,2,13
34154,20,13
34156,20,13
34158,10,13
34163,0,13
34164,23,13
34165,0,13
34166,0,13
34167,18,13
34168,18,13
34170,3,13
34174,18,13
34176,22,13
34177,7,13
34179,9,13
34180,5,13
34181,18,13
34182,23,13
34183,18,13
34185,10,13
34186,0,13
34188,24,13
34190,9,13
34191,23,13
34192,20,13
34193,4,13
34194,11,13
34197,13,13
34199,16,13
34200,23,13
34201,0,13
34203,4,13
34205,28,13
34211,9,13
34213,9,13
34214,28,13
34215,28,13
34220,18,13
34222,5,13
34223,28,13
34230,2,13
34231,15,13
34233,3,13
34236,19,13
34238,24,13
34240,5,13
34241,27,13
34242,18,13
34243,18,13
34244,17,13
34249,15,13
34250,15,13
34251,28,13
34252,10,13
34254,0,13
34255,27,13
34257,29,13
34258,3,13
34259,9,13
34260,29,13
34264,9,13
34265,14,13
34266,12,13
34267,0,13
34270,12,13
34271,5,13
34272,28,13
34273,22,13
34274,29,13
34275,4,13
34276,27,13
34277,9,13
34279,0,13
34280,22,13
34284,18,13
34285,9,13
34286,15,13
34287,11,13
34290,19,13
34291,18,13
34292,4,13
34294,18,13
34298,28,13
34300,21,13
34301,10,13
34302,9,13
34304,18,13
34305,20,13
34306,2,13
34309,18,13
34310,9,13
34316,16,13
34317,22,13
34322,7,13
34323,3,13
34325,15,13
34326,16,13
34327,15,13
34329,17,13
34330,19,13
34331,18,13
34333,27,13
34334,3,13
34335,28,13
34338,0,13
34339,11,13
34340,1,13
34342,16,13
34344,19,13
34345,11,13
34348,19,13
34350,16,13
34351,17,13
34352,14,13
34355,18,13
34357,28,13
34358,18,13
34362,3,13
34363,3,13
34365,3,13
34367,3,13
34368,23,13
34369,7,13
34371,3,13
34372,23,13
34373,3,13
34375,7,13
34376,7,13
34380,9,13
34382,23,13
34383,4,13
34384,11,13
34385,11,13
34389,13,13
34390,18,13
34391,18,13
34394,31,13
34399,31,13
34400,18,13
34401,5,13
34402,29,13
34403,11,13
34406,18,13
34408,0,13
34410,12,13
34412,27,13
34417,18,13
34419,27,13
34420,29,13
34423,0,13
34424,27,13
34425,18,13
34427,0,13
34428,20,13
34429,0,13
34430,0,13
34431,6,13
34434,18,13
34437,22,13
34438,13,13
34439,10,13
34440,23,13
34442,10,13
34443,0,13
34444,16,13
34445,7,13
34447,17,13
34448,28,13
34451,24,13
34452,7,13
34453,25,13
34455,24,13
34456,7,13
34458,4,13
34460,17,13
34461,19,13
34463,4,13
34464,24,13
34466,20,13
34467,4,13
34468,7,13
34471,24,13
34472,2,13
34473,4,13
34476,4,13
34478,4,13
34479,24,13
34480,17,13
34481,16,13
34483,4,13
34489,6,13
34490,24,13
34491,7,13
34492,22,13
34496,24,13
34498,4,13
34499,24,13
34502,24,13
34504,4,13
34506,4,13
34507,24,13
34508,28,13
34509,30,13
34513,15,13
34514,5,13
34516,5,13
34517,2,13
34522,2,13
34525,29,13
34530,2,13
34532,28,13
34534,22,13
34538,7,13
34543,2,13
34544,7,13
34545,7,13
34548,1,13
34549,11,13
34552,10,13
34554,23,13
34559,6,13
34561,2,13
34564,19,13
34566,9,13
34567,19,13
34570,18,13
34573,28,13
34576,11,13
34577,17,13
34580,11,13
34582,5,13
34586,9,13
34587,0,13
34588,5,13
34590,18,13
34595,6,13
34596,0,13
34598,18,13
34601,14,13
34602,24,13
34605,24,13
34606,24,13
34613,4,13
34614,24,13
34616,4,13
34617,14,13
34619,27,13
34625,9,13
34627,19,13
34628,24,13
34631,1,13
34632,23,13
34634,23,13
34637,22,13
34639,2,13
34641,1,13
34643,23,13
34645,23,13
34646,12,13
34652,14,13
34653,7,13
34655,2,13
34656,28,13
34659,23,13
34661,1,13
34662,9,13
34663,4,13
34664,14,13
34665,23,13
34666,1,13
34667,19,13
34668,23,13
34669,19,13
34670,3,13
34671,1,13
34672,4,13
34673,14,13
34676,3,13
34677,23,13
34680,22,13
34683,24,13
34685,2,13
34686,18,13
34687,9,13
34688,27,13
34689,24,13
34690,24,13
34694,23,13
34696,13,13
34697,7,13
34702,22,13
34704,20,13
34705,23,13
34706,23,13
34709,7,13
34714,23,13
34715,23,13
34716,5,13
34717,4,13
34718,24,13
34719,18,13
34721,23,13
34724,28,13
34727,1,13
34732,24,13
34733,7,13
34735,25,13
34737,25,13
34738,22,13
34739,1,13
34744,17,13
34745,5,13
34746,1,13
34748,5,13
34751,1,13
34752,2,13
34756,5,13
34767,14,13
34768,7,13
34769,12,13
34770,14,13
34771,1,13
34774,12,13
34776,14,13
34777,1,13
34779,2,13
34780,7,13
34781,1,13
34784,7,13
34786,2,13
34788,5,13
34789,17,13
34790,17,13
34791,24,13
34792,18,13
34793,19,13
34794,15,13
34795,22,13
34796,4,13
34800,22,13
34802,2,13
34803,22,13
34805,14,13
34807,13,13
34809,4,13
34813,22,13
34817,9,13
34818,18,13
34823,8,13
34824,0,13
34827,19,13
34829,28,13
34834,27,13
34835,12,13
34839,9,13
34845,7,13
34847,28,13
34848,3,13
34849,3,13
34852,19,13
34853,27,13
34855,24,13
34857,17,13
34858,27,13
34859,27,13
34860,7,13
34861,27,13
34862,27,13
34863,5,13
34868,2,13
34869,17,13
34870,2,13
34871,25,13
34874,25,13
34876,25,13
34877,29,13
34878,29,13
34881,9,13
34882,29,13
34886,29,13
34891,17,13
34892,17,13
34893,28,13
34895,25,13
34896,25,13
34898,11,13
34899,17,13
34900,11,13
34903,24,13
34906,28,13
34909,2,13
34910,26,13
34912,18,13
34913,7,13
34914,9,13
34915,29,13
34916,14,13
34917,21,13
34918,28,13
34919,28,13
34921,28,13
34922,23,13
34923,24,13
34927,5,13
34931,14,13
34932,2,13
34933,22,13
34937,15,13
34938,14,13
34941,4,13
34942,18,13
34943,11,13
34944,4,13
34947,11,13
34949,3,13
34950,23,13
34952,9,13
34953,9,13
34957,18,13
34960,3,13
34962,18,13
34963,0,13
34965,18,13
34966,27,13
34967,20,13
34970,28,13
34972,19,13
34975,18,13
34976,0,13
34977,18,13
34978,31,13
34981,23,13
34982,24,13
34983,24,13
34987,18,13
34988,18,13
34989,27,13
34990,20,13
34991,23,13
34992,3,13
34993,17,13
34994,9,13
34995,12,13
34997,19,13
35000,31,13
35001,3,13
35002,0,13
35003,18,13
35004,2,13
35007,9,13
35009,28,13
35012,23,13
35014,19,13
35015,18,13
35019,20,13
35020,31,13
35023,2,13
35024,27,13
35025,3,13
35026,0,13
35028,18,13
35029,22,13
35033,0,13
35034,0,13
35038,0,13
35039,27,13
35041,31,13
35042,10,13
35043,31,13
35045,12,13
35047,27,13
35051,19,13
35052,27,13
35054,20,13
35056,0,13
35058,11,13
35062,6,13
35064,0,13
35066,27,13
35067,19,13
35073,0,13
35076,8,13
35077,24,13
35078,17,13
35082,8,13
35083,8,13
35087,11,13
35089,8,13
35090,8,13
35091,8,13
35092,8,13
35093,28,13
35095,28,13
35096,9,13
35099,8,13
35100,8,13
35102,29,13
35103,1,13
35104,8,13
35106,8,13
35112,8,13
35113,8,13
35114,8,13
35115,8,13
35117,8,13
35119,8,13
35121,8,13
35122,8,13
35123,8,13
35124,2,13
35125,22,13
35127,22,13
35128,22,13
35130,24,13
35131,22,13
35134,22,13
35136,22,13
35137,22,13
35138,16,13
35140,22,13
35147,22,13
35148,16,13
35149,22,13
35150,9,13
35152,20,13
35154,24,13
35155,22,13
35161,16,13
35164,16,13
35168,2,13
35170,14,13
35173,16,13
35174,22,13
35176,24,13
35177,5,13
35180,9,13
35181,16,13
35184,22,13
35185,22,13
35188,16,13
35189,9,13
35190,5,13
35192,18,13
35197,16,13
35199,17,13
35202,24,13
35203,24,13
35204,5,13
35206,22,13
35209,16,13
35211,22,13
35213,16,13
35216,2,13
35217,30,13
35218,5,13
35220,20,13
35221,16,13
35223,16,13
35226,9,13
35227,22,13
35231,16,13
35232,2,13
35234,16,13
35235,22,13
35237,2,13
35238,12,13
35240,16,13
35244,12,13
35245,22,13
35246,16,13
35248,16,13
35250,16,13
35251,22,13
35254,16,13
35257,22,13
35258,22,13
35259,17,13
35261,13,13
35266,16,13
35267,22,13
35269,12,13
35272,22,13
35273,16,13
35274,22,13
35275,5,13
35277,1,13
35279,16,13
35283,16,13
35286,2,13
35288,10,13
35289,16,13
35290,12,13
35291,24,13
35293,16,13
35295,5,13
35296,16,13
35300,10,13
35302,12,13
35307,10,13
35309,12,13
35317,22,13
35320,3,13
35323,24,13
35325,22,13
35327,22,13
35328,5,13
35329,10,13
35332,13,13
35335,9,13
35336,12,13
35337,5,13
35338,5,13
35345,5,13
35346,2,13
35347,9,13
35348,2,13
35350,5,13
35351,9,13
35352,14,13
35355,1,13
35358,5,13
35360,16,13
35363,24,13
35366,5,13
35368,5,13
35369,2,13
35370,5,13
35372,2,13
35373,5,13
35376,2,13
35378,14,13
35379,17,13
35384,5,13
35387,9,13
35390,14,13
35392,22,13
35395,14,13
35396,2,13
35403,13,13
35404,13,13
35405,20,13
35406,12,13
35407,5,13
35408,5,13
35410,12,13
35412,9,13
35414,2,13
35417,2,13
35419,20,13
35420,12,13
35424,5,13
35425,22,13
35426,30,13
35427,2,13
35429,16,13
35430,2,13
35431,5,13
35433,22,13
35434,5,13
35437,5,13
35438,16,13
35439,2,13
35441,12,13
35442,18,13
35445,19,13
35448,12,13
35452,17,13
35456,15,13
35457,18,13
35458,17,13
35459,2,13
35460,17,13
35461,22,13
35462,17,13
35463,2,13
35466,24,13
35468,28,13
35471,14,13
35473,14,13
35474,24,13
35475,14,13
35476,4,13
35478,16,13
35479,30,13
35480,1,13
35484,18,13
35485,0,13
35487,10,13
35491,13,13
35492,15,13
35494,7,13
35496,2,13
35498,28,13
35499,14,13
35505,10,13
35506,0,13
35509,7,13
35510,3,13
35514,29,13
35520,20,13
35526,23,13
35527,17,13
35528,23,13
35530,28,13
35532,23,13
35533,18,13
35534,29,13
35535,0,13
35538,18,13
35541,4,13
35542,4,13
35543,24,13
35544,14,13
35549,9,13
35550,0,13
35555,23,13
35556,3,13
35558,9,13
35559,23,13
35562,18,13
35563,27,13
35565,0,13
35566,6,13
35567,1,13
35570,0,13
35573,17,13
35574,23,13
35576,20,13
35578,18,13
35581,29,13
35582,1,13
35586,0,13
35589,15,13
35590,18,13
35591,6,13
35593,18,13
35594,23,13
35599,29,13
35601,0,13
35602,9,13
35603,18,13
35604,19,13
35605,3,13
35606,27,13
35611,0,13
35612,3,13
35614,0,13
35615,3,13
35616,27,13
35619,6,13
35620,13,13
35621,13,13
35622,7,13
35626,18,13
35627,2,13
35630,0,13
35633,10,13
35635,23,13
35636,0,13
35637,0,13
35639,23,13
35640,9,13
35641,7,13
35642,11,13
35647,4,13
35648,5,13
35651,11,13
35652,0,13
35653,11,13
35657,0,13
35659,18,13
35660,4,13
35661,18,13
35663,13,13
35664,3,13
35665,0,13
35666,18,13
35667,0,13
35668,29,13
35672,19,13
35675,18,13
35676,1,13
35678,0,13
35679,18,13
35680,18,13
35681,5,13
35683,18,13
35684,29,13
35685,13,13
35686,18,13
35695,24,13
35696,14,13
35698,19,13
35700,18,13
35703,4,13
35704,18,13
35705,10,13
35707,11,13
35708,27,13
35711,0,13
35714,3,13
35715,11,13
35716,9,13
35717,0,13
35718,0,13
35721,27,13
35722,27,13
35724,23,13
35727,18,13
35728,19,13
35729,23,13
35730,7,13
35731,23,13
35734,23,13
35736,0,13
35741,0,13
35743,18,13
35745,23,13
35746,23,13
35748,0,13
35750,27,13
35752,23,13
35753,0,13
35755,23,13
35756,0,13
35758,3,13
35759,23,13
35760,18,13
35761,0,13
35766,0,13
35767,3,13
35768,18,13
35769,18,13
35770,17,13
35778,23,13
35782,10,13
35784,23,13
35786,18,13
35791,0,13
35792,10,13
35793,10,13
35795,0,13
35796,10,13
35798,23,13
35799,18,13
35801,0,13
35802,17,13
35803,17,13
35805,18,13
35807,9,13
35808,28,13
35811,18,13
35818,9,13
35821,10,13
35822,23,13
35824,28,13
35826,23,13
35827,15,13
35833,22,13
35834,18,13
35835,0,13
35836,10,13
35838,3,13
35839,18,13
35840,18,13
35841,27,13
35845,18,13
35846,23,13
35849,22,13
35850,0,13
35852,22,13
35855,11,13
35856,18,13
35858,23,13
35861,9,13
35866,31,13
35869,11,13
35871,0,13
35872,31,13
35873,17,13
35874,10,13
35875,28,13
35876,3,13
35879,27,13
35881,6,13
35882,5,13
35884,19,13
35887,1,13
35888,18,13
35889,5,13
35899,25,13
35900,2,13
35904,2,13
35905,20,13
35906,7,13
35907,18,13
35908,18,13
35910,25,13
35912,25,13
35913,5,13
35914,7,13
35917,11,13
35918,6,13
35922,21,13
35923,25,13
35924,16,13
35926,16,13
35928,14,13
35933,22,13
35936,28,13
35940,18,13
35941,25,13
35943,24,13
35945,4,13
35947,21,13
35948,30,13
35951,9,13
35952,30,13
35955,16,13
35956,14,13
35957,2,13
35960,25,13
35962,0,13
35964,10,13
35965,7,13
35967,10,13
35971,7,13
35973,16,13
35975,16,13
35977,4,13
35978,2,13
35979,6,13
35981,14,13
35982,14,13
35984,12,13
35986,14,13
35988,7,13
35990,7,13
35991,12,13
35994,24,13
35995,6,13
35997,21,13
35998,6,13
36001,14,13
36004,14,13
36005,17,13
36009,11,13
36010,14,13
36011,21,13
36012,30,13
36013,11,13
36015,30,13
36016,9,13
36017,30,13
36026,2,13
36028,15,13
36031,2,13
36032,3,13
36033,28,13
36034,29,13
36038,28,13
36039,0,13
36040,3,13
36042,12,13
36045,18,13
36047,29,13
36048,25,13
36049,10,13
36052,24,13
36053,11,13
36056,18,13
36058,21,13
36061,30,13
36063,9,13
36064,9,13
36065,13,13
36066,11,13
36068,28,13
36070,28,13
36071,5,13
36072,29,13
36073,5,13
36074,14,13
36075,17,13
36076,28,13
36078,25,13
36082,24,13
36083,4,13
36084,10,13
36086,21,13
36089,24,13
36090,30,13
36093,18,13
36094,30,13
36095,11,13
36096,28,13
36097,10,13
36099,18,13
36100,30,13
36101,6,13
36103,18,13
36106,9,13
36107,6,13
36111,14,13
36115,2,13
36117,10,13
36120,2,13
36121,17,13
36125,22,13
36127,0,13
36128,10,13
36129,16,13
36134,29,13
36137,29,13
36138,4,13
36140,24,13
36141,11,13
36143,21,13
36147,30,13
36148,6,13
36149,11,13
36150,4,13
36151,11,13
36152,30,13
36154,11,13
36156,19,13
36162,24,13
36164,5,13
36165,22,13
36167,25,13
36168,13,13
36172,29,13
36173,24,13
36175,5,13
36177,20,13
36179,9,13
36184,2,13
36186,2,13
36192,3,13
36193,15,13
36194,2,13
36196,25,13
36197,0,13
36198,18,13
36199,3,13
36204,20,13
36205,11,13
36206,9,13
36209,7,13
36210,7,13
36213,7,13
36216,22,13
36218,29,13
36221,24,13
36223,14,13
36225,14,13
36226,5,13
36227,2,13
36229,4,13
36231,14,13
36233,22,13
36234,28,13
36235,22,13
36237,7,13
36238,25,13
36239,18,13
36240,18,13
36242,28,13
36246,1,13
36248,7,13
36249,28,13
36250,25,13
36252,4,13
36254,14,13
36259,14,13
36261,4,13
36262,21,13
36263,21,13
36266,14,13
36267,24,13
36270,29,13
36271,4,13
36272,14,13
36275,14,13
36278,7,13
36279,2,13
36280,28,13
36284,22,13
36285,3,13
36286,22,13
36287,20,13
36290,29,13
36291,4,13
36293,14,13
36295,21,13
36296,4,13
36297,4,13
36298,30,13
36300,4,13
36301,4,13
36305,11,13
36306,11,13
36309,11,13
36310,4,13
36311,18,13
36313,30,13
36314,14,13
36315,18,13
36318,9,13
36319,9,13
36323,4,13
36324,4,13
36325,14,13
36328,24,13
36330,7,13
36332,31,13
36333,14,13
36334,27,13
36335,9,13
36337,18,13
36338,2,13
36339,0,13
36340,11,13
36341,18,13
36342,4,13
36344,14,13
36348,24,13
36349,14,13
36351,22,13
36352,9,13
36353,3,13
36356,0,13
36357,4,13
36358,10,13
36360,27,13
36361,5,13
36363,27,13
36364,3,13
36367,0,13
36369,18,13
36372,4,13
36376,0,13
36377,9,13
36381,13,13
36383,9,13
36385,11,13
36391,11,13
36393,20,13
36399,4,13
36401,18,13
36402,4,13
36403,11,13
36406,9,13
36407,28,13
36410,27,13
36411,11,13
36412,22,13
36414,19,13
36416,27,13
36420,30,13
36421,27,13
36423,16,13
36425,7,13
36428,18,13
36429,10,13
36430,6,13
36431,27,13
36433,27,13
36435,9,13
36436,19,13
36438,7,13
36439,7,13
36442,27,13
36448,27,13
36450,7,13
36452,28,13
36453,27,13
36456,7,13
36457,16,13
36458,28,13
36459,7,13
36463,7,13
36464,7,13
36465,22,13
36466,0,13
36470,27,13
36471,7,13
36474,7,13
36475,7,13
36477,1,13
36480,22,13
36482,22,13
36485,22,13
36488,9,13
36493,9,13
36500,18,13
36502,7,13
36503,22,13
36504,28,13
36505,1,13
36506,10,13
36508,23,13
36511,19,13
36514,24,13
36515,16,13
36517,2,13
36518,9,13
36520,20,13
36521,5,13
36525,9,13
36526,22,13
36528,12,13
36529,12,13
36531,18,13
36532,4,13
36535,4,13
36541,24,13
36542,28,13
36543,5,13
36544,4,13
36545,24,13
36546,14,13
36548,22,13
36550,1,13
36552,7,13
36553,24,13
36554,4,13
36556,1,13
36557,9,13
36560,22,13
36563,5,13
36565,24,13
36566,19,13
36567,24,13
36568,2,13
36569,11,13
36570,3,13
36571,18,13
36573,10,13
36578,2,13
36579,15,13
36580,1,13
36585,25,13
36588,3,13
36590,3,13
36591,12,13
36592,22,13
36597,15,13
36600,19,13
36602,2,13
36604,19,13
36605,29,13
36606,4,13
36608,5,13
36611,25,13
36614,30,13
36616,4,13
36618,14,13
36619,17,13
36621,24,13
36625,4,13
36626,15,13
36627,4,13
36628,28,13
36629,4,13
36630,4,13
36635,11,13
36638,0,13
36642,0,13
36643,15,13
36644,3,13
36647,3,13
36650,27,13
36653,18,13
36654,20,13
36657,9,13
36658,20,13
36661,13,13
36662,11,13
36663,2,13
36664,0,13
36665,0,13
36666,5,13
36667,2,13
36669,0,13
36670,0,13
36673,2,13
36675,20,13
36676,18,13
36677,20,13
36682,0,13
36685,18,13
36686,11,13
36687,27,13
36689,27,13
36690,0,13
36691,27,13
36694,0,13
36695,12,13
36696,18,13
36697,29,13
36699,0,13
36700,0,13
36702,18,13
36703,9,13
36707,0,13
36708,19,13
36709,17,13
36711,18,13
36712,17,13
36714,10,13
36715,15,13
36717,18,13
36718,20,13
36720,10,13
36721,17,13
36722,3,13
36728,16,13
36729,24,13
36730,5,13
36732,12,13
36733,12,13
36736,18,13
36739,18,13
36743,11,13
36746,16,13
36747,12,13
36749,9,13
36750,9,13
36752,6,13
36753,5,13
36754,16,13
36755,22,13
36756,12,13
36758,12,13
36762,5,13
36765,9,13
36766,2,13
36768,5,13
36769,13,13
36770,17,13
36771,5,13
36772,5,13
36773,5,13
36774,30,13
36778,9,13
36780,3,13
36781,3,13
36783,5,13
36785,12,13
36789,17,13
36791,2,13
36794,12,13
36795,3,13
36796,5,13
36799,5,13
36800,9,13
36802,9,13
36803,17,13
36804,12,13
36805,17,13
36808,17,13
36810,2,13
36811,5,13
36812,5,13
36813,22,13
36814,9,13
36815,10,13
36816,5,13
36823,16,13
36825,22,13
36828,7,13
36829,25,13
36830,25,13
36831,25,13
36832,7,13
36835,25,13
36837,24,13
36838,25,13
36840,30,13
36841,16,13
36844,30,13
36846,25,13
36848,2,13
36849,2,13
36850,5,13
36851,2,13
36853,5,13
36854,11,13
36856,3,13
36857,1,13
36858,2,13
36859,9,13
36862,6,13
36863,17,13
36864,1,13
36865,28,13
36867,20,13
36868,11,13
36869,11,13
36871,7,13
36873,25,13
36874,25,13
36875,0,13
36876,16,13
36878,1,13
36879,25,13
36882,16,13
36883,16,13
36885,22,13
36886,16,13
36887,9,13
36889,29,13
36891,28,13
36893,5,13
36896,16,13
36897,28,13
36898,25,13
36904,25,13
36905,25,13
36906,10,13
36908,25,13
36909,7,13
36910,25,13
36913,2,13
36915,7,13
36916,4,13
36917,3,13
36919,18,13
36920,14,13
36921,14,13
36922,20,13
36924,16,13
36925,22,13
36927,22,13
36930,1,13
36932,25,13
36933,5,13
36935,9,13
36936,16,13
36937,22,13
36938,5,13
36940,22,13
36941,9,13
36946,16,13
36947,12,13
36952,2,13
36953,12,13
36954,12,13
36955,13,13
36957,20,13
36960,19,13
36961,2,13
36964,29,13
36967,24,13
36970,25,13
36971,22,13
36974,4,13
36975,11,13
36977,24,13
36980,9,13
36981,11,13
36983,4,13
36985,30,13
36986,17,13
36987,22,13
36990,0,13
36991,29,13
36995,22,13
36997,22,13
36998,22,13
37000,0,13
37001,9,13
37002,22,13
37004,28,13
37006,22,13
37008,28,13
37012,17,13
37013,16,13
37014,9,13
37015,29,13
37016,16,13
37017,18,13
37020,16,13
37022,0,13
37023,25,13
37024,25,13
37026,10,13
37027,0,13
37028,25,13
37029,9,13
37032,4,13
37033,25,13
37035,11,13
37036,20,13
37037,14,13
37041,30,13
37042,18,13
37046,25,13
37047,22,13
37050,22,13
37053,17,13
37054,11,13
37055,20,13
37057,9,13
37058,22,13
37059,15,13
37060,16,13
37061,9,13
37063,9,13
37072,30,13
37073,11,13
37074,5,13
37076,28,13
37082,29,13
37084,22,13
37086,6,13
37088,22,13
37090,9,13
37091,3,13
37093,16,13
37094,29,13
37095,4,13
37100,11,13
37102,30,13
37104,29,13
37105,29,13
37106,24,13
37108,2,13
37110,10,13
37112,9,13
37114,9,13
37115,22,13
37119,16,13
37120,24,13
37127,7,13
37128,9,13
37129,19,13
37130,18,13
37135,5,13
37137,4,13
37139,20,13
37143,20,13
37144,22,13
37147,16,13
37149,22,13
37152,7,13
37153,2,13
37155,18,13
37156,11,13
37159,14,13
37160,14,13
37162,24,13
37163,24,13
37166,9,13
37167,22,13
37168,24,13
37169,24,13
37171,22,13
37172,22,13
37173,16,13
37175,9,13
37176,2,13
37178,2,13
37179,19,13
37181,13,13
37182,10,13
37183,18,13
37184,16,13
37186,18,13
37188,10,13
37189,9,13
37192,16,13
37195,3,13
37197,27,13
37199,19,13
37200,22,13
37205,9,13
37209,11,13
37215,14,13
37216,18,13
37217,14,13
37221,0,13
37222,13,13
37223,22,13
37224,24,13
37229,22,13
37231,12,13
37233,5,13
37234,9,13
37237,16,13
37238,0,13
37240,28,13
37241,22,13
37243,2,13
37244,13,13
37245,5,13
37246,19,13
37247,9,13
37248,22,13
37250,22,13
37253,22,13
37254,25,13
37255,22,13
37259,2,13
37262,3,13
37266,6,13
37267,25,13
37270,4,13
37272,14,13
37274,21,13
37277,28,13
37278,9,13
37281,20,13
37283,2,13
37284,19,13
37286,22,13
37287,22,13
37288,5,13
37290,22,13
37291,18,13
37292,2,13
37294,2,13
37295,28,13
37296,9,13
37298,22,13
37299,18,13
37300,22,13
37303,28,13
37307,22,13
37314,10,13
37316,7,13
37318,9,13
37319,15,13
37323,19,13
37324,22,13
37325,16,13
37328,25,13
37330,11,13
37331,22,13
37334,14,13
37337,2,13
37340,12,13
37341,9,13
37342,17,13
37347,22,13
37348,2,13
37349,13,13
37350,13,13
37351,28,13
37354,20,13
37356,22,13
37359,16,13
37360,9,13
37366,3,13
37369,9,13
37373,16,13
37374,4,13
37376,15,13
37378,9,13
37379,22,13
37382,20,13
37385,15,13
37388,9,13
37390,5,13
37391,18,13
37392,20,13
37396,29,13
37398,28,13
37399,18,13
37400,2,13
37401,9,13
37404,25,13
37406,11,13
37407,16,13
37408,11,13
37409,25,13
37413,9,13
37414,9,13
37415,7,13
37416,4,13
37417,15,13
37421,2,13
37427,5,13
37431,9,13
37434,1,13
37439,19,13
37440,3,13
37444,14,13
37445,0,13
37446,21,13
37447,12,13
37450,25,13
37452,28,13
37453,25,13
37454,25,13
37456,22,13
37457,16,13
37461,22,13
37464,24,13
37465,22,13
37466,22,13
37467,16,13
37468,11,13
37469,16,13
37472,29,13
37474,9,13
37475,12,13
37476,13,13
37478,5,13
37480,22,13
37482,22,13
37483,2,13
37486,19,13
37490,2,13
37491,13,13
37492,28,13
37495,4,13
37496,20,13
37497,2,13
37498,22,13
37501,26,13
37502,15,13
37503,26,13
37507,22,13
37508,20,13
37509,16,13
37511,22,13
37512,4,13
37513,14,13
37514,14,13
37516,5,13
37517,22,13
37518,30,13
37520,18,13
37521,22,13
37523,22,13
37526,16,13
37527,9,13
37531,22,13
37532,16,13
37533,11,13
37536,15,13
37540,11,13
37541,0,13
37543,10,13
37545,16,13
37546,5,13
37547,26,13
37551,16,13
37552,26,13
37553,22,13
37554,1,13
37556,12,13
37557,15,13
37558,4,13
37559,16,13
37560,16,13
37561,14,13
37562,0,13
37565,17,13
37568,6,13
37571,2,13
37576,22,13
37577,2,13
37578,26,13
37580,2,13
37581,2,13
37583,20,13
37584,5,13
37587,24,13
37590,16,13
37592,26,13
37593,15,13
37598,9,13
37600,14,13
37604,2,13
37605,9,13
37607,19,13
37608,1,13
37609,24,13
37610,10,13
37611,22,13
37612,4,13
37613,20,13
37614,26,13
37616,22,13
37617,29,13
37618,2,13
37619,3,13
37620,30,13
37623,22,13
37625,2,13
37627,22,13
37629,20,13
37631,9,13
37634,18,13
37636,22,13
37637,22,13
37640,12,13
37642,22,13
37645,12,13
37646,26,13
37647,30,13
37651,16,13
37652,15,13
37653,12,13
37654,19,13
37655,5,13
37657,17,13
37658,29,13
37660,1,13
37662,26,13
37665,15,13
37670,12,13
37673,5,13
37678,15,13
37683,3,13
37686,7,13
37687,5,13
37688,9,13
37689,13,13
37691,9,13
37692,2,13
37694,28,13
37699,28,13
37700,4,13
37707,22,13
37709,16,13
37712,7,13
37715,22,13
37716,22,13
37717,18,13
37718,0,13
37720,10,13
37721,7,13
37724,22,13
37725,2,13
37727,13,13
37728,13,13
37730,11,13
37731,11,13
37732,9,13
37733,22,13
37734,12,13
37735,12,13
37736,11,13
37737,19,13
37738,19,13
37740,26,13
37741,4,13
37745,21,13
37747,11,13
37749,18,13
37750,16,13
37753,15,13
37757,2,13
37758,12,13
37761,27,13
37762,17,13
37765,0,13
37766,15,13
37767,27,13
37768,17,13
37773,22,13
37774,10,13
37777,16,13
37778,13,13
37779,5,13
37781,22,13
37786,18,13
37789,2,13
37791,4,13
37793,4,13
37794,6,13
37795,9,13
37796,2,13
37797,14,13
37798,10,13
37799,6,13
37800,21,13
37801,19,13
37802,5,13
37809,22,13
37810,18,13
37813,6,13
37815,16,13
37816,24,13
37818,2,13
37819,27,13
37824,22,13
37828,27,13
37829,22,13
37831,22,13
37833,2,13
37836,22,13
37837,9,13
37838,4,13
37839,18,13
37840,24,13
37845,22,13
37847,6,13
37848,4,13
37852,9,13
37854,21,13
37856,10,13
37857,16,13
37858,14,13
37859,12,13
37862,28,13
37863,22,13
37864,17,13
37865,14,13
37866,2,13
37868,20,13
37870,22,13
37873,10,13
37875,16,13
37878,22,13
37881,13,13
37882,5,13
37883,12,13
37884,12,13
37885,22,13
37893,19,13
37894,9,13
37897,5,13
37898,9,13
37899,5,13
37902,4,13
37906,19,13
37911,11,13
37912,4,13
37913,19,13
37914,28,13
37915,9,13
37916,20,13
37917,9,13
37919,5,13
37920,18,13
37922,4,13
37923,9,13
37925,30,13
37927,5,13
37934,0,13
37937,18,13
37938,10,13
37940,28,13
37942,3,13
37945,18,13
37947,2,13
37949,20,13
37950,5,13
37953,27,13
37954,15,13
37957,1,13
37960,5,13
37961,7,13
37965,19,13
37966,22,13
37967,4,13
37969,12,13
37971,27,13
37973,9,13
37974,10,13
37975,27,13
37978,9,13
37979,5,13
37980,2,13
37981,5,13
37984,30,13
37989,5,13
37990,10,13
37992,5,13
37995,16,13
37998,9,13
37999,18,13
38001,6,13
38003,22,13
38004,4,13
38007,5,13
38010,9,13
38012,9,13
38014,2,13
38016,17,13
38017,5,13
38018,9,13
38020,9,13
38021,12,13
38023,22,13
38025,22,13
38026,22,13
38027,2,13
38028,22,13
38029,31,13
38030,2,13
38033,10,13
38035,10,13
38037,31,13
38039,17,13
38040,5,13
38042,9,13
38043,31,13
38045,2,13
38047,31,13
38048,17,13
38050,2,13
38053,9,13
38054,7,13
38058,11,13
38061,16,13
38063,1,13
38064,2,13
38065,5,13
38068,9,13
38070,12,13
38073,9,13
38074,18,13
38077,9,13
38078,9,13
38081,30,13
38083,19,13
38089,12,13
38091,5,13
38093,27,13
38094,5,13
38096,27,13
38099,2,13
38103,22,13
38107,5,13
38109,9,13
38111,20,13
38112,30,13
38113,9,13
38114,10,13
38116,5,13
38119,22,13
38123,12,13
38124,18,13
38127,9,13
38128,14,13
38132,5,13
38133,18,13
38136,2,13
38137,18,13
38139,18,13
38140,29,13
38141,22,13
38144,22,13
38146,18,13
38149,22,13
38150,2,13
38155,3,13
38156,27,13
38157,22,13
38160,22,13
38161,22,13
38162,3,13
38163,7,13
38164,27,13
38166,19,13
38167,27,13
38168,2,13
38175,27,13
38177,9,13
38181,22,13
38189,14,13
38190,9,13
38191,19,13
38193,22,13
38194,5,13
38198,15,13
38200,9,13
38201,27,13
38204,27,13
38205,5,13
38206,27,13
38207,3,13
38208,15,13
38209,19,13
38212,28,13
38213,2,13
38214,20,13
38219,5,13
38223,2,13
38224,22,13
38228,22,13
38229,27,13
38232,22,13
38234,3,13
38236,16,13
38238,1,13
38239,17,13
38240,23,13
38241,17,13
38242,17,13
38246,4,13
38248,14,13
38249,12,13
38251,6,13
38252,6,13
38254,29,13
38256,25,13
38257,4,13
38263,22,13
38264,12,13
38265,23,13
38266,18,13
38267,17,13
38268,25,13
38269,11,13
38271,9,13
38272,6,13
38275,30,13
38276,23,13
38277,23,13
38279,9,13
38282,24,13
38283,28,13
38287,19,13
38288,23,13
38290,17,13
38293,15,13
38295,0,13
38296,1,13
38298,28,13
38299,4,13
38303,11,13
38305,19,13
38306,1,13
38307,22,13
38308,23,13
38309,18,13
38310,24,13
38312,13,13
38317,9,13
38320,28,13
38322,24,13
38323,23,13
38324,19,13
38326,24,13
38327,19,13
38330,15,13
38331,23,13
38332,24,13
38335,14,13
38336,24,13
38337,10,13
38339,19,13
38340,24,13
38341,24,13
38344,10,13
38347,24,13
38348,24,13
38350,29,13
38351,4,13
38352,6,13
38354,21,13
38356,28,13
38357,7,13
38359,24,13
38361,7,13
38363,7,13
38364,9,13
38366,24,13
38370,23,13
38372,24,13
38373,18,13
38375,24,13
38376,19,13
38378,24,13
38385,28,13
38386,24,13
38387,24,13
38388,28,13
38390,2,13
38391,17,13
38393,7,13
38395,0,13
38401,24,13
38406,14,13
38407,0,13
38408,4,13
38410,5,13
38411,17,13
38412,24,13
38414,27,13
38415,7,13
38420,23,13
38422,10,13
38423,0,13
38424,23,13
38425,23,13
38430,4,13
38432,23,13
38434,22,13
38436,28,13
38440,22,13
38442,14,13
38443,3,13
38444,7,13
38446,10,13
38448,18,13
38450,9,13
38451,10,13
38453,24,13
38454,0,13
38455,26,13
38460,28,13
38461,3,13
38462,22,13
38465,18,13
38466,7,13
38468,28,13
38470,4,13
38471,6,13
38472,14,13
38473,21,13
38475,9,13
38476,10,13
38477,13,13
38478,5,13
38479,24,13
38480,28,13
38482,18,13
38483,18,13
38486,29,13
38489,9,13
38495,18,13
38496,14,13
38497,21,13
38499,16,13
38500,18,13
38504,6,13
38505,9,13
38509,10,13
38510,18,13
38511,14,13
38517,2,13
38519,9,13
38520,29,13
38522,19,13
38524,5,13
38525,31,13
38527,4,13
38528,18,13
38529,21,13
38530,4,13
38531,31,13
38534,11,13
38535,31,13
38536,31,13
38537,31,13
38538,31,13
38539,31,13
38540,31,13
38542,13,13
38543,0,13
38544,0,13
38545,6,13
38552,10,13
38553,13,13
38556,10,13
38561,0,13
38564,25,13
38566,0,13
38571,22,13
38572,0,13
38576,17,13
38579,18,13
38580,4,13
38581,0,13
38582,13,13
38583,12,13
38584,0,13
38586,9,13
38587,22,13
38589,31,13
38590,18,13
38591,0,13
38592,12,13
38594,28,13
38595,31,13
38600,9,13
38601,27,13
38602,9,13
38603,27,13
38604,0,13
38605,0,13
38606,0,13
38607,0,13
38608,0,13
38609,0,13
38610,9,13
38611,3,13
38612,10,13
38613,0,13
38614,18,13
38615,18,13
38618,18,13
38621,12,13
38625,4,13
38626,12,13
38628,8,13
38629,3,13
38630,10,13
38631,0,13
38632,10,13
38633,17,13
38637,3,13
38642,0,13
38643,0,13
38644,9,13
38645,2,13
38647,3,13
38651,27,13
38654,3,13
38656,26,13
38657,18,13
38659,17,13
38663,17,13
38666,18,13
38667,31,13
38668,31,13
38670,31,13
38673,7,13
38675,8,13
38676,8,13
38678,8,13
38679,24,13
38680,8,13
38681,8,13
38683,24,13
38685,24,13
38686,28,13
38687,16,13
38688,29,13
38689,22,13
38691,20,13
38693,22,13
38694,16,13
38695,28,13
38697,18,13
38701,22,13
38702,25,13
38704,25,13
38705,22,13
38706,9,13
38707,26,13
38710,22,13
38711,3,13
38713,7,13
38716,7,13
38717,30,13
38720,7,13
38721,22,13
38722,1,13
38726,28,13
38727,12,13
38728,14,13
38730,3,13
38732,0,13
38739,22,13
38740,22,13
38743,19,13
38746,24,13
38750,2,13
38752,22,13
38753,14,13
38757,24,13
38758,14,13
38760,16,13
38761,16,13
38764,14,13
38768,16,13
38770,14,13
38772,16,13
38774,14,13
38775,16,13
38776,16,13
38777,12,13
38778,16,13
38780,5,13
38781,22,13
38783,24,13
38784,5,13
38786,9,13
38788,16,13
38791,22,13
38792,14,13
38793,16,13
38796,12,13
38800,9,13
38801,22,13
38802,13,13
38803,16,13
38804,22,13
38806,22,13
38808,14,13
38810,12,13
38811,22,13
38812,12,13
38816,14,13
38817,25,13
38818,22,13
38819,2,13
38820,18,13
38823,10,13
38825,9,13
38828,24,13
38831,22,13
38833,13,13
38836,12,13
38837,12,13
38838,1,13
38840,22,13
38843,12,13
38845,9,13
38846,10,13
38847,9,13
38850,22,13
38851,10,13
38853,12,13
38854,22,13
38856,15,13
38857,14,13
38858,22,13
38860,19,13
38861,10,13
38863,7,13
38864,30,13
38867,29,13
38868,10,13
38869,14,13
38873,9,13
38874,14,13
38876,2,13
38878,14,13
38879,5,13
38880,12,13
38882,14,13
38883,10,13
38884,13,13
38888,12,13
38895,17,13
38896,9,13
38898,28,13
38900,17,13
38901,17,13
38904,9,13
38905,6,13
38908,22,13
38911,9,13
38914,17,13
38917,17,13
38922,17,13
38923,17,13
38925,17,13
38926,17,13
38927,17,13
38929,28,13
38932,17,13
38933,17,13
38934,17,13
38935,17,13
38936,15,13
38939,17,13
38942,22,13
38943,3,13
38944,17,13
38945,15,13
38947,15,13
38949,15,13
38950,9,13
38951,17,13
38952,17,13
38953,15,13
38956,15,13
38957,17,13
38958,15,13
38959,17,13
38960,17,13
38961,17,13
38962,15,13
38963,17,13
38964,17,13
38965,17,13
38969,17,13
38971,17,13
38972,3,13
38976,10,13
38978,15,13
38979,17,13
38980,15,13
38981,20,13
38982,17,13
38984,15,13
38987,11,13
38988,17,13
38989,7,13
38991,17,13
38993,17,13
38994,2,13
38995,17,13
38997,17,13
38999,17,13
39000,17,13
39002,17,13
39003,17,13
39006,28,13
39010,17,13
39011,28,13
39012,28,13
39014,28,13
39016,17,13
39018,28,13
39022,17,13
39026,17,13
39027,17,13
39031,28,13
39033,17,13
39036,10,13
39037,28,13
39039,17,13
39045,29,13
39046,28,13
39048,17,13
39049,17,13
39052,17,13
39053,17,13
39054,17,13
39057,17,13
39059,15,13
39061,15,13
39065,17,13
39066,17,13
39067,17,13
39068,2,13
39072,17,13
39074,15,13
39077,17,13
39078,15,13
39079,15,13
39083,17,13
39085,15,13
39086,17,13
39087,15,13
39088,17,13
39089,17,13
39090,17,13
39091,17,13
39092,17,13
39094,17,13
39096,17,13
39098,17,13
39100,17,13
39105,17,13
39106,17,13
39108,17,13
39111,17,13
39112,15,13
39117,15,13
39118,2,13
39120,17,13
39122,17,13
39124,9,13
39126,17,13
39127,17,13
39130,16,13
39134,17,13
39138,17,13
39139,17,13
39141,15,13
39143,17,13
39144,17,13
39145,17,13
39146,9,13
39149,17,13
39151,17,13
39152,17,13
39153,17,13
39154,17,13
39155,17,13
39156,17,13
39158,17,13
39160,17,13
39161,16,13
39165,17,13
39167,17,13
39168,17,13
39171,17,13
39173,17,13
39174,17,13
39176,15,13
39179,23,13
39180,17,13
39182,17,13
39183,17,13
39184,17,13
39186,15,13
39187,5,13
39188,23,13
39192,17,13
39193,28,13
39195,29,13
39196,28,13
39197,17,13
39198,5,13
39200,22,13
39201,30,13
39202,30,13
39205,30,13
39206,28,13
39207,28,13
39209,9,13
39213,16,13
39217,15,13
39219,9,13
39221,28,13
39223,5,13
39225,17,13
39226,17,13
39228,16,13
39231,16,13
39233,29,13
39240,15,13
39243,28,13
39245,12,13
39246,17,13
39247,17,13
39249,15,13
39250,15,13
39251,10,13
39252,23,13
39254,17,13
39256,10,13
39257,17,13
39259,15,13
39261,28,13
39262,17,13
39268,5,13
39269,25,13
39270,15,13
39271,20,13
39272,15,13
39273,17,13
39274,19,13
39275,15,13
39277,6,13
39281,5,13
39283,15,13
39285,9,13
39286,17,13
39287,17,13
39290,23,13
39292,17,13
39294,17,13
39295,9,13
39296,15,13
39297,17,13
39301,15,13
39302,15,13
39304,17,13
39306,17,13
39307,17,13
39312,17,13
39315,17,13
39317,17,13
39324,6,13
39326,17,13
39327,17,13
39329,17,13
39331,17,13
39333,20,13
39335,15,13
39336,2,13
39337,3,13
39340,15,13
39343,17,13
39344,15,13
39345,17,13
39351,17,13
39354,17,13
39359,17,13
39360,17,13
39363,22,13
39364,11,13
39366,20,13
39370,17,13
39371,10,13
39372,10,13
39375,17,13
39376,15,13
39377,17,13
39378,11,13
39381,3,13
39382,15,13
39383,19,13
39389,17,13
39391,23,13
39392,15,13
39393,9,13
39394,17,13
39395,17,13
39397,28,13
39399,10,13
39401,22,13
39403,0,13
39408,0,13
39409,31,13
39410,20,13
39411,6,13
39415,5,13
39416,17,13
39418,17,13
39421,15,13
39424,5,13
39425,15,13
39429,0,13
39430,9,13
39431,0,13
39432,9,13
39434,18,13
39436,15,13
39439,22,13
39444,22,13
39445,17,13
39446,15,13
39447,28,13
39450,9,13
39455,9,13
39456,17,13
39457,0,13
39458,9,13
39461,10,13
39463,17,13
39466,9,13
39471,15,13
39472,15,13
39473,15,13
39474,28,13
39475,5,13
39478,9,13
39480,0,13
39481,10,13
39483,18,13
39485,9,13
39486,15,13
39487,28,13
39489,9,13
39490,5,13
39493,28,13
39494,17,13
39495,5,13
39501,17,13
39503,6,13
39505,15,13
39510,18,13
39515,17,13
39517,15,13
39520,17,13
39521,15,13
39522,0,13
39523,28,13
39524,20,13
39525,18,13
39526,10,13
39527,3,13
39533,12,13
39537,21,13
39538,18,13
39540,10,13
39542,30,13
39544,28,13
39545,12,13
39546,22,13
39547,29,13
39548,2,13
39549,30,13
39554,12,13
39556,7,13
39557,28,13
39561,5,13
39562,28,13
39564,25,13
39568,28,13
39569,0,13
39570,6,13
39571,20,13
39572,24,13
39573,11,13
39576,31,13
39577,22,13
39578,28,13
39581,24,13
39584,24,13
39586,11,13
39588,24,13
39589,21,13
39590,9,13
39591,2,13
39594,2,13
39595,4,13
39596,24,13
39597,9,13
39607,18,13
39608,24,13
39609,21,13
39610,24,13
39611,10,13
39614,2,13
39615,2,13
39616,9,13
39620,2,13
39622,16,13
39623,2,13
39624,3,13
39625,10,13
39627,5,13
39628,29,13
39629,2,13
39631,0,13
39634,22,13
39635,7,13
39636,7,13
39637,9,13
39638,29,13
39639,18,13
39641,29,13
39645,28,13
39646,5,13
39649,29,13
39650,22,13
39654,9,13
39655,29,13
39657,4,13
39658,14,13
39660,2,13
39663,5,13
39664,0,13
39665,24,13
39667,18,13
39669,2,13
39670,9,13
39671,5,13
39672,29,13
39675,24,13
39677,2,13
39680,12,13
39681,2,13
39682,22,13
39684,2,13
39686,18,13
39688,16,13
39689,5,13
39690,12,13
39691,9,13
39692,9,13
39694,2,13
39696,4,13
39698,14,13
39699,21,13
39700,12,13
39701,2,13
39703,5,13
39704,9,13
39706,10,13
39707,10,13
39712,20,13
39714,18,13
39716,5,13
39717,0,13
39719,0,13
39721,2,13
39722,5,13
39723,21,13
39724,12,13
39728,0,13
39731,29,13
39733,5,13
39738,2,13
39739,5,13
39742,5,13
39744,17,13
39746,29,13
39748,9,13
39750,2,13
39751,22,13
39753,11,13
39754,5,13
39755,7,13
39762,9,13
39763,9,13
39773,16,13
39774,9,13
39775,7,13
39777,12,13
39778,7,13
39780,3,13
39781,7,13
39783,10,13
39784,13,13
39785,12,13
39788,9,13
39792,13,13
39795,0,13
39797,19,13
39798,1,13
39803,9,13
39808,11,13
39810,20,13
39813,0,13
39815,0,13
39816,10,13
39817,10,13
39818,19,13
39822,5,13
39831,9,13
39834,17,13
39835,17,13
39836,9,13
39837,17,13
39838,12,13
39839,24,13
39841,2,13
39843,5,13
39844,10,13
39845,10,13
39847,12,13
39848,12,13
39849,12,13
39853,0,13
39858,12,13
39859,5,13
39861,12,13
39863,12,13
39864,5,13
39868,10,13
39869,29,13
39870,10,13
39874,5,13
39878,5,13
39881,2,13
39885,16,13
39888,10,13
39890,18,13
39892,24,13
39896,16,13
39897,12,13
39898,12,13
39902,14,13
39904,5,13
39905,24,13
39907,3,13
39908,5,13
39911,12,13
39912,30,13
39914,12,13
39917,12,13
39918,24,13
39919,5,13
39921,13,13
39923,9,13
39924,20,13
39926,1,13
39928,10,13
39929,10,13
39930,3,13
39932,2,13
39933,16,13
39936,16,13
39937,3,13
39938,10,13
39940,22,13
39942,7,13
39944,24,13
39945,13,13
39946,29,13
39947,5,13
39948,9,13
39949,5,13
39951,24,13
39953,0,13
39955,9,13
39956,2,13
39957,9,13
39960,9,13
39962,13,13
39964,10,13
39966,5,13
39968,16,13
39969,10,13
39971,5,13
39972,12,13
39973,2,13
39975,5,13
39976,9,13
39977,24,13
39981,16,13
39982,16,13
39985,12,13
39987,5,13
39988,2,13
39990,12,13
39991,13,13
39995,5,13
39997,5,13
39998,1,13
39999,22,13
40005,2,13
40006,6,13
40008,9,13
40009,5,13
40010,5,13
40011,9,13
40012,16,13
40015,5,13
40017,16,13
40018,30,13
40019,2,13
40020,2,13
40022,12,13
40026,24,13
40027,29,13
40032,18,13
40034,22,13
40035,29,13
40038,5,13
40039,2,13
40040,9,13
40041,22,13
40044,28,13
40045,9,13
40046,22,13
40048,5,13
40049,5,13
40050,0,13
40052,24,13
40053,10,13
40054,5,13
40055,24,13
40057,10,13
40060,2,13
40061,5,13
40063,24,13
40064,16,13
40066,5,13
40071,18,13
40074,20,13
40082,22,13
40083,12,13
40085,5,13
40086,2,13
40087,12,13
40092,2,13
40093,22,13
40095,5,13
40099,24,13
40101,20,13
40102,5,13
40103,0,13
40107,30,13
40111,6,13
40113,29,13
40114,5,13
40116,2,13
40117,7,13
40119,2,13
40120,2,13
40121,10,13
40123,16,13
40125,18,13
40127,15,13
40128,9,13
40133,5,13
40135,28,13
40137,5,13
40141,20,13
40143,12,13
40145,0,13
40146,2,13
40147,17,13
40150,29,13
40152,16,13
40153,16,13
40155,16,13
40156,5,13
40157,9,13
40161,16,13
40162,16,13
40163,13,13
40165,10,13
40166,12,13
40169,5,13
40171,10,13
40173,18,13
40174,9,13
40175,9,13
40176,5,13
40179,20,13
40182,24,13
40183,18,13
40184,2,13
40186,9,13
40187,2,13
40188,18,13
40190,6,13
40191,12,13
40192,2,13
40195,9,13
40196,2,13
40199,5,13
40201,16,13
40202,6,13
40203,5,13
40206,19,13
40207,5,13
40208,12,13
40210,2,13
40211,5,13
40212,9,13
40215,12,13
40217,16,13
40219,5,13
40220,5,13
40223,5,13
40224,2,13
40226,15,13
40228,2,13
40229,16,13
40230,16,13
40231,2,13
40233,18,13
40234,5,13
40235,2,13
40237,2,13
40238,5,13
40240,17,13
40243,17,13
40246,18,13
40247,5,13
40249,12,13
40250,9,13
40255,24,13
40256,16,13
40257,24,13
40258,18,13
40259,12,13
40260,13,13
40261,2,13
40265,20,13
40266,20,13
40267,10,13
40268,24,13
40269,2,13
40272,1,13
40279,9,13
40280,5,13
40282,12,13
40283,30,13
40287,12,13
40288,20,13
40292,9,13
40293,5,13
40294,16,13
40296,28,13
40298,15,13
40299,17,13
40302,15,13
40303,17,13
40304,17,13
40306,15,13
40307,10,13
40311,9,13
40313,22,13
40319,22,13
40321,16,13
40322,1,13
40328,22,13
40329,12,13
40330,22,13
40331,22,13
40333,10,13
40335,10,13
40336,16,13
40337,12,13
40339,6,13
40340,22,13
40341,22,13
40346,16,13
40347,22,13
40349,2,13
40350,3,13
40351,11,13
40353,2,13
40354,24,13
40355,7,13
40356,6,13
40357,24,13
40359,13,13
40360,10,13
40361,25,13
40362,11,13
40365,2,13
40366,13,13
40367,15,13
40368,6,13
40369,22,13
40370,28,13
40371,17,13
40374,15,13
40375,20,13
40380,30,13
40381,17,13
40383,30,13
40384,13,13
40388,11,13
40389,12,13
40393,10,13
40394,22,13
40395,18,13
40398,2,13
40400,16,13
40401,22,13
40402,7,13
40404,11,13
40405,4,13
40406,24,13
40407,11,13
40408,14,13
40413,6,13
40414,18,13
40415,17,13
40417,7,13
40418,17,13
40419,28,13
40420,20,13
40421,12,13
40427,28,13
40432,13,13
40437,18,13
40439,28,13
40441,24,13
40444,19,13
40445,9,13
40446,2,13
40447,28,13
40448,28,13
40450,2,13
40451,3,13
40453,28,13
40454,10,13
40457,10,13
40458,9,13
40460,5,13
40464,7,13
40465,29,13
40466,18,13
40467,17,13
40468,28,13
40470,10,13
40471,12,13
40472,25,13
40474,20,13
40476,30,13
40480,13,13
40481,20,13
40483,25,13
40485,7,13
40486,9,13
40489,24,13
40490,4,13
40493,19,13
40495,9,13
40497,9,13
40500,12,13
40501,2,13
40504,16,13
40507,3,13
40509,28,13
40511,10,13
40512,22,13
40513,11,13
40514,11,13
40515,20,13
40516,4,13
40518,11,13
40520,14,13
40521,14,13
40523,7,13
40525,10,13
40528,18,13
40529,16,13
40530,18,13
40531,20,13
40532,10,13
40534,24,13
40535,11,13
40539,21,13
40541,24,13
40543,19,13
40545,30,13
40548,5,13
40549,0,13
40550,13,13
40551,28,13
40552,12,13
40553,3,13
40554,25,13
40556,10,13
40557,18,13
40559,18,13
40560,12,13
40567,14,13
40569,10,13
40570,19,13
40571,18,13
40572,18,13
40578,11,13
40580,24,13
40585,21,13
40586,24,13
40587,14,13
40589,12,13
40590,12,13
40592,25,13
40594,5,13
40595,17,13
40598,13,13
40604,22,13
40605,1,13
40606,11,13
40607,12,13
40608,24,13
40609,24,13
40611,21,13
40613,0,13
40614,5,13
40616,1,13
40617,28,13
40618,16,13
40619,5,13
40620,22,13
40621,1,13
40622,14,13
40623,6,13
40625,6,13
40627,14,13
40628,21,13
40630,25,13
40632,14,13
40634,28,13
40635,19,13
40637,30,13
40646,18,13
40648,24,13
40649,28,13
40650,20,13
40651,16,13
40656,7,13
40659,15,13
40660,19,13
40661,30,13
40665,7,13
40666,0,13
40668,3,13
40669,30,13
40671,5,13
40678,0,13
40681,3,13
40683,7,13
40687,2,13
40688,2,13
40689,4,13
40690,7,13
40697,11,13
40699,2,13
40700,6,13
40709,0,13
40712,4,13
40714,6,13
40715,19,13
40716,11,13
40717,19,13
40732,9,13
40737,20,13
40740,18,13
40742,19,13
40744,9,13
40746,3,13
40748,2,13
40749,2,13
40752,9,13
40756,19,13
40758,0,13
40759,24,13
40763,0,13
40766,15,13
40772,25,13
40773,7,13
40775,7,13
40778,7,13
40781,30,13
40782,28,13
40787,14,13
40788,21,13
40792,30,13
40793,22,13
40795,25,13
40796,7,13
40798,1,13
40802,22,13
40803,12,13
40804,13,13
40807,0,13
40808,0,13
40810,15,13
40811,9,13
40812,14,13
40813,12,13
40815,24,13
40819,19,13
40820,27,13
40822,7,13
40823,1,13
40824,13,13
40825,22,13
40826,1,13
40827,24,13
40829,30,13
40833,2,13
40838,10,13
40840,7,13
40841,26,13
40842,27,13
40844,27,13
40845,22,13
40847,24,13
40848,9,13
40851,19,13
40852,30,13
40853,25,13
40855,19,13
40858,30,13
40859,29,13
40862,19,13
40864,4,13
40866,24,13
40867,30,13
40871,11,13
40872,19,13
40876,5,13
40877,10,13
40881,12,13
40885,9,13
40886,9,13
40889,9,13
40892,9,13
40893,9,13
40895,9,13
40896,9,13
40899,13,13
40901,9,13
40903,16,13
40904,6,13
40908,7,13
40911,6,13
40913,15,13
40915,19,13
40917,18,13
40918,3,13
40919,3,13
40921,16,13
40922,16,13
40923,28,13
40925,17,13
40926,17,13
40929,9,13
40930,17,13
40932,2,13
40933,26,13
40936,20,13
40938,17,13
40939,17,13
40940,29,13
40941,29,13
40942,11,13
40945,19,13
40946,7,13
40947,9,13
40948,5,13
40951,12,13
40952,4,13
40956,1,13
40960,6,13
40961,19,13
40962,5,13
40964,28,13
40968,13,13
40973,4,13
40974,20,13
40976,10,13
40977,22,13
40978,24,13
40979,16,13
40980,16,13
40981,20,13
40984,4,13
40987,21,13
40988,16,13
40990,28,13
40991,14,13
40993,24,13
40997,24,13
40999,24,13
41006,19,13
41007,16,13
41008,24,13
41009,24,13
41010,24,13
41012,6,13
41013,17,13
41015,20,13
41016,4,13
41017,13,13
41018,19,13
41019,22,13
41020,29,13
41021,19,13
41023,10,13
41027,6,13
41031,24,13
41032,14,13
41035,14,13
41038,16,13
41039,16,13
41040,9,13
41044,15,13
41046,19,13
41047,31,13
41050,12,13
41051,12,13
41053,12,13
41054,19,13
41055,17,13
41056,27,13
41058,5,13
41061,2,13
41062,2,13
41064,27,13
41065,31,13
41066,18,13
41068,31,13
41071,28,13
41072,18,13
41073,31,13
41075,28,13
41076,7,13
41077,27,13
41079,16,13
41080,16,13
41082,28,13
41083,18,13
41084,31,13
41085,31,13
41086,0,13
41088,31,13
41089,31,13
41092,19,13
41093,31,13
41096,31,13
41097,6,13
41099,16,13
41101,27,13
41102,19,13
41105,17,13
41106,28,13
41109,19,13
41110,16,13
41114,8,13
41116,29,13
41117,19,13
41118,19,13
41122,30,13
41124,20,13
41125,27,13
41127,6,13
41130,27,13
41131,12,13
41133,10,13
41134,7,13
41137,27,13
41140,27,13
41141,18,13
41143,26,13
41146,27,13
41149,16,13
41151,11,13
41155,28,13
41156,16,13
41158,4,13
41159,26,13
41162,7,13
41165,19,13
41169,11,13
41171,3,13
41172,17,13
41173,5,13
41174,24,13
41175,27,13
41176,22,13
41177,16,13
41180,19,13
41181,28,13
41183,22,13
41186,22,13
41187,11,13
41188,7,13
41192,16,13
41194,8,13
41195,3,13
41197,2,13
41202,22,13
41204,15,13
41208,16,13
41210,24,13
41212,27,13
41213,12,13
41214,15,13
41217,16,13
41218,28,13
41219,7,13
41220,17,13
41222,16,13
41223,16,13
41228,9,13
41231,28,13
41233,17,13
41234,3,13
41236,12,13
41237,17,13
41238,10,13
41241,7,13
41242,7,13
41244,17,13
41245,24,13
41246,9,13
41248,18,13
41251,29,13
41254,28,13
41255,9,13
41257,9,13
41260,8,13
41261,5,13
41263,24,13
41265,4,13
41266,10,13
41267,18,13
41268,8,13
41270,1,13
41272,12,13
41275,28,13
41276,25,13
41278,3,13
41279,8,13
41282,10,13
41283,27,13
41285,9,13
41286,24,13
41288,8,13
41292,22,13
41293,4,13
41294,5,13
41295,30,13
41296,30,13
41297,22,13
41299,22,13
41301,7,13
41305,22,13
41307,14,13
41308,2,13
41311,14,13
41314,16,13
41315,16,13
41317,22,13
41318,22,13
41322,14,13
41325,14,13
41326,25,13
41327,14,13
41330,14,13
41331,14,13
41332,14,13
41333,16,13
41336,16,13
41338,14,13
41339,17,13
41342,22,13
41344,14,13
41349,14,13
41350,24,13
41351,0,13
41352,14,13
41356,28,13
41358,25,13
41359,22,13
41361,10,13
41362,22,13
41363,25,13
41365,28,13
41367,10,13
41370,3,13
41373,22,13
41374,14,13
41375,25,13
41376,25,13
41377,19,13
41380,25,13
41381,25,13
41385,19,13
41386,9,13
41388,14,13
41389,20,13
41390,14,13
41396,2,13
41398,10,13
41399,12,13
41403,17,13
41404,16,13
41406,10,13
41407,5,13
41408,22,13
41412,22,13
41413,22,13
41414,22,13
41416,12,13
41418,25,13
41419,6,13
41422,9,13
41425,11,13
41426,0,13
41428,11,13
41429,25,13
41431,28,13
41433,18,13
41434,3,13
41436,22,13
41438,10,13
41440,1,13
41441,22,13
41442,29,13
41443,0,13
41447,2,13
41448,24,13
41451,6,13
41454,6,13
41455,3,13
41459,4,13
41460,18,13
41465,23,13
41467,23,13
41468,23,13
41469,9,13
41471,11,13
41473,18,13
41480,4,13
41481,3,13
41483,6,13
41485,18,13
41487,19,13
41488,17,13
41489,15,13
41490,6,13
41491,3,13
41492,18,13
41493,17,13
41496,17,13
41497,5,13
41498,3,13
41500,3,13
41501,7,13
41502,23,13
41506,18,13
41507,23,13
41509,6,13
41510,4,13
41511,6,13
41512,14,13
41513,19,13
41515,0,13
41517,7,13
41518,11,13
41523,19,13
41526,3,13
41527,6,13
41531,17,13
41533,22,13
41535,6,13
41536,5,13
41537,2,13
41540,28,13
41544,7,13
41545,1,13
41546,7,13
41549,23,13
41550,6,13
41551,4,13
41553,6,13
41554,14,13
41557,29,13
41558,30,13
41561,9,13
41562,18,13
41563,16,13
41564,29,13
41567,23,13
41569,3,13
41570,18,13
41578,11,13
41580,11,13
41586,11,13
41587,6,13
41595,30,13
41597,30,13
41600,19,13
41601,9,13
41608,9,13
41611,29,13
41619,19,13
41622,29,13
41624,29,13
41625,28,13
41626,24,13
41629,3,13
41630,7,13
41634,23,13
41635,28,13
41636,4,13
41637,6,13
41638,14,13
41639,23,13
41640,24,13
41641,22,13
41642,4,13
41643,9,13
41647,22,13
41648,23,13
41649,18,13
41650,3,13
41651,22,13
41652,9,13
41653,24,13
41654,14,13
41656,17,13
41659,24,13
41663,14,13
41665,19,13
41667,4,13
41668,28,13
41669,23,13
41671,2,13
41672,9,13
41673,10,13
41674,29,13
41675,23,13
41676,23,13
41677,2,13
41680,11,13
41681,4,13
41683,6,13
41685,5,13
41686,23,13
41687,7,13
41690,2,13
41691,9,13
41692,22,13
41693,2,13
41695,3,13
41696,18,13
41698,28,13
41701,24,13
41707,6,13
41710,15,13
41711,16,13
41714,4,13
41717,10,13
41718,5,13
41719,18,13
41720,18,13
41724,23,13
41725,18,13
41726,10,13
41727,9,13
41728,1,13
41729,23,13
41732,10,13
41734,23,13
41736,31,13
41737,17,13
41738,0,13
41740,18,13
41742,31,13
41744,31,13
41746,0,13
41748,6,13
41749,22,13
41752,31,13
41754,9,13
41756,19,13
41757,0,13
41758,0,13
41759,31,13
41761,31,13
41762,18,13
41763,0,13
41765,0,13
41766,31,13
41768,5,13
41771,0,13
41772,0,13
41774,31,13
41776,23,13
41778,9,13
41780,5,13
41781,19,13
41782,1,13
41788,27,13
41789,23,13
41790,3,13
41791,3,13
41793,27,13
41796,27,13
41797,3,13
41799,23,13
41801,19,13
41802,19,13
41803,28,13
41804,27,13
41805,7,13
41806,19,13
41807,7,13
41809,23,13
41812,23,13
41816,31,13
41818,27,13
41820,31,13
41821,27,13
41822,27,13
41823,8,13
41824,28,13
41825,7,13
41827,8,13
41828,8,13
41829,8,13
41836,8,13
41837,2,13
41838,30,13
41839,24,13
41841,8,13
41843,8,13
41847,0,13
41851,24,13
41852,5,13
41854,3,13
41856,28,13
41857,28,13
41858,23,13
41859,5,13
41861,5,13
41863,18,13
41865,5,13
41867,30,13
41868,2,13
41871,24,13
41872,16,13
41878,3,13
41879,24,13
41880,9,13
41881,5,13
41883,16,13
41884,12,13
41885,12,13
41886,16,13
41888,16,13
41891,5,13
41892,24,13
41894,5,13
41895,10,13
41896,16,13
41899,5,13
41900,12,13
41901,13,13
41902,12,13
41903,12,13
41905,5,13
41906,9,13
41909,22,13
41915,25,13
41917,7,13
41919,25,13
41923,7,13
41924,25,13
41925,25,13
41926,25,13
41928,25,13
41930,25,13
41931,25,13
41933,25,13
41934,7,13
41935,7,13
41937,25,13
41939,25,13
41940,25,13
41943,3,13
41944,7,13
41945,25,13
41947,25,13
41948,25,13
41951,25,13
41952,25,13
41953,7,13
41956,25,13
41957,25,13
41958,25,13
41959,25,13
41960,25,13
41962,22,13
41963,25,13
41966,7,13
41967,25,13
41973,25,13
41974,25,13
41976,0,13
41977,25,13
41980,25,13
41981,3,13
41982,3,13
41985,25,13
41987,25,13
41993,25,13
41995,22,13
41996,25,13
41998,25,13
42003,25,13
42004,18,13
42006,25,13
42009,25,13
42013,5,13
42014,18,13
42015,25,13
42021,25,13
42023,25,13
42024,10,13
42027,25,13
42030,25,13
42031,10,13
42033,25,13
42034,25,13
42035,17,13
42037,25,13
42038,25,13
42041,25,13
42045,25,13
42047,25,13
42049,25,13
42050,7,13
42052,7,13
42053,7,13
42060,0,13
42061,25,13
42062,25,13
42063,7,13
42064,25,13
42066,25,13
42067,25,13
42068,25,13
42069,25,13
42071,25,13
42072,7,13
42074,7,13
42076,25,13
42079,25,13
42081,25,13
42085,25,13
42087,5,13
42090,5,13
42091,2,13
42093,12,13
42094,5,13
42096,16,13
42097,22,13
42098,10,13
42099,2,13
42100,2,13
42102,16,13
42104,22,13
42106,9,13
42109,25,13
42110,7,13
42111,25,13
42114,25,13
42116,2,13
42117,25,13
42118,7,13
42119,5,13
42121,25,13
42122,7,13
42123,25,13
42127,25,13
42128,25,13
42131,25,13
42132,5,13
42133,16,13
42134,10,13
42138,25,13
42140,25,13
42141,7,13
42142,2,13
42143,25,13
42144,25,13
42149,9,13
42151,7,13
42152,25,13
42153,25,13
42155,7,13
42157,25,13
42158,25,13
42159,25,13
42161,25,13
42163,7,13
42165,2,13
42166,22,13
42168,10,13
42170,3,13
42172,5,13
42173,25,13
42175,2,13
42177,16,13
42181,5,13
42182,9,13
42183,25,13
42188,2,13
42189,2,13
42190,12,13
42194,2,13
42195,12,13
42196,5,13
42198,10,13
42199,30,13
42200,9,13
42201,10,13
42206,10,13
42208,16,13
42209,12,13
42210,5,13
42212,10,13
42214,12,13
42218,10,13
42219,7,13
42221,9,13
42223,9,13
42224,25,13
42226,10,13
42227,12,13
42233,10,13
42234,25,13
42236,5,13
42242,5,13
42243,25,13
42246,2,13
42247,25,13
42248,3,13
42250,16,13
42252,22,13
42253,25,13
42254,7,13
42258,25,13
42259,25,13
42260,5,13
42263,16,13
42264,5,13
42266,2,13
42267,12,13
42268,30,13
42270,12,13
42272,5,13
42273,12,13
42274,25,13
42275,5,13
42282,1,13
42283,25,13
42284,25,13
42286,13,13
42288,2,13
42289,16,13
42295,22,13
42298,5,13
42300,3,13
42301,2,13
42302,5,13
42303,2,13
42304,2,13
42305,2,13
42306,22,13
42307,15,13
42308,10,13
42309,2,13
42310,12,13
42312,10,13
42313,22,13
42324,12,13
42326,10,13
42327,5,13
42329,25,13
42332,25,13
42333,7,13
42334,25,13
42336,25,13
42338,7,13
42339,2,13
42343,25,13
42349,25,13
42350,3,13
42352,0,13
42355,12,13
42356,16,13
42357,9,13
42358,22,13
42361,25,13
42363,25,13
42364,25,13
42366,2,13
42370,10,13
42371,25,13
42373,25,13
42374,25,13
42375,25,13
42377,5,13
42378,25,13
42382,25,13
42385,5,13
42387,2,13
42388,17,13
42389,25,13
42390,25,13
42391,16,13
42394,2,13
42396,2,13
42400,10,13
42402,0,13
42403,16,13
42404,2,13
42408,17,13
42409,16,13
42410,12,13
42413,30,13
42414,22,13
42416,9,13
42418,12,13
42419,5,13
42420,2,13
42421,5,13
42426,24,13
42430,2,13
42432,5,13
42433,2,13
42437,9,13
42439,12,13
42441,5,13
42445,22,13
42449,5,13
42451,16,13
42452,5,13
42453,28,13
42454,9,13
42455,16,13
42456,22,13
42457,5,13
42458,10,13
42463,24,13
42465,12,13
42466,5,13
42471,10,13
42472,12,13
42473,12,13
42474,13,13
42475,16,13
42479,2,13
42480,12,13
42482,2,13
42483,2,13
42484,12,13
42486,2,13
42488,22,13
42490,5,13
42492,10,13
42496,12,13
42499,2,13
42504,16,13
42505,22,13
42506,9,13
42507,5,13
42508,2,13
42509,5,13
42511,2,13
42512,5,13
42513,5,13
42515,30,13
42516,5,13
42519,12,13
42522,12,13
42524,9,13
42526,12,13
42527,2,13
42528,5,13
42529,5,13
42532,10,13
42535,10,13
42537,5,13
42538,5,13
42539,24,13
42540,12,13
42544,16,13
42545,2,13
42547,16,13
42550,2,13
42551,5,13
42552,12,13
42554,5,13
42555,10,13
42556,5,13
42558,5,13
42560,16,13
42561,22,13
42562,5,13
42565,10,13
42566,30,13
42567,2,13
42569,12,13
42570,2,13
42571,22,13
42572,5,13
42573,0,13
42574,30,13
42575,10,13
42576,5,13
42577,0,13
42584,10,13
42590,5,13
42592,7,13
42593,2,13
42594,9,13
42601,5,13
42602,25,13
42603,25,13
42606,9,13
42608,16,13
42609,22,13
42610,16,13
42611,2,13
42613,16,13
42615,2,13
42617,13,13
42618,25,13
42619,5,13
42620,16,13
42627,30,13
42630,19,13
42633,12,13
42638,9,13
42641,25,13
42643,0,13
42647,5,13
42648,2,13
42650,17,13
42651,10,13
42654,2,13
42655,5,13
42657,13,13
42659,2,13
42660,7,13
42661,16,13
42663,25,13
42664,30,13
42665,2,13
42669,22,13
42670,10,13
42671,3,13
42672,12,13
42677,12,13
42683,25,13
42684,5,13
42686,12,13
42688,2,13
42689,12,13
42694,1,13
42695,12,13
42696,12,13
42697,22,13
42698,10,13
42699,22,13
42700,16,13
42702,22,13
42703,22,13
42704,16,13
42705,9,13
42708,17,13
42709,0,13
42713,16,13
42714,10,13
42716,9,13
42720,9,13
42724,16,13
42725,2,13
42728,5,13
42729,10,13
42731,10,13
42739,2,13
42740,10,13
42741,5,13
42742,10,13
42744,25,13
42745,2,13
42746,25,13
42751,5,13
42753,30,13
42754,10,13
42755,10,13
42757,16,13
42758,9,13
42761,25,13
42763,12,13
42764,2,13
42765,5,13
42766,10,13
42767,3,13
42768,25,13
42772,9,13
42775,25,13
42776,10,13
42777,25,13
42778,10,13
42780,20,13
42781,22,13
42783,30,13
42784,25,13
42785,2,13
42786,9,13
42787,5,13
42791,5,13
42792,10,13
42795,10,13
42797,2,13
42798,3,13
42799,19,13
42802,5,13
42804,9,13
42806,2,13
42812,12,13
42813,2,13
42815,9,13
42819,2,13
42820,22,13
42824,16,13
42825,9,13
42826,5,13
42830,15,13
42831,10,13
42833,5,13
42834,22,13
42835,5,13
42839,25,13
42841,25,13
42842,25,13
42843,25,13
42847,25,13
42848,18,13
42854,25,13
42855,25,13
42856,25,13
42857,24,13
42858,22,13
42859,25,13
42860,25,13
42862,25,13
42867,25,13
42868,25,13
42869,25,13
42871,25,13
42872,10,13
42877,25,13
42878,25,13
42881,25,13
42883,25,13
42884,25,13
42885,25,13
42887,25,13
42888,25,13
42892,25,13
42893,7,13
42895,25,13
42896,9,13
42897,7,13
42899,25,13
42900,25,13
42901,10,13
42902,22,13
42904,12,13
42906,2,13
42909,3,13
42910,5,13
42911,2,13
42917,22,13
42921,2,13
42927,30,13
42934,25,13
42935,0,13
42937,5,13
42938,25,13
42939,25,13
42943,20,13
42945,25,13
42947,16,13
42948,25,13
42952,5,13
42953,25,13
42954,0,13
42955,7,13
42957,12,13
42958,25,13
42960,5,13
42961,16,13
42962,0,13
42966,0,13
42969,2,13
42972,0,13
42975,25,13
42976,25,13
42978,25,13
42979,9,13
42985,0,13
42989,0,13
42990,2,13
42992,7,13
42993,25,13
42994,25,13
43000,10,13
43002,25,13
43004,25,13
43006,25,13
43008,12,13
43009,22,13
43011,12,13
43012,1,13
43014,28,13
43018,5,13
43020,12,13
43022,0,13
43028,16,13
43029,18,13
43035,30,13
43036,5,13
43040,10,13
43041,5,13
43044,5,13
43045,12,13
43046,12,13
43047,18,13
43049,30,13
43053,18,13
43054,5,13
43055,12,13
43057,5,13
43062,2,13
43063,22,13
43065,5,13
43067,10,13
43068,10,13
43070,13,13
43071,10,13
43072,2,13
43073,0,13
43075,5,13
43076,5,13
43077,2,13
43078,5,13
43079,13,13
43080,5,13
43081,0,13
43083,9,13
43089,0,13
43090,13,13
43091,2,13
43092,0,13
43096,0,13
43099,2,13
43102,5,13
43103,5,13
43104,10,13
43106,10,13
43107,5,13
43110,5,13
43112,12,13
43115,0,13
43119,10,13
43120,0,13
43121,5,13
43122,5,13
43123,18,13
43126,0,13
43131,0,13
43132,17,13
43135,12,13
43136,10,13
43137,30,13
43138,5,13
43139,13,13
43140,10,13
43141,0,13
43142,5,13
43143,5,13
43144,5,13
43149,0,13
43150,12,13
43156,0,13
43157,12,13
43160,0,13
43161,7,13
43164,12,13
43165,5,13
43170,5,13
43171,16,13
43172,12,13
43174,22,13
43177,12,13
43178,0,13
43180,12,13
43181,10,13
43182,5,13
43186,5,13
43187,18,13
43189,9,13
43191,2,13
43192,17,13
43194,16,13
43197,22,13
43198,12,13
43203,0,13
43204,5,13
43206,12,13
43207,2,13
43213,12,13
43214,5,13
43215,22,13
43216,18,13
43217,0,13
43219,16,13
43222,5,13
43227,9,13
43228,17,13
43229,0,13
43230,5,13
43233,22,13
43234,2,13
43236,2,13
43238,5,13
43242,0,13
43243,5,13
43244,2,13
43245,9,13
43247,12,13
43248,0,13
43249,0,13
43253,13,13
43256,0,13
43257,5,13
43259,22,13
43260,5,13
43264,10,13
43265,0,13
43267,24,13
43268,5,13
43269,22,13
43272,11,13
43273,0,13
43274,12,13
43275,29,13
43276,13,13
43277,12,13
43279,0,13
43287,2,13
43288,12,13
43291,17,13
43294,9,13
43295,5,13
43296,0,13
43297,24,13
43300,30,13
43301,0,13
43305,9,13
43312,12,13
43317,5,13
43318,10,13
43320,0,13
43321,5,13
43323,16,13
43325,12,13
43328,2,13
43329,0,13
43330,12,13
43331,0,13
43332,1,13
43339,3,13
43340,12,13
43342,12,13
43343,0,13
43344,13,13
43345,1,13
43349,5,13
43353,13,13
43354,5,13
43357,0,13
43360,2,13
43362,12,13
43363,18,13
43365,12,13
43366,12,13
43368,30,13
43373,0,13
43376,5,13
43377,0,13
43378,5,13
43380,12,13
43383,10,13
43384,18,13
43385,12,13
43387,12,13
43392,0,13
43396,12,13
43398,12,13
43399,0,13
43402,10,13
43404,13,13
43405,17,13
43407,5,13
43409,13,13
43410,12,13
43411,18,13
43412,0,13
43414,0,13
43415,2,13
43416,0,13
43417,0,13
43419,22,13
43421,12,13
43423,0,13
43424,19,13
43425,3,13
43428,10,13
43430,17,13
43431,0,13
43433,5,13
43434,2,13
43435,0,13
43437,0,13
43438,12,13
43440,5,13
43443,12,13
43444,7,13
43446,10,13
43447,5,13
43448,12,13
43449,10,13
43450,12,13
43455,0,13
43456,0,13
43457,0,13
43458,5,13
43466,6,13
43467,5,13
43470,0,13
43471,18,13
43474,0,13
43476,2,13
43478,0,13
43479,9,13
43480,5,13
43482,0,13
43483,0,13
43486,12,13
43487,7,13
43488,19,13
43490,12,13
43493,1,13
43494,5,13
43495,2,13
43497,2,13
43498,9,13
43500,3,13
43502,13,13
43503,2,13
43504,5,13
43505,14,13
43506,2,13
43507,12,13
43508,2,13
43509,9,13
43510,5,13
43512,2,13
43513,16,13
43514,12,13
43515,5,13
43517,30,13
43521,5,13
43522,2,13
43523,10,13
43528,1,13
43529,5,13
43530,12,13
43531,30,13
43533,14,13
43535,9,13
43536,9,13
43537,9,13
43538,2,13
43542,14,13
43544,20,13
43545,13,13
43549,2,13
43550,5,13
43553,2,13
43556,14,13
43557,9,13
43559,2,13
43564,2,13
43565,5,13
43566,1,13
43567,5,13
43568,2,13
43569,14,13
43571,22,13
43572,28,13
43573,5,13
43576,13,13
43577,9,13
43579,5,13
43580,2,13
43581,22,13
43582,5,13
43583,30,13
43586,22,13
43588,2,13
43589,12,13
43590,1,13
43592,17,13
43593,14,13
43595,2,13
43597,1,13
43598,10,13
43599,2,13
43600,12,13
43602,2,13
43603,17,13
43605,9,13
43606,10,13
43607,13,13
43608,19,13
43609,1,13
43613,5,13
43615,12,13
43616,30,13
43620,9,13
43621,12,13
43622,5,13
43624,1,13
43627,2,13
43628,22,13
43632,12,13
43637,14,13
43640,13,13
43641,5,13
43643,5,13
43644,12,13
43649,13,13
43650,2,13
43651,5,13
43652,5,13
43656,2,13
43658,10,13
43659,2,13
43661,10,13
43662,12,13
43666,30,13
43667,9,13
43668,12,13
43669,2,13
43670,18,13
43672,5,13
43673,5,13
43675,5,13
43676,9,13
43679,2,13
43680,2,13
43681,17,13
43682,9,13
43683,28,13
43684,14,13
43685,2,13
43688,2,13
43689,1,13
43690,3,13
43692,9,13
43693,15,13
43694,18,13
43695,5,13
43696,9,13
43697,12,13
43698,9,13
43699,18,13
43700,5,13
43706,12,13
43707,30,13
43708,2,13
43709,2,13
43710,1,13
43711,0,13
43712,1,13
43713,16,13
43716,12,13
43717,9,13
43718,22,13
43719,17,13
43721,2,13
43729,5,13
43731,30,13
43733,5,13
43735,2,13
43737,16,13
43741,2,13
43742,5,13
43745,1,13
43747,5,13
43749,28,13
43750,17,13
43754,11,13
43756,18,13
43759,5,13
43761,28,13
43762,9,13
43765,30,13
43767,2,13
43768,5,13
43771,2,13
43772,2,13
43776,2,13
43777,2,13
43784,17,13
43785,2,13
43786,2,13
43788,7,13
43789,9,13
43792,22,13
43795,17,13
43796,22,13
43797,2,13
43800,7,13
43801,20,13
43802,16,13
43804,22,13
43807,15,13
43810,9,13
43811,9,13
43812,5,13
43814,22,13
43816,17,13
43817,17,13
43818,5,13
43821,2,13
43823,16,13
43824,3,13
43829,14,13
43830,29,13
43833,3,13
43834,28,13
43836,14,13
43837,28,13
43838,24,13
43841,21,13
43842,22,13
43843,20,13
43844,4,13
43845,20,13
43846,15,13
43847,15,13
43849,2,13
43850,11,13
43852,2,13
43853,3,13
43854,2,13
43855,20,13
43857,2,13
43859,2,13
43860,2,13
43862,3,13
43863,15,13
43864,2,13
43865,9,13
43868,19,13
43873,0,13
43875,21,13
43877,24,13
43878,22,13
43882,24,13
43883,4,13
43885,14,13
43891,29,13
43892,14,13
43893,4,13
43895,21,13
43896,3,13
43897,12,13
43900,14,13
43901,28,13
43902,3,13
43904,18,13
43905,18,13
43907,18,13
43912,18,13
43914,29,13
43916,12,13
43917,9,13
43918,4,13
43920,14,13
43922,24,13
43928,0,13
43929,15,13
43931,7,13
43932,19,13
43936,1,13
43940,2,13
43941,7,13
43942,27,13
43943,31,13
43946,2,13
43947,7,13
43948,15,13
43956,22,13
43957,8,13
43958,8,13
43960,8,13
43961,7,13
43963,8,13
43964,8,13
43971,16,13
43972,16,13
43973,8,13
43975,23,13
43976,22,13
43977,23,13
43979,17,13
43980,17,13
43981,6,13
43983,17,13
43984,20,13
43985,18,13
43986,30,13
43987,20,13
43989,15,13
43990,23,13
43991,23,13
43995,25,13
43996,25,13
43999,28,13
44000,23,13
44002,17,13
44004,18,13
44005,7,13
44007,7,13
44008,17,13
44009,23,13
44010,10,13
44011,29,13
44015,25,13
44017,19,13
44018,7,13
44019,7,13
44022,6,13
44024,28,13
44025,25,13
44027,4,13
44030,23,13
44032,16,13
44033,17,13
44034,28,13
44038,4,13
44039,19,13
44043,6,13
44044,25,13
44048,7,13
44050,16,13
44052,7,13
44057,9,13
44058,23,13
44059,3,13
44060,23,13
44061,18,13
44062,7,13
44063,11,13
44065,23,13
44068,22,13
44070,24,13
44071,18,13
44072,27,13
44073,20,13
44074,9,13
44075,15,13
44076,23,13
44080,18,13
44081,17,13
44083,23,13
44090,24,13
44091,3,13
44093,14,13
44094,21,13
44096,28,13
44097,15,13
44098,17,13
44100,23,13
44101,9,13
44102,23,13
44103,23,13
44110,4,13
44113,17,13
44114,20,13
44118,16,13
44122,4,13
44126,21,13
44127,30,13
44128,18,13
44129,23,13
44136,25,13
44141,23,13
44144,3,13
44145,18,13
44147,23,13
44150,15,13
44151,9,13
44152,30,13
44154,4,13
44155,28,13
44157,6,13
44160,16,13
44161,7,13
44163,28,13
44165,20,13
44167,0,13
44168,18,13
44170,7,13
44171,17,13
44172,9,13
44174,9,13
44175,23,13
44178,23,13
44181,24,13
44182,6,13
44184,24,13
44190,30,13
44192,25,13
44193,9,13
44195,7,13
44196,7,13
44197,20,13
44198,2,13
44201,28,13
44202,7,13
44203,10,13
44204,23,13
44206,23,13
44207,23,13
44208,10,13
44210,23,13
44214,15,13
44216,20,13
44218,3,13
44222,6,13
44224,4,13
44226,7,13
44229,6,13
44231,24,13
44232,9,13
44234,20,13
44235,18,13
44236,4,13
44240,23,13
44241,12,13
44242,28,13
44243,23,13
44244,7,13
44245,28,13
44246,17,13
44249,3,13
44251,23,13
44257,21,13
44259,28,13
44260,28,13
44263,13,13
44265,1,13
44266,10,13
44267,16,13
44269,24,13
44270,23,13
44272,9,13
44274,17,13
44276,24,13
44277,4,13
44282,23,13
44283,23,13
44284,23,13
44285,7,13
44286,19,13
44287,2,13
44288,0,13
44290,23,13
44292,27,13
44295,21,13
44298,28,13
44299,15,13
44300,19,13
44301,26,13
44302,18,13
44303,6,13
44304,18,13
44307,20,13
44309,26,13
44313,23,13
44314,4,13
44315,23,13
44316,14,13
44317,21,13
44318,23,13
44319,28,13
44320,16,13
44321,23,13
44323,4,13
44325,14,13
44330,28,13
44334,5,13
44336,13,13
44339,22,13
44340,28,13
44341,28,13
44342,5,13
44343,4,13
44346,19,13
44347,6,13
44351,11,13
44352,30,13
44355,11,13
44359,11,13
44362,11,13
44364,23,13
44365,18,13
44366,11,13
44367,7,13
44368,4,13
44371,28,13
44372,28,13
44373,23,13
44375,23,13
44381,10,13
44382,23,13
44384,18,13
44385,7,13
44393,5,13
44394,10,13
44395,28,13
44398,28,13
44399,18,13
44402,23,13
44403,26,13
44410,9,13
44416,4,13
44417,16,13
44418,11,13
44419,6,13
44421,21,13
44422,22,13
44423,5,13
44424,22,13
44426,23,13
44427,9,13
44428,16,13
44429,30,13
44430,4,13
44432,11,13
44437,22,13
44438,3,13
44441,5,13
44443,23,13
44444,1,13
44446,5,13
44448,28,13
44450,28,13
44451,28,13
44452,7,13
44453,7,13
44454,7,13
44455,16,13
44457,24,13
44459,1,13
44461,7,13
44463,7,13
44465,16,13
44466,28,13
44468,24,13
44473,7,13
44474,7,13
44475,14,13
44476,24,13
44477,28,13
44478,10,13
44479,4,13
44481,18,13
44483,28,13
44485,16,13
44486,2,13
44487,25,13
44490,24,13
44491,14,13
44492,16,13
44495,7,13
44496,7,13
44501,24,13
44503,28,13
44505,24,13
44509,24,13
44513,15,13
44517,14,13
44519,7,13
44520,4,13
44521,24,13
44524,14,13
44526,25,13
44529,24,13
44530,14,13
44532,22,13
44534,24,13
44539,2,13
44540,17,13
44542,3,13
44543,18,13
44545,22,13
44546,22,13
44548,4,13
44551,16,13
44554,22,13
44556,14,13
44559,0,13
44567,30,13
44570,24,13
44571,29,13
44573,0,13
44574,4,13
44575,14,13
44576,5,13
44577,9,13
44578,4,13
44579,14,13
44580,11,13
44581,10,13
44582,22,13
44583,4,13
44584,14,13
44593,13,13
44596,7,13
44598,7,13
44599,7,13
44600,10,13
44603,7,13
44606,7,13
44607,16,13
44609,7,13
44611,0,13
44612,16,13
44613,27,13
44615,10,13
44616,25,13
44618,25,13
44620,25,13
44625,22,13
44626,25,13
44627,25,13
44631,25,13
44633,28,13
44635,19,13
44636,10,13
44637,9,13
44642,19,13
44643,10,13
44644,29,13
44646,10,13
44650,12,13
44652,30,13
44655,29,13
44658,29,13
44660,2,13
44661,3,13
44662,29,13
44663,25,13
44664,25,13
44668,18,13
44669,20,13
44670,20,13
44671,29,13
44672,20,13
44675,30,13
44680,20,13
44681,29,13
44682,22,13
44684,22,13
44685,9,13
44694,2,13
44697,22,13
44698,22,13
44701,5,13
44704,22,13
44705,2,13
44707,2,13
44708,25,13
44709,25,13
44710,14,13
44712,18,13
44715,9,13
44716,30,13
44717,18,13
44718,2,13
44719,16,13
44720,5,13
44723,3,13
44725,1,13
44728,22,13
44730,2,13
44731,22,13
44734,10,13
44736,14,13
44737,22,13
44740,22,13
44742,16,13
44743,10,13
44744,22,13
44745,2,13
44746,7,13
44748,22,13
44749,7,13
44750,22,13
44751,22,13
44754,22,13
44756,13,13
44759,5,13
44761,6,13
44762,28,13
44768,3,13
44773,22,13
44774,22,13
44778,22,13
44779,25,13
44780,6,13
44781,22,13
44784,18,13
44792,22,13
44794,22,13
44795,22,13
44796,4,13
44797,24,13
44799,14,13
44800,25,13
44801,21,13
44803,22,13
44804,22,13
44805,14,13
44806,24,13
44818,9,13
44820,2,13
44822,9,13
44823,29,13
44824,0,13
44826,7,13
44829,7,13
44832,14,13
44833,5,13
44834,13,13
44836,22,13
44841,30,13
44842,22,13
44847,16,13
44848,3,13
44849,2,13
44850,12,13
44853,6,13
44855,22,13
44856,2,13
44860,29,13
44868,6,13
44872,2,13
44873,4,13
44875,6,13
44877,10,13
44878,10,13
44879,14,13
44880,24,13
44882,21,13
44883,17,13
44886,22,13
44887,22,13
44888,2,13
44889,5,13
44892,20,13
44896,6,13
44897,9,13
44901,2,13
44902,5,13
44903,10,13
44904,22,13
44907,5,13
44908,7,13
44909,2,13
44911,17,13
44913,22,13
44914,3,13
44915,22,13
44916,10,13
44918,11,13
44922,2,13
44923,2,13
44924,22,13
44925,30,13
44926,13,13
44928,14,13
44930,2,13
44931,5,13
44932,22,13
44937,17,13
44943,30,13
44947,22,13
44951,22,13
44952,3,13
44953,14,13
44958,28,13
44960,10,13
44961,18,13
44964,16,13
44966,17,13
44967,5,13
44969,22,13
44970,22,13
44971,10,13
44972,22,13
44973,22,13
44975,22,13
44977,7,13
44979,7,13
44981,22,13
44982,22,13
44984,2,13
44986,22,13
44987,22,13
44988,9,13
44991,30,13
44992,7,13
44993,19,13
44994,22,13
44996,14,13
44998,0,13
45001,30,13
45003,9,13
45005,17,13
45007,10,13
45008,6,13
45009,25,13
45011,0,13
45012,24,13
45014,14,13
45016,2,13
45019,21,13
45025,22,13
45027,18,13
45029,9,13
45030,12,13
45034,22,13
45035,22,13
45036,10,13
45043,22,13
45044,2,13
45045,22,13
45049,22,13
45050,28,13
45051,22,13
45055,22,13
45059,28,13
45062,22,13
45063,22,13
45067,22,13
45068,5,13
45069,30,13
45070,22,13
45071,22,13
45072,9,13
45074,25,13
45075,22,13
45077,14,13
45079,22,13
45080,22,13
45082,9,13
45083,19,13
45086,17,13
45087,24,13
45088,4,13
45089,24,13
45090,20,13
45092,21,13
45093,12,13
45094,30,13
45103,14,13
45105,18,13
45107,2,13
45112,30,13
45115,0,13
45118,22,13
45119,5,13
45120,18,13
45121,22,13
45122,22,13
45123,25,13
45125,10,13
45126,14,13
45128,17,13
45130,22,13
45131,28,13
45135,18,13
45136,5,13
45137,9,13
45138,22,13
45139,22,13
45140,19,13
45141,11,13
45142,16,13
45143,2,13
45144,22,13
45145,7,13
45146,9,13
45148,22,13
45150,15,13
45151,14,13
45152,22,13
45155,2,13
45157,22,13
45158,2,13
45159,24,13
45164,11,13
45165,6,13
45170,22,13
45171,11,13
45172,22,13
45173,22,13
45180,7,13
45182,22,13
45183,22,13
45184,2,13
45185,7,13
45188,2,13
45189,15,13
45191,5,13
45193,7,13
45194,7,13
45195,22,13
45196,16,13
45198,16,13
45199,22,13
45202,22,13
45204,24,13
45208,22,13
45218,9,13
45219,12,13
45220,16,13
45222,20,13
45223,12,13
45224,17,13
45225,25,13
45228,25,13
45230,1,13
45233,9,13
45234,12,13
45239,7,13
45243,4,13
45244,24,13
45247,14,13
45249,14,13
45250,24,13
45251,29,13
45255,29,13
45257,29,13
45259,1,13
45263,10,13
45265,12,13
45271,16,13
45273,25,13
45274,20,13
45277,15,13
45280,20,13
45282,4,13
45285,14,13
45287,29,13
45288,25,13
45290,20,13
45293,22,13
45295,22,13
45296,25,13
45297,4,13
45300,14,13
45308,22,13
45315,15,13
45319,14,13
45322,14,13
45324,22,13
45325,3,13
45326,22,13
45327,13,13
45328,22,13
45334,19,13
45336,14,13
45338,15,13
45340,7,13
45341,22,13
45342,3,13
45343,7,13
45345,20,13
45346,18,13
45351,14,13
45352,14,13
45353,21,13
45354,22,13
45356,10,13
45357,2,13
45358,3,13
45361,18,13
45362,23,13
45363,22,13
45365,2,13
45367,25,13
45368,4,13
45372,14,13
45376,9,13
45377,22,13
45381,3,13
45383,3,13
45385,14,13
45387,3,13
45390,0,13
45391,14,13
45392,21,13
45393,14,13
45395,18,13
45396,16,13
45398,22,13
45399,9,13
45400,22,13
45401,3,13
45402,13,13
45403,18,13
45404,10,13
45405,2,13
45407,25,13
45408,20,13
45410,20,13
45412,18,13
45415,20,13
45416,25,13
45418,7,13
45421,4,13
45422,24,13
45425,21,13
45426,22,13
45427,25,13
45429,7,13
45430,15,13
45432,15,13
45433,12,13
45437,4,13
45438,3,13
45442,7,13
45444,15,13
45446,14,13
45448,21,13
45449,3,13
45450,7,13
45451,19,13
45453,10,13
45454,1,13
45455,13,13
45458,18,13
45459,7,13
45460,5,13
45462,18,13
45465,29,13
45466,22,13
45467,5,13
45469,3,13
45470,21,13
45472,18,13
45476,11,13
45478,12,13
45479,1,13
45481,30,13
45484,5,13
45488,1,13
45490,1,13
45491,1,13
45492,1,13
45494,10,13
45495,1,13
45496,7,13
45497,11,13
45498,9,13
45501,20,13
45502,22,13
45504,7,13
45505,7,13
45506,7,13
45508,3,13
45509,12,13
45512,20,13
45514,28,13
45515,2,13
45516,7,13
45518,3,13
45519,11,13
45521,20,13
45522,5,13
45523,5,13
45524,12,13
45526,1,13
45527,22,13
45529,16,13
45531,3,13
45533,9,13
45535,20,13
45544,4,13
45545,7,13
45546,16,13
45547,22,13
45548,21,13
45549,14,13
45550,30,13
45551,0,13
45552,22,13
45553,9,13
45554,7,13
45556,3,13
45557,3,13
45559,22,13
45560,18,13
45561,7,13
45566,13,13
45568,13,13
45571,5,13
45572,22,13
45574,13,13
45575,9,13
45576,5,13
45578,27,13
45579,9,13
45582,28,13
45584,3,13
45586,7,13
45590,3,13
45593,20,13
45595,18,13
45599,4,13
45601,14,13
45605,3,13
45609,18,13
45611,27,13
45613,27,13
45614,9,13
45616,0,13
45617,14,13
45620,18,13
45621,11,13
45622,30,13
45623,11,13
45624,30,13
45625,19,13
45626,4,13
45627,6,13
45629,7,13
45632,19,13
45633,18,13
45634,0,13
45637,18,13
45639,11,13
45644,3,13
45645,0,13
45646,9,13
45651,5,13
45655,20,13
45656,20,13
45657,18,13
45658,18,13
45659,31,13
45660,11,13
45661,0,13
45662,5,13
45663,31,13
45664,12,13
45665,18,13
45666,5,13
45668,30,13
45672,11,13
45673,14,13
45674,3,13
45675,7,13
45677,20,13
45681,28,13
45683,4,13
45685,28,13
45686,4,13
45688,4,13
45691,27,13
45694,18,13
45695,3,13
45696,7,13
45697,7,13
45698,7,13
45699,0,13
45700,7,13
45701,20,13
45703,20,13
45705,27,13
45709,19,13
45710,18,13
45711,7,13
45713,12,13
45715,27,13
45716,27,13
45718,0,13
45719,27,13
45720,27,13
45722,16,13
45723,0,13
45725,14,13
45726,22,13
45727,8,13
45729,27,13
45731,27,13
45732,27,13
45735,0,13
45737,31,13
45739,31,13
45743,27,13
45744,27,13
45745,4,13
45746,19,13
45748,27,13
45749,27,13
45751,2,13
45753,0,13
45755,18,13
45756,18,13
45757,22,13
45762,0,13
45766,5,13
45767,12,13
45768,12,13
45769,12,13
45770,18,13
45774,22,13
45776,8,13
45780,10,13
45781,10,13
45782,5,13
45786,24,13
45787,22,13
45789,19,13
45790,19,13
45792,8,13
45794,29,13
45795,5,13
45796,19,13
45801,9,13
45803,22,13
45804,18,13
45806,8,13
45808,16,13
45811,24,13
45815,2,13
45816,19,13
45818,2,13
45822,16,13
45824,5,13
45825,20,13
45826,14,13
45827,28,13
45828,10,13
45829,13,13
45830,1,13
45835,9,13
45837,5,13
45839,5,13
45840,10,13
45841,20,13
45842,20,13
45843,20,13
45844,12,13
45845,5,13
45847,18,13
45850,10,13
45851,5,13
45855,12,13
45857,5,13
45859,12,13
45860,0,13
45861,5,13
45862,5,13
45864,2,13
45866,9,13
45867,0,13
45868,18,13
45872,12,13
45873,27,13
45877,24,13
45879,20,13
45880,30,13
45881,2,13
45882,2,13
45884,12,13
45885,2,13
45887,18,13
45888,10,13
45889,9,13
45892,18,13
45894,12,13
45895,18,13
45898,0,13
45899,16,13
45901,9,13
45903,20,13
45907,0,13
45912,0,13
45914,12,13
45916,12,13
45917,1,13
45918,12,13
45919,10,13
45920,10,13
45921,9,13
45922,5,13
45925,9,13
45926,5,13
45930,9,13
45931,10,13
45934,20,13
45935,16,13
45936,10,13
45941,17,13
45943,10,13
45944,12,13
45945,0,13
45947,12,13
45948,5,13
45949,2,13
45951,5,13
45956,5,13
45960,9,13
45962,13,13
45966,22,13
45978,5,13
45979,9,13
45980,5,13
45981,2,13
45983,9,13
45988,12,13
45989,12,13
45990,28,13
45992,22,13
45993,9,13
45994,10,13
45996,20,13
45997,0,13
45998,2,13
46001,16,13
46004,0,13
46005,5,13
46011,16,13
46016,12,13
46018,28,13
46019,10,13
46020,9,13
46024,30,13
46027,12,13
46028,5,13
46029,2,13
46031,0,13
46033,12,13
46034,5,13
46035,12,13
46036,0,13
46038,5,13
46039,28,13
46042,2,13
46044,28,13
46046,2,13
46047,0,13
46048,2,13
46050,9,13
46054,10,13
46055,5,13
46056,9,13
46058,0,13
46061,2,13
46063,18,13
46065,16,13
46066,2,13
46067,18,13
46068,10,13
46071,24,13
46074,2,13
46076,10,13
46077,5,13
46078,2,13
46079,12,13
46080,2,13
46082,2,13
46085,5,13
46087,30,13
46088,5,13
46089,5,13
46090,5,13
46091,16,13
46093,2,13
46100,13,13
46107,12,13
46108,7,13
46112,9,13
46114,18,13
46119,9,13
46120,12,13
46122,22,13
46124,30,13
46128,9,13
46130,13,13
46131,5,13
46133,2,13
46134,12,13
46135,2,13
46137,12,13
46139,10,13
46140,10,13
46141,9,13
46143,5,13
46145,5,13
46148,30,13
46150,2,13
46152,16,13
46153,5,13
46155,9,13
46159,7,13
46160,0,13
46161,9,13
46164,19,13
46168,18,13
46170,22,13
46171,30,13
46173,16,13
46177,22,13
46179,5,13
46180,12,13
46181,18,13
46183,2,13
46186,2,13
46188,2,13
46189,9,13
46191,12,13
46194,30,13
46195,9,13
46196,2,13
46198,2,13
46199,16,13
46201,30,13
46203,22,13
46206,2,13
46208,12,13
46210,10,13
46217,0,13
46222,16,13
46224,5,13
46226,16,13
46227,2,13
46230,2,13
46234,2,13
46236,12,13
46237,30,13
46239,12,13
46241,9,13
46242,5,13
46243,30,13
46244,5,13
46245,9,13
46247,9,13
46249,3,13
46251,5,13
46253,5,13
46256,5,13
46258,30,13
46259,22,13
46262,5,13
46263,5,13
46267,5,13
46268,17,13
46269,5,13
46272,9,13
46273,5,13
46274,20,13
46276,18,13
46277,12,13
46279,18,13
46282,30,13
46286,9,13
46288,16,13
46290,5,13
46291,5,13
46292,5,13
46294,5,13
46296,12,13
46297,5,13
46298,5,13
46299,18,13
46302,5,13
46307,2,13
46310,0,13
46311,9,13
46317,5,13
46319,0,13
46320,16,13
46322,3,13
46324,18,13
46325,17,13
46327,1,13
46328,5,13
46329,5,13
46331,9,13
46333,5,13
46338,20,13
46341,18,13
46342,5,13
46344,16,13
46345,5,13
46347,12,13
46348,10,13
46351,2,13
46352,13,13
46353,5,13
46354,2,13
46355,22,13
46358,1,13
46361,9,13
46362,16,13
46363,16,13
46364,10,13
46366,5,13
46367,5,13
46368,10,13
46370,12,13
46372,0,13
46373,12,13
46374,5,13
46375,5,13
46376,28,13
46377,2,13
46379,12,13
46383,18,13
46385,16,13
46386,5,13
46387,10,13
46391,2,13
46392,13,13
46394,5,13
46395,13,13
46398,10,13
46399,9,13
46401,5,13
46405,3,13
46406,2,13
46407,5,13
46409,9,13
46410,16,13
46411,16,13
46417,2,13
46419,5,13
46420,5,13
46421,9,13
46422,12,13
46423,5,13
46424,3,13
46425,9,13
46426,10,13
46428,30,13
46430,13,13
46432,2,13
46436,12,13
46437,12,13
46438,2,13
46439,17,13
46440,2,13
46441,12,13
46443,12,13
46444,10,13
46445,9,13
46446,9,13
46447,16,13
46448,5,13
46449,13,13
46450,5,13
46452,9,13
46453,12,13
46455,18,13
46457,24,13
46459,16,13
46460,5,13
46462,13,13
46463,2,13
46464,12,13
46466,30,13
46467,5,13
46469,5,13
46470,5,13
46472,16,13
46481,5,13
46482,5,13
46483,9,13
46484,28,13
46485,22,13
46487,0,13
46488,5,13
46494,10,13
46495,16,13
46496,30,13
46499,12,13
46502,1,13
46504,5,13
46506,5,13
46507,13,13
46510,9,13
46512,5,13
46513,12,13
46516,30,13
46518,5,13
46519,5,13
46520,5,13
46521,5,13
46527,5,13
46528,10,13
46532,16,13
46535,10,13
46541,5,13
46544,10,13
46547,9,13
46549,24,13
46550,17,13
46551,10,13
46552,0,13
46554,30,13
46555,5,13
46561,2,13
46563,1,13
46564,13,13
46565,0,13
46570,24,13
46572,5,13
46575,2,13
46577,9,13
46581,5,13
46582,18,13
46583,5,13
46585,2,13
46587,3,13
46590,12,13
46591,9,13
46592,30,13
46593,9,13
46594,2,13
46595,13,13
46596,2,13
46597,5,13
46598,2,13
46601,12,13
46602,16,13
46603,5,13
46604,10,13
46605,22,13
46608,5,13
46609,10,13
46613,12,13
46614,10,13
46615,2,13
46616,9,13
46625,12,13
46626,13,13
46631,12,13
46633,9,13
46634,2,13
46639,5,13
46640,5,13
46641,5,13
46643,0,13
46644,12,13
46645,9,13
46651,3,13
46654,5,13
46655,16,13
46656,0,13
46657,9,13
46658,10,13
46661,5,13
46663,5,13
46667,30,13
46670,30,13
46671,16,13
46672,9,13
46673,9,13
46674,18,13
46677,2,13
46679,16,13
46680,12,13
46681,17,13
46682,5,13
46683,18,13
46685,5,13
46688,12,13
46689,10,13
46692,0,13
46693,12,13
46695,5,13
46699,1,13
46701,2,13
46703,12,13
46704,5,13
46706,5,13
46708,19,13
46709,16,13
46711,9,13
46712,12,13
46713,5,13
46714,5,13
46719,0,13
46722,9,13
46723,9,13
46724,0,13
46725,5,13
46726,2,13
46727,10,13
46730,9,13
46731,12,13
46734,2,13
46736,12,13
46740,28,13
46742,18,13
46743,5,13
46744,5,13
46747,5,13
46748,10,13
46749,5,13
46752,5,13
46755,5,13
46756,5,13
46757,9,13
46758,9,13
46759,2,13
46763,22,13
46768,10,13
46769,22,13
46770,5,13
46771,5,13
46773,10,13
46776,5,13
46777,5,13
46780,12,13
46781,9,13
46784,15,13
46786,10,13
46788,12,13
46789,0,13
46790,9,13
46792,5,13
46793,30,13
46795,16,13
46796,16,13
46800,5,13
46802,0,13
46805,9,13
46807,5,13
46808,30,13
46810,2,13
46812,12,13
46817,5,13
46818,2,13
46820,5,13
46822,13,13
46824,12,13
46829,2,13
46832,2,13
46833,5,13
46834,0,13
46836,5,13
46837,16,13
46838,10,13
46842,5,13
46844,12,13
46847,12,13
46848,2,13
46849,9,13
46852,1,13
46855,0,13
46856,5,13
46858,5,13
46859,9,13
46860,10,13
46863,12,13
46864,12,13
46866,5,13
46867,16,13
46868,16,13
46869,15,13
46872,9,13
46878,2,13
46879,10,13
46882,9,13
46884,9,13
46885,18,13
46886,22,13
46890,10,13
46892,16,13
46895,2,13
46896,2,13
46897,9,13
46899,13,13
46906,9,13
46907,29,13
46909,5,13
46911,16,13
46912,5,13
46914,1,13
46916,5,13
46918,9,13
46919,5,13
46920,5,13
46928,24,13
46929,30,13
46932,16,13
46933,16,13
46934,0,13
46937,5,13
46938,5,13
46941,5,13
46942,1,13
46943,12,13
46946,12,13
46948,12,13
46949,12,13
46951,5,13
46953,12,13
46955,5,13
46956,2,13
46957,20,13
46961,30,13
46967,0,13
46968,10,13
46974,12,13
46977,2,13
46979,5,13
46980,2,13
46981,18,13
46983,7,13
46985,28,13
46987,5,13
46990,0,13
46991,16,13
46992,22,13
46995,22,13
47000,28,13
47001,10,13
47004,28,13
47005,9,13
47007,18,13
47008,9,13
47009,18,13
47010,17,13
47012,1,13
47015,30,13
47016,22,13
47017,22,13
47019,5,13
47021,5,13
47023,22,13
47026,18,13
47028,2,13
47029,10,13
47030,2,13
47033,12,13
47034,5,13
47035,5,13
47036,2,13
47039,11,13
47040,25,13
47041,16,13
47044,11,13
47045,2,13
47047,5,13
47048,9,13
47051,13,13
47053,9,13
47056,14,13
47063,2,13
47065,24,13
47067,15,13
47069,23,13
47070,5,13
47071,2,13
47072,29,13
47073,15,13
47074,15,13
47075,15,13
47077,17,13
47079,4,13
47081,14,13
47082,9,13
47086,7,13
47087,5,13
47088,9,13
47089,28,13
47090,27,13
47097,28,13
47099,25,13
47100,17,13
47103,4,13
47104,18,13
47107,20,13
47108,17,13
47110,17,13
47115,9,13
47120,7,13
47123,25,13
47125,25,13
47127,4,13
47129,24,13
47132,25,13
47134,24,13
47137,18,13
47138,13,13
47139,9,13
47140,20,13
47142,3,13
47144,4,13
47146,14,13
47148,3,13
47149,25,13
47151,4,13
47152,24,13
47154,1,13
47158,24,13
47161,1,13
47162,22,13
47164,5,13
47166,5,13
47167,9,13
47168,18,13
47169,30,13
47170,2,13
47172,9,13
47173,29,13
47174,29,13
47175,2,13
47179,11,13
47180,19,13
47190,9,13
47194,12,13
47200,7,13
47203,4,13
47205,22,13
47209,18,13
47211,27,13
47212,29,13
47214,3,13
47215,27,13
47216,24,13
47217,3,13
47220,24,13
47222,12,13
47225,22,13
47226,27,13
47228,12,13
47230,12,13
47231,10,13
47233,2,13
47235,2,13
47237,16,13
47239,16,13
47240,22,13
47245,16,13
47247,19,13
47250,22,13
47251,7,13
47253,9,13
47255,12,13
47256,5,13
47257,2,13
47260,17,13
47261,10,13
47262,10,13
47263,27,13
47265,7,13
47267,23,13
47268,3,13
47269,28,13
47270,28,13
47272,10,13
47273,23,13
47274,24,13
47281,19,13
47282,18,13
47286,12,13
47288,18,13
47290,23,13
47293,10,13
47294,0,13
47296,5,13
47297,1,13
47298,9,13
47300,10,13
47302,19,13
47306,16,13
47309,28,13
47311,29,13
47314,9,13
47317,7,13
47319,19,13
47320,14,13
47321,27,13
47325,27,13
47326,5,13
47327,17,13
47328,29,13
47329,14,13
47330,17,13
47332,17,13
47334,14,13
47335,18,13
47337,0,13
47338,2,13
47339,3,13
47344,18,13
47347,14,13
47348,23,13
47349,19,13
47352,23,13
47353,22,13
47357,23,13
47360,17,13
47363,16,13
47364,17,13
47370,30,13
47371,19,13
47372,1,13
47380,23,13
47382,14,13
47384,1,13
47386,23,13
47388,28,13
47389,13,13
47390,15,13
47392,24,13
47393,12,13
47394,1,13
47395,10,13
47398,23,13
47399,23,13
47400,24,13
47409,14,13
47410,31,13
47412,31,13
47413,31,13
47416,9,13
47420,9,13
47421,14,13
47422,3,13
47426,18,13
47432,17,13
47433,16,13
47434,6,13
47435,17,13
47436,17,13
47437,7,13
47438,7,13
47439,23,13
47441,28,13
47444,16,13
47446,15,13
47447,22,13
47448,25,13
47449,4,13
47450,14,13
47451,15,13
47453,9,13
47454,12,13
47461,0,13
47463,6,13
47464,9,13
47465,28,13
47466,28,13
47467,28,13
47468,11,13
47469,23,13
47472,23,13
47473,3,13
47474,23,13
47476,1,13
47477,3,13
47478,23,13
47480,0,13
47483,11,13
47485,22,13
47486,9,13
47489,22,13
47490,14,13
47492,17,13
47493,1,13
47494,13,13
47495,10,13
47499,0,13
47500,23,13
47502,24,13
47503,19,13
47504,9,13
47505,24,13
47506,19,13
47509,16,13
47513,28,13
47514,28,13
47519,22,13
47520,7,13
47521,4,13
47522,21,13
47525,9,13
47527,24,13
47528,22,13
47529,17,13
47530,28,13
47532,23,13
47533,23,13
47534,28,13
47535,6,13
47537,24,13
47539,18,13
47541,4,13
47542,14,13
47546,4,13
47548,7,13
47549,26,13
47551,24,13
47552,19,13
47555,14,13
47557,19,13
47558,18,13
47559,28,13
47563,18,13
47564,19,13
47567,14,13
47568,9,13
47569,15,13
47570,23,13
47571,19,13
47572,30,13
47575,28,13
47579,23,13
47581,24,13
47583,14,13
47584,10,13
47585,12,13
47586,10,13
47587,9,13
47590,0,13
47593,0,13
47596,3,13
47597,27,13
47600,0,13
47603,2,13
47607,5,13
47608,22,13
47610,7,13
47613,18,13
47615,18,13
47616,3,13
47617,11,13
47618,25,13
47619,25,13
47621,25,13
47623,12,13
47625,3,13
47626,20,13
47627,28,13
47629,11,13
47630,25,13
47633,25,13
47635,18,13
47637,7,13
47639,9,13
47640,28,13
47641,10,13
47642,14,13
47643,29,13
47644,12,13
47647,20,13
47648,4,13
47649,14,13
47651,17,13
47654,9,13
47658,9,13
47661,17,13
47666,17,13
47667,17,13
47669,7,13
47676,9,13
47677,20,13
47680,2,13
47681,14,13
47682,25,13
47685,9,13
47690,22,13
47692,6,13
47693,7,13
47694,20,13
47695,7,13
47696,20,13
47699,28,13
47702,12,13
47704,2,13
47705,5,13
47706,15,13
47712,12,13
47714,18,13
47715,1,13
47716,13,13
47718,2,13
47720,12,13
47721,28,13
47722,7,13
47723,15,13
47725,5,13
47727,10,13
47729,5,13
47730,3,13
47732,10,13
47735,27,13
47737,12,13
47739,9,13
47741,12,13
47742,2,13
47744,5,13
47745,5,13
47748,30,13
47749,13,13
47750,2,13
47751,24,13
47752,20,13
47755,5,13
47757,14,13
47758,2,13
47759,21,13
47760,9,13
47762,3,13
47763,10,13
47765,5,13
47768,18,13
47772,1,13
47776,19,13
47778,15,13
47781,1,13
47783,7,13
47784,17,13
47789,12,13
47790,14,13
47793,9,13
47794,24,13
47795,19,13
47799,13,13
47804,22,13
47805,13,13
47806,5,13
47807,9,13
47808,2,13
47809,4,13
47810,24,13
47811,13,13
47814,21,13
47816,9,13
47817,2,13
47822,24,13
47823,24,13
47824,16,13
47825,12,13
47827,22,13
47828,29,13
47831,18,13
47835,24,13
47839,24,13
47840,24,13
47841,24,13
47843,24,13
47844,24,13
47845,24,13
47846,24,13
47847,24,13
47849,20,13
47853,7,13
47854,1,13
47856,17,13
47858,17,13
47860,2,13
47866,28,13
47868,20,13
47869,22,13
47870,19,13
47874,24,13
47875,17,13
47876,14,13
47880,11,13
47884,30,13
47885,30,13
47886,30,13
47887,28,13
47888,6,13
47889,20,13
47891,5,13
47892,18,13
47895,0,13
47896,2,13
47899,15,13
47900,5,13
47901,7,13
47902,3,13
47906,22,13
47909,18,13
47912,14,13
47913,14,13
47916,4,13
47919,5,13
47920,11,13
47925,19,13
47927,18,13
47932,19,13
47933,9,13
47935,22,13
47936,3,13
47938,2,13
47939,12,13
47942,17,13
47943,28,13
47944,13,13
47946,15,13
47948,19,13
47949,20,13
47955,2,13
47956,19,13
47957,5,13
47959,29,13
47961,19,13
47962,18,13
47966,4,13
47967,14,13
47970,14,13
47973,22,13
47977,19,13
47978,19,13
47979,5,13
47980,0,13
47983,28,13
47985,19,13
47987,11,13
47988,0,13
47990,18,13
47991,11,13
47992,10,13
47996,11,13
47998,27,13
48000,27,13
48004,2,13
48006,19,13
48007,10,13
48010,7,13
48011,6,13
48012,19,13
48013,12,13
48015,10,13
48018,18,13
48019,17,13
48021,11,13
48023,4,13
48026,27,13
48027,3,13
48031,6,13
48035,16,13
48036,11,13
48038,4,13
48041,3,13
48042,27,13
48044,28,13
48045,19,13
48046,27,13
48050,5,13
48052,6,13
48053,27,13
48054,3,13
48057,16,13
48059,4,13
48060,19,13
48062,22,13
48064,19,13
48065,15,13
48066,22,13
48072,7,13
48074,4,13
48076,27,13
48078,19,13
48079,8,13
48080,16,13
48082,4,13
48084,13,13
48085,3,13
48089,19,13
48090,13,13
48092,0,13
48096,28,13
48102,2,13
48103,6,13
48107,27,13
48108,16,13
48111,1,13
48116,27,13
48117,27,13
48118,19,13
48124,2,13
48125,2,13
48126,19,13
48129,0,13
48130,28,13
48131,28,13
48132,9,13
48138,16,13
48140,16,13
48141,7,13
48142,5,13
48143,10,13
48146,22,13
48147,5,13
48150,7,13
48151,3,13
48152,19,13
48153,16,13
48154,13,13
48156,19,13
48158,8,13
48159,8,13
48160,8,13
48161,18,13
48163,8,13
48165,28,13
48168,28,13
48170,12,13
48172,28,13
48173,28,13
48174,9,13
48178,12,13
48182,0,13
48184,12,13
48185,7,13
48186,0,13
48189,16,13
48191,16,13
48199,12,13
48201,9,13
48202,9,13
48204,0,13
48205,7,13
48206,18,13
48207,10,13
48209,27,13
48211,2,13
48212,27,13
48213,20,13
48214,0,13
48218,22,13
48219,19,13
48220,12,13
48221,24,13
48222,0,13
48223,0,13
48224,12,13
48227,7,13
48233,10,13
48236,30,13
48237,30,13
48238,10,13
48240,0,13
48243,5,13
48246,9,13
48247,12,13
48249,22,13
48251,23,13
48252,0,13
48253,18,13
48254,26,13
48255,7,13
48256,2,13
48257,4,13
48259,10,13
48261,5,13
48262,18,13
48264,5,13
48265,16,13
48267,27,13
48269,28,13
48271,1,13
48272,1,13
48273,2,13
48274,5,13
48278,9,13
48283,28,13
48286,7,13
48288,2,13
48289,13,13
48292,10,13
48293,17,13
48297,22,13
48299,5,13
48300,1,13
48301,3,13
48304,5,13
48305,31,13
48306,18,13
48307,2,13
48309,11,13
48310,12,13
48313,0,13
48314,28,13
48315,28,13
48317,26,13
48318,22,13
48319,10,13
48321,7,13
48323,0,13
48325,12,13
48327,17,13
48331,22,13
48332,10,13
48333,27,13
48334,2,13
48335,5,13
48336,9,13
48341,10,13
48342,28,13
48344,8,13
48345,15,13
48346,27,13
48349,28,13
48357,22,13
48358,11,13
48361,2,13
48363,16,13
48366,12,13
48369,13,13
48370,27,13
48371,27,13
48374,27,13
48375,30,13
48376,10,13
48377,10,13
48379,22,13
48382,5,13
48383,22,13
48386,19,13
48387,0,13
48388,2,13
48389,29,13
48391,22,13
48395,2,13
48396,10,13
48399,5,13
48400,0,13
48401,7,13
48403,10,13
48405,28,13
48407,22,13
48410,0,13
48411,16,13
48412,18,13
48413,16,13
48414,30,13
48418,5,13
48420,22,13
48421,5,13
48422,0,13
48427,2,13
48430,7,13
48433,25,13
48434,25,13
48439,22,13
48441,25,13
48448,25,13
48449,25,13
48451,17,13
48452,6,13
48453,22,13
48457,25,13
48459,22,13
48462,14,13
48463,5,13
48464,22,13
48466,5,13
48471,17,13
48472,2,13
48475,18,13
48476,14,13
48480,9,13
48482,18,13
48483,30,13
48485,15,13
48488,1,13
48489,5,13
48490,14,13
48492,5,13
48493,1,13
48494,19,13
48495,6,13
48496,24,13
48497,14,13
48498,5,13
48499,19,13
48501,22,13
48502,12,13
48507,6,13
48508,9,13
48509,5,13
48510,15,13
48513,25,13
48518,20,13
48523,13,13
48527,9,13
48528,18,13
48529,9,13
48530,24,13
48535,5,13
48539,9,13
48540,2,13
48541,2,13
48546,12,13
48549,18,13
48550,5,13
48551,24,13
48552,28,13
48553,14,13
48557,19,13
48558,20,13
48567,14,13
48568,28,13
48571,14,13
48574,5,13
48576,18,13
48578,14,13
48579,17,13
48580,0,13
48583,9,13
48584,24,13
48587,8,13
48589,24,13
48590,24,13
48592,7,13
48593,7,13
48594,7,13
48595,17,13
48596,22,13
48598,7,13
48600,28,13
48602,17,13
48607,22,13
48608,22,13
48609,24,13
48611,25,13
48612,25,13
48614,23,13
48615,0,13
48618,7,13
48619,9,13
48620,25,13
48622,10,13
48626,29,13
48627,10,13
48631,23,13
48633,4,13
48635,14,13
48636,7,13
48641,25,13
48642,5,13
48644,22,13
48645,28,13
48649,4,13
48650,28,13
48653,23,13
48654,25,13
48655,16,13
48656,25,13
48658,4,13
48660,18,13
48661,4,13
48662,14,13
48663,27,13
48666,14,13
48668,4,13
48670,4,13
48672,4,13
48674,28,13
48676,14,13
48677,4,13
48678,24,13
48680,4,13
48681,10,13
48682,28,13
48683,14,13
48684,4,13
48687,12,13
48690,14,13
48693,8,13
48694,28,13
48696,24,13
48699,27,13
48701,28,13
48705,22,13
48706,7,13
48711,7,13
48712,7,13
48714,24,13
48715,16,13
48717,19,13
48722,25,13
48724,25,13
48725,25,13
48726,25,13
48727,25,13
48728,0,13
48729,25,13
48732,5,13
48736,2,13
48740,5,13
48746,12,13
48749,5,13
48751,0,13
48757,24,13
48759,5,13
48763,5,13
48764,5,13
48767,27,13
48768,12,13
48769,10,13
48772,19,13
48774,2,13
48778,22,13
48779,6,13
48782,22,13
48783,30,13
48790,22,13
48794,22,13
48796,28,13
48798,3,13
48800,17,13
48801,7,13
48802,7,13
48804,7,13
48808,7,13
48810,7,13
48811,14,13
48813,7,13
48815,4,13
48816,24,13
48818,14,13
48823,5,13
48827,24,13
48830,7,13
48831,14,13
48832,14,13
48833,5,13
48835,4,13
48837,24,13
48840,5,13
48842,4,13
48851,3,13
48852,22,13
48854,4,13
48855,14,13
48856,24,13
48857,30,13
48858,14,13
48859,7,13
48862,4,13
48863,24,13
48869,24,13
48870,7,13
48871,28,13
48876,4,13
48878,4,13
48880,14,13
48881,24,13
48884,24,13
48885,22,13
48891,29,13
48892,15,13
48896,16,13
48898,28,13
48903,0,13
48905,30,13
48907,7,13
48909,27,13
48911,6,13
48912,28,13
48913,16,13
48914,27,13
48918,10,13
48919,2,13
48922,7,13
48923,7,13
48927,22,13
48930,24,13
48931,7,13
48932,24,13
48935,24,13
48936,5,13
48939,28,13
48941,22,13
48942,22,13
48944,12,13
48945,16,13
48946,24,13
48947,18,13
48952,10,13
48953,28,13
48955,22,13
48958,10,13
48959,5,13
48961,23,13
48962,18,13
48964,14,13
48965,21,13
48969,18,13
48970,22,13
48972,22,13
48973,1,13
48976,2,13
48977,18,13
48979,22,13
48982,22,13
48983,18,13
48986,7,13
48992,3,13
48997,29,13
48999,29,13
49000,25,13
49003,20,13
49005,28,13
49006,9,13
49009,9,13
49010,29,13
49012,18,13
49015,10,13
49016,24,13
49017,21,13
49018,14,13
49019,25,13
49020,30,13
49022,0,13
49023,10,13
49024,17,13
49026,12,13
49032,24,13
49034,0,13
49035,13,13
49038,4,13
49041,22,13
49042,22,13
49043,2,13
49046,4,13
49048,14,13
49049,21,13
49051,12,13
49053,9,13
49055,5,13
49062,9,13
49064,5,13
49065,18,13
49066,11,13
49068,2,13
49070,20,13
49071,3,13
49074,22,13
49075,5,13
49077,14,13
49078,19,13
49082,14,13
49084,9,13
49085,5,13
49087,14,13
49090,22,13
49091,3,13
49095,19,13
49096,13,13
49097,12,13
49098,22,13
49099,9,13
49100,22,13
49106,21,13
49110,22,13
49118,12,13
49120,29,13
49122,5,13
49123,12,13
49124,29,13
49125,7,13
49126,16,13
49129,10,13
49131,22,13
49132,4,13
49133,14,13
49136,22,13
49137,14,13
49141,19,13
49142,24,13
49143,31,13
49144,22,13
49146,28,13
49147,14,13
49148,14,13
49149,21,13
49152,16,13
49154,3,13
49160,9,13
49161,27,13
49162,6,13
49163,31,13
49165,16,13
49168,9,13
49169,16,13
49171,24,13
49174,17,13
49176,7,13
49180,15,13
49182,11,13
49183,3,13
49184,3,13
49186,5,13
49187,5,13
49188,2,13
49189,2,13
49191,16,13
49193,5,13
49194,5,13
49195,5,13
49196,5,13
49197,5,13
49198,2,13
49201,24,13
49204,9,13
49205,16,13
49208,4,13
49209,3,13
49211,4,13
49215,7,13
49218,19,13
49219,5,13
49225,7,13
49226,7,13
49227,7,13
49231,29,13
49232,2,13
49233,3,13
49234,4,13
49235,24,13
49236,14,13
49238,7,13
49242,4,13
49243,10,13
49244,7,13
49246,30,13
49247,30,13
49248,24,13
49251,17,13
49254,14,13
49255,17,13
49256,17,13
49258,0,13
49259,7,13
49260,4,13
49261,14,13
49263,16,13
49265,14,13
49267,18,13
49275,28,13
49276,22,13
49278,22,13
49279,14,13
49281,24,13
49283,30,13
49286,30,13
49287,30,13
49288,30,13
49291,16,13
49292,18,13
49293,24,13
49295,16,13
49296,5,13
49299,24,13
49301,21,13
49303,22,13
49309,17,13
49310,4,13
49311,24,13
49312,14,13
49315,2,13
49317,3,13
49318,22,13
49319,14,13
49320,4,13
49321,24,13
49324,5,13
49328,4,13
49329,14,13
49331,5,13
49332,17,13
49333,14,13
49335,4,13
49337,0,13
49340,3,13
49342,28,13
49344,5,13
49345,10,13
49351,0,13
49352,7,13
49356,9,13
49358,7,13
49359,9,13
49360,10,13
49362,14,13
49367,27,13
49368,5,13
49369,30,13
49371,7,13
49373,16,13
49375,4,13
49379,27,13
49380,27,13
49382,18,13
49384,27,13
49385,14,13
49387,4,13
49388,14,13
49391,11,13
49392,3,13
49397,11,13
49398,0,13
49399,0,13
49401,31,13
49403,28,13
49404,31,13
49405,14,13
49406,28,13
49413,31,13
49414,19,13
49415,8,13
49417,22,13
49419,9,13
49423,28,13
49424,16,13
49425,10,13
49428,3,13
49432,16,13
49433,20,13
49435,7,13
49436,28,13
49440,6,13
49442,15,13
49443,2,13
49445,16,13
49446,3,13
49447,7,13
49448,18,13
49450,25,13
49452,4,13
49453,6,13
49458,29,13
49462,28,13
49463,22,13
49466,14,13
49467,14,13
49468,21,13
49469,22,13
49470,6,13
49471,0,13
49472,10,13
49473,22,13
49478,18,13
49479,20,13
49482,14,13
49484,14,13
49486,17,13
49491,12,13
49495,25,13
49497,10,13
49498,12,13
49499,28,13
49501,25,13
49503,27,13
49505,24,13
49509,12,13
49512,9,13
49513,25,13
49516,14,13
49518,18,13
49519,13,13
49521,6,13
49523,0,13
49524,2,13
49526,25,13
49528,29,13
49529,3,13
49532,9,13
49533,13,13
49534,7,13
49536,24,13
49537,4,13
49538,14,13
49539,21,13
49540,2,13
49542,12,13
49544,22,13
49548,14,13
49550,6,13
49552,7,13
49558,9,13
49560,29,13
49561,4,13
49562,14,13
49563,21,13
49564,7,13
49566,22,13
49568,9,13
49569,9,13
49571,14,13
49575,3,13
49578,11,13
49579,11,13
49580,11,13
49583,15,13
49585,4,13
49586,28,13
49587,14,13
49590,14,13
49595,4,13
49598,21,13
49601,0,13
49603,0,13
49610,9,13
49611,18,13
49612,11,13
49617,27,13
49618,4,13
49621,11,13
49622,18,13
49624,9,13
49626,27,13
49627,27,13
49628,27,13
49636,2,13
49637,2,13
49638,27,13
49640,28,13
49642,18,13
49644,0,13
49650,15,13
49651,20,13
49652,18,13
49653,28,13
49654,27,13
49657,5,13
49660,12,13
49661,6,13
49667,0,13
49668,9,13
49669,5,13
49672,31,13
49673,27,13
49674,9,13
49675,16,13
49676,18,13
49677,31,13
49680,20,13
49682,18,13
49685,4,13
49686,15,13
49687,4,13
49694,9,13
49701,11,13
49702,4,13
49705,9,13
49706,7,13
49709,27,13
49710,16,13
49712,30,13
49715,15,13
49716,22,13
49717,27,13
49718,27,13
49719,0,13
49720,0,13
49721,15,13
49722,8,13
49727,27,13
49728,27,13
49730,27,13
49731,18,13
49732,18,13
49734,9,13
49735,11,13
49736,18,13
49742,5,13
49743,19,13
49745,4,13
49747,8,13
49748,9,13
49749,9,13
49750,5,13
49751,8,13
49753,27,13
49755,8,13
49758,19,13
49760,9,13
49761,18,13
49762,19,13
49763,11,13
49764,18,13
49765,18,13
49767,27,13
49771,0,13
49773,31,13
49774,10,13
49776,12,13
49778,18,13
49779,18,13
49780,10,13
49783,10,13
49784,18,13
49785,22,13
49787,18,13
49788,15,13
49789,18,13
49791,10,13
49792,12,13
49793,24,13
49794,9,13
49796,2,13
49797,24,13
49798,22,13
49799,5,13
49801,10,13
49802,8,13
49804,8,13
49805,8,13
49806,12,13
49808,8,13
49809,2,13
49814,0,13
49816,18,13
49820,14,13
49822,28,13
49825,2,13
49829,7,13
49834,29,13
49836,29,13
49837,14,13
49839,13,13
49842,14,13
49844,27,13
49846,17,13
49848,14,13
49852,2,13
49856,2,13
49857,5,13
49858,27,13
49859,5,13
49860,5,13
49863,2,13
49865,2,13
49867,14,13
49870,5,13
49871,2,13
49872,14,13
49873,4,13
49878,7,13
49880,12,13
49881,2,13
49883,14,13
49885,29,13
49886,24,13
49888,7,13
49889,3,13
49890,0,13
49893,10,13
49896,4,13
49898,1,13
49900,9,13
49901,7,13
49903,9,13
49904,22,13
49905,4,13
49906,14,13
49908,1,13
49912,26,13
49916,11,13
49919,1,13
49921,7,13
49924,28,13
49927,3,13
49928,7,13
49929,3,13
49931,2,13
49933,28,13
49935,7,13
49936,28,13
49937,19,13
49941,18,13
49943,3,13
49945,7,13
49946,3,13
49947,18,13
49951,18,13
49952,15,13
49958,13,13
49959,4,13
49960,9,13
49963,24,13
49964,24,13
49965,14,13
49969,18,13
49970,2,13
49971,10,13
49973,13,13
49975,5,13
49978,7,13
49980,4,13
49982,20,13
49983,3,13
49988,16,13
49989,16,13
49992,5,13
49994,22,13
49995,23,13
49998,24,13
50001,24,13
50002,18,13
50005,24,13
50007,23,13
50008,19,13
50011,17,13
50019,9,13
50020,22,13
50023,7,13
50024,15,13
50025,2,13
50027,25,13
50030,11,13
50031,18,13
50032,14,13
50033,7,13
50036,12,13
50037,7,13
50038,3,13
50039,15,13
50043,16,13
50045,18,13
50046,16,13
50047,3,13
50048,4,13
50051,0,13
50052,10,13
50053,16,13
50056,5,13
50063,12,13
50066,9,13
50067,10,13
50068,16,13
50074,18,13
50076,29,13
50077,30,13
50078,20,13
50079,29,13
50080,28,13
50082,29,13
50084,2,13
50086,29,13
50088,30,13
50090,28,13
50092,2,13
50095,10,13
50097,15,13
50101,18,13
50103,0,13
50104,9,13
50112,2,13
50114,12,13
50116,4,13
50118,9,13
50120,22,13
50121,11,13
50122,29,13
50127,6,13
50128,6,13
50130,9,13
50132,14,13
50133,29,13
50134,7,13
50137,22,13
50140,30,13
50143,24,13
50145,0,13
50146,29,13
50148,7,13
50149,2,13
50152,18,13
50153,9,13
50156,29,13
50158,28,13
50159,20,13
50162,0,13
50163,4,13
50164,6,13
50166,14,13
50167,7,13
50168,2,13
50171,7,13
50172,28,13
50173,25,13
50174,2,13
50176,24,13
50177,17,13
50178,7,13
50179,7,13
50180,4,13
50183,5,13
50186,7,13
50188,1,13
50190,22,13
50191,9,13
50194,14,13
50195,21,13
50196,20,13
50198,9,13
50201,5,13
50202,7,13
50204,7,13
50205,25,13
50206,29,13
50207,16,13
50208,14,13
50211,3,13
50213,12,13
50214,19,13
50215,14,13
50219,1,13
50221,1,13
50223,2,13
50230,5,13
50236,2,13
50237,2,13
50239,2,13
50240,10,13
50242,22,13
50244,3,13
50246,14,13
50247,18,13
50249,12,13
50253,22,13
50259,2,13
50260,9,13
50263,2,13
50264,28,13
50265,7,13
50266,22,13
50267,2,13
50268,24,13
50269,0,13
50270,14,13
50273,10,13
50274,17,13
50275,2,13
50276,17,13
50279,21,13
50280,17,13
50282,2,13
50284,2,13
50285,1,13
50286,17,13
50287,26,13
50289,9,13
50291,2,13
50292,29,13
50297,18,13
50299,14,13
50301,22,13
50303,2,13
50305,10,13
50306,11,13
50308,19,13
50309,5,13
50310,17,13
50312,21,13
50315,2,13
50316,1,13
50319,1,13
50320,28,13
50322,7,13
50323,9,13
50326,9,13
50327,18,13
50328,4,13
50329,30,13
50330,14,13
50332,12,13
50334,0,13
50335,22,13
50339,10,13
50340,12,13
50342,12,13
50349,29,13
50350,11,13
50353,19,13
50358,3,13
50359,12,13
50361,3,13
50363,28,13
50364,7,13
50367,14,13
50369,29,13
50372,20,13
50376,2,13
50379,7,13
50380,7,13
50381,17,13
50384,29,13
50389,11,13
50392,12,13
50394,21,13
50395,4,13
50398,30,13
50399,30,13
50401,19,13
50402,19,13
50403,18,13
50404,30,13
50405,19,13
50407,19,13
50410,19,13
50412,30,13
50414,11,13
50417,4,13
50418,4,13
50419,4,13
50424,4,13
50425,19,13
50429,11,13
50431,4,13
50432,18,13
50433,30,13
50434,19,13
50436,4,13
50439,11,13
50440,2,13
50441,19,13
50443,28,13
50444,19,13
50449,19,13
50451,22,13
50452,2,13
50453,4,13
50454,27,13
50455,9,13
50456,27,13
50458,9,13
50461,14,13
50462,9,13
50463,3,13
50466,7,13
50470,14,13
50471,12,13
50472,27,13
50473,7,13
50474,0,13
50479,0,13
50480,21,13
50482,4,13
50484,10,13
50485,3,13
50488,19,13
50490,27,13
50491,7,13
50495,14,13
50496,9,13
50497,12,13
50499,13,13
50501,14,13
50504,0,13
50505,5,13
50506,27,13
50512,5,13
50514,18,13
50515,12,13
50518,2,13
50520,18,13
50524,4,13
50527,31,13
50531,22,13
50532,31,13
50533,19,13
50536,14,13
50537,9,13
50538,29,13
50540,7,13
50542,7,13
50544,27,13
50549,28,13
50552,14,13
50554,5,13
50556,7,13
50558,22,13
50562,0,13
50563,27,13
50564,7,13
50565,7,13
50566,27,13
50567,7,13
50569,6,13
50573,7,13
50576,3,13
50579,7,13
50582,3,13
50585,4,13
50586,2,13
50587,0,13
50589,3,13
50591,27,13
50593,19,13
50594,11,13
50595,11,13
50596,3,13
50597,6,13
50598,31,13
50600,31,13
50602,18,13
50609,8,13
50610,8,13
50614,27,13
50616,11,13
50619,27,13
50620,27,13
50625,7,13
50628,27,13
50630,27,13
50631,7,13
50632,7,13
50633,7,13
50635,8,13
50638,22,13
50642,27,13
50644,27,13
50648,8,13
50651,8,13
50655,26,13
50656,8,13
50657,8,13
50661,24,13
50662,15,13
50663,17,13
50671,17,13
50673,17,13
50674,15,13
50675,17,13
50676,15,13
50678,17,13
50679,17,13
50680,17,13
50682,13,13
50686,17,13
50687,18,13
50688,17,13
50689,15,13
50691,17,13
50696,17,13
50698,17,13
50702,15,13
50704,28,13
50706,17,13
50709,28,13
50712,15,13
50714,17,13
50718,17,13
50720,9,13
50722,15,13
50725,17,13
50730,17,13
50731,9,13
50732,17,13
50735,17,13
50739,17,13
50740,17,13
50741,17,13
50742,15,13
50743,15,13
50744,22,13
50745,17,13
50746,17,13
50747,15,13
50749,17,13
50751,17,13
50752,20,13
50753,17,13
50754,22,13
50760,17,13
50761,17,13
50763,15,13
50765,15,13
50766,17,13
50769,17,13
50770,17,13
50771,17,13
50774,17,13
50776,17,13
50778,24,13
50779,17,13
50780,15,13
50783,18,13
50784,17,13
50788,9,13
50789,5,13
50792,16,13
50793,16,13
50796,17,13
50797,15,13
50798,17,13
50800,17,13
50803,17,13
50804,17,13
50810,17,13
50811,17,13
50813,17,13
50814,17,13
50815,9,13
50816,9,13
50819,10,13
50820,15,13
50821,17,13
50823,15,13
50824,2,13
50825,9,13
50826,17,13
50828,9,13
50829,25,13
50831,17,13
50832,17,13
50835,9,13
50838,17,13
50839,17,13
50841,7,13
50843,15,13
50844,22,13
50846,28,13
50847,22,13
50848,28,13
50850,30,13
50851,22,13
50853,17,13
50855,25,13
50856,17,13
50857,4,13
50858,24,13
50860,22,13
50862,22,13
50863,22,13
50864,22,13
50866,17,13
50871,9,13
50874,22,13
50875,10,13
50878,16,13
50880,16,13
50881,22,13
50883,22,13
50884,15,13
50885,15,13
50887,3,13
50888,17,13
50889,22,13
50890,22,13
50894,15,13
50895,15,13
50896,13,13
50899,22,13
50900,22,13
50902,15,13
50905,22,13
50909,0,13
50910,14,13
50914,22,13
50915,29,13
50916,22,13
50917,24,13
50922,15,13
50923,22,13
50925,14,13
50926,6,13
50927,22,13
50928,17,13
50935,17,13
50938,24,13
50941,14,13
50942,2,13
50943,15,13
50944,17,13
50947,9,13
50950,22,13
50953,15,13
50954,6,13
50957,22,13
50958,7,13
50959,7,13
50960,22,13
50963,14,13
50964,7,13
50965,10,13
50967,29,13
50968,20,13
50972,18,13
50976,13,13
50977,14,13
50980,12,13
50981,2,13
50983,4,13
50988,7,13
50989,22,13
50991,18,13
50992,14,13
50994,0,13
50995,18,13
50996,22,13
50999,22,13
51000,30,13
51002,4,13
51004,14,13
51006,22,13
51008,16,13
51010,22,13
51014,5,13
51017,22,13
51018,14,13
51019,22,13
51021,22,13
51022,22,13
51023,10,13
51029,24,13
51032,24,13
51034,18,13
51037,12,13
51041,2,13
51043,6,13
51045,22,13
51051,10,13
51053,22,13
51054,11,13
51058,22,13
51059,16,13
51061,16,13
51062,3,13
51063,22,13
51064,24,13
51066,30,13
51067,29,13
51068,14,13
51071,22,13
51073,17,13
51074,11,13
51075,28,13
51076,10,13
51077,24,13
51078,29,13
51079,4,13
51082,30,13
51085,22,13
51088,16,13
51089,10,13
51091,22,13
51092,16,13
51093,2,13
51094,0,13
51096,22,13
51100,22,13
51102,30,13
51103,14,13
51107,18,13
51109,22,13
51110,9,13
51114,30,13
51117,18,13
51118,9,13
51121,30,13
51122,14,13
51123,22,13
51124,30,13
51126,22,13
51130,9,13
51131,22,13
51132,1,13
51133,30,13
51135,22,13
51136,11,13
51143,19,13
51144,24,13
51146,29,13
51147,30,13
51152,2,13
51154,22,13
51156,31,13
51157,11,13
51160,5,13
51161,29,13
51162,24,13
51164,22,13
51167,22,13
51173,30,13
51174,22,13
51177,22,13
51180,22,13
51181,24,13
51182,4,13
51183,15,13
51185,28,13
51189,30,13
51190,22,13
51193,9,13
51197,22,13
51198,30,13
51199,22,13
51200,14,13
51201,22,13
51202,30,13
51204,22,13
51206,22,13
51207,9,13
51208,30,13
51210,11,13
51211,22,13
51212,7,13
51215,30,13
51217,22,13
51218,5,13
51219,24,13
51220,30,13
51221,22,13
51225,24,13
51228,22,13
51229,22,13
51231,22,13
51232,9,13
51233,30,13
51234,22,13
51237,2,13
51241,11,13
51244,22,13
51245,14,13
51246,30,13
51247,22,13
51250,30,13
51252,30,13
51254,22,13
51256,1,13
51260,14,13
51261,30,13
51262,5,13
51263,30,13
51264,2,13
51266,22,13
51269,11,13
51270,22,13
51271,2,13
51276,5,13
51278,5,13
51281,1,13
51282,12,13
51285,30,13
51288,18,13
51291,4,13
51292,22,13
51294,30,13
51295,5,13
51296,1,13
51300,30,13
51301,22,13
51304,28,13
51307,1,13
51308,12,13
51309,20,13
51311,12,13
51316,17,13
51320,13,13
51321,29,13
51325,18,13
51326,13,13
51328,1,13
51333,7,13
51335,15,13
51336,30,13
51340,17,13
51343,2,13
51344,12,13
51348,4,13
51349,18,13
51353,12,13
51355,14,13
51358,0,13
51359,22,13
51361,19,13
51365,12,13
51366,26,13
51367,31,13
51368,4,13
51371,31,13
51373,15,13
51378,22,13
51379,31,13
51380,9,13
51381,10,13
51384,1,13
51386,14,13
51387,18,13
51388,2,13
51390,6,13
51391,15,13
51393,22,13
51394,14,13
51395,19,13
51396,9,13
51401,19,13
51402,4,13
51403,19,13
51404,5,13
51405,11,13
51409,18,13
51414,5,13
51416,1,13
51418,17,13
51420,27,13
51421,4,13
51422,3,13
51424,19,13
51426,27,13
51427,27,13
51429,29,13
51430,1,13
51433,1,13
51435,9,13
51436,9,13
51437,15,13
51438,0,13
51439,18,13
51441,13,13
51442,30,13
51443,31,13
51445,19,13
51447,27,13
51449,31,13
51451,2,13
51452,8,13
51453,8,13
51456,4,13
51460,27,13
51461,31,13
51462,8,13
51463,24,13
51469,27,13
51470,7,13
51471,7,13
51472,24,13
51475,8,13
51476,8,13
51477,24,13
51478,24,13
51480,25,13
51483,18,13
51484,29,13
51485,16,13
51486,5,13
51487,10,13
51490,0,13
51491,5,13
51494,12,13
51497,5,13
51499,16,13
51503,18,13
51504,0,13
51505,13,13
51506,5,13
51508,30,13
51509,0,13
51511,5,13
51512,18,13
51513,9,13
51515,24,13
51518,18,13
51519,16,13
51521,17,13
51522,16,13
51526,2,13
51527,5,13
51530,1,13
51533,16,13
51535,9,13
51537,1,13
51540,24,13
51541,10,13
51546,23,13
51547,5,13
51549,28,13
51551,24,13
51554,9,13
51555,28,13
51558,22,13
51561,22,13
51562,22,13
51563,14,13
51565,10,13
51573,2,13
51582,14,13
51583,12,13
51584,3,13
51585,22,13
51587,16,13
51589,12,13
51590,16,13
51592,24,13
51593,14,13
51597,16,13
51598,16,13
51600,16,13
51601,2,13
51602,10,13
51605,14,13
51609,0,13
51610,22,13
51611,22,13
51613,16,13
51615,10,13
51617,2,13
51619,6,13
51620,16,13
51621,22,13
51623,10,13
51624,22,13
51625,22,13
51629,16,13
51633,7,13
51634,22,13
51636,14,13
51639,22,13
51640,5,13
51642,22,13
51643,2,13
51646,18,13
51648,16,13
51652,16,13
51654,19,13
51655,0,13
51657,10,13
51665,22,13
51666,10,13
51668,22,13
51669,14,13
51674,12,13
51677,9,13
51678,22,13
51679,5,13
51680,5,13
51682,22,13
51683,2,13
51685,22,13
51687,14,13
51688,16,13
51691,2,13
51698,2,13
51699,29,13
51704,24,13
51705,9,13
51706,23,13
51708,2,13
51709,2,13
51711,5,13
51713,9,13
51718,1,13
51721,18,13
51722,16,13
51723,22,13
51725,16,13
51728,14,13
51729,20,13
51731,22,13
51732,1,13
51735,12,13
51736,13,13
51739,13,13
51741,12,13
51743,2,13
51744,5,13
51748,2,13
51749,10,13
51751,13,13
51757,13,13
51758,22,13
51760,5,13
51762,2,13
51766,22,13
51767,10,13
51768,5,13
51770,18,13
51776,5,13
51780,5,13
51781,22,13
51783,24,13
51784,14,13
51785,28,13
51788,10,13
51789,10,13
51790,12,13
51791,16,13
51794,0,13
51795,9,13
51800,2,13
51803,28,13
51804,5,13
51806,5,13
51807,5,13
51808,22,13
51809,14,13
51811,5,13
51812,10,13
51815,16,13
51817,10,13
51819,22,13
51820,5,13
51821,14,13
51822,18,13
51823,12,13
51824,12,13
51830,13,13
51833,0,13
51834,0,13
51835,30,13
51836,16,13
51840,5,13
51841,5,13
51842,10,13
51844,16,13
51848,2,13
51849,14,13
51853,2,13
51854,30,13
51855,2,13
51856,2,13
51858,2,13
51859,22,13
51865,13,13
51867,16,13
51872,28,13
51874,5,13
51876,22,13
51878,5,13
51879,14,13
51881,9,13
51882,5,13
51889,28,13
51890,10,13
51891,18,13
51892,5,13
51893,16,13
51895,5,13
51898,16,13
51900,5,13
51904,16,13
51905,2,13
51908,16,13
51909,16,13
51912,16,13
51914,2,13
51915,30,13
51916,24,13
51917,12,13
51918,14,13
51922,15,13
51926,2,13
51927,17,13
51930,5,13
51931,10,13
51935,0,13
51937,14,13
51941,22,13
51942,5,13
51945,16,13
51947,5,13
51950,5,13
51951,2,13
51953,10,13
51956,28,13
51957,5,13
51958,5,13
51961,30,13
51963,16,13
51964,12,13
51967,5,13
51972,22,13
51974,5,13
51975,2,13
51976,15,13
51981,5,13
51982,10,13
51983,9,13
51987,22,13
51989,5,13
51992,5,13
51994,9,13
51995,13,13
51997,5,13
52000,5,13
52001,24,13
52002,0,13
52004,1,13
52005,5,13
52007,5,13
52009,5,13
52010,30,13
52011,14,13
52012,5,13
52013,12,13
52014,5,13
52015,1,13
52023,10,13
52026,22,13
52027,16,13
52028,2,13
52029,5,13
52031,12,13
52033,12,13
52036,14,13
52037,5,13
52038,5,13
52039,2,13
52040,5,13
52041,10,13
52042,5,13
52043,12,13
52045,14,13
52048,24,13
52049,14,13
52050,10,13
52051,12,13
52052,10,13
52053,5,13
52054,9,13
52058,5,13
52060,14,13
52061,2,13
52064,5,13
52065,5,13
52067,9,13
52069,1,13
52071,14,13
52074,10,13
52075,5,13
52080,20,13
52081,12,13
52087,5,13
52089,22,13
52090,10,13
52093,24,13
52094,30,13
52101,20,13
52102,13,13
52106,2,13
52108,5,13
52109,5,13
52110,5,13
52111,10,13
52112,16,13
52117,5,13
52120,0,13
52121,24,13
52122,22,13
52124,0,13
52125,5,13
52126,10,13
52128,2,13
52131,0,13
52138,9,13
52139,13,13
52141,2,13
52144,9,13
52146,5,13
52149,30,13
52150,17,13
52153,0,13
52154,2,13
52155,1,13
52156,14,13
52159,30,13
52162,1,13
52163,5,13
52171,13,13
52172,5,13
52173,12,13
52174,9,13
52176,5,13
52177,5,13
52180,5,13
52187,12,13
52190,5,13
52192,29,13
52193,5,13
52194,5,13
52202,5,13
52205,30,13
52206,9,13
52207,5,13
52209,12,13
52210,5,13
52212,2,13
52216,9,13
52217,22,13
52220,28,13
52222,13,13
52223,12,13
52225,9,13
52226,12,13
52229,10,13
52230,9,13
52231,9,13
52240,24,13
52241,5,13
52242,12,13
52244,5,13
52245,12,13
52246,12,13
52247,9,13
52252,2,13
52255,2,13
52257,20,13
52258,3,13
52259,5,13
52260,9,13
52261,12,13
52263,18,13
52264,24,13
52266,17,13
52267,2,13
52272,17,13
52274,15,13
52276,3,13
52277,7,13
52279,3,13
52280,17,13
52283,25,13
52286,22,13
52288,25,13
52291,11,13
52292,25,13
52293,6,13
52294,25,13
52295,25,13
52296,25,13
52297,18,13
52298,30,13
52301,30,13
52303,30,13
52304,30,13
52305,25,13
52306,25,13
52308,30,13
52312,13,13
52315,22,13
52316,13,13
52319,13,13
52321,29,13
52322,22,13
52324,10,13
52325,17,13
52332,11,13
52333,25,13
52336,30,13
52339,22,13
52341,30,13
52343,25,13
52345,30,13
52346,25,13
52351,25,13
52353,25,13
52354,2,13
52358,20,13
52359,30,13
52361,22,13
52363,5,13
52364,5,13
52366,7,13
52367,17,13
52368,11,13
52370,24,13
52371,29,13
52372,2,13
52373,17,13
52374,28,13
52376,7,13
52377,6,13
52379,20,13
52382,24,13
52386,27,13
52387,22,13
52388,28,13
52391,25,13
52397,14,13
52399,29,13
52402,16,13
52403,13,13
52405,16,13
52407,6,13
52411,24,13
52412,23,13
52415,14,13
52416,14,13
52417,30,13
52419,16,13
52420,18,13
52422,16,13
52423,6,13
52424,25,13
52425,22,13
52426,25,13
52427,29,13
52431,11,13
52432,4,13
52435,9,13
52438,14,13
52439,9,13
52440,9,13
52441,28,13
52444,29,13
52447,29,13
52449,29,13
52450,29,13
52453,24,13
52455,7,13
52456,14,13
52458,20,13
52459,17,13
52465,24,13
52467,4,13
52468,24,13
52469,11,13
52471,14,13
52475,30,13
52478,7,13
52481,14,13
52486,18,13
52489,2,13
52490,2,13
52491,25,13
52493,29,13
52496,7,13
52498,3,13
52500,2,13
52502,12,13
52505,2,13
52506,2,13
52507,2,13
52511,2,13
52512,7,13
52514,13,13
52516,3,13
52517,2,13
52518,2,13
52524,2,13
52525,7,13
52526,6,13
52529,7,13
52530,9,13
52531,20,13
52535,18,13
52537,28,13
52538,22,13
52539,18,13
52541,11,13
52543,19,13
52544,11,13
52547,11,13
52548,11,13
52549,4,13
52552,21,13
52553,24,13
52554,14,13
52555,24,13
52556,2,13
52558,20,13
52559,2,13
52560,28,13
52561,15,13
52562,18,13
52564,2,13
52565,2,13
52569,4,13
52570,3,13
52575,11,13
52577,4,13
52578,24,13
52580,21,13
52583,24,13
52585,22,13
52586,28,13
52588,23,13
52589,14,13
52590,7,13
52591,28,13
52594,1,13
52595,7,13
52596,2,13
52597,22,13
52598,11,13
52601,27,13
52602,21,13
52605,7,13
52607,24,13
52608,18,13
52609,5,13
52610,5,13
52612,18,13
52613,3,13
52614,18,13
52618,11,13
52619,20,13
52625,9,13
52626,3,13
52628,9,13
52629,2,13
52631,7,13
52636,6,13
52637,11,13
52639,24,13
52640,11,13
52641,11,13
52649,20,13
52651,11,13
52654,4,13
52655,18,13
52658,19,13
52660,20,13
52661,18,13
52663,2,13
52665,30,13
52666,3,13
52667,15,13
52668,30,13
52671,20,13
52677,2,13
52678,7,13
52687,2,13
52690,2,13
52694,28,13
52695,18,13
52696,2,13
52698,17,13
52699,29,13
52702,20,13
52706,4,13
52707,2,13
52708,11,13
52715,16,13
52717,5,13
52718,29,13
52720,2,13
52721,2,13
52722,10,13
52724,24,13
52725,10,13
52728,18,13
52729,2,13
52730,2,13
52731,18,13
52734,18,13
52735,10,13
52737,18,13
52738,18,13
52740,23,13
52741,10,13
52742,29,13
52743,25,13
52745,10,13
52746,2,13
52747,12,13
52750,0,13
52751,29,13
52757,7,13
52758,18,13
52759,29,13
52760,11,13
52761,24,13
52764,2,13
52765,11,13
52766,14,13
52768,9,13
52769,16,13
52770,20,13
52773,7,13
52778,4,13
52779,2,13
52783,7,13
52785,0,13
52786,0,13
52787,7,13
52789,3,13
52793,27,13
52794,18,13
52795,10,13
52801,9,13
52804,13,13
52806,10,13
52809,6,13
52811,18,13
52817,6,13
52818,27,13
52819,14,13
52820,9,13
52821,2,13
52823,24,13
52824,4,13
52825,17,13
52826,4,13
52827,22,13
52829,13,13
52834,24,13
52841,2,13
52842,20,13
52843,14,13
52844,4,13
52845,24,13
52849,14,13
52850,24,13
52851,14,13
52852,2,13
52855,4,13
52856,24,13
52857,27,13
52862,20,13
52863,20,13
52864,20,13
52866,4,13
52868,14,13
52869,14,13
52873,12,13
52875,4,13
52876,24,13
52877,4,13
52881,7,13
52883,4,13
52884,14,13
52886,14,13
52888,4,13
52889,14,13
52891,3,13
52894,12,13
52896,4,13
52897,27,13
52898,3,13
52899,6,13
52901,9,13
52905,3,13
52907,3,13
52908,22,13
52910,11,13
52911,19,13
52912,3,13
52913,4,13
52914,19,13
52916,11,13
52917,31,13
52918,4,13
52920,22,13
52922,11,13
52925,17,13
52928,5,13
52931,18,13
52932,20,13
52933,8,13
52935,9,13
52936,17,13
52939,8,13
52942,11,13
52944,25,13
52947,3,13
52950,7,13
52951,25,13
52952,18,13
52954,4,13
52957,7,13
52961,7,13
52965,18,13
52966,17,13
52968,3,13
52970,17,13
52976,14,13
52977,18,13
52978,6,13
52981,16,13
52983,16,13
52985,7,13
52987,25,13
52988,4,13
52991,15,13
52993,24,13
52997,0,13
52998,3,13
53004,18,13
53005,7,13
53007,28,13
53011,28,13
53012,25,13
53016,14,13
53018,22,13
53021,24,13
53022,25,13
53023,30,13
53029,22,13
53032,14,13
53033,2,13
53037,14,13
53038,5,13
53040,4,13
53041,24,13
53042,14,13
53044,19,13
53045,12,13
53047,3,13
53048,2,13
53052,9,13
53055,1,13
53056,7,13
53057,24,13
53058,12,13
53059,3,13
53063,24,13
53064,2,13
53067,25,13
53068,13,13
53069,7,13
53070,29,13
53071,24,13
53078,29,13
53081,2,13
53082,15,13
53083,7,13
53085,29,13
53086,29,13
53087,22,13
53088,22,13
53089,17,13
53090,29,13
53093,0,13
53097,5,13
53099,29,13
53101,29,13
53104,6,13
53107,9,13
53108,6,13
53109,29,13
53110,16,13
53113,22,13
53115,18,13
53116,22,13
53119,12,13
53120,22,13
53122,18,13
53123,15,13
53125,22,13
53126,22,13
53127,16,13
53128,9,13
53131,3,13
53132,21,13
53133,11,13
53135,30,13
53138,9,13
53139,30,13
53141,1,13
53142,5,13
53145,22,13
53148,22,13
53152,22,13
53153,22,13
53156,7,13
53157,15,13
53160,20,13
53162,7,13
53163,12,13
53167,28,13
53169,24,13
53170,0,13
53172,4,13
53174,24,13
53178,22,13
53180,4,13
53181,4,13
53182,24,13
53183,12,13
53185,16,13
53187,10,13
53188,4,13
53189,24,13
53190,5,13
53191,4,13
53192,24,13
53193,4,13
53194,24,13
53195,28,13
53196,18,13
53197,24,13
53199,24,13
53200,8,13
53202,24,13
53204,8,13
53207,7,13
53208,15,13
53209,25,13
53210,15,13
53215,2,13
53216,17,13
53217,7,13
53220,11,13
53221,9,13
53224,24,13
53225,6,13
53226,2,13
53228,17,13
53229,17,13
53230,15,13
53231,17,13
53234,24,13
53236,18,13
53237,15,13
53240,0,13
53241,20,13
53244,16,13
53245,24,13
53247,29,13
53248,6,13
53249,20,13
53253,12,13
53254,17,13
53256,9,13
53258,17,13
53259,3,13
53261,15,13
53263,16,13
53265,3,13
53267,11,13
53272,22,13
53277,10,13
53280,3,13
53282,2,13
53285,2,13
53286,29,13
53287,20,13
53288,20,13
53289,29,13
53290,29,13
53291,9,13
53292,28,13
53293,29,13
53296,0,13
53297,10,13
53298,23,13
53299,22,13
53300,11,13
53301,4,13
53306,14,13
53307,21,13
53308,11,13
53310,30,13
53313,28,13
53314,30,13
53315,30,13
53317,3,13
53320,14,13
53321,28,13
53322,18,13
53325,22,13
53328,11,13
53329,11,13
53332,15,13
53334,9,13
53336,13,13
53337,14,13
53338,12,13
53339,3,13
53340,17,13
53342,11,13
53345,11,13
53346,14,13
53348,21,13
53349,9,13
53353,20,13
53355,13,13
53356,11,13
53357,20,13
53358,11,13
53359,11,13
53360,3,13
53361,18,13
53362,14,13
53367,0,13
53369,11,13
53372,4,13
53376,21,13
53378,30,13
53381,11,13
53385,1,13
53386,24,13
53388,6,13
53390,12,13
53391,24,13
53392,14,13
53393,14,13
53395,30,13
53396,18,13
53397,14,13
53398,19,13
53399,20,13
53400,6,13
53402,2,13
53403,6,13
53405,14,13
53407,20,13
53415,3,13
53417,7,13
53418,28,13
53419,4,13
53421,10,13
53422,24,13
53423,4,13
53425,21,13
53427,2,13
53428,3,13
53429,23,13
53431,11,13
53432,7,13
53434,18,13
53436,5,13
53437,4,13
53438,29,13
53439,24,13
53440,6,13
53443,3,13
53446,4,13
53447,14,13
53449,21,13
53451,11,13
53453,7,13
53455,4,13
53456,19,13
53457,6,13
53460,28,13
53464,28,13
53466,0,13
53468,14,13
53469,0,13
53470,21,13
53474,20,13
53476,4,13
53477,6,13
53479,14,13
53480,21,13
53481,2,13
53484,2,13
53486,1,13
53488,14,13
53489,4,13
53490,21,13
53491,16,13
53495,16,13
53496,16,13
53499,14,13
53500,21,13
53501,21,13
53503,21,13
53505,21,13
53508,21,13
53511,16,13
53512,16,13
53515,16,13
53518,14,13
53519,16,13
53522,28,13
53523,0,13
53524,29,13
53525,19,13
53527,20,13
53528,11,13
53529,4,13
53530,29,13
53531,20,13
53534,14,13
53536,22,13
53538,15,13
53540,7,13
53541,27,13
53543,5,13
53545,7,13
53547,19,13
53548,28,13
53549,31,13
53553,27,13
53556,3,13
53558,14,13
53559,4,13
53560,14,13
53561,24,13
53562,21,13
53564,27,13
53566,12,13
53567,28,13
53569,7,13
53571,3,13
53573,6,13
53575,0,13
53577,3,13
53578,31,13
53580,31,13
53581,9,13
53582,5,13
53584,16,13
53587,19,13
53588,18,13
53589,9,13
53590,9,13
53593,31,13
53594,16,13
53596,18,13
53597,3,13
53598,31,13
53599,27,13
53600,24,13
53601,31,13
53605,31,13
53607,19,13
53608,27,13
53610,13,13
53612,8,13
53613,8,13
53615,11,13
53617,30,13
53618,3,13
53620,5,13
53623,19,13
53624,4,13
53627,20,13
53628,4,13
53630,11,13
53631,19,13
53633,27,13
53635,27,13
53636,28,13
53637,19,13
53640,8,13
53641,19,13
53643,7,13
53647,18,13
53650,10,13
53653,4,13
53656,24,13
53657,19,13
53658,29,13
53659,10,13
53660,2,13
53661,5,13
53663,7,13
53665,8,13
53666,22,13
53667,7,13
53669,10,13
53670,10,13
53671,26,13
53674,27,13
53676,12,13
53677,13,13
53679,27,13
53681,9,13
53683,12,13
53684,13,13
53686,27,13
53688,8,13
53689,8,13
53690,28,13
53691,9,13
53696,9,13
53698,28,13
53699,28,13
53700,9,13
53701,8,13
53704,27,13
53708,25,13
53710,7,13
53712,27,13
53713,28,13
53714,27,13
53716,22,13
53717,19,13
53721,28,13
53724,26,13
53725,27,13
53726,27,13
53727,11,13
53728,3,13
53729,18,13
53731,20,13
53732,27,13
53733,18,13
53735,28,13
53736,30,13
53737,27,13
53738,7,13
53741,17,13
53742,27,13
53743,11,13
53745,16,13
53746,25,13
53748,3,13
53752,5,13
53753,10,13
53754,22,13
53755,28,13
53757,24,13
53758,14,13
53759,21,13
53761,7,13
53764,3,13
53765,2,13
53766,15,13
53770,24,13
53771,4,13
53774,7,13
53776,24,13
53777,24,13
53779,27,13
53784,13,13
53786,16,13
53789,24,13
53791,24,13
53792,12,13
53793,7,13
53794,5,13
53795,22,13
53799,24,13
53801,7,13
53802,28,13
53805,24,13
53808,24,13
53809,5,13
53810,24,13
53814,24,13
53818,18,13
53820,14,13
53824,2,13
53825,28,13
53827,24,13
53829,5,13
53831,18,13
53835,15,13
53837,25,13
53838,6,13
53840,24,13
53841,17,13
53843,18,13
53844,19,13
53847,25,13
53850,11,13
53852,12,13
53853,18,13
53854,16,13
53855,17,13
53856,20,13
53858,22,13
53859,15,13
53860,11,13
53862,20,13
53864,24,13
53868,2,13
53869,18,13
53873,4,13
53875,14,13
53876,7,13
53877,21,13
53878,16,13
53880,13,13
53881,14,13
53882,6,13
53888,14,13
53889,24,13
53890,6,13
53891,14,13
53892,21,13
53893,24,13
53894,17,13
53895,17,13
53898,16,13
53899,16,13
53904,24,13
53905,6,13
53908,24,13
53914,2,13
53916,11,13
53921,13,13
53922,7,13
53923,3,13
53924,20,13
53925,2,13
53926,2,13
53927,19,13
53928,17,13
53929,18,13
53930,15,13
53933,3,13
53935,15,13
53936,9,13
53937,2,13
53943,4,13
53944,4,13
53945,24,13
53946,14,13
53949,14,13
53951,16,13
53955,18,13
53957,9,13
53958,2,13
53960,12,13
53961,12,13
53962,13,13
53963,13,13
53964,24,13
53970,18,13
53971,13,13
53972,14,13
53973,9,13
53977,3,13
53978,20,13
53979,20,13
53980,3,13
53981,1,13
53982,6,13
53985,18,13
53988,14,13
53991,7,13
53992,22,13
53993,6,13
53994,17,13
53996,11,13
53999,11,13
54001,14,13
54002,21,13
54003,24,13
54006,15,13
54007,9,13
54009,11,13
54010,9,13
54011,6,13
54014,28,13
54015,3,13
54016,9,13
54019,17,13
54022,7,13
54023,11,13
54024,7,13
54025,20,13
54027,11,13
54035,7,13
54036,11,13
54037,0,13
54038,10,13
54041,17,13
54042,1,13
54044,2,13
54046,11,13
54047,14,13
54049,15,13
54050,25,13
54052,11,13
54053,2,13
54054,11,13
54055,28,13
54060,11,13
54062,4,13
54064,17,13
54065,17,13
54066,4,13
54067,14,13
54069,21,13
54072,22,13
54073,17,13
54074,29,13
54075,29,13
54077,7,13
54084,22,13
54085,11,13
54088,11,13
54089,3,13
54092,15,13
54099,11,13
54101,2,13
54102,10,13
54103,11,13
54105,11,13
54106,2,13
54107,7,13
54109,0,13
54111,6,13
54113,0,13
54114,15,13
54116,6,13
54117,20,13
54119,11,13
54121,3,13
54123,6,13
54125,4,13
54126,14,13
54127,14,13
54128,21,13
54129,22,13
54132,0,13
54134,11,13
54137,7,13
54141,14,13
54143,4,13
54147,4,13
54148,28,13
54151,24,13
54153,28,13
54155,21,13
54156,7,13
54158,11,13
54159,3,13
54161,29,13
54162,5,13
54163,23,13
54166,14,13
54167,21,13
54168,22,13
54170,17,13
54171,2,13
54172,14,13
54174,28,13
54175,14,13
54177,21,13
54178,3,13
54179,7,13
54180,7,13
54185,11,13
54186,28,13
54187,14,13
54188,21,13
54190,25,13
54191,3,13
54192,6,13
54193,31,13
54194,4,13
54196,19,13
54197,4,13
54198,25,13
54201,8,13
54204,8,13
54206,19,13
54207,8,13
54208,8,13
54212,26,13
54214,10,13
54216,7,13
54217,17,13
54221,27,13
54223,5,13
54224,12,13
54227,20,13
54228,27,13
54229,28,13
54230,27,13
54231,2,13
54233,9,13
54234,17,13
54239,2,13
54241,11,13
54242,18,13
54244,18,13
54246,27,13
54247,27,13
54257,8,13
54258,17,13
54259,19,13
54260,19,13
54262,27,13
54263,19,13
54264,25,13
54266,24,13
54267,18,13
54270,22,13
54271,0,13
54272,2,13
54274,4,13
54275,16,13
54276,27,13
54277,8,13
54279,8,13
54283,8,13
54284,8,13
54286,4,13
54291,26,13
54292,11,13
54293,25,13
54295,16,13
54296,25,13
54297,2,13
54298,5,13
54299,20,13
54300,2,13
54301,16,13
54303,1,13
54305,20,13
54307,10,13
54308,22,13
54314,28,13
54315,18,13
54317,30,13
54321,13,13
54323,20,13
54326,16,13
54328,29,13
54331,16,13
54332,25,13
54335,1,13
54338,11,13
54342,14,13
54343,21,13
54344,30,13
54347,11,13
54349,30,13
54350,30,13
54352,16,13
54356,18,13
54357,30,13
54358,30,13
54360,9,13
54363,18,13
54364,15,13
54365,20,13
54366,20,13
54367,9,13
54368,18,13
54370,17,13
54371,20,13
54372,25,13
54373,5,13
54374,16,13
54375,0,13
54378,20,13
54379,6,13
54381,6,13
54382,10,13
54385,11,13
54389,25,13
54390,25,13
54392,18,13
54393,22,13
54396,18,13
54398,12,13
54402,14,13
54403,9,13
54405,11,13
54406,11,13
54408,17,13
54409,7,13
54411,5,13
54413,6,13
54415,12,13
54416,16,13
54417,29,13
54419,7,13
54420,6,13
54422,2,13
54423,21,13
54424,28,13
54425,30,13
54426,24,13
54427,30,13
54429,16,13
54432,7,13
54434,30,13
54436,16,13
54438,2,13
54439,20,13
54440,10,13
54442,11,13
54443,14,13
54444,21,13
54446,24,13
54448,11,13
54449,12,13
54450,20,13
54451,20,13
54452,20,13
54456,3,13
54458,7,13
54461,12,13
54464,19,13
54465,6,13
54466,14,13
54468,14,13
54472,1,13
54474,10,13
54475,13,13
54481,25,13
54482,5,13
54483,2,13
54484,9,13
54485,2,13
54487,4,13
54489,22,13
54491,0,13
54493,30,13
54494,11,13
54495,11,13
54496,11,13
54498,14,13
54500,3,13
54502,12,13
54503,16,13
54506,12,13
54507,28,13
54508,29,13
54509,7,13
54511,16,13
54516,16,13
54517,4,13
54519,11,13
54521,14,13
54522,21,13
54525,22,13
54527,7,13
54529,24,13
54531,3,13
54533,12,13
54536,9,13
54537,5,13
54538,19,13
54539,18,13
54540,7,13
54541,12,13
54543,1,13
54547,22,13
54548,12,13
54549,1,13
54550,22,13
54552,14,13
54559,5,13
54562,24,13
54563,21,13
54568,4,13
54570,14,13
54571,21,13
54572,30,13
54573,19,13
54574,3,13
54577,21,13
54579,9,13
54580,23,13
54581,3,13
54584,13,13
54585,10,13
54586,10,13
54589,0,13
54591,14,13
54593,13,13
54594,26,13
54595,17,13
54597,4,13
54599,21,13
54603,13,13
54605,4,13
54608,12,13
54609,19,13
54611,9,13
54614,0,13
54618,18,13
54619,0,13
54621,0,13
54622,5,13
54623,17,13
54625,8,13
54627,26,13
54629,8,13
54631,9,13
54634,9,13
54635,8,13
54637,22,13
54640,9,13
54642,22,13
54647,3,13
54650,22,13
54651,8,13
54652,12,13
54653,16,13
54655,5,13
54656,5,13
54657,12,13
54658,22,13
54660,22,13
54661,10,13
54662,7,13
54663,3,13
54665,9,13
54667,25,13
54668,11,13
54670,11,13
54671,11,13
54674,18,13
54676,30,13
54677,30,13
54678,30,13
54683,7,13
54684,24,13
54685,11,13
54687,2,13
54690,2,13
54692,20,13
54695,13,13
54696,24,13
54700,30,13
54701,30,13
54702,30,13
54705,30,13
54706,30,13
54707,25,13
54709,10,13
54713,15,13
54717,16,13
54719,3,13
54723,4,13
54724,6,13
54725,11,13
54726,11,13
54727,3,13
54728,29,13
54729,29,13
54730,30,13
54731,4,13
54732,1,13
54735,13,13
54736,2,13
54737,12,13
54741,10,13
54742,19,13
54743,10,13
54744,20,13
54746,2,13
54749,16,13
54750,18,13
54751,20,13
54752,22,13
54753,12,13
54755,0,13
54759,7,13
54760,18,13
54762,20,13
54764,4,13
54767,9,13
54769,25,13
54770,14,13
54773,16,13
54776,20,13
54778,25,13
54779,14,13
54782,24,13
54783,11,13
54785,21,13
54787,24,13
54788,25,13
54789,30,13
54791,7,13
54792,14,13
54794,7,13
54798,0,13
54803,9,13
54804,4,13
54805,24,13
54806,11,13
54807,6,13
54809,21,13
54810,30,13
54811,24,13
54813,20,13
54814,11,13
54815,14,13
54817,2,13
54819,22,13
54825,4,13
54828,11,13
54829,14,13
54831,11,13
54832,9,13
54835,25,13
54837,20,13
54839,17,13
54844,20,13
54846,15,13
54853,11,13
54854,21,13
54855,9,13
54859,2,13
54861,14,13
54864,28,13
54865,16,13
54866,18,13
54868,20,13
54870,10,13
54872,18,13
54873,15,13
54874,7,13
54876,3,13
54877,4,13
54881,30,13
54882,29,13
54883,29,13
54885,28,13
54887,11,13
54889,11,13
54891,21,13
54893,9,13
54894,14,13
54896,7,13
54897,16,13
54898,18,13
54899,22,13
54900,18,13
54901,20,13
54902,6,13
54903,11,13
54904,0,13
54905,16,13
54906,6,13
54907,22,13
54908,6,13
54910,1,13
54914,12,13
54915,20,13
54919,28,13
54920,22,13
54922,13,13
54925,13,13
54926,2,13
54930,9,13
54931,2,13
54932,20,13
54934,17,13
54938,25,13
54939,18,13
54940,24,13
54944,21,13
54945,24,13
54948,9,13
54949,14,13
54950,16,13
54952,22,13
54953,16,13
54954,5,13
54955,9,13
54956,22,13
54958,11,13
54959,14,13
54960,21,13
54963,5,13
54964,22,13
54966,12,13
54972,18,13
54974,22,13
54977,9,13
54980,4,13
54981,14,13
54982,21,13
54983,14,13
54985,6,13
54988,29,13
54992,0,13
54993,3,13
54996,2,13
54997,7,13
54998,17,13
54999,18,13
55002,15,13
55004,7,13
55005,7,13
55009,20,13
55010,2,13
55012,7,13
55018,20,13
55022,11,13
55023,28,13
55024,2,13
55025,4,13
55028,4,13
55033,4,13
55035,28,13
55039,21,13
55040,4,13
55042,18,13
55045,23,13
55050,22,13
55051,28,13
55053,27,13
55056,22,13
55057,7,13
55060,4,13
55064,28,13
55065,21,13
55066,19,13
55067,9,13
55068,4,13
55073,19,13
55074,4,13
55075,19,13
55079,14,13
55080,2,13
55081,4,13
55085,18,13
55086,4,13
55088,4,13
55091,13,13
55093,0,13
55094,9,13
55095,7,13
55098,31,13
55100,3,13
55101,9,13
55105,4,13
55108,27,13
55112,4,13
55115,6,13
55116,11,13
55117,18,13
55118,19,13
55125,1,13
55132,27,13
55135,11,13
55136,0,13
55137,6,13
55138,11,13
55139,18,13
55140,11,13
55141,4,13
55142,0,13
55143,27,13
55144,28,13
55145,4,13
55148,0,13
55151,27,13
55154,18,13
55156,27,13
55157,27,13
55163,27,13
55164,0,13
55166,18,13
55167,4,13
55169,30,13
55170,4,13
55172,4,13
55173,4,13
55174,4,13
55177,4,13
55179,19,13
55181,11,13
55183,11,13
55187,27,13
55190,26,13
55191,27,13
55193,27,13
55194,27,13
55196,27,13
55198,27,13
55199,27,13
55201,0,13
55202,8,13
55203,18,13
55207,27,13
55212,1,13
55213,0,13
55217,27,13
55218,27,13
55219,26,13
55222,19,13
55223,27,13
55225,27,13
55226,29,13
55227,4,13
55231,27,13
55232,27,13
55234,27,13
55238,27,13
55239,27,13
55242,16,13
55245,27,13
55250,27,13
55252,28,13
55254,16,13
55259,9,13
55260,27,13
55263,16,13
55265,27,13
55266,2,13
55272,18,13
55273,22,13
55274,27,13
55275,19,13
55281,27,13
55285,19,13
55286,28,13
55287,5,13
55288,3,13
55289,3,13
55291,16,13
55292,26,13
55293,18,13
55295,13,13
55297,22,13
55299,7,13
55302,22,13
55303,0,13
55306,27,13
55307,2,13
55310,27,13
55314,4,13
55315,19,13
55317,27,13
55320,22,13
55321,27,13
55322,16,13
55325,18,13
55328,27,13
55334,25,13
55338,11,13
55339,24,13
55340,24,13
55341,9,13
55343,5,13
55345,25,13
55346,24,13
55347,7,13
55348,9,13
55349,20,13
55353,7,13
55354,25,13
55356,20,13
55358,22,13
55359,3,13
55360,15,13
55363,6,13
55364,2,13
55367,25,13
55369,25,13
55370,25,13
55373,14,13
55374,20,13
55375,25,13
55376,30,13
55377,9,13
55379,3,13
55380,25,13
55382,25,13
55383,7,13
55384,3,13
55385,12,13
55386,7,13
55389,27,13
55391,25,13
55394,25,13
55395,17,13
55396,7,13
55397,25,13
55399,25,13
55400,11,13
55403,11,13
55404,11,13
55405,6,13
55407,11,13
55408,6,13
55410,11,13
55411,11,13
55414,11,13
55417,24,13
55418,14,13
55422,25,13
55423,7,13
55425,3,13
55428,18,13
55431,7,13
55434,25,13
55435,7,13
55440,7,13
55442,7,13
55445,19,13
55446,25,13
55447,7,13
55449,25,13
55451,25,13
55454,22,13
55455,2,13
55456,22,13
55457,25,13
55458,7,13
55459,16,13
55462,25,13
55463,19,13
55465,11,13
55469,14,13
55470,11,13
55472,25,13
55473,30,13
55475,25,13
55478,7,13
55481,7,13
55484,7,13
55487,16,13
55488,7,13
55489,7,13
55490,9,13
55492,25,13
55493,7,13
55494,7,13
55495,16,13
55496,2,13
55497,18,13
55500,7,13
55503,2,13
55510,30,13
55515,9,13
55516,3,13
55518,3,13
55519,3,13
55520,25,13
55521,15,13
55523,10,13
55524,30,13
55525,30,13
55526,18,13
55528,7,13
55529,22,13
55530,25,13
55531,16,13
55532,11,13
55534,16,13
55536,11,13
55537,11,13
55538,4,13
55539,11,13
55540,14,13
55542,25,13
55543,9,13
55545,29,13
55548,30,13
55551,25,13
55552,17,13
55555,18,13
55558,25,13
55559,28,13
55560,9,13
55562,28,13
55563,12,13
55564,3,13
55567,25,13
55572,3,13
55574,3,13
55575,3,13
55576,25,13
55579,18,13
55580,3,13
55582,7,13
55583,3,13
55586,25,13
55589,15,13
55590,24,13
55592,4,13
55593,11,13
55594,24,13
55599,21,13
55602,25,13
55603,30,13
55605,7,13
55607,18,13
55608,3,13
55613,22,13
55616,3,13
55624,25,13
55626,16,13
55628,24,13
55629,14,13
55632,14,13
55634,9,13
55635,9,13
55638,3,13
55640,25,13
55641,25,13
55642,28,13
55644,7,13
55646,2,13
55647,7,13
55649,3,13
55650,25,13
55655,3,13
55657,18,13
55660,3,13
55662,3,13
55663,15,13
55664,3,13
55666,3,13
55667,7,13
55670,11,13
55671,11,13
55672,24,13
55675,24,13
55676,14,13
55678,25,13
55682,18,13
55683,2,13
55684,3,13
55686,7,13
55688,3,13
55694,16,13
55695,28,13
55697,24,13
55699,11,13
55703,14,13
55705,10,13
55706,6,13
55707,17,13
55708,22,13
55717,25,13
55719,4,13
55722,3,13
55724,11,13
55725,25,13
55726,23,13
55727,11,13
55730,7,13
55732,3,13
55736,17,13
55737,3,13
55740,25,13
55741,20,13
55742,24,13
55743,24,13
55747,2,13
55749,9,13
55750,25,13
55756,21,13
55759,2,13
55762,25,13
55765,4,13
55767,14,13
55768,21,13
55769,16,13
55772,14,13
55774,21,13
55776,22,13
55777,7,13
55780,29,13
55783,7,13
55784,24,13
55787,24,13
55788,14,13
55789,11,13
55790,7,13
55791,7,13
55793,28,13
55794,22,13
55795,14,13
55796,3,13
55799,24,13
55800,18,13
55801,28,13
55802,3,13
55804,3,13
55806,0,13
55815,7,13
55816,19,13
55821,27,13
55824,27,13
55825,3,13
55827,27,13
55832,7,13
55834,3,13
55836,25,13
55837,4,13
55838,6,13
55840,11,13
55843,22,13
55844,21,13
55845,2,13
55846,14,13
55847,9,13
55849,7,13
55851,18,13
55853,27,13
55854,28,13
55855,25,13
55857,24,13
55858,4,13
55861,17,13
55862,27,13
55865,4,13
55866,14,13
55867,25,13
55870,22,13
55874,9,13
55875,28,13
55876,26,13
55879,27,13
55882,27,13
55884,7,13
55886,7,13
55887,18,13
55888,3,13
55889,27,13
55893,3,13
55895,27,13
55899,3,13
55903,27,13
55905,18,13
55907,18,13
55908,19,13
55917,27,13
55921,19,13
55923,27,13
55925,18,13
55926,27,13
55927,18,13
55929,9,13
55930,27,13
55932,19,13
55933,18,13
55937,0,13
55938,7,13
55939,4,13
55940,27,13
55944,27,13
55948,4,13
55949,27,13
55950,27,13
55952,27,13
55953,9,13
55955,7,13
55960,18,13
55962,22,13
55964,4,13
55968,7,13
55969,27,13
55970,26,13
55972,27,13
55973,27,13
55974,7,13
55976,9,13
55977,28,13
55978,25,13
55979,29,13
55980,2,13
55981,5,13
55984,22,13
55986,28,13
55987,22,13
55988,22,13
55990,27,13
55993,27,13
55995,27,13
55996,27,13
55997,27,13
56000,27,13
56001,9,13
56002,10,13
56007,25,13
56008,25,13
56009,25,13
56011,11,13
56013,28,13
56014,6,13
56016,25,13
56018,11,13
56019,6,13
56021,11,13
56024,24,13
56027,30,13
56028,30,13
56029,5,13
56031,7,13
56033,25,13
56034,3,13
56036,25,13
56037,30,13
56038,25,13
56039,25,13
56040,29,13
56041,10,13
56043,0,13
56047,25,13
56048,28,13
56051,1,13
56054,25,13
56055,0,13
56056,6,13
56059,19,13
56062,9,13
56065,25,13
56066,20,13
56067,25,13
56069,25,13
56070,25,13
56072,3,13
56073,25,13
56075,25,13
56077,16,13
56079,1,13
56080,7,13
56082,20,13
56083,17,13
56084,2,13
56085,9,13
56089,0,13
56090,11,13
56097,7,13
56098,9,13
56100,30,13
56101,9,13
56103,2,13
56104,5,13
56106,4,13
56107,24,13
56110,22,13
56111,22,13
56113,21,13
56114,9,13
56118,6,13
56119,10,13
56124,22,13
56127,0,13
56128,12,13
56129,2,13
56130,9,13
56134,0,13
56135,17,13
56136,7,13
56137,5,13
56139,9,13
56140,7,13
56142,28,13
56145,29,13
56146,18,13
56155,13,13
56156,7,13
56157,22,13
56158,25,13
56161,19,13
56163,7,13
56164,18,13
56166,18,13
56167,13,13
56168,11,13
56169,4,13
56171,24,13
56175,0,13
56177,17,13
56180,25,13
56181,28,13
56182,28,13
56183,18,13
56185,20,13
56186,28,13
56187,15,13
56189,30,13
56190,30,13
56191,18,13
56192,25,13
56197,3,13
56199,4,13
56201,10,13
56204,0,13
56205,14,13
56208,30,13
56211,3,13
56212,10,13
56213,12,13
56214,12,13
56216,11,13
56217,7,13
56219,30,13
56220,7,13
56222,15,13
56223,3,13
56225,30,13
56229,13,13
56230,30,13
56231,5,13
56236,9,13
56237,10,13
56239,14,13
56242,28,13
56244,23,13
56245,7,13
56246,16,13
56248,9,13
56252,5,13
56255,10,13
56259,18,13
56261,5,13
56262,24,13
56265,25,13
56266,23,13
56267,1,13
56272,6,13
56274,14,13
56275,17,13
56277,28,13
56279,18,13
56281,11,13
56283,16,13
56285,24,13
56286,7,13
56287,5,13
56288,1,13
56290,10,13
56293,28,13
56295,13,13
56296,24,13
56299,6,13
56300,14,13
56301,2,13
56302,9,13
56303,4,13
56304,15,13
56311,23,13
56312,5,13
56320,19,13
56322,23,13
56323,24,13
56324,24,13
56328,23,13
56330,23,13
56331,30,13
56334,23,13
56335,23,13
56336,23,13
56337,10,13
56338,18,13
56340,9,13
56343,7,13
56345,4,13
56346,9,13
56347,9,13
56348,14,13
56349,20,13
56351,23,13
56352,24,13
56353,24,13
56355,2,13
56357,18,13
56359,15,13
56362,24,13
56364,10,13
56367,29,13
56368,16,13
56370,15,13
56374,16,13
56375,24,13
56376,28,13
56379,5,13
56380,22,13
56383,16,13
56384,18,13
56385,3,13
56386,10,13
56391,4,13
56393,21,13
56394,5,13
56404,28,13
56405,24,13
56407,17,13
56409,19,13
56410,9,13
56412,22,13
56413,17,13
56417,2,13
56418,18,13
56419,23,13
56420,24,13
56421,15,13
56423,23,13
56424,9,13
56426,23,13
56427,30,13
56429,16,13
56431,17,13
56432,9,13
56434,28,13
56442,26,13
56443,15,13
56444,28,13
56445,15,13
56448,26,13
56449,25,13
56451,3,13
56452,10,13
56454,23,13
56455,4,13
56456,6,13
56457,14,13
56458,21,13
56459,28,13
56460,17,13
56461,3,13
56462,9,13
56464,23,13
56466,25,13
56468,5,13
56474,29,13
56475,30,13
56476,30,13
56477,28,13
56483,23,13
56484,4,13
56486,10,13
56487,10,13
56489,9,13
56495,23,13
56496,0,13
56497,15,13
56498,20,13
56502,3,13
56504,23,13
56506,18,13
56507,24,13
56508,5,13
56509,24,13
56512,3,13
56514,22,13
56515,26,13
56517,23,13
56518,2,13
56519,18,13
56520,18,13
56522,23,13
56524,5,13
56528,23,13
56530,9,13
56533,6,13
56534,23,13
56537,5,13
56538,23,13
56540,5,13
56542,7,13
56544,0,13
56545,6,13
56546,1,13
56554,15,13
56555,16,13
56557,23,13
56559,29,13
56560,10,13
56562,28,13
56564,17,13
56566,23,13
56567,13,13
56571,23,13
56576,1,13
56579,24,13
56580,24,13
56581,24,13
56584,23,13
56587,23,13
56590,18,13
56593,23,13
56595,23,13
56596,6,13
56598,0,13
56599,18,13
56601,7,13
56602,17,13
56603,17,13
56604,24,13
56606,1,13
56608,1,13
56609,17,13
56610,23,13
56612,16,13
56613,25,13
56616,1,13
56617,1,13
56619,1,13
56621,3,13
56626,4,13
56629,24,13
56631,19,13
56634,7,13
56637,0,13
56640,24,13
56642,24,13
56645,0,13
56646,23,13
56647,10,13
56649,24,13
56650,28,13
56651,24,13
56653,4,13
56654,24,13
56656,28,13
56658,24,13
56659,4,13
56660,24,13
56662,28,13
56666,3,13
56667,10,13
56668,18,13
56669,10,13
56671,6,13
56672,23,13
56673,4,13
56674,10,13
56675,6,13
56678,30,13
56684,10,13
56685,6,13
56687,30,13
56688,3,13
56689,3,13
56691,3,13
56692,6,13
56694,10,13
56695,24,13
56696,24,13
56703,15,13
56705,28,13
56706,29,13
56708,29,13
56709,24,13
56710,17,13
56711,3,13
56712,18,13
56713,24,13
56716,6,13
56717,24,13
56719,9,13
56721,0,13
56723,12,13
56727,18,13
56728,29,13
56729,24,13
56732,9,13
56734,16,13
56736,1,13
56737,28,13
56740,24,13
56742,18,13
56743,28,13
56744,12,13
56745,4,13
56748,29,13
56749,10,13
56752,24,13
56753,14,13
56755,3,13
56756,24,13
56757,24,13
56760,24,13
56761,24,13
56762,24,13
56765,18,13
56766,9,13
56767,29,13
56770,3,13
56773,4,13
56774,14,13
56775,28,13
56777,1,13
56778,22,13
56780,16,13
56781,12,13
56783,0,13
56785,1,13
56789,25,13
56791,1,13
56794,1,13
56796,9,13
56797,25,13
56798,24,13
56801,24,13
56803,30,13
56814,22,13
56817,14,13
56818,2,13
56821,24,13
56823,9,13
56824,28,13
56825,28,13
56826,18,13
56828,29,13
56829,9,13
56832,4,13
56833,24,13
56834,2,13
56836,9,13
56837,24,13
56838,10,13
56839,5,13
56841,1,13
56842,24,13
56845,12,13
56847,18,13
56853,30,13
56854,3,13
56855,0,13
56856,28,13
56859,22,13
56860,18,13
56861,13,13
56863,18,13
56867,7,13
56870,7,13
56871,7,13
56874,7,13
56876,7,13
56877,22,13
56883,7,13
56890,13,13
56891,5,13
56894,9,13
56897,0,13
56900,28,13
56904,28,13
56905,19,13
56906,3,13
56907,18,13
56909,18,13
56910,10,13
56913,1,13
56916,19,13
56917,27,13
56926,15,13
56927,5,13
56928,9,13
56930,7,13
56931,2,13
56932,7,13
56933,22,13
56934,22,13
56935,7,13
56937,9,13
56939,12,13
56940,3,13
56941,7,13
56943,27,13
56944,0,13
56945,9,13
56946,0,13
56948,19,13
56952,13,13
56954,7,13
56956,24,13
56957,7,13
56962,2,13
56966,2,13
56968,22,13
56969,7,13
56970,2,13
56978,22,13
56983,28,13
56988,15,13
56990,9,13
56992,12,13
56996,5,13
56998,10,13
57001,8,13
57002,16,13
57006,22,13
57007,22,13
57008,10,13
57011,18,13
57015,24,13
57018,9,13
57019,22,13
57020,22,13
57023,22,13
57025,20,13
57030,22,13
57031,18,13
57034,9,13
57036,22,13
57037,12,13
57038,22,13
57040,3,13
57044,25,13
57045,10,13
57046,22,13
57047,5,13
57048,3,13
57049,7,13
57050,16,13
57051,12,13
57053,12,13
57054,1,13
57057,25,13
57058,17,13
57059,17,13
57060,25,13
57063,16,13
57066,11,13
57067,14,13
57068,10,13
57069,16,13
57070,15,13
57071,20,13
57073,1,13
57076,14,13
57077,4,13
57078,9,13
57082,16,13
57084,18,13
57085,2,13
57086,12,13
57088,20,13
57090,4,13
57092,21,13
57094,9,13
57095,20,13
57096,20,13
57097,20,13
57098,22,13
57099,15,13
57100,15,13
57101,20,13
57102,14,13
57105,21,13
57106,2,13
57111,28,13
57112,16,13
57113,14,13
57116,4,13
57117,19,13
57118,14,13
57122,20,13
57123,5,13
57126,15,13
57127,28,13
57128,13,13
57129,9,13
57131,14,13
57136,22,13
57137,5,13
57139,19,13
57140,17,13
57143,0,13
57144,22,13
57145,4,13
57151,22,13
57152,14,13
57157,10,13
57159,14,13
57160,21,13
57161,29,13
57164,15,13
57165,2,13
57166,12,13
57168,29,13
57171,13,13
57173,25,13
57176,4,13
57177,14,13
57179,2,13
57180,2,13
57181,5,13
57182,6,13
57186,25,13
57188,5,13
57192,2,13
57195,17,13
57200,14,13
57208,21,13
57209,10,13
57212,23,13
57213,24,13
57215,4,13
57216,5,13
57217,2,13
57218,6,13
57220,4,13
57222,30,13
57224,9,13
57227,3,13
57231,3,13
57234,0,13
57236,7,13
57237,3,13
57242,3,13
57243,7,13
57246,5,13
57249,0,13
57252,29,13
57258,7,13
57259,4,13
57261,27,13
57269,13,13
57270,7,13
57271,7,13
57273,7,13
57274,7,13
57280,18,13
57281,3,13
57282,7,13
57283,3,13
57286,11,13
57288,14,13
57289,5,13
57292,7,13
57293,30,13
57296,31,13
57297,19,13
57299,27,13
57301,11,13
57303,0,13
57309,27,13
57310,4,13
57311,27,13
57312,4,13
57313,27,13
57316,27,13
57317,3,13
57318,2,13
57319,27,13
57322,27,13
57323,3,13
57328,3,13
57329,3,13
57330,16,13
57332,27,13
57334,22,13
57335,27,13
57337,0,13
57339,4,13
57340,19,13
57341,11,13
57342,19,13
57343,11,13
57345,27,13
57347,7,13
57348,7,13
57349,7,13
57351,13,13
57354,19,13
57355,27,13
57356,10,13
57359,19,13
57360,13,13
57361,9,13
57362,1,13
57363,18,13
57365,4,13
57368,14,13
57369,2,13
57370,23,13
57374,20,13
57375,5,13
57376,20,13
57377,23,13
57379,1,13
57380,4,13
57383,21,13
57385,9,13
57386,10,13
57387,23,13
57390,1,13
57394,23,13
57397,13,13
57400,4,13
57401,10,13
57404,18,13
57406,11,13
57408,11,13
57412,18,13
57413,18,13
57416,9,13
57419,16,13
57420,28,13
57421,28,13
57422,10,13
57424,9,13
57425,1,13
57430,1,13
57431,10,13
57432,28,13
57434,4,13
57436,6,13
57437,14,13
57438,24,13
57444,17,13
57445,28,13
57446,23,13
57447,9,13
57448,19,13
57451,20,13
57452,7,13
57453,13,13
57459,23,13
57460,2,13
57461,22,13
57462,9,13
57463,23,13
57466,23,13
57469,13,13
57471,23,13
57472,6,13
57474,2,13
57476,24,13
57478,17,13
57481,23,13
57482,16,13
57484,24,13
57486,16,13
57488,23,13
57489,2,13
57490,16,13
57491,22,13
57495,1,13
57497,24,13
57501,12,13
57503,28,13
57504,16,13
57506,12,13
57507,18,13
57508,2,13
57510,16,13
57511,16,13
57512,23,13
57513,7,13
57515,23,13
57516,28,13
57517,9,13
57523,24,13
57524,24,13
57525,10,13
57526,0,13
57528,13,13
57533,5,13
57534,1,13
57536,1,13
57537,7,13
57540,19,13
57543,19,13
57546,16,13
57551,1,13
57552,10,13
57553,13,13
57555,23,13
57556,29,13
57559,25,13
57561,18,13
57565,1,13
57566,18,13
57568,25,13
57570,12,13
57575,0,13
57576,26,13
57577,26,13
57578,15,13
57579,15,13
57581,26,13
57582,26,13
57583,26,13
57586,19,13
57588,26,13
57592,11,13
57598,22,13
57599,25,13
57601,13,13
57604,2,13
57605,10,13
57606,15,13
57610,28,13
57611,15,13
57613,28,13
57617,15,13
57618,9,13
57621,9,13
57622,15,13
57624,30,13
57625,16,13
57626,16,13
57627,24,13
57628,24,13
57629,23,13
57630,28,13
57633,13,13
57634,15,13
57636,22,13
57640,30,13
57641,13,13
57642,4,13
57643,14,13
57644,21,13
57646,26,13
57648,1,13
57650,22,13
57651,22,13
57652,27,13
57657,21,13
57659,12,13
57661,28,13
57663,28,13
57664,15,13
57665,5,13
57666,22,13
57667,22,13
57668,4,13
57669,0,13
57670,4,13
57671,13,13
57672,23,13
57673,13,13
57674,17,13
57675,13,13
57678,12,13
57680,4,13
57681,16,13
57682,0,13
57685,24,13
57686,24,13
57687,2,13
57689,22,13
57691,3,13
57695,3,13
57696,3,13
57697,19,13
57699,22,13
57700,9,13
57704,27,13
57706,23,13
57709,3,13
57710,28,13
57712,28,13
57715,7,13
57717,9,13
57718,5,13
57721,22,13
57723,13,13
57725,12,13
57729,24,13
57734,0,13
57736,0,13
57738,30,13
57739,0,13
57741,17,13
57742,0,13
57746,9,13
57747,15,13
57749,12,13
57750,23,13
57754,1,13
57756,16,13
57758,9,13
57759,23,13
57762,9,13
57763,29,13
57764,18,13
57765,18,13
57768,7,13
57770,10,13
57777,28,13
57778,23,13
57779,10,13
57780,24,13
57783,10,13
57787,4,13
57790,0,13
57792,0,13
57798,0,13
57800,10,13
57807,30,13
57808,31,13
57809,13,13
57810,0,13
57815,20,13
57816,20,13
57817,12,13
57818,9,13
57820,10,13
57821,0,13
57825,24,13
57827,14,13
57831,7,13
57833,29,13
57834,18,13
57835,0,13
57837,0,13
57838,2,13
57839,30,13
57842,0,13
57843,0,13
57844,0,13
57845,0,13
57846,24,13
57850,18,13
57855,23,13
57859,12,13
57860,10,13
57862,11,13
57864,0,13
57869,29,13
57870,19,13
57877,23,13
57878,13,13
57881,13,13
57882,23,13
57884,0,13
57887,23,13
57890,3,13
57891,0,13
57892,27,13
57896,23,13
57897,0,13
57898,0,13
57900,0,13
57901,31,13
57903,12,13
57904,9,13
57905,1,13
57909,0,13
57910,12,13
57912,0,13
57914,9,13
57915,3,13
57916,4,13
57917,18,13
57918,3,13
57919,0,13
57921,12,13
57922,0,13
57925,0,13
57927,0,13
57928,29,13
57930,0,13
57931,0,13
57933,20,13
57936,24,13
57938,5,13
57945,18,13
57946,23,13
57947,4,13
57950,3,13
57951,1,13
57952,9,13
57957,18,13
57958,10,13
57960,23,13
57967,0,13
57968,16,13
57969,0,13
57971,13,13
57972,23,13
57973,5,13
57974,27,13
57975,15,13
57976,0,13
57978,10,13
57979,4,13
57982,25,13
57984,0,13
57989,0,13
57990,25,13
57991,13,13
57992,0,13
57994,0,13
57996,12,13
57997,0,13
57998,0,13
58000,12,13
58003,0,13
58007,0,13
58010,23,13
58011,0,13
58012,0,13
58015,10,13
58018,3,13
58019,0,13
58021,0,13
58023,0,13
58030,0,13
58033,7,13
58034,23,13
58036,3,13
58037,0,13
58038,0,13
58039,18,13
58040,2,13
58041,27,13
58042,4,13
58044,0,13
58048,0,13
58050,3,13
58052,0,13
58055,11,13
58056,28,13
58057,19,13
58059,12,13
58060,0,13
58061,12,13
58062,19,13
58064,10,13
58069,23,13
58071,0,13
58072,0,13
58076,0,13
58077,18,13
58078,28,13
58079,8,13
58080,17,13
58082,11,13
58083,23,13
58085,23,13
58088,0,13
58089,0,13
58090,20,13
58091,7,13
58093,0,13
58094,28,13
58100,4,13
58101,8,13
58102,6,13
58106,4,13
58107,8,13
58109,28,13
58110,8,13
58111,9,13
58113,27,13
58114,27,13
58116,23,13
58118,23,13
58119,27,13
58120,4,13
58121,19,13
58124,7,13
58125,9,13
58127,19,13
58128,9,13
58129,23,13
58131,27,13
58134,3,13
58135,23,13
58138,28,13
58140,5,13
58143,27,13
58145,22,13
58149,9,13
58152,18,13
58154,28,13
58155,0,13
58156,0,13
58157,24,13
58158,12,13
58159,18,13
58162,17,13
58164,0,13
58165,0,13
58170,28,13
58173,9,13
58174,29,13
58178,24,13
58179,8,13
58180,23,13
58181,8,13
58183,16,13
58184,8,13
58189,3,13
58191,12,13
58193,7,13
58195,2,13
58196,30,13
58197,30,13
58198,30,13
58199,30,13
58200,4,13
58201,9,13
58202,18,13
58203,20,13
58205,30,13
58206,1,13
58207,3,13
58208,18,13
58210,11,13
58211,7,13
58214,1,13
58216,7,13
58218,28,13
58221,1,13
58222,1,13
58223,9,13
58227,7,13
58231,7,13
58233,12,13
58234,7,13
58237,3,13
58239,0,13
58240,7,13
58242,5,13
58244,19,13
58245,5,13
58250,6,13
58252,14,13
58254,5,13
58256,30,13
58257,2,13
58258,28,13
58262,29,13
58264,1,13
58267,5,13
58269,12,13
58270,28,13
58273,2,13
58275,1,13
58276,7,13
58280,17,13
58284,2,13
58286,4,13
58287,11,13
58288,24,13
58290,11,13
58291,14,13
58292,24,13
58294,30,13
58296,1,13
58297,1,13
58298,9,13
58299,17,13
58300,30,13
58302,13,13
58304,0,13
58306,12,13
58307,18,13
58309,16,13
58310,18,13
58311,30,13
58313,10,13
58316,22,13
58317,3,13
58318,6,13
58319,9,13
58320,13,13
58322,9,13
58324,10,13
58325,13,13
58331,16,13
58337,2,13
58338,18,13
58339,12,13
58341,3,13
58343,14,13
58344,18,13
58347,30,13
58349,30,13
58350,30,13
58351,11,13
58352,9,13
58355,5,13
58356,12,13
58357,15,13
58359,30,13
58361,16,13
58362,12,13
58364,12,13
58365,22,13
58366,30,13
58368,26,13
58370,10,13
58371,24,13
58372,24,13
58373,4,13
58374,9,13
58375,5,13
58377,0,13
58378,14,13
58379,13,13
58380,24,13
58381,29,13
58383,16,13
58385,30,13
58387,0,13
58388,16,13
58393,9,13
58395,12,13
58402,5,13
58403,18,13
58404,2,13
58405,12,13
58409,24,13
58410,5,13
58411,18,13
58412,4,13
58416,18,13
58417,6,13
58421,13,13
58424,3,13
58425,3,13
58427,22,13
58429,12,13
58430,3,13
58432,12,13
58435,12,13
58437,17,13
58439,12,13
58442,30,13
58448,24,13
58449,1,13
58452,6,13
58454,14,13
58455,21,13
58459,10,13
58460,0,13
58462,20,13
58463,12,13
58468,9,13
58469,11,13
58470,12,13
58471,22,13
58474,17,13
58477,15,13
58483,3,13
58484,12,13
58487,12,13
58488,30,13
58490,15,13
58492,24,13
58493,13,13
58494,9,13
58495,16,13
58496,1,13
58500,12,13
58501,14,13
58503,5,13
58505,5,13
58508,30,13
58509,30,13
58510,19,13
58511,7,13
58516,0,13
58518,9,13
58519,12,13
58522,29,13
58525,9,13
58526,18,13
58530,13,13
58532,26,13
58533,12,13
58534,12,13
58538,10,13
58539,29,13
58540,9,13
58545,24,13
58546,3,13
58549,12,13
58551,2,13
58553,1,13
58554,0,13
58555,10,13
58556,1,13
58558,24,13
58562,3,13
58563,2,13
58564,2,13
58567,11,13
58569,13,13
58572,24,13
58573,0,13
58575,21,13
58577,25,13
58583,18,13
58589,15,13
58591,10,13
58593,13,13
58599,13,13
58604,10,13
58605,12,13
58610,5,13
58614,16,13
58617,10,13
58619,0,13
58622,25,13
58623,25,13
58624,10,13
58625,25,13
58628,28,13
58629,13,13
58631,16,13
58632,6,13
58633,0,13
58634,3,13
58635,25,13
58637,3,13
58638,22,13
58640,7,13
58644,5,13
58646,12,13
58651,26,13
58652,10,13
58657,1,13
58658,15,13
58659,3,13
58662,3,13
58663,2,13
58664,15,13
58665,3,13
58666,15,13
58667,26,13
58668,12,13
58669,22,13
58670,19,13
58673,5,13
58674,0,13
58675,13,13
58678,12,13
58680,0,13
58681,9,13
58683,5,13
58684,13,13
58685,1,13
58686,26,13
58690,0,13
58691,10,13
58693,12,13
58695,0,13
58696,15,13
58698,0,13
58699,19,13
58700,11,13
58702,4,13
58705,12,13
58707,14,13
58708,3,13
58710,21,13
58713,12,13
58716,10,13
58717,24,13
58718,0,13
58721,28,13
58725,20,13
58727,30,13
58729,19,13
58731,29,13
58732,3,13
58736,7,13
58740,19,13
58743,12,13
58746,9,13
58747,3,13
58748,18,13
58750,22,13
58752,3,13
58753,2,13
58757,5,13
58758,18,13
58761,20,13
58767,0,13
58768,3,13
58771,26,13
58772,9,13
58774,26,13
58776,5,13
58777,30,13
58778,3,13
58779,26,13
58780,3,13
58781,2,13
58789,19,13
58790,14,13
58793,11,13
58794,2,13
58795,30,13
58797,22,13
58800,9,13
58801,18,13
58804,7,13
58805,2,13
58807,26,13
58808,17,13
58809,5,13
58811,13,13
58814,19,13
58815,10,13
58816,5,13
58818,28,13
58821,20,13
58825,18,13
58831,7,13
58832,18,13
58833,0,13
58834,4,13
58836,7,13
58837,2,13
58838,12,13
58839,24,13
58840,0,13
58842,0,13
58843,13,13
58845,20,13
58846,15,13
58848,12,13
58850,10,13
58853,12,13
58857,4,13
58863,5,13
58864,3,13
58868,7,13
58869,2,13
58873,13,13
58874,9,13
58875,10,13
58877,20,13
58878,10,13
58881,3,13
58883,9,13
58885,30,13
58887,12,13
58888,26,13
58889,26,13
58890,15,13
58891,5,13
58893,30,13
58895,16,13
58902,20,13
58903,9,13
58904,22,13
58907,26,13
58908,19,13
58909,17,13
58911,15,13
58912,2,13
58913,26,13
58917,12,13
58919,22,13
58924,18,13
58925,5,13
58930,13,13
58931,26,13
58932,11,13
58934,2,13
58937,1,13
58938,13,13
58939,13,13
58941,18,13
58946,9,13
58948,3,13
58950,16,13
58955,7,13
58961,18,13
58963,1,13
58964,13,13
58965,12,13
58966,2,13
58969,10,13
58970,5,13
58972,12,13
58974,13,13
58980,0,13
58982,11,13
58983,9,13
58987,15,13
58988,9,13
58991,13,13
58993,19,13
58994,3,13
58998,0,13
59000,9,13
59001,0,13
59005,28,13
59006,19,13
59007,2,13
59008,28,13
59009,13,13
59011,5,13
59012,16,13
59013,16,13
59017,7,13
59028,13,13
59029,1,13
59034,27,13
59036,31,13
59037,31,13
59038,15,13
59039,31,13
59041,4,13
59044,31,13
59050,30,13
59054,15,13
59057,18,13
59060,12,13
59061,10,13
59062,2,13
59065,15,13
59067,15,13
59068,12,13
59071,10,13
59073,19,13
59078,4,13
59080,18,13
59084,13,13
59086,0,13
59088,3,13
59091,16,13
59093,16,13
59096,5,13
59098,4,13
59100,17,13
59102,10,13
59103,14,13
59104,13,13
59105,21,13
59106,1,13
59107,13,13
59109,31,13
59110,15,13
59112,11,13
59116,22,13
59118,1,13
59122,3,13
59124,15,13
59127,20,13
59128,3,13
59134,16,13
59135,15,13
59137,30,13
59138,18,13
59139,18,13
59140,0,13
59141,11,13
59142,16,13
59144,10,13
59146,10,13
59147,18,13
59148,18,13
59149,24,13
59152,10,13
59153,0,13
59154,27,13
59157,4,13
59158,9,13
59159,19,13
59160,27,13
59161,0,13
59162,10,13
59166,0,13
59168,10,13
59170,11,13
59173,7,13
59176,13,13
59177,12,13
59178,27,13
59181,15,13
59186,0,13
59188,18,13
59192,27,13
59193,2,13
59194,27,13
59195,5,13
59200,28,13
59202,18,13
59203,27,13
59205,27,13
59206,30,13
59208,27,13
59209,13,13
59210,16,13
59211,7,13
59212,0,13
59218,27,13
59221,28,13
59224,27,13
59227,4,13
59230,27,13
59233,13,13
59236,13,13
59237,13,13
59239,5,13
59240,0,13
59242,3,13
59243,3,13
59244,11,13
59245,0,13
59248,18,13
59249,0,13
59250,5,13
59253,27,13
59255,5,13
59256,19,13
59259,4,13
59260,11,13
59265,27,13
59266,15,13
59268,0,13
59271,15,13
59276,0,13
59277,27,13
59279,0,13
59280,2,13
59281,27,13
59282,12,13
59284,10,13
59285,10,13
59288,5,13
59290,22,13
59291,1,13
59293,1,13
59294,9,13
59295,6,13
59296,0,13
59297,10,13
59298,27,13
59299,19,13
59302,27,13
59307,19,13
59308,27,13
59309,19,13
59310,27,13
59311,18,13
59313,0,13
59318,19,13
59320,28,13
59322,18,13
59323,9,13
59325,9,13
59326,17,13
59329,16,13
59333,27,13
59335,17,13
59338,16,13
59339,5,13
59340,9,13
59344,18,13
59345,19,13
59346,27,13
59348,12,13
59349,3,13
59352,12,13
59355,19,13
59357,27,13
59358,4,13
59359,18,13
59360,16,13
59362,5,13
59363,3,13
59364,27,13
59365,28,13
59366,9,13
59367,16,13
59368,16,13
59369,27,13
59370,9,13
59373,28,13
59374,3,13
59375,27,13
59377,2,13
59380,6,13
59381,0,13
59384,27,13
59385,27,13
59386,3,13
59387,15,13
59388,16,13
59390,16,13
59391,18,13
59392,18,13
59393,3,13
59394,3,13
59396,3,13
59400,5,13
59403,18,13
59404,3,13
59406,22,13
59409,28,13
59410,18,13
59411,22,13
59419,16,13
59420,5,13
59421,19,13
59425,10,13
59427,18,13
59428,30,13
59431,19,13
59433,10,13
59434,5,13
59435,9,13
59437,28,13
59438,16,13
59442,27,13
59445,27,13
59446,26,13
59447,22,13
59448,22,13
59450,18,13
59452,26,13
59455,28,13
59456,9,13
59457,1,13
59458,20,13
59463,7,13
59464,15,13
59465,15,13
59467,30,13
59471,28,13
59472,28,13
59475,18,13
59476,0,13
59477,9,13
59479,18,13
59480,3,13
59482,5,13
59490,16,13
59492,24,13
59493,16,13
59498,12,13
59499,28,13
59501,3,13
59504,26,13
59505,27,13
59506,5,13
59510,16,13
59511,8,13
59512,12,13
59513,19,13
59515,3,13
59517,13,13
59519,20,13
59521,13,13
59522,22,13
59523,28,13
59524,18,13
59525,5,13
59527,9,13
59528,27,13
59531,16,13
59532,16,13
59533,5,13
59535,22,13
59540,5,13
59541,22,13
59543,9,13
59545,28,13
59548,28,13
59553,13,13
59554,9,13
59558,28,13
59559,28,13
59561,28,13
59562,2,13
59563,16,13
59565,16,13
59569,13,13
59573,3,13
59576,22,13
59578,5,13
59579,22,13
59582,27,13
59583,3,13
59585,22,13
59586,22,13
59589,28,13
59590,19,13
59591,6,13
59597,2,13
59598,2,13
59599,19,13
59601,13,13
59604,16,13
59605,16,13
59609,24,13
59614,22,13
59616,12,13
59619,22,13
59620,28,13
59621,10,13
59623,27,13
59626,5,13
59627,2,13
59628,22,13
59631,19,13
59632,13,13
59636,27,13
59637,27,13
59639,10,13
59640,16,13
59641,16,13
59642,27,13
59644,10,13
59645,4,13
59646,12,13
59647,18,13
59649,27,13
59653,27,13
59654,5,13
59656,11,13
59657,27,13
59661,18,13
59662,0,13
59663,0,13
59666,16,13
59667,0,13
59672,9,13
59674,8,13
59678,16,13
59679,27,13
59680,5,13
59681,5,13
59684,20,13
59685,2,13
59686,10,13
59688,11,13
59689,28,13
59691,28,13
59692,9,13
59693,20,13
59695,16,13
59697,16,13
59699,23,13
59700,26,13
59702,5,13
59703,5,13
59705,10,13
59706,22,13
59708,26,13
59712,0,13
59713,28,13
59714,13,13
59716,10,13
59723,12,13
59725,18,13
59726,25,13
59728,16,13
59729,9,13
59731,30,13
59732,29,13
59733,5,13
59734,24,13
59740,26,13
59741,0,13
59743,5,13
59744,30,13
59745,1,13
59748,12,13
59752,13,13
59755,20,13
59759,0,13
59760,13,13
59761,5,13
59769,25,13
59770,6,13
59771,25,13
59775,30,13
59776,25,13
59777,6,13
59779,28,13
59780,11,13
59781,25,13
59782,30,13
59785,29,13
59788,3,13
59793,6,13
59795,20,13
59800,6,13
59803,11,13
59804,11,13
59806,6,13
59808,11,13
59809,5,13
59813,0,13
59814,2,13
59815,16,13
59818,22,13
59820,22,13
59822,3,13
59824,1,13
59825,7,13
59826,16,13
59827,12,13
59828,18,13
59832,4,13
59833,14,13
59835,22,13
59836,11,13
59837,11,13
59841,6,13
59844,11,13
59845,29,13
59847,6,13
59852,11,13
59854,20,13
59856,25,13
59857,20,13
59859,2,13
59861,16,13
59862,16,13
59864,20,13
59865,2,13
59868,16,13
59873,20,13
59876,2,13
59878,7,13
59880,25,13
59881,13,13
59882,4,13
59885,14,13
59897,11,13
59898,6,13
59899,4,13
59904,3,13
59905,18,13
59906,20,13
59907,16,13
59908,13,13
59910,3,13
59911,13,13
59913,3,13
59914,29,13
59915,3,13
59918,0,13
59920,29,13
59922,25,13
59923,7,13
59925,16,13
59926,4,13
59927,14,13
59928,14,13
59929,6,13
59930,11,13
59932,11,13
59934,6,13
59942,11,13
59943,15,13
59944,11,13
59950,5,13
59955,9,13
59956,9,13
59957,6,13
59959,22,13
59960,7,13
59963,7,13
59964,29,13
59968,0,13
59970,15,13
59971,16,13
59972,6,13
59973,4,13
59974,14,13
59975,24,13
59982,11,13
59983,9,13
59985,6,13
59986,19,13
59987,15,13
59988,15,13
59989,2,13
59990,4,13
59992,24,13
59994,7,13
59995,16,13
59996,17,13
60001,13,13
60003,2,13
60005,22,13
60007,5,13
60008,9,13
60009,13,13
60013,11,13
60014,16,13
60015,4,13
60016,14,13
60017,14,13
60018,21,13
60020,18,13
60023,30,13
60025,11,13
60026,22,13
60033,9,13
60034,13,13
60036,11,13
60037,4,13
60039,25,13
60041,21,13
60042,6,13
60043,7,13
60052,24,13
60055,7,13
60056,7,13
60057,9,13
60059,25,13
60060,14,13
60065,22,13
60066,15,13
60073,13,13
60074,14,13
60075,28,13
60076,29,13
60079,29,13
60080,13,13
60081,4,13
60082,14,13
60086,7,13
60087,5,13
60088,25,13
60090,28,13
60093,29,13
60095,9,13
60097,7,13
60099,19,13
60105,10,13
60106,10,13
60111,7,13
60113,20,13
60116,28,13
60121,20,13
60125,25,13
60130,11,13
60132,11,13
60133,11,13
60134,18,13
60136,18,13
60137,3,13
60138,3,13
60141,25,13
60143,3,13
60144,9,13
60145,6,13
60146,25,13
60147,3,13
60150,25,13
60151,0,13
60152,24,13
60154,17,13
60157,3,13
60158,15,13
60163,4,13
60164,14,13
60165,12,13
60166,20,13
60168,21,13
60169,5,13
60170,9,13
60171,19,13
60172,1,13
60173,0,13
60176,16,13
60177,19,13
60181,5,13
60182,1,13
60183,2,13
60187,0,13
60190,14,13
60192,3,13
60193,9,13
60195,7,13
60198,5,13
60199,2,13
60202,4,13
60203,21,13
60205,28,13
60206,19,13
60212,27,13
60214,21,13
60215,16,13
60219,3,13
60220,9,13
60221,28,13
60223,20,13
60224,4,13
60225,22,13
60226,21,13
60227,11,13
60228,5,13
60230,17,13
60232,3,13
60234,9,13
60235,9,13
60239,1,13
60242,18,13
60243,15,13
60244,4,13
60246,16,13
60248,28,13
60249,17,13
60251,30,13
60253,19,13
60255,15,13
60257,5,13
60259,18,13
60260,9,13
60264,12,13
60265,26,13
60266,9,13
60268,4,13
60270,21,13
60273,18,13
60280,3,13
60283,4,13
60284,14,13
60286,18,13
60288,15,13
60290,7,13
60291,9,13
60292,9,13
60295,19,13
60296,18,13
60297,5,13
60299,31,13
60300,18,13
60305,28,13
60307,28,13
60310,3,13
60311,3,13
60316,1,13
60317,12,13
60319,28,13
60323,28,13
60326,5,13
60328,18,13
60330,31,13
60331,31,13
60337,0,13
60338,0,13
60339,0,13
60344,28,13
60347,0,13
60350,18,13
60351,15,13
60352,3,13
60353,0,13
60363,12,13
60365,12,13
60366,9,13
60367,18,13
60368,0,13
60370,12,13
60373,10,13
60374,9,13
60376,0,13
60377,0,13
60381,28,13
60382,28,13
60383,25,13
60386,7,13
60387,0,13
60392,18,13
60393,12,13
60395,18,13
60396,3,13
60397,3,13
60401,3,13
60402,0,13
60406,10,13
60407,12,13
60409,18,13
60412,3,13
60413,22,13
60414,18,13
60415,12,13
60416,15,13
60418,28,13
60419,7,13
60420,10,13
60421,3,13
60423,3,13
60426,0,13
60427,0,13
60429,3,13
60433,2,13
60435,19,13
60437,9,13
60439,31,13
60440,31,13
60441,31,13
60446,17,13
60448,12,13
60449,12,13
60450,12,13
60454,13,13
60455,13,13
60456,22,13
60457,16,13
60458,0,13
60459,12,13
60460,22,13
60462,2,13
60463,9,13
60467,28,13
60468,18,13
60471,27,13
60473,16,13
60476,17,13
60479,25,13
60485,25,13
60486,25,13
60487,10,13
60489,25,13
60490,25,13
60492,0,13
60493,20,13
60497,10,13
60498,28,13
60499,20,13
60502,22,13
60505,0,13
60507,28,13
60511,0,13
60513,25,13
60516,25,13
60517,25,13
60524,25,13
60525,15,13
60529,15,13
60534,22,13
60536,18,13
60537,23,13
60540,25,13
60541,2,13
60543,28,13
60546,5,13
60547,22,13
60549,29,13
60553,1,13
60557,16,13
60559,24,13
60564,13,13
60565,7,13
60567,15,13
60571,12,13
60573,25,13
60575,11,13
60579,9,13
60583,29,13
60590,16,13
60596,7,13
60597,13,13
60600,17,13
60601,30,13
60602,12,13
60604,12,13
60605,16,13
60607,22,13
60608,16,13
60612,22,13
60613,28,13
60619,6,13
60620,5,13
60621,9,13
60622,9,13
60625,16,13
60627,13,13
60628,25,13
60629,9,13
60636,4,13
60637,24,13
60638,24,13
60641,11,13
60643,25,13
60644,30,13
60648,7,13
60649,25,13
60651,25,13
60665,9,13
60670,2,13
60672,22,13
60674,2,13
60679,3,13
60680,22,13
60681,19,13
60682,10,13
60689,19,13
60691,13,13
60694,30,13
60697,25,13
60698,24,13
60699,5,13
60700,9,13
60701,17,13
60704,2,13
60705,18,13
60708,24,13
60711,11,13
60716,21,13
60717,24,13
60718,7,13
60720,5,13
60724,17,13
60725,30,13
60728,16,13
60730,2,13
60731,25,13
60732,29,13
60733,25,13
60735,5,13
60736,16,13
60738,10,13
60741,9,13
60743,11,13
60744,3,13
60745,16,13
60747,17,13
60751,17,13
60754,6,13
60755,16,13
60756,6,13
60757,9,13
60762,16,13
60764,22,13
60765,19,13
60767,28,13
60768,16,13
60769,9,13
60770,0,13
60773,16,13
60775,4,13
60777,0,13
60778,24,13
60779,11,13
60780,9,13
60781,18,13
60783,25,13
60785,18,13
60786,30,13
60788,30,13
60789,17,13
60790,11,13
60791,19,13
60793,17,13
60794,26,13
60798,16,13
60799,9,13
60801,19,13
60803,7,13
60804,10,13
60806,1,13
60807,16,13
60808,1,13
60812,30,13
60813,2,13
60816,3,13
60818,17,13
60821,2,13
60822,17,13
60826,22,13
60827,3,13
60828,7,13
60829,23,13
60830,22,13
60834,4,13
60836,6,13
60838,11,13
60841,18,13
60844,16,13
60845,5,13
60846,2,13
60849,7,13
60853,18,13
60855,9,13
60856,18,13
60860,7,13
60864,0,13
60866,2,13
60867,3,13
60868,16,13
60869,6,13
60870,1,13
60872,28,13
60875,16,13
60877,22,13
60879,17,13
60880,12,13
60881,2,13
60882,3,13
60884,15,13
60885,18,13
60889,18,13
60893,14,13
60894,19,13
60897,9,13
60898,14,13
60899,16,13
60900,27,13
60901,15,13
60902,17,13
60906,22,13
60907,24,13
60909,0,13
60912,22,13
60913,16,13
60915,3,13
60923,2,13
60925,10,13
60927,2,13
60928,20,13
60929,2,13
60932,13,13
60933,9,13
60936,28,13
60937,10,13
60943,14,13
60944,9,13
60947,12,13
60949,16,13
60956,7,13
60958,22,13
60959,3,13
60960,9,13
60965,17,13
60966,2,13
60968,10,13
60969,6,13
60970,17,13
60971,18,13
60975,15,13
60976,7,13
60979,28,13
60980,22,13
60981,18,13
60983,2,13
60984,15,13
60986,16,13
60987,22,13
60988,13,13
60989,3,13
60990,24,13
60994,5,13
60995,18,13
60996,14,13
60997,17,13
60999,24,13
61000,16,13
61002,18,13
61003,3,13
61004,14,13
61007,17,13
61008,11,13
61010,9,13
61011,25,13
61013,5,13
61014,9,13
61016,15,13
61017,25,13
61018,16,13
61019,2,13
61021,30,13
61024,24,13
61026,17,13
61027,12,13
61028,13,13
61029,14,13
61033,17,13
61034,3,13
61036,9,13
61038,18,13
61041,16,13
61042,18,13
61043,28,13
61051,19,13
61052,15,13
61057,22,13
61058,25,13
61060,25,13
61062,28,13
61066,15,13
61067,25,13
61069,25,13
61070,25,13
61073,11,13
61074,11,13
61077,10,13
61079,25,13
61089,9,13
61090,0,13
61091,7,13
61092,7,13
61094,7,13
61095,9,13
61101,3,13
61103,0,13
61105,9,13
61107,7,13
61111,28,13
61112,9,13
61115,18,13
61116,9,13
61117,9,13
61118,28,13
61119,9,13
61121,15,13
61123,15,13
61124,18,13
61125,24,13
61126,4,13
61127,11,13
61128,24,13
61129,11,13
61131,6,13
61132,16,13
61133,16,13
61136,5,13
61137,12,13
61139,25,13
61140,5,13
61141,5,13
61143,2,13
61145,10,13
61147,7,13
61148,16,13
61149,25,13
61150,18,13
61151,2,13
61152,30,13
61154,5,13
61162,20,13
61164,5,13
61165,25,13
61167,28,13
61168,17,13
61170,15,13
61171,16,13
61172,2,13
61174,28,13
61176,0,13
61179,9,13
61183,14,13
61184,21,13
61186,9,13
61188,16,13
61190,2,13
61191,2,13
61193,16,13
61194,20,13
61195,10,13
61197,3,13
61199,2,13
61200,3,13
61203,15,13
61204,17,13
61205,5,13
61206,24,13
61207,4,13
61209,14,13
61210,21,13
61211,15,13
61213,15,13
61214,17,13
61216,14,13
61218,2,13
61219,17,13
61222,2,13
61223,7,13
61225,5,13
61230,7,13
61231,22,13
61232,29,13
61233,15,13
61234,2,13
61235,2,13
61236,17,13
61237,9,13
61238,7,13
61239,9,13
61241,14,13
61242,21,13
61243,16,13
61244,10,13
61249,2,13
61251,18,13
61252,9,13
61253,22,13
61254,16,13
61257,13,13
61261,14,13
61266,9,13
61270,19,13
61275,16,13
61277,0,13
61278,0,13
61279,15,13
61280,0,13
61285,11,13
61287,2,13
61288,17,13
61290,18,13
61294,27,13
61296,23,13
61297,9,13
61298,17,13
61299,30,13
61302,21,13
61306,4,13
61307,19,13
61308,30,13
61309,4,13
61310,19,13
61316,4,13
61317,9,13
61318,11,13
61322,9,13
61325,11,13
61326,19,13
61327,19,13
61328,30,13
61329,19,13
61333,29,13
61334,27,13
61337,3,13
61341,9,13
61342,1,13
61343,17,13
61345,28,13
61347,2,13
61348,27,13
61352,10,13
61355,4,13
61356,3,13
61357,14,13
61361,28,13
61363,5,13
61364,5,13
61366,22,13
61369,24,13
61371,5,13
61372,9,13
61374,22,13
61375,22,13
61376,17,13
61384,22,13
61390,14,13
61392,2,13
61393,27,13
61395,3,13
61397,31,13
61398,3,13
61399,28,13
61400,9,13
61403,19,13
61405,19,13
61406,4,13
61408,3,13
61414,31,13
61418,27,13
61419,27,13
61425,27,13
61427,3,13
61432,15,13
61433,27,13
61435,10,13
61438,27,13
61442,22,13
61443,27,13
61448,8,13
61449,9,13
61450,27,13
61452,22,13
61454,27,13
61458,30,13
61460,24,13
61461,9,13
61466,22,13
61469,22,13
61473,3,13
61474,28,13
61475,12,13
61478,8,13
61479,8,13
61481,8,13
61487,28,13
61493,5,13
61496,3,13
61498,10,13
61500,17,13
61504,25,13
61506,13,13
61507,24,13
61508,15,13
61511,27,13
61512,1,13
61514,28,13
61515,1,13
61519,7,13
61520,1,13
61522,0,13
61523,3,13
61525,1,13
61528,7,13
61532,24,13
61534,3,13
61537,7,13
61538,14,13
61539,24,13
61541,1,13
61542,14,13
61546,24,13
61547,18,13
61548,2,13
61551,24,13
61553,3,13
61555,24,13
61556,17,13
61559,14,13
61563,24,13
61565,24,13
61567,24,13
61569,24,13
61570,24,13
61571,28,13
61573,14,13
61574,24,13
61575,28,13
61577,24,13
61578,28,13
61581,24,13
61583,2,13
61591,31,13
61592,31,13
61593,31,13
61595,5,13
61598,9,13
61601,28,13
61605,16,13
61611,24,13
61612,16,13
61614,17,13
61618,19,13
61620,19,13
61621,16,13
61622,24,13
61623,5,13
61624,2,13
61626,2,13
61628,5,13
61632,0,13
61633,12,13
61634,5,13
61636,5,13
61637,2,13
61638,10,13
61640,0,13
61641,0,13
61643,12,13
61644,12,13
61647,12,13
61648,12,13
61649,12,13
61650,5,13
61651,2,13
61652,12,13
61653,12,13
61655,28,13
61656,2,13
61657,2,13
61658,2,13
61659,28,13
61660,28,13
61661,9,13
61662,9,13
61664,17,13
61667,22,13
61668,3,13
61669,5,13
61670,5,13
61673,25,13
61674,25,13
61675,25,13
61676,25,13
61677,17,13
61685,7,13
61689,11,13
61691,10,13
61693,7,13
61694,20,13
61696,20,13
61698,20,13
61699,20,13
61701,20,13
61702,20,13
61703,20,13
61704,18,13
61705,20,13
61706,18,13
61708,20,13
61712,18,13
61714,20,13
61718,18,13
61719,18,13
61721,20,13
61723,7,13
61728,14,13
61729,25,13
61730,9,13
61732,14,13
61733,14,13
61734,21,13
61736,24,13
61738,3,13
61740,14,13
61741,14,13
61747,12,13
61749,1,13
61751,4,13
61754,21,13
61755,3,13
61757,5,13
61759,22,13
61761,14,13
61763,13,13
61764,12,13
61765,12,13
61767,7,13
61769,28,13
61770,18,13
61771,22,13
61773,0,13
61778,15,13
61780,22,13
61782,3,13
61783,7,13
61784,7,13
61785,3,13
61789,13,13
61790,20,13
61792,15,13
61793,3,13
61795,7,13
61796,7,13
61801,7,13
61802,7,13
61803,1,13
61811,3,13
61812,9,13
61814,3,13
61815,3,13
61817,5,13
61818,13,13
61819,13,13
61820,5,13
61823,13,13
61825,3,13
61828,3,13
61830,15,13
61834,17,13
61835,9,13
61837,19,13
61838,3,13
61839,13,13
61840,3,13
61841,22,13
61843,7,13
61847,7,13
61849,9,13
61857,28,13
61859,0,13
61862,9,13
61863,7,13
61864,6,13
61866,6,13
61867,2,13
61870,22,13
61871,7,13
61872,3,13
61874,3,13
61875,7,13
61878,15,13
61880,3,13
61882,13,13
61883,20,13
61885,29,13
61887,3,13
61889,9,13
61890,7,13
61891,29,13
61893,4,13
61894,13,13
61898,30,13
61900,18,13
61903,22,13
61904,18,13
61905,4,13
61906,14,13
61910,18,13
61911,29,13
61912,18,13
61919,18,13
61921,7,13
61924,19,13
61925,7,13
61928,3,13
61930,29,13
61931,9,13
61932,4,13
61933,21,13
61935,5,13
61937,29,13
61940,22,13
61942,20,13
61943,12,13
61945,20,13
61950,31,13
61955,5,13
61958,13,13
61959,5,13
61961,27,13
61962,19,13
61963,10,13
61965,29,13
61967,27,13
61968,5,13
61972,9,13
61973,4,13
61974,6,13
61975,29,13
61976,22,13
61977,0,13
61979,2,13
61980,20,13
61981,12,13
61983,0,13
61984,24,13
61986,9,13
61988,31,13
61989,27,13
61990,0,13
61992,13,13
61994,9,13
61995,9,13
61996,31,13
61998,8,13
61999,31,13
62004,16,13
62005,2,13
62006,25,13
62007,18,13
62009,9,13
62010,18,13
62011,10,13
62016,14,13
62018,16,13
62027,23,13
62030,10,13
62031,23,13
62033,23,13
62034,23,13
62036,0,13
62037,4,13
62038,14,13
62039,14,13
62042,10,13
62044,18,13
62045,18,13
62048,10,13
62049,4,13
62050,24,13
62056,7,13
62057,4,13
62058,7,13
62064,18,13
62066,7,13
62067,23,13
62073,24,13
62079,23,13
62080,4,13
62081,14,13
62082,7,13
62083,23,13
62084,19,13
62086,4,13
62089,23,13
62090,23,13
62091,4,13
62094,24,13
62095,5,13
62096,28,13
62097,5,13
62098,28,13
62100,2,13
62101,4,13
62105,30,13
62106,25,13
62109,6,13
62111,0,13
62113,24,13
62114,24,13
62115,23,13
62117,14,13
62121,6,13
62122,14,13
62124,23,13
62127,7,13
62130,28,13
62131,10,13
62135,28,13
62136,17,13
62139,14,13
62140,23,13
62141,16,13
62143,0,13
62145,4,13
62149,24,13
62152,23,13
62153,23,13
62155,4,13
62156,23,13
62161,7,13
62162,18,13
62163,7,13
62164,23,13
62165,16,13
62166,13,13
62171,16,13
62172,17,13
62173,9,13
62178,10,13
62179,15,13
62183,16,13
62189,28,13
62191,14,13
62192,17,13
62194,20,13
62195,11,13
62196,16,13
62199,7,13
62200,4,13
62201,11,13
62202,20,13
62203,11,13
62207,24,13
62209,20,13
62214,3,13
62216,18,13
62218,13,13
62219,16,13
62220,29,13
62225,15,13
62226,4,13
62227,6,13
62228,6,13
62234,22,13
62236,15,13
62238,11,13
62240,24,13
62242,14,13
62243,21,13
62246,30,13
62247,30,13
62251,15,13
62253,9,13
62254,16,13
62256,30,13
62258,30,13
62259,14,13
62262,30,13
62263,30,13
62264,20,13
62265,1,13
62266,3,13
62267,3,13
62268,18,13
62269,4,13
62271,21,13
62272,30,13
62273,9,13
62274,18,13
62275,9,13
62276,14,13
62277,20,13
62279,10,13
62281,9,13
62283,4,13
62285,6,13
62289,20,13
62290,1,13
62295,11,13
62296,4,13
62297,14,13
62298,21,13
62299,20,13
62300,14,13
62304,14,13
62305,21,13
62307,16,13
62310,14,13
62311,22,13
62312,22,13
62314,10,13
62315,25,13
62317,10,13
62318,11,13
62319,9,13
62321,25,13
62322,30,13
62324,30,13
62326,9,13
62328,30,13
62329,10,13
62330,20,13
62332,15,13
62333,10,13
62334,11,13
62336,30,13
62339,30,13
62343,9,13
62346,25,13
62350,21,13
62351,25,13
62352,16,13
62353,14,13
62354,22,13
62356,7,13
62357,22,13
62360,7,13
62361,4,13
62364,21,13
62369,22,13
62371,22,13
62374,14,13
62378,2,13
62379,3,13
62380,4,13
62381,21,13
62382,26,13
62383,15,13
62384,28,13
62385,22,13
62386,4,13
62387,28,13
62390,13,13
62392,22,13
62393,14,13
62397,22,13
62400,16,13
62401,9,13
62410,12,13
62411,7,13
62412,4,13
62413,28,13
62416,7,13
62418,14,13
62427,14,13
62428,21,13
62429,31,13
62434,11,13
62436,31,13
62437,24,13
62440,0,13
62441,7,13
62445,29,13
62446,22,13
62447,10,13
62449,27,13
62450,27,13
62452,3,13
62454,13,13
62462,18,13
62463,19,13
62464,19,13
62467,4,13
62469,27,13
62470,10,13
62472,11,13
62475,1,13
62476,3,13
62478,20,13
62479,3,13
62481,19,13
62482,3,13
62486,18,13
62487,3,13
62488,5,13
62490,27,13
62492,4,13
62494,26,13
62498,27,13
62500,27,13
62503,6,13
62504,19,13
62510,27,13
62511,27,13
62512,20,13
62519,13,13
62521,3,13
62523,27,13
62526,20,13
62527,3,13
62528,7,13
62529,3,13
62530,3,13
62531,27,13
62533,27,13
62534,19,13
62536,27,13
62538,19,13
62540,27,13
62541,27,13
62542,27,13
62544,27,13
62545,27,13
62548,27,13
62549,3,13
62553,27,13
62554,9,13
62555,2,13
62556,0,13
62557,4,13
62560,27,13
62561,27,13
62562,27,13
62563,27,13
62564,3,13
62566,4,13
62567,4,13
62572,4,13
62573,4,13
62575,19,13
62578,7,13
62579,10,13
62581,18,13
62584,4,13
62586,4,13
62587,27,13
62588,27,13
62589,18,13
62590,4,13
62593,9,13
62596,22,13
62597,3,13
62599,9,13
62602,16,13
62603,4,13
62604,27,13
62605,17,13
62610,2,13
62614,25,13
62615,29,13
62616,25,13
62617,29,13
62618,25,13
62620,25,13
62622,22,13
62625,24,13
62627,25,13
62628,25,13
62629,7,13
62630,25,13
62631,28,13
62633,24,13
62634,14,13
62638,28,13
62641,14,13
62642,28,13
62649,5,13
62650,14,13
62654,19,13
62657,24,13
62659,14,13
62660,21,13
62662,9,13
62663,9,13
62664,1,13
62666,9,13
62667,24,13
62669,14,13
62675,5,13
62676,25,13
62677,4,13
62682,25,13
62684,24,13
62685,4,13
62686,27,13
62687,21,13
62689,25,13
62690,13,13
62691,13,13
62692,11,13
62696,24,13
62697,14,13
62700,28,13
62701,4,13
62705,14,13
62706,29,13
62707,3,13
62717,3,13
62718,7,13
62719,28,13
62721,9,13
62724,21,13
62725,14,13
62728,21,13
62729,7,13
62730,14,13
62732,28,13
62733,1,13
62738,11,13
62739,11,13
62741,28,13
62743,28,13
62746,6,13
62747,5,13
62749,4,13
62750,14,13
62753,31,13
62754,4,13
62755,28,13
62757,3,13
62760,15,13
62762,18,13
62764,30,13
62765,9,13
62770,9,13
62772,18,13
62773,11,13
62774,31,13
62776,18,13
62777,2,13
62786,5,13
62788,28,13
62789,28,13
62791,29,13
62792,29,13
62797,17,13
62799,7,13
62800,8,13
62802,24,13
62803,5,13
62804,27,13
62807,9,13
62810,27,13
62811,8,13
62815,29,13
62816,10,13
62817,17,13
62818,22,13
62819,11,13
62822,22,13
62825,22,13
62826,15,13
62828,9,13
62831,18,13
62832,2,13
62833,22,13
62835,5,13
62836,5,13
62837,5,13
62838,9,13
62839,18,13
62840,2,13
62841,12,13
62842,1,13
62844,5,13
62846,17,13
62849,9,13
62850,22,13
62852,7,13
62853,28,13
62854,5,13
62864,2,13
62865,9,13
62867,24,13
62868,15,13
62870,24,13
62879,18,13
62880,4,13
62882,23,13
62883,22,13
62884,14,13
62885,9,13
62889,16,13
62891,28,13
62892,13,13
62893,16,13
62895,7,13
62896,30,13
62897,3,13
62899,4,13
62902,14,13
62903,16,13
62905,14,13
62911,14,13
62915,4,13
62916,7,13
62917,7,13
62918,16,13
62920,17,13
62921,4,13
62922,24,13
62923,4,13
62925,10,13
62926,10,13
62927,0,13
62928,15,13
62929,2,13
62932,2,13
62935,2,13
62936,6,13
62937,4,13
62938,14,13
62939,13,13
62940,14,13
62941,22,13
62942,4,13
62944,29,13
62945,11,13
62947,3,13
62949,14,13
62950,12,13
62951,20,13
62952,1,13
62953,4,13
62954,14,13
62960,29,13
62961,28,13
62962,29,13
62964,17,13
62966,9,13
62967,15,13
62971,30,13
62972,17,13
62973,19,13
62975,11,13
62978,20,13
62980,18,13
62983,0,13
62984,9,13
62986,14,13
62988,14,13
62989,4,13
62990,14,13
62991,1,13
62992,4,13
62997,4,13
62998,14,13
63002,14,13
63003,20,13
63005,29,13
63006,22,13
63007,2,13
63009,14,13
63011,17,13
63013,31,13
63015,14,13
63016,22,13
63018,4,13
63019,10,13
63020,14,13
63022,15,13
63024,16,13
63026,27,13
63028,18,13
63029,14,13
63030,18,13
63031,13,13
63033,5,13
63034,9,13
63035,7,13
63040,0,13
63041,2,13
63046,6,13
63047,5,13
63048,28,13
63049,26,13
63050,26,13
63051,6,13
63052,5,13
63053,2,13
63054,12,13
63060,7,13
63061,15,13
63067,11,13
63070,18,13
63071,11,13
63072,11,13
63074,19,13
63075,7,13
63077,17,13
63078,27,13
63082,19,13
63088,17,13
63091,19,13
63093,11,13
63096,27,13
63097,8,13
63098,0,13
63099,27,13
63100,27,13
63101,27,13
63104,19,13
63106,0,13
63110,0,13
63111,27,13
63112,13,13
63113,4,13
63114,27,13
63117,11,13
63119,3,13
63120,17,13
63121,27,13
63124,13,13
63126,18,13
63127,26,13
63129,19,13
63132,18,13
63134,8,13
63135,27,13
63136,4,13
63142,1,13
63145,19,13
63147,27,13
63148,0,13
63151,7,13
63152,9,13
63154,4,13
63156,27,13
63157,19,13
63159,19,13
63160,27,13
63161,27,13
63162,18,13
63163,26,13
63166,19,13
63167,18,13
63168,27,13
63169,27,13
63170,27,13
63173,27,13
63174,26,13
63181,4,13
63182,4,13
63186,27,13
63187,27,13
63189,9,13
63191,9,13
63192,27,13
63194,18,13
63195,11,13
63198,8,13
63199,8,13
63200,7,13
63201,7,13
63204,8,13
63207,8,13
63210,6,13
63213,17,13
63215,8,13
63216,8,13
63218,24,13
63222,15,13
63223,24,13
63224,7,13
63225,25,13
63231,25,13
63233,25,13
63235,29,13
63237,2,13
63239,1,13
63240,22,13
63241,16,13
63242,1,13
63243,19,13
63244,15,13
63245,1,13
63249,9,13
63250,9,13
63251,1,13
63255,1,13
63256,25,13
63259,9,13
63260,1,13
63262,29,13
63263,1,13
63264,9,13
63267,15,13
63268,1,13
63270,9,13
63273,28,13
63274,9,13
63275,25,13
63277,1,13
63279,17,13
63280,1,13
63282,1,13
63283,1,13
63284,20,13
63285,9,13
63286,1,13
63290,22,13
63292,1,13
63296,19,13
63299,1,13
63300,2,13
63301,1,13
63302,24,13
63306,17,13
63307,20,13
63311,25,13
63312,2,13
63313,25,13
63316,25,13
63317,25,13
63318,11,13
63319,11,13
63320,11,13
63322,2,13
63323,25,13
63325,9,13
63329,9,13
63330,2,13
63331,0,13
63337,9,13
63339,2,13
63340,17,13
63342,2,13
63343,9,13
63345,28,13
63347,7,13
63348,1,13
63349,17,13
63351,15,13
63352,28,13
63354,17,13
63356,25,13
63358,28,13
63360,28,13
63361,18,13
63363,0,13
63364,18,13
63367,11,13
63369,4,13
63373,25,13
63375,7,13
63376,2,13
63378,30,13
63380,13,13
63383,25,13
63384,3,13
63385,29,13
63387,3,13
63390,10,13
63391,0,13
63392,3,13
63393,17,13
63395,12,13
63396,2,13
63398,22,13
63403,7,13
63405,22,13
63406,9,13
63407,3,13
63408,6,13
63409,25,13
63417,5,13
63418,9,13
63419,29,13
63420,30,13
63421,7,13
63423,0,13
63424,9,13
63425,13,13
63426,29,13
63429,10,13
63431,19,13
63432,13,13
63433,0,13
63434,4,13
63438,14,13
63439,21,13
63443,2,13
63445,2,13
63446,1,13
63447,10,13
63450,17,13
63454,7,13
63457,15,13
63459,29,13
63461,29,13
63463,27,13
63464,18,13
63465,5,13
63466,28,13
63467,16,13
63468,25,13
63473,1,13
63476,17,13
63478,2,13
63482,25,13
63484,15,13
63485,4,13
63486,4,13
63487,6,13
63488,14,13
63491,4,13
63494,15,13
63495,30,13
63499,25,13
63500,19,13
63501,25,13
63502,2,13
63504,24,13
63505,20,13
63506,17,13
63507,9,13
63508,1,13
63509,17,13
63510,18,13
63511,9,13
63512,17,13
63517,23,13
63520,24,13
63521,6,13
63522,22,13
63524,28,13
63525,2,13
63526,17,13
63527,28,13
63529,16,13
63531,16,13
63532,24,13
63536,9,13
63542,9,13
63543,24,13
63544,19,13
63546,14,13
63547,3,13
63549,21,13
63550,28,13
63551,28,13
63552,24,13
63553,9,13
63555,30,13
63557,9,13
63558,1,13
63562,1,13
63563,16,13
63567,12,13
63569,1,13
63570,1,13
63574,1,13
63577,9,13
63579,1,13
63581,22,13
63583,9,13
63586,1,13
63587,1,13
63592,17,13
63595,1,13
63598,1,13
63599,9,13
63601,29,13
63602,1,13
63603,9,13
63604,13,13
63606,22,13
63607,1,13
63608,1,13
63609,15,13
63611,9,13
63612,2,13
63613,1,13
63614,15,13
63615,1,13
63616,17,13
63617,5,13
63618,6,13
63621,9,13
63622,1,13
63623,22,13
63626,10,13
63628,1,13
63629,22,13
63630,9,13
63631,1,13
63632,1,13
63634,29,13
63635,24,13
63637,10,13
63639,29,13
63641,18,13
63655,9,13
63657,30,13
63658,0,13
63660,25,13
63661,15,13
63662,10,13
63663,9,13
63664,10,13
63666,18,13
63669,2,13
63672,20,13
63675,0,13
63676,9,13
63677,29,13
63678,1,13
63679,1,13
63680,5,13
63682,18,13
63683,19,13
63684,9,13
63685,25,13
63686,2,13
63687,11,13
63691,15,13
63692,19,13
63693,18,13
63694,11,13
63695,16,13
63698,9,13
63703,4,13
63706,11,13
63710,17,13
63713,11,13
63714,11,13
63716,11,13
63717,11,13
63718,28,13
63724,6,13
63725,15,13
63727,11,13
63732,9,13
63733,6,13
63736,30,13
63738,9,13
63741,20,13
63743,20,13
63744,3,13
63746,24,13
63747,11,13
63748,2,13
63750,30,13
63751,28,13
63754,2,13
63757,28,13
63758,5,13
63759,24,13
63760,18,13
63762,1,13
63770,18,13
63771,28,13
63773,2,13
63774,18,13
63775,28,13
63777,9,13
63779,24,13
63780,2,13
63782,2,13
63786,9,13
63787,16,13
63790,0,13
63791,2,13
63792,15,13
63793,12,13
63795,10,13
63796,28,13
63799,25,13
63800,16,13
63801,24,13
63806,9,13
63808,0,13
63809,11,13
63810,10,13
63812,18,13
63816,4,13
63817,24,13
63821,14,13
63823,24,13
63824,13,13
63827,24,13
63831,9,13
63833,9,13
63835,28,13
63838,11,13
63839,26,13
63840,29,13
63842,16,13
63844,23,13
63845,15,13
63846,17,13
63847,26,13
63848,17,13
63850,23,13
63855,15,13
63856,24,13
63857,2,13
63859,16,13
63860,15,13
63861,9,13
63863,24,13
63864,23,13
63866,28,13
63868,26,13
63873,24,13
63875,16,13
63880,5,13
63881,7,13
63882,24,13
63885,9,13
63889,22,13
63890,25,13
63891,11,13
63893,9,13
63894,9,13
63898,24,13
63899,24,13
63900,19,13
63901,14,13
63903,21,13
63904,28,13
63912,24,13
63914,29,13
63915,11,13
63916,16,13
63919,1,13
63920,10,13
63921,28,13
63926,5,13
63929,6,13
63930,5,13
63934,22,13
63935,0,13
63937,0,13
63938,9,13
63939,12,13
63941,5,13
63943,10,13
63945,5,13
63946,2,13
63947,7,13
63949,7,13
63950,5,13
63951,20,13
63954,24,13
63955,12,13
63957,3,13
63958,2,13
63959,24,13
63962,28,13
63963,22,13
63966,23,13
63968,7,13
63970,7,13
63971,28,13
63974,4,13
63975,9,13
63977,9,13
63978,28,13
63979,18,13
63980,3,13
63984,24,13
63986,7,13
63987,17,13
63988,5,13
63991,23,13
63992,15,13
63993,20,13
63995,2,13
63997,2,13
63998,30,13
63999,13,13
64000,2,13
64001,13,13
64003,24,13
64004,22,13
64007,12,13
64012,25,13
64013,25,13
64015,20,13
64017,10,13
64019,18,13
64020,2,13
64021,2,13
64024,0,13
64025,11,13
64026,0,13
64029,24,13
64031,20,13
64032,28,13
64034,30,13
64039,15,13
64048,29,13
64049,20,13
64050,0,13
64053,20,13
64058,15,13
64059,18,13
64060,0,13
64061,24,13
64062,20,13
64064,9,13
64069,20,13
64070,15,13
64071,20,13
64072,22,13
64074,20,13
64080,15,13
64086,1,13
64087,25,13
64090,13,13
64095,12,13
64101,18,13
64109,6,13
64111,18,13
64112,20,13
64113,18,13
64114,18,13
64115,12,13
64116,6,13
64117,17,13
64118,11,13
64119,6,13
64121,11,13
64122,6,13
64123,11,13
64125,11,13
64126,0,13
64127,11,13
64128,15,13
64129,20,13
64130,18,13
64133,11,13
64134,18,13
64137,11,13
64138,15,13
64139,18,13
64142,6,13
64144,9,13
64145,11,13
64149,11,13
64150,11,13
64151,20,13
64152,11,13
64153,0,13
64154,12,13
64155,4,13
64156,11,13
64159,0,13
64160,30,13
64163,11,13
64164,15,13
64169,18,13
64171,11,13
64172,24,13
64176,11,13
64180,30,13
64181,9,13
64183,30,13
64185,3,13
64187,6,13
64189,0,13
64191,2,13
64192,7,13
64193,3,13
64195,9,13
64197,11,13
64199,20,13
64201,20,13
64205,3,13
64207,3,13
64208,23,13
64212,19,13
64214,23,13
64215,12,13
64216,30,13
64217,7,13
64218,15,13
64219,13,13
64220,2,13
64224,9,13
64227,22,13
64228,9,13
64229,10,13
64231,28,13
64233,9,13
64234,0,13
64235,17,13
64238,3,13
64240,10,13
64242,18,13
64244,18,13
64246,20,13
64248,23,13
64249,3,13
64250,23,13
64251,11,13
64252,0,13
64254,25,13
64256,10,13
64258,0,13
64259,9,13
64266,3,13
64269,24,13
64271,14,13
64272,21,13
64273,25,13
64275,12,13
64276,25,13
64279,15,13
64281,0,13
64282,5,13
64283,22,13
64284,0,13
64287,26,13
64290,5,13
64292,24,13
64293,22,13
64294,20,13
64297,14,13
64298,11,13
64299,21,13
64300,29,13
64301,29,13
64302,22,13
64304,30,13
64310,26,13
64312,12,13
64316,30,13
64317,12,13
64318,15,13
64319,0,13
64321,0,13
64327,21,13
64329,2,13
64332,9,13
64335,0,13
64336,12,13
64337,9,13
64338,23,13
64339,15,13
64342,1,13
64343,22,13
64346,17,13
64348,24,13
64349,17,13
64355,29,13
64358,29,13
64359,3,13
64362,3,13
64363,4,13
64364,14,13
64365,21,13
64369,28,13
64371,28,13
64374,11,13
64375,15,13
64378,14,13
64380,6,13
64381,11,13
64382,18,13
64383,11,13
64389,19,13
64391,30,13
64392,5,13
64393,3,13
64394,27,13
64395,16,13
64396,22,13
64401,3,13
64404,4,13
64405,10,13
64406,28,13
64407,11,13
64410,21,13
64413,28,13
64415,12,13
64416,28,13
64419,27,13
64420,17,13
64423,2,13
64426,4,13
64432,11,13
64433,9,13
64434,10,13
64436,10,13
64437,17,13
64438,28,13
64439,19,13
64440,27,13
64443,19,13
64444,18,13
64445,5,13
64446,15,13
64447,17,13
64448,17,13
64449,15,13
64451,11,13
64452,3,13
64456,17,13
64457,11,13
64458,11,13
64460,4,13
64461,11,13
64465,11,13
64469,9,13
64470,13,13
64472,11,13
64473,29,13
64474,9,13
64475,9,13
64476,4,13
64481,0,13
64483,0,13
64485,9,13
64487,19,13
64488,10,13
64489,0,13
64490,9,13
64491,30,13
64495,7,13
64496,6,13
64497,13,13
64498,13,13
64499,12,13
64500,30,13
64502,9,13
64504,13,13
64507,6,13
64508,22,13
64511,2,13
64513,25,13
64515,6,13
64516,28,13
64518,1,13
64519,18,13
64520,7,13
64521,1,13
64522,29,13
64524,12,13
64526,13,13
64529,15,13
64530,19,13
64531,29,13
64532,6,13
64536,20,13
64537,24,13
64540,7,13
64542,11,13
64543,7,13
64545,6,13
64552,13,13
64553,10,13
64554,3,13
64556,0,13
64561,13,13
64562,2,13
64564,6,13
64565,9,13
64567,20,13
64570,24,13
64571,15,13
64572,18,13
64573,20,13
64576,11,13
64580,2,13
64582,18,13
64584,0,13
64585,0,13
64588,11,13
64589,10,13
64590,14,13
64592,11,13
64594,30,13
64596,20,13
64597,9,13
64599,20,13
64601,6,13
64602,30,13
64603,2,13
64605,18,13
64607,0,13
64609,13,13
64613,15,13
64614,12,13
64615,18,13
64616,10,13
64620,0,13
64621,19,13
64622,18,13
64623,9,13
64624,9,13
64625,19,13
64626,15,13
64627,3,13
64628,18,13
64629,28,13
64630,20,13
64631,10,13
64632,3,13
64633,12,13
64634,7,13
64637,20,13
64638,20,13
64639,20,13
64643,12,13
64645,9,13
64646,25,13
64647,7,13
64650,2,13
64651,13,13
64652,29,13
64653,16,13
64656,7,13
64657,20,13
64661,6,13
64662,14,13
64664,21,13
64665,0,13
64667,29,13
64671,7,13
64672,24,13
64673,11,13
64675,29,13
64677,20,13
64678,9,13
64679,13,13
64682,20,13
64687,20,13
64688,18,13
64690,4,13
64691,19,13
64693,24,13
64695,30,13
64696,20,13
64698,0,13
64699,11,13
64700,4,13
64701,14,13
64706,25,13
64709,15,13
64711,10,13
64714,7,13
64716,3,13
64717,28,13
64718,13,13
64719,18,13
64720,3,13
64721,29,13
64724,30,13
64725,19,13
64726,18,13
64730,13,13
64731,24,13
64733,29,13
64737,20,13
64738,18,13
64739,4,13
64741,14,13
64750,6,13
64753,10,13
64755,6,13
64756,18,13
64759,15,13
64760,18,13
64762,9,13
64763,13,13
64765,6,13
64767,29,13
64768,13,13
64769,13,13
64770,18,13
64773,6,13
64774,11,13
64775,19,13
64778,10,13
64779,12,13
64780,3,13
64781,3,13
64782,9,13
64786,19,13
64787,24,13
64790,29,13
64793,16,13
64794,25,13
64795,24,13
64797,30,13
64798,6,13
64801,11,13
64803,28,13
64804,21,13
64809,7,13
64812,10,13
64819,28,13
64821,28,13
64822,19,13
64826,24,13
64828,29,13
64832,25,13
64833,2,13
64834,19,13
64836,29,13
64837,7,13
64838,10,13
64844,21,13
64845,24,13
64846,29,13
64848,12,13
64851,3,13
64852,11,13
64855,9,13
64861,3,13
64862,22,13
64864,12,13
64865,5,13
64866,1,13
64867,1,13
64868,3,13
64870,15,13
64871,3,13
64878,3,13
64883,15,13
64884,10,13
64885,16,13
64886,9,13
64888,1,13
64891,1,13
64893,19,13
64894,18,13
64896,9,13
64898,22,13
64899,25,13
64900,18,13
64903,14,13
64904,21,13
64905,30,13
64906,13,13
64907,9,13
64911,13,13
64917,10,13
64920,20,13
64921,28,13
64923,11,13
64937,15,13
64938,4,13
64939,14,13
64942,6,13
64943,11,13
64945,12,13
64951,7,13
64953,9,13
64954,16,13
64956,23,13
64957,3,13
64959,10,13
64960,20,13
64961,13,13
64962,18,13
64964,1,13
64969,22,13
64970,14,13
64971,16,13
64972,13,13
64976,29,13
64978,7,13
64979,25,13
64981,12,13
64982,2,13
64984,18,13
64985,2,13
64993,28,13
64995,4,13
64996,30,13
64999,11,13
65001,30,13
65003,7,13
65004,25,13
65007,12,13
65008,11,13
65009,18,13
65011,10,13
65013,12,13
65016,5,13
65017,1,13
65019,12,13
65021,14,13
65023,13,13
65024,9,13
65025,29,13
65028,16,13
65033,16,13
65038,16,13
65041,5,13
65042,1,13
65043,9,13
65050,12,13
65051,4,13
65052,5,13
65056,5,13
65060,18,13
65062,9,13
65065,10,13
65069,12,13
65070,13,13
65072,1,13
65076,2,13
65079,4,13
65081,14,13
65083,1,13
65084,13,13
65085,3,13
65086,15,13
65089,3,13
65090,22,13
65096,13,13
65098,16,13
65099,28,13
65100,14,13
65102,9,13
65103,1,13
65104,12,13
65109,24,13
65111,18,13
65112,29,13
65113,4,13
65115,2,13
65119,3,13
65120,24,13
65127,18,13
65130,7,13
65132,2,13
65134,24,13
65135,24,13
65136,24,13
65141,28,13
65142,14,13
65144,9,13
65145,30,13
65147,22,13
65148,30,13
65151,19,13
65153,30,13
65154,12,13
65156,19,13
65157,9,13
65159,3,13
65161,13,13
65162,30,13
65166,18,13
65168,9,13
65170,20,13
65172,19,13
65173,9,13
65174,30,13
65175,5,13
65177,30,13
65182,5,13
65186,3,13
65188,18,13
65189,5,13
65190,13,13
65192,13,13
65193,30,13
65194,5,13
65198,28,13
65201,12,13
65202,18,13
65203,3,13
65205,18,13
65207,6,13
65216,18,13
65218,10,13
65219,12,13
65221,0,13
65222,21,13
65224,9,13
65225,18,13
65232,10,13
65233,9,13
65236,5,13
65237,12,13
65238,18,13
65239,0,13
65240,1,13
65241,12,13
65246,13,13
65249,16,13
65251,13,13
65253,30,13
65257,18,13
65259,28,13
65271,13,13
65273,28,13
65274,12,13
65275,12,13
65276,9,13
65278,3,13
65279,5,13
65281,3,13
65284,9,13
65286,19,13
65287,2,13
65288,28,13
65289,19,13
65290,15,13
65292,28,13
65299,3,13
65300,18,13
65301,0,13
65302,0,13
65304,16,13
65306,3,13
65307,18,13
65312,9,13
65313,12,13
65314,3,13
65320,9,13
65321,3,13
65325,6,13
65331,19,13
65332,19,13
65334,28,13
65335,14,13
65336,30,13
65338,21,13
65339,28,13
65340,2,13
65341,19,13
65342,4,13
65343,9,13
65345,9,13
65346,18,13
65349,4,13
65351,10,13
65352,11,13
65353,31,13
65354,5,13
65356,30,13
65357,9,13
65359,20,13
65360,29,13
65362,31,13
65367,7,13
65369,9,13
65370,9,13
65372,12,13
65373,29,13
65374,12,13
65376,31,13
65378,3,13
65379,29,13
65381,12,13
65384,11,13
65386,4,13
65387,9,13
65388,31,13
65390,31,13
65392,31,13
65393,31,13
65394,9,13
65396,2,13
65399,18,13
65400,19,13
65401,16,13
65404,31,13
65406,13,13
65409,16,13
65410,3,13
65411,7,13
65412,28,13
65413,18,13
65415,16,13
65418,10,13
65419,5,13
65422,1,13
65423,1,13
65426,0,13
65427,19,13
65432,0,13
65433,7,13
65437,20,13
65438,12,13
65440,24,13
65445,13,13
65452,12,13
65454,10,13
65456,0,13
65457,0,13
65459,10,13
65461,13,13
65462,5,13
65463,9,13
65467,27,13
65468,0,13
65473,0,13
65475,29,13
65476,25,13
65477,24,13
65479,5,13
65482,9,13
65483,24,13
65484,17,13
65485,8,13
65486,13,13
65487,30,13
65489,3,13
65492,24,13
65493,25,13
65495,28,13
65496,7,13
65501,3,13
65503,23,13
65504,4,13
65505,14,13
65506,24,13
65507,23,13
65508,18,13
65512,4,13
65513,28,13
65514,23,13
65515,19,13
65517,24,13
65518,14,13
65520,24,13
65521,10,13
65523,4,13
65525,12,13
65528,4,13
65529,28,13
65530,18,13
65531,4,13
65534,23,13
65535,30,13
65536,4,13
65537,14,13
65539,24,13
65540,23,13
65541,16,13
65542,1,13
65543,3,13
65549,24,13
65551,3,13
65554,28,13
65556,4,13
65558,21,13
65559,18,13
65561,19,13
65565,14,13
65566,4,13
65567,13,13
65568,14,13
65569,21,13
65571,11,13
65574,4,13
65575,10,13
65576,24,13
65577,4,13
65579,21,13
65580,23,13
65581,18,13
65582,9,13
65585,24,13
65586,28,13
65588,28,13
65589,0,13
65590,9,13
65594,10,13
65596,2,13
65599,28,13
65600,21,13
65601,17,13
65607,21,13
65613,23,13
65617,23,13
65619,23,13
65621,18,13
65622,8,13
65624,23,13
65631,0,13
65632,27,13
65635,0,13
65636,8,13
65637,9,13
65639,27,13
65643,27,13
65644,23,13
65646,7,13
65649,17,13
65650,17,13
65654,0,13
65655,30,13
65656,10,13
65662,30,13
65664,30,13
65665,28,13
65666,2,13
65668,3,13
65674,7,13
65675,3,13
65676,29,13
65682,9,13
65683,5,13
65684,7,13
65685,9,13
65686,7,13
65688,9,13
65691,10,13
65692,23,13
65693,1,13
65694,5,13
65695,9,13
65698,7,13
65701,5,13
65703,7,13
65704,22,13
65705,4,13
65706,21,13
65707,2,13
65709,12,13
65710,1,13
65716,2,13
65717,7,13
65718,19,13
65719,12,13
65720,7,13
65721,24,13
65724,1,13
65730,14,13
65731,21,13
65732,3,13
65734,3,13
65735,1,13
65736,26,13
65737,5,13
65739,9,13
65743,12,13
65750,10,13
65751,4,13
65752,22,13
65753,14,13
65754,12,13
65755,22,13
65757,4,13
65758,29,13
65759,14,13
65760,21,13
65764,29,13
65765,5,13
65766,7,13
65767,19,13
65769,3,13
65770,16,13
65771,10,13
65773,10,13
65778,28,13
65779,18,13
65784,9,13
65787,29,13
65788,7,13
65790,9,13
65791,0,13
65793,22,13
65797,9,13
65798,7,13
65799,6,13
65801,17,13
65802,7,13
65804,3,13
65805,13,13
65806,10,13
65808,13,13
65809,24,13
65810,18,13
65811,1,13
65815,7,13
65817,18,13
65818,28,13
65819,28,13
65821,10,13
65822,9,13
65823,3,13
65825,17,13
65826,9,13
65828,9,13
65829,29,13
65830,0,13
65831,6,13
65833,19,13
65835,0,13
65837,4,13
65840,18,13
65844,28,13
65845,28,13
65846,20,13
65847,4,13
65849,9,13
65850,19,13
65852,31,13
65853,18,13
65854,7,13
65856,3,13
65857,9,13
65858,7,13
65859,1,13
65860,3,13
65863,18,13
65865,9,13
65868,14,13
65870,19,13
65874,1,13
65877,9,13
65878,15,13
65879,9,13
65880,19,13
65887,3,13
65889,5,13
65890,19,13
65892,31,13
65893,6,13
65895,9,13
65899,9,13
65902,9,13
65903,9,13
65904,9,13
65905,2,13
65906,9,13
65909,6,13
65910,0,13
65914,7,13
65915,18,13
65916,12,13
65917,7,13
65918,20,13
65919,9,13
65921,5,13
65922,18,13
65923,12,13
65925,5,13
65926,2,13
65927,23,13
65929,16,13
65932,5,13
65934,12,13
65935,9,13
65939,16,13
65944,16,13
65945,24,13
65946,5,13
65947,25,13
65948,16,13
65952,8,13
65954,18,13
65955,29,13
65956,10,13
65960,2,13
65962,7,13
65965,25,13
65966,9,13
65968,1,13
65970,6,13
65972,24,13
65975,6,13
65976,10,13
65977,3,13
65979,11,13
65981,22,13
65986,30,13
65987,7,13
65989,15,13
65990,24,13
65992,6,13
65993,12,13
65998,10,13
65999,22,13
66000,19,13
66001,30,13
66002,13,13
66004,19,13
66005,12,13
66006,13,13
66009,11,13
66010,1,13
66011,16,13
66012,13,13
66014,10,13
66015,10,13
66018,28,13
66020,5,13
66021,3,13
66022,12,13
66027,13,13
66028,13,13
66029,6,13
66030,17,13
66032,17,13
66034,2,13
66035,3,13
66039,25,13
66041,18,13
66043,30,13
66044,0,13
66045,19,13
66047,30,13
66048,18,13
66050,6,13
66051,9,13
66052,25,13
66053,3,13
66057,2,13
66058,24,13
66059,3,13
66066,20,13
66067,2,13
66068,20,13
66070,29,13
66071,6,13
66073,13,13
66075,18,13
66078,2,13
66082,11,13
66085,25,13
66086,24,13
66088,20,13
66089,16,13
66091,14,13
66094,29,13
66099,22,13
66100,2,13
66102,28,13
66104,16,13
66106,3,13
66109,20,13
66114,9,13
66115,3,13
66117,2,13
66120,25,13
66121,18,13
66122,29,13
66123,2,13
66124,18,13
66127,3,13
66128,2,13
66129,24,13
66131,9,13
66132,6,13
66136,28,13
66138,30,13
66140,12,13
66142,9,13
66143,16,13
66144,13,13
66145,2,13
66146,13,13
66147,10,13
66149,0,13
66154,15,13
66157,15,13
66159,6,13
66160,12,13
66161,13,13
66162,30,13
66165,29,13
66166,12,13
66167,29,13
66170,2,13
66172,18,13
66173,29,13
66176,28,13
66179,11,13
66181,25,13
66182,1,13
66183,16,13
66184,18,13
66185,11,13
66187,4,13
66191,11,13
66192,25,13
66193,11,13
66196,7,13
66200,18,13
66204,13,13
66206,22,13
66207,0,13
66208,6,13
66209,13,13
66210,16,13
66211,16,13
66212,18,13
66218,9,13
66222,20,13
66223,20,13
66225,9,13
66227,20,13
66228,16,13
66229,18,13
66232,15,13
66233,16,13
66237,18,13
66238,14,13
66240,29,13
66241,30,13
66242,22,13
66246,0,13
66257,25,13
66259,29,13
66261,18,13
66263,9,13
66265,13,13
66268,7,13
66269,24,13
66270,24,13
66276,19,13
66277,5,13
66278,3,13
66279,19,13
66280,29,13
66281,6,13
66284,18,13
66286,13,13
66288,29,13
66289,30,13
66290,19,13
66292,5,13
66293,28,13
66294,19,13
66295,18,13
66298,20,13
66303,22,13
66304,22,13
66305,9,13
66310,3,13
66315,1,13
66316,16,13
66318,10,13
66322,14,13
66325,0,13
66327,17,13
66331,28,13
66334,16,13
66335,5,13
66336,9,13
66338,20,13
66339,9,13
66340,13,13
66341,9,13
66342,13,13
66343,9,13
66347,13,13
66348,12,13
66349,10,13
66350,9,13
66353,10,13
66356,10,13
66357,20,13
66359,3,13
66360,9,13
66361,13,13
66363,3,13
66364,9,13
66365,30,13
66368,19,13
66369,12,13
66373,18,13
66375,11,13
66378,7,13
66380,29,13
66383,19,13
66384,0,13
66385,9,13
66386,5,13
66388,20,13
66389,12,13
66390,6,13
66393,30,13
66396,11,13
66398,5,13
66401,11,13
66402,28,13
66407,11,13
66409,5,13
66413,6,13
66417,30,13
66419,18,13
66420,29,13
66424,17,13
66428,16,13
66429,10,13
66432,20,13
66434,3,13
66438,24,13
66439,0,13
66440,30,13
66441,5,13
66442,22,13
66443,25,13
66444,12,13
66448,28,13
66449,24,13
66450,13,13
66454,25,13
66456,28,13
66459,7,13
66460,4,13
66461,10,13
66462,6,13
66464,14,13
66465,21,13
66468,24,13
66472,22,13
66475,16,13
66476,5,13
66477,12,13
66482,5,13
66485,13,13
66486,28,13
66488,12,13
66489,3,13
66491,28,13
66493,13,13
66495,12,13
66496,13,13
66497,10,13
66498,12,13
66499,13,13
66501,5,13
66507,1,13
66509,4,13
66510,12,13
66513,13,13
66515,10,13
66517,2,13
66518,12,13
66519,11,13
66521,0,13
66522,11,13
66523,14,13
66526,22,13
66527,16,13
66529,18,13
66530,11,13
66532,19,13
66534,9,13
66539,11,13
66541,18,13
66545,12,13
66546,13,13
66548,4,13
66552,5,13
66559,28,13
66562,5,13
66564,3,13
66566,6,13
66568,18,13
66569,5,13
66571,6,13
66574,15,13
66580,25,13
66581,20,13
66582,14,13
66583,16,13
66584,5,13
66587,25,13
66588,20,13
66589,28,13
66591,22,13
66592,25,13
66593,11,13
66594,9,13
66595,2,13
66597,12,13
66598,2,13
66599,17,13
66602,4,13
66605,15,13
66607,5,13
66608,14,13
66614,25,13
66616,5,13
66618,18,13
66619,1,13
66620,13,13
66621,22,13
66622,5,13
66623,24,13
66626,27,13
66628,12,13
66631,16,13
66633,16,13
66636,11,13
66638,9,13
66639,12,13
66642,16,13
66643,19,13
66644,22,13
66646,30,13
66647,0,13
66648,20,13
66649,13,13
66654,20,13
66655,0,13
66657,30,13
66658,10,13
66659,10,13
66660,9,13
66662,0,13
66663,13,13
66664,22,13
66665,5,13
66669,22,13
66671,7,13
66674,29,13
66676,16,13
66680,2,13
66682,25,13
66685,11,13
66687,6,13
66688,25,13
66692,24,13
66693,20,13
66694,5,13
66695,28,13
66699,3,13
66700,3,13
66702,19,13
66709,3,13
66710,18,13
66711,3,13
66715,30,13
66716,5,13
66719,20,13
66721,19,13
66725,18,13
66728,25,13
66730,2,13
66731,24,13
66733,18,13
66737,2,13
66739,30,13
66740,18,13
66742,25,13
66743,30,13
66744,10,13
66746,12,13
66747,30,13
66748,12,13
66749,16,13
66752,4,13
66754,13,13
66755,13,13
66756,10,13
66757,15,13
66759,25,13
66763,1,13
66765,19,13
66769,6,13
66773,12,13
66776,16,13
66779,12,13
66781,5,13
66782,3,13
66787,18,13
66789,16,13
66790,13,13
66796,30,13
66797,2,13
66799,23,13
66801,5,13
66805,18,13
66806,25,13
66810,18,13
66811,11,13
66812,14,13
66813,14,13
66814,21,13
66816,10,13
66818,22,13
66819,18,13
66821,18,13
66823,2,13
66824,1,13
66825,9,13
66826,22,13
66829,29,13
66834,26,13
66835,15,13
66837,3,13
66838,25,13
66839,10,13
66840,26,13
66841,0,13
66843,10,13
66845,18,13
66848,4,13
66849,30,13
66850,13,13
66853,6,13
66854,3,13
66857,30,13
66858,28,13
66859,5,13
66860,22,13
66862,3,13
66866,3,13
66867,7,13
66868,12,13
66869,30,13
66870,9,13
66871,5,13
66872,16,13
66875,26,13
66878,7,13
66879,3,13
66880,2,13
66882,0,13
66884,3,13
66885,1,13
66888,22,13
66889,5,13
66891,3,13
66895,26,13
66898,11,13
66901,16,13
66902,12,13
66903,5,13
66906,15,13
66907,0,13
66910,4,13
66913,19,13
66915,14,13
66919,20,13
66921,3,13
66924,7,13
66925,1,13
66926,19,13
66929,12,13
66931,7,13
66932,5,13
66934,13,13
66936,18,13
66938,15,13
66941,1,13
66943,13,13
66946,13,13
66948,15,13
66949,26,13
66950,18,13
66952,5,13
66953,22,13
66955,12,13
66956,2,13
66958,14,13
66959,9,13
66962,10,13
66965,2,13
66967,17,13
66970,4,13
66971,1,13
66974,13,13
66975,27,13
66976,14,13
66977,21,13
66979,28,13
66984,0,13
66986,12,13
66989,13,13
66990,18,13
66992,18,13
66993,12,13
66994,12,13
66995,2,13
66996,2,13
66997,9,13
67000,12,13
67003,1,13
67004,13,13
67006,13,13
67007,13,13
67010,3,13
67013,5,13
67014,12,13
67016,10,13
67017,13,13
67018,7,13
67019,16,13
67020,9,13
67023,28,13
67025,14,13
67027,2,13
67029,15,13
67030,20,13
67031,20,13
67032,13,13
67033,9,13
67036,17,13
67037,12,13
67039,0,13
67041,21,13
67043,3,13
67045,10,13
67046,28,13
67047,10,13
67048,5,13
67049,26,13
67050,18,13
67056,3,13
67057,2,13
67059,13,13
67062,24,13
67063,5,13
67064,28,13
67068,19,13
67069,12,13
67070,0,13
67073,7,13
67074,9,13
67075,7,13
67079,17,13
67080,2,13
67085,18,13
67086,26,13
67088,16,13
67090,7,13
67094,15,13
67097,15,13
67099,18,13
67100,9,13
67101,0,13
67105,2,13
67110,19,13
67112,18,13
67116,26,13
67118,5,13
67119,9,13
67123,12,13
67124,2,13
67125,18,13
67126,9,13
67128,6,13
67129,3,13
67130,28,13
67131,18,13
67135,4,13
67137,14,13
67138,14,13
67139,21,13
67140,28,13
67141,12,13
67144,18,13
67146,24,13
67149,5,13
67150,16,13
67152,3,13
67153,18,13
67154,12,13
67157,3,13
67159,3,13
67161,24,13
67162,16,13
67164,9,13
67167,24,13
67168,28,13
67171,9,13
67174,0,13
67175,10,13
67176,12,13
67177,18,13
67179,18,13
67180,18,13
67183,6,13
67184,17,13
67185,15,13
67188,15,13
67189,20,13
67192,0,13
67193,12,13
67195,0,13
67196,0,13
67199,5,13
67200,0,13
67205,2,13
67208,24,13
67209,16,13
67210,24,13
67211,16,13
67213,16,13
67216,24,13
67217,16,13
67218,24,13
67220,24,13
67222,16,13
67223,24,13
67225,16,13
67226,16,13
67230,4,13
67232,11,13
67234,22,13
67235,21,13
67236,6,13
67237,18,13
67239,22,13
67240,15,13
67241,18,13
67242,18,13
67244,19,13
67246,11,13
67248,9,13
67249,15,13
67250,10,13
67251,10,13
67253,19,13
67254,20,13
67255,26,13
67256,0,13
67257,12,13
67267,28,13
67268,0,13
67272,15,13
67276,29,13
67277,18,13
67279,0,13
67281,3,13
67284,28,13
67286,10,13
67287,28,13
67290,29,13
67291,9,13
67292,18,13
67299,28,13
67301,19,13
67302,28,13
67303,2,13
67304,3,13
67312,26,13
67314,12,13
67316,0,13
67318,3,13
67319,0,13
67320,0,13
67325,18,13
67326,18,13
67327,0,13
67328,9,13
67329,22,13
67330,15,13
67331,10,13
67332,5,13
67335,28,13
67337,12,13
67338,30,13
67339,0,13
67340,6,13
67341,12,13
67343,15,13
67348,18,13
67349,2,13
67351,7,13
67352,15,13
67354,26,13
67357,12,13
67358,15,13
67361,28,13
67362,18,13
67365,18,13
67366,11,13
67373,19,13
67374,11,13
67375,1,13
67377,6,13
67378,3,13
67380,11,13
67382,11,13
67383,11,13
67385,22,13
67386,4,13
67387,20,13
67389,11,13
67392,11,13
67395,14,13
67397,12,13
67399,26,13
67401,18,13
67403,30,13
67404,15,13
67405,9,13
67408,29,13
67412,26,13
67413,3,13
67414,18,13
67415,15,13
67416,13,13
67417,19,13
67418,26,13
67420,16,13
67422,5,13
67423,18,13
67424,5,13
67427,0,13
67429,1,13
67430,28,13
67431,19,13
67433,11,13
67436,19,13
67437,3,13
67441,15,13
67447,0,13
67451,2,13
67452,29,13
67453,17,13
67455,0,13
67457,13,13
67458,12,13
67460,28,13
67464,19,13
67465,28,13
67466,19,13
67467,15,13
67469,18,13
67473,17,13
67476,16,13
67477,27,13
67478,3,13
67479,2,13
67483,13,13
67485,10,13
67486,30,13
67488,13,13
67489,0,13
67490,28,13
67492,12,13
67493,10,13
67495,15,13
67497,18,13
67498,26,13
67502,26,13
67503,2,13
67504,15,13
67508,3,13
67510,28,13
67511,11,13
67512,5,13
67518,17,13
67520,18,13
67521,0,13
67522,20,13
67523,18,13
67524,4,13
67527,24,13
67528,20,13
67529,28,13
67530,11,13
67531,6,13
67533,29,13
67535,21,13
67536,27,13
67540,11,13
67544,10,13
67545,28,13
67547,2,13
67548,28,13
67549,10,13
67550,16,13
67552,12,13
67556,18,13
67559,15,13
67565,5,13
67566,19,13
67570,6,13
67571,2,13
67572,28,13
67574,0,13
67577,15,13
67579,19,13
67582,0,13
67586,3,13
67587,12,13
67588,5,13
67590,3,13
67596,0,13
67597,1,13
67599,22,13
67601,18,13
67606,3,13
67610,3,13
67611,3,13
67620,27,13
67622,29,13
67623,3,13
67624,12,13
67626,0,13
67629,3,13
67630,13,13
67631,10,13
67634,2,13
67637,31,13
67640,9,13
67648,0,13
67651,30,13
67652,0,13
67653,9,13
67658,9,13
67659,9,13
67665,0,13
67668,0,13
67669,12,13
67671,20,13
67673,12,13
67676,4,13
67677,0,13
67678,0,13
67679,5,13
67682,28,13
67683,14,13
67685,9,13
67688,21,13
67689,19,13
67697,18,13
67700,18,13
67701,29,13
67702,18,13
67704,5,13
67706,28,13
67709,5,13
67710,13,13
67711,3,13
67714,5,13
67717,10,13
67721,29,13
67723,0,13
67724,29,13
67725,10,13
67727,17,13
67729,3,13
67730,0,13
67731,2,13
67732,2,13
67734,12,13
67737,3,13
67738,0,13
67739,3,13
67742,20,13
67743,9,13
67744,3,13
67746,3,13
67747,18,13
67748,3,13
67754,9,13
67755,18,13
67757,19,13
67760,12,13
67765,0,13
67768,9,13
67771,2,13
67774,12,13
67775,18,13
67780,4,13
67781,18,13
67783,0,13
67785,9,13
67788,0,13
67790,18,13
67793,3,13
67795,15,13
67796,20,13
67798,18,13
67805,18,13
67809,12,13
67811,3,13
67812,0,13
67815,11,13
67817,18,13
67828,0,13
67829,28,13
67830,9,13
67831,10,13
67832,19,13
67834,3,13
67837,13,13
67841,10,13
67842,3,13
67845,0,13
67848,0,13
67849,30,13
67851,28,13
67856,31,13
67858,9,13
67866,30,13
67867,9,13
67869,28,13
67871,18,13
67872,2,13
67874,29,13
67877,27,13
67880,12,13
67881,12,13
67883,4,13
67884,9,13
67885,0,13
67886,11,13
67887,4,13
67892,9,13
67893,9,13
67895,18,13
67896,19,13
67898,0,13
67899,5,13
67900,27,13
67901,20,13
67903,27,13
67905,9,13
67909,9,13
67910,18,13
67912,31,13
67915,25,13
67920,5,13
67921,27,13
67923,31,13
67924,10,13
67925,10,13
67926,18,13
67928,18,13
67930,9,13
67932,5,13
67937,0,13
67939,9,13
67940,10,13
67943,12,13
67944,18,13
67954,20,13
67955,3,13
67960,1,13
67962,2,13
67964,18,13
67968,5,13
67972,9,13
67973,30,13
67974,30,13
67976,18,13
67977,10,13
67978,0,13
67980,0,13
67981,5,13
67985,2,13
67987,0,13
67988,15,13
67989,18,13
67991,12,13
67992,2,13
67993,12,13
67994,20,13
67998,30,13
67999,10,13
68001,10,13
68002,0,13
68009,20,13
68010,13,13
68013,9,13
68015,0,13
68016,18,13
68017,0,13
68018,12,13
68022,15,13
68023,0,13
68025,18,13
68029,9,13
68030,0,13
68032,5,13
68036,0,13
68039,15,13
68041,7,13
68042,12,13
68043,22,13
68044,9,13
68051,0,13
68053,11,13
68054,12,13
68055,20,13
68057,19,13
68058,7,13
68059,7,13
68060,12,13
68061,0,13
68063,7,13
68064,17,13
68065,17,13
68066,18,13
68067,0,13
68068,18,13
68070,0,13
68072,0,13
68073,22,13
68074,0,13
68075,28,13
68076,0,13
68077,7,13
68085,27,13
68088,2,13
68090,0,13
68092,18,13
68093,18,13
68094,3,13
68097,12,13
68098,10,13
68102,5,13
68103,5,13
68107,12,13
68108,10,13
68110,28,13
68113,3,13
68114,28,13
68115,28,13
68119,13,13
68120,13,13
68123,27,13
68124,7,13
68127,12,13
68128,18,13
68129,18,13
68130,2,13
68131,12,13
68133,5,13
68134,5,13
68135,3,13
68138,5,13
68139,5,13
68141,12,13
68144,1,13
68145,5,13
68155,1,13
68160,11,13
68161,29,13
68162,28,13
68163,19,13
68166,5,13
68168,20,13
68169,20,13
68174,20,13
68175,29,13
68177,1,13
68179,30,13
68180,29,13
68181,28,13
68182,25,13
68186,7,13
68188,5,13
68190,29,13
68194,5,13
68195,9,13
68198,9,13
68200,13,13
68202,2,13
68205,3,13
68210,2,13
68216,5,13
68218,10,13
68219,1,13
68220,26,13
68221,13,13
68223,18,13
68224,18,13
68228,7,13
68229,25,13
68231,25,13
68233,9,13
68234,30,13
68236,7,13
68238,6,13
68240,25,13
68241,23,13
68243,30,13
68245,10,13
68246,2,13
68249,29,13
68250,23,13
68251,10,13
68252,9,13
68253,23,13
68254,23,13
68255,29,13
68257,23,13
68262,1,13
68266,23,13
68267,23,13
68268,18,13
68269,23,13
68270,23,13
68271,0,13
68276,10,13
68277,28,13
68279,28,13
68282,7,13
68286,25,13
68287,12,13
68288,29,13
68290,7,13
68291,6,13
68292,4,13
68293,6,13
68294,11,13
68296,4,13
68298,18,13
68299,18,13
68302,4,13
68303,18,13
68307,23,13
68311,7,13
68314,7,13
68316,3,13
68317,6,13
68318,12,13
68320,19,13
68325,4,13
68327,18,13
68329,4,13
68330,6,13
68332,3,13
68333,18,13
68339,2,13
68342,23,13
68346,6,13
68350,30,13
68352,2,13
68356,22,13
68357,19,13
68360,23,13
68361,24,13
68364,2,13
68365,4,13
68366,21,13
68370,1,13
68372,23,13
68374,23,13
68375,23,13
68377,1,13
68381,18,13
68383,12,13
68386,22,13
68387,23,13
68389,22,13
68392,22,13
68393,9,13
68397,18,13
68399,9,13
68401,9,13
68403,9,13
68404,22,13
68405,16,13
68406,9,13
68407,7,13
68409,22,13
68411,1,13
68413,1,13
68414,18,13
68415,11,13
68420,9,13
68421,9,13
68423,9,13
68424,9,13
68425,9,13
68426,1,13
68430,22,13
68432,1,13
68435,18,13
68436,9,13
68437,22,13
68438,5,13
68439,5,13
68442,1,13
68443,1,13
68445,7,13
68448,2,13
68451,9,13
68452,1,13
68454,1,13
68455,5,13
68459,1,13
68461,1,13
68463,23,13
68468,5,13
68471,9,13
68473,2,13
68474,1,13
68479,1,13
68482,23,13
68485,23,13
68489,1,13
68491,11,13
68493,23,13
68496,3,13
68499,19,13
68501,13,13
68503,1,13
68504,4,13
68507,11,13
68510,21,13
68511,24,13
68514,23,13
68518,1,13
68520,23,13
68521,23,13
68522,17,13
68526,23,13
68528,23,13
68529,9,13
68530,1,13
68532,2,13
68534,18,13
68538,24,13
68539,21,13
68543,15,13
68544,23,13
68548,16,13
68549,13,13
68552,30,13
68553,23,13
68554,9,13
68558,9,13
68559,24,13
68562,11,13
68563,14,13
68564,13,13
68565,21,13
68566,3,13
68567,30,13
68570,7,13
68572,12,13
68573,23,13
68575,23,13
68579,5,13
68581,23,13
68583,13,13
68584,19,13
68587,24,13
68588,23,13
68589,13,13
68592,17,13
68597,13,13
68598,12,13
68599,20,13
68600,27,13
68601,13,13
68604,3,13
68605,20,13
68608,23,13
68609,4,13
68610,24,13
68612,2,13
68614,21,13
68615,25,13
68616,30,13
68620,23,13
68621,30,13
68626,28,13
68627,16,13
68629,15,13
68630,23,13
68631,9,13
68632,9,13
68634,1,13
68635,3,13
68636,28,13
68639,5,13
68640,18,13
68641,4,13
68644,30,13
68646,20,13
68651,23,13
68652,23,13
68654,28,13
68656,9,13
68657,1,13
68658,23,13
68660,23,13
68662,6,13
68663,10,13
68664,29,13
68667,23,13
68668,23,13
68671,19,13
68672,23,13
68674,23,13
68675,9,13
68677,15,13
68678,5,13
68680,5,13
68686,28,13
68692,18,13
68695,2,13
68696,23,13
68697,30,13
68699,9,13
68700,26,13
68705,17,13
68707,9,13
68709,5,13
68710,5,13
68713,14,13
68714,21,13
68717,1,13
68721,28,13
68722,23,13
68724,9,13
68726,16,13
68727,23,13
68728,15,13
68733,9,13
68735,11,13
68739,9,13
68744,17,13
68747,23,13
68749,14,13
68750,21,13
68751,3,13
68753,23,13
68755,9,13
68757,0,13
68761,0,13
68765,19,13
68766,23,13
68767,5,13
68768,29,13
68770,23,13
68777,1,13
68778,23,13
68779,23,13
68780,23,13
68781,19,13
68782,1,13
68784,23,13
68788,10,13
68789,19,13
68790,0,13
68791,10,13
68793,28,13
68797,4,13
68799,4,13
68801,21,13
68806,18,13
68808,15,13
68810,28,13
68813,4,13
68815,7,13
68817,7,13
68820,23,13
68821,6,13
68822,4,13
68824,4,13
68825,14,13
68826,21,13
68829,23,13
68830,23,13
68832,4,13
68834,23,13
68838,29,13
68841,18,13
68844,23,13
68845,15,13
68848,6,13
68849,23,13
68851,6,13
68852,28,13
68853,9,13
68854,4,13
68856,23,13
68859,18,13
68862,13,13
68864,18,13
68869,18,13
68871,18,13
68874,23,13
68875,7,13
68877,15,13
68880,28,13
68883,23,13
68885,0,13
68886,0,13
68890,27,13
68898,27,13
68900,18,13
68902,22,13
68903,28,13
68905,13,13
68909,18,13
68912,18,13
68914,27,13
68915,23,13
68922,7,13
68927,19,13
68928,4,13
68929,0,13
68930,23,13
68933,27,13
68935,28,13
68937,18,13
68938,0,13
68940,4,13
68942,0,13
68946,27,13
68949,28,13
68952,6,13
68954,27,13
68955,6,13
68958,0,13
68959,28,13
68961,19,13
68962,6,13
68963,6,13
68964,6,13
68966,18,13
68967,18,13
68969,7,13
68970,19,13
68973,28,13
68974,18,13
68976,27,13
68977,27,13
68978,20,13
68981,0,13
68982,3,13
68983,27,13
68984,2,13
68985,27,13
68986,19,13
68988,13,13
68990,6,13
68991,0,13
68992,27,13
68994,19,13
68997,27,13
68999,19,13
69003,23,13
69004,10,13
69006,12,13
69007,6,13
69008,13,13
69009,13,13
69010,27,13
69011,9,13
69012,28,13
69013,27,13
69018,27,13
69019,27,13
69021,27,13
69022,3,13
69023,10,13
69024,23,13
69025,27,13
69026,0,13
69027,0,13
69028,11,13
69033,0,13
69036,0,13
69038,0,13
69040,23,13
69041,23,13
69043,27,13
69045,27,13
69047,4,13
69049,18,13
69055,3,13
69056,0,13
69060,4,13
69061,31,13
69062,27,13
69063,18,13
69065,13,13
69066,0,13
69067,0,13
69071,27,13
69075,19,13
69077,27,13
69078,27,13
69079,0,13
69083,27,13
69084,13,13
69089,27,13
69090,6,13
69091,28,13
69094,31,13
69095,0,13
69096,31,13
69097,27,13
69099,27,13
69102,31,13
69104,19,13
69106,31,13
69107,18,13
69111,0,13
69112,0,13
69113,28,13
69115,0,13
69117,20,13
69118,13,13
69120,2,13
69121,3,13
69125,7,13
69127,5,13
69128,9,13
69129,5,13
69130,29,13
69133,13,13
69135,29,13
69136,30,13
69137,4,13
69138,25,13
69140,25,13
69141,30,13
69143,30,13
69144,25,13
69145,30,13
69148,30,13
69149,13,13
69151,30,13
69153,2,13
69154,2,13
69156,30,13
69158,1,13
69159,22,13
69160,18,13
69161,18,13
69164,20,13
69168,20,13
69169,13,13
69173,5,13
69175,25,13
69176,28,13
69179,25,13
69182,17,13
69183,16,13
69185,25,13
69186,25,13
69188,29,13
69189,25,13
69193,25,13
69194,30,13
69195,15,13
69196,11,13
69197,2,13
69198,2,13
69199,2,13
69200,9,13
69203,29,13
69204,29,13
69209,7,13
69219,25,13
69220,25,13
69221,5,13
69223,18,13
69226,28,13
69227,9,13
69228,4,13
69232,24,13
69233,2,13
69236,16,13
69237,14,13
69238,24,13
69239,2,13
69240,21,13
69242,30,13
69244,30,13
69246,6,13
69250,30,13
69256,25,13
69257,30,13
69261,30,13
69262,25,13
69264,2,13
69265,13,13
69268,28,13
69270,16,13
69271,2,13
69275,19,13
69281,22,13
69287,0,13
69289,7,13
69292,6,13
69293,16,13
69294,28,13
69296,20,13
69297,18,13
69299,3,13
69303,29,13
69304,16,13
69307,11,13
69308,13,13
69309,24,13
69311,11,13
69313,14,13
69314,21,13
69316,30,13
69317,25,13
69319,19,13
69320,14,13
69321,25,13
69323,10,13
69324,18,13
69325,2,13
69326,20,13
69328,1,13
69330,22,13
69332,15,13
69334,6,13
69335,2,13
69337,2,13
69339,16,13
69340,10,13
69347,25,13
69348,25,13
69349,4,13
69352,11,13
69354,30,13
69355,30,13
69356,30,13
69357,30,13
69359,28,13
69361,30,13
69362,30,13
69364,2,13
69367,25,13
69369,1,13
69370,7,13
69372,2,13
69373,5,13
69376,9,13
69379,2,13
69380,6,13
69382,2,13
69386,2,13
69387,18,13
69389,9,13
69391,2,13
69397,18,13
69398,2,13
69399,24,13
69403,28,13
69405,9,13
69406,5,13
69408,14,13
69411,5,13
69413,24,13
69414,11,13
69415,19,13
69416,14,13
69417,21,13
69418,30,13
69419,28,13
69421,6,13
69422,20,13
69423,5,13
69425,15,13
69426,12,13
69430,30,13
69431,12,13
69435,9,13
69436,24,13
69437,28,13
69438,7,13
69439,5,13
69442,11,13
69446,5,13
69448,24,13
69450,30,13
69451,22,13
69452,18,13
69455,1,13
69456,3,13
69458,0,13
69459,7,13
69464,18,13
69465,2,13
69466,10,13
69469,5,13
69470,28,13
69471,13,13
69473,12,13
69474,12,13
69475,2,13
69476,28,13
69477,1,13
69478,12,13
69480,13,13
69481,29,13
69486,7,13
69492,28,13
69493,11,13
69494,12,13
69496,20,13
69501,11,13
69502,18,13
69505,24,13
69508,11,13
69509,11,13
69510,5,13
69511,6,13
69512,12,13
69515,25,13
69516,2,13
69520,28,13
69522,13,13
69524,2,13
69527,1,13
69528,7,13
69530,14,13
69533,24,13
69539,24,13
69540,5,13
69542,18,13
69544,6,13
69545,20,13
69546,18,13
69548,1,13
69552,7,13
69553,7,13
69555,28,13
69556,28,13
69557,23,13
69559,16,13
69562,20,13
69564,29,13
69565,22,13
69566,16,13
69567,16,13
69568,4,13
69570,11,13
69571,14,13
69573,21,13
69575,19,13
69576,9,13
69577,5,13
69580,28,13
69582,22,13
69584,22,13
69587,25,13
69589,16,13
69591,12,13
69592,3,13
69593,9,13
69595,22,13
69596,20,13
69597,30,13
69598,1,13
69600,28,13
69601,4,13
69602,9,13
69604,22,13
69605,0,13
69606,20,13
69607,25,13
69609,6,13
69611,25,13
69613,29,13
69614,3,13
69618,16,13
69621,13,13
69622,19,13
69627,19,13
69628,24,13
69629,25,13
69630,30,13
69631,19,13
69632,2,13
69633,7,13
69636,19,13
69637,25,13
69638,6,13
69640,9,13
69641,5,13
69643,28,13
69644,28,13
69645,22,13
69648,2,13
69649,22,13
69655,22,13
69656,25,13
69657,14,13
69658,25,13
69660,25,13
69662,4,13
69663,3,13
69664,24,13
69665,14,13
69667,18,13
69668,21,13
69670,22,13
69671,13,13
69673,1,13
69675,7,13
69679,2,13
69680,22,13
69682,13,13
69684,7,13
69685,5,13
69688,4,13
69689,24,13
69692,9,13
69693,18,13
69695,12,13
69697,15,13
69698,5,13
69699,7,13
69703,4,13
69704,24,13
69705,14,13
69706,21,13
69708,9,13
69709,28,13
69710,9,13
69713,5,13
69717,9,13
69719,2,13
69721,22,13
69722,2,13
69723,19,13
69727,9,13
69728,5,13
69729,29,13
69730,3,13
69732,3,13
69733,5,13
69735,22,13
69736,18,13
69737,1,13
69740,16,13
69743,4,13
69744,14,13
69746,21,13
69747,5,13
69749,15,13
69750,11,13
69752,17,13
69753,7,13
69755,23,13
69756,2,13
69757,16,13
69761,23,13
69766,16,13
69769,13,13
69771,29,13
69773,24,13
69774,28,13
69780,4,13
69781,24,13
69782,6,13
69784,12,13
69787,24,13
69789,2,13
69790,29,13
69791,4,13
69792,22,13
69793,22,13
69796,23,13
69798,9,13
69800,30,13
69801,10,13
69802,10,13
69804,2,13
69805,28,13
69808,9,13
69811,30,13
69813,15,13
69816,18,13
69818,19,13
69819,21,13
69821,19,13
69823,2,13
69824,28,13
69826,4,13
69828,11,13
69829,18,13
69834,4,13
69839,24,13
69840,11,13
69841,22,13
69842,29,13
69845,28,13
69846,2,13
69849,16,13
69851,3,13
69857,11,13
69858,4,13
69860,28,13
69867,4,13
69870,9,13
69871,4,13
69872,18,13
69873,4,13
69875,4,13
69877,11,13
69878,19,13
69880,30,13
69881,4,13
69883,11,13
69884,11,13
69886,19,13
69888,11,13
69889,7,13
69891,17,13
69892,13,13
69895,11,13
69897,19,13
69898,4,13
69900,11,13
69901,4,13
69905,11,13
69908,18,13
69910,24,13
69913,27,13
69917,7,13
69919,20,13
69920,9,13
69921,31,13
69923,15,13
69924,9,13
69927,3,13
69933,3,13
69934,27,13
69935,18,13
69937,6,13
69938,16,13
69940,7,13
69941,6,13
69942,2,13
69944,5,13
69945,2,13
69946,11,13
69947,11,13
69948,9,13
69950,1,13
69953,20,13
69954,16,13
69956,7,13
69957,22,13
69958,30,13
69960,25,13
69962,3,13
69964,14,13
69965,25,13
69968,10,13
69970,2,13
69971,14,13
69972,9,13
69973,22,13
69976,9,13
69977,17,13
69978,10,13
69979,7,13
69982,9,13
69983,9,13
69984,7,13
69987,9,13
69988,4,13
69989,24,13
69990,11,13
69991,14,13
69992,30,13
69993,13,13
69994,20,13
69995,16,13
69999,22,13
70001,22,13
70002,6,13
70003,25,13
70004,25,13
70006,4,13
70007,6,13
70008,14,13
70012,16,13
70013,0,13
70018,18,13
70019,25,13
70020,2,13
70023,14,13
70025,24,13
70026,4,13
70032,14,13
70033,20,13
70036,20,13
70039,20,13
70040,20,13
70041,4,13
70042,11,13
70044,24,13
70045,24,13
70046,21,13
70048,30,13
70050,0,13
70052,14,13
70054,28,13
70055,30,13
70056,20,13
70057,2,13
70058,13,13
70059,17,13
70060,3,13
70061,20,13
70062,2,13
70064,22,13
70065,14,13
70066,20,13
70068,22,13
70070,30,13
70071,3,13
70075,24,13
70076,4,13
70078,14,13
70081,24,13
70082,15,13
70083,18,13
70086,17,13
70087,17,13
70088,2,13
70090,14,13
70094,2,13
70095,28,13
70098,9,13
70099,11,13
70101,24,13
70105,24,13
70107,30,13
70108,12,13
70110,28,13
70113,9,13
70115,2,13
70116,16,13
70117,0,13
70118,22,13
70120,5,13
70125,2,13
70128,2,13
70129,15,13
70131,7,13
70133,11,13
70136,3,13
70137,24,13
70138,24,13
70139,6,13
70140,14,13
70141,21,13
70142,24,13
70145,9,13
70146,19,13
70149,9,13
70151,3,13
70155,6,13
70156,22,13
70159,16,13
70161,13,13
70163,22,13
70165,14,13
70170,16,13
70171,14,13
70172,9,13
70174,18,13
70175,22,13
70178,11,13
70181,11,13
70182,0,13
70184,4,13
70186,20,13
70187,30,13
70189,10,13
70191,18,13
70195,28,13
70196,2,13
70197,12,13
70200,25,13
70203,1,13
70205,20,13
70206,6,13
70208,24,13
70212,9,13
70214,25,13
70215,25,13
70216,9,13
70217,16,13
70222,24,13
70223,14,13
70226,2,13
70230,18,13
70232,14,13
70234,4,13
70235,14,13
70237,16,13
70241,5,13
70242,24,13
70244,14,13
70245,21,13
70250,22,13
70256,9,13
70257,7,13
70260,22,13
70262,4,13
70266,29,13
70273,28,13
70274,10,13
70277,19,13
70279,13,13
70280,20,13
70281,9,13
70282,22,13
70284,20,13
70286,6,13
70287,6,13
70289,4,13
70292,29,13
70295,11,13
70296,18,13
70297,5,13
70302,29,13
70306,11,13
70308,27,13
70314,9,13
70315,27,13
70317,27,13
70321,29,13
70324,3,13
70327,22,13
70328,19,13
70329,22,13
70330,28,13
70332,4,13
70334,14,13
70335,21,13
70336,18,13
70337,23,13
70341,22,13
70343,22,13
70346,11,13
70348,21,13
70349,3,13
70351,12,13
70352,9,13
70355,7,13
70356,27,13
70358,28,13
70359,28,13
70360,22,13
70361,13,13
70363,28,13
70365,3,13
70367,9,13
70368,5,13
70369,11,13
70370,4,13
70372,9,13
70373,31,13
70374,18,13
70376,4,13
70379,6,13
70380,19,13
70381,27,13
70384,18,13
70387,7,13
70389,12,13
70391,19,13
70395,30,13
70396,10,13
70397,16,13
70398,15,13
70401,17,13
70403,3,13
70405,4,13
70406,10,13
70407,28,13
70413,2,13
70414,17,13
70415,17,13
70416,4,13
70419,14,13
70425,6,13
70428,1,13
70430,16,13
70431,15,13
70432,7,13
70433,9,13
70435,18,13
70436,3,13
70438,6,13
70439,14,13
70443,4,13
70444,18,13
70445,11,13
70446,6,13
70447,14,13
70451,24,13
70452,6,13
70454,17,13
70455,10,13
70457,14,13
70458,16,13
70460,4,13
70462,14,13
70464,7,13
70465,16,13
70466,25,13
70468,25,13
70470,11,13
70479,21,13
70481,2,13
70483,22,13
70485,14,13
70488,14,13
70489,21,13
70491,22,13
70495,14,13
70497,2,13
70502,28,13
70504,29,13
70505,4,13
70508,28,13
70513,13,13
70516,28,13
70517,24,13
70520,6,13
70521,28,13
70522,14,13
70524,3,13
70525,19,13
70531,31,13
70535,31,13
70536,4,13
70537,28,13
70539,21,13
70541,18,13
70544,6,13
70546,5,13
70547,15,13
70548,31,13
70549,31,13
70550,31,13
70551,31,13
70552,27,13
70554,5,13
70556,6,13
70557,5,13
70566,5,13
70568,30,13
70570,29,13
70573,0,13
70574,10,13
70575,0,13
70576,0,13
70577,18,13
70579,10,13
70582,28,13
70583,1,13
70584,10,13
70590,30,13
70593,8,13
70594,8,13
70595,30,13
70596,8,13
70598,8,13
70602,17,13
70608,17,13
70609,12,13
70612,8,13
70613,8,13
70614,28,13
70615,0,13
70616,0,13
70617,17,13
70619,0,13
70620,0,13
70621,0,13
70622,9,13
70623,12,13
70625,22,13
70626,8,13
70628,7,13
70629,9,13
70630,10,13
70633,10,13
70634,8,13
70637,7,13
70638,9,13
70644,18,13
70650,3,13
70652,8,13
70659,8,13
70660,8,13
70661,12,13
70662,2,13
70664,17,13
70667,8,13
70668,8,13
70669,8,13
70671,8,13
70673,8,13
70677,10,13
70680,28,13
70681,3,13
70684,25,13
70685,25,13
70686,7,13
70688,28,13
70689,6,13
70692,24,13
70693,6,13
70694,24,13
70695,14,13
70696,22,13
70698,22,13
70699,29,13
70700,0,13
70702,9,13
70707,3,13
70710,28,13
70711,15,13
70712,24,13
70715,28,13
70717,16,13
70718,7,13
70719,12,13
70725,25,13
70727,10,13
70731,11,13
70732,11,13
70734,9,13
70735,9,13
70736,11,13
70738,25,13
70742,2,13
70743,28,13
70745,9,13
70747,2,13
70748,2,13
70749,22,13
70752,29,13
70753,9,13
70754,9,13
70756,25,13
70757,25,13
70758,25,13
70759,25,13
70760,25,13
70761,25,13
70762,7,13
70764,25,13
70767,6,13
70768,20,13
70769,25,13
70771,2,13
70772,2,13
70773,2,13
70774,10,13
70778,22,13
70782,28,13
70785,17,13
70787,20,13
70789,10,13
70790,24,13
70796,25,13
70797,9,13
70801,30,13
70802,14,13
70804,7,13
70805,3,13
70806,1,13
70808,18,13
70809,9,13
70810,29,13
70811,13,13
70813,2,13
70818,3,13
70820,17,13
70822,29,13
70823,12,13
70824,18,13
70827,2,13
70828,10,13
70829,3,13
70830,2,13
70833,0,13
70834,9,13
70836,13,13
70837,2,13
70839,28,13
70840,9,13
70845,9,13
70848,25,13
70849,9,13
70850,29,13
70851,16,13
70852,29,13
70853,29,13
70858,2,13
70859,0,13
70860,9,13
70861,11,13
70862,2,13
70863,10,13
70865,9,13
70866,18,13
70868,4,13
70869,10,13
70870,24,13
70873,11,13
70876,0,13
70877,16,13
70879,10,13
70884,10,13
70885,23,13
70887,2,13
70892,6,13
70893,9,13
70894,2,13
70896,25,13
70898,25,13
70900,29,13
70903,20,13
70905,18,13
70906,20,13
70907,0,13
70909,6,13
70914,0,13
70915,0,13
70919,11,13
70922,9,13
70923,0,13
70924,18,13
70925,3,13
70926,0,13
70927,3,13
70928,16,13
70931,11,13
70932,2,13
70933,0,13
70936,25,13
70937,24,13
70939,22,13
70940,20,13
70941,11,13
70943,4,13
70944,24,13
70946,29,13
70950,11,13
70951,9,13
70952,5,13
70954,14,13
70958,2,13
70962,9,13
70963,17,13
70965,13,13
70967,28,13
70970,10,13
70972,7,13
70973,22,13
70974,5,13
70982,24,13
70983,11,13
70985,14,13
70987,0,13
70988,30,13
70989,3,13
70991,30,13
70993,14,13
70996,25,13
70997,2,13
70999,9,13
71000,9,13
71002,22,13
71003,15,13
71006,3,13
71008,11,13
71009,2,13
71010,22,13
71018,24,13
71020,0,13
71022,3,13
71023,14,13
71024,21,13
71026,0,13
71029,0,13
71030,0,13
71032,16,13
71034,9,13
71036,9,13
71037,5,13
71039,24,13
71040,2,13
71047,22,13
71049,1,13
71056,14,13
71057,21,13
71061,4,13
71065,7,13
71067,16,13
71068,27,13
71069,7,13
71070,22,13
71075,12,13
71076,0,13
71078,2,13
71079,0,13
71080,24,13
71084,18,13
71089,5,13
71090,14,13
71092,2,13
71093,10,13
71095,2,13
71096,30,13
71097,17,13
71100,19,13
71103,9,13
71104,18,13
71105,11,13
71107,11,13
71109,9,13
71110,25,13
71111,20,13
71113,25,13
71115,25,13
71119,6,13
71125,9,13
71130,12,13
71131,12,13
71133,25,13
71136,25,13
71137,25,13
71140,25,13
71141,13,13
71142,4,13
71143,25,13
71145,16,13
71157,25,13
71161,4,13
71163,24,13
71164,30,13
71169,17,13
71171,27,13
71173,19,13
71175,13,13
71176,10,13
71177,29,13
71178,12,13
71179,7,13
71182,13,13
71183,28,13
71184,13,13
71188,0,13
71190,21,13
71191,15,13
71193,4,13
71194,3,13
71195,7,13
71197,7,13
71198,19,13
71199,20,13
71201,4,13
71202,30,13
71203,14,13
71205,14,13
71207,22,13
71208,7,13
71209,5,13
71212,12,13
71213,7,13
71214,22,13
71217,17,13
71219,13,13
71222,15,13
71223,3,13
71224,5,13
71225,3,13
71226,9,13
71228,22,13
71230,26,13
71231,22,13
71233,10,13
71237,14,13
71238,21,13
71239,18,13
71245,10,13
71247,17,13
71251,13,13
71252,11,13
71253,12,13
71256,12,13
71261,30,13
71262,19,13
71265,19,13
71266,12,13
71267,28,13
71268,2,13
71270,22,13
71271,15,13
71272,22,13
71275,4,13
71277,30,13
71278,14,13
71280,5,13
71281,0,13
71283,4,13
71284,9,13
71286,7,13
71287,2,13
71292,7,13
71294,7,13
71297,7,13
71298,7,13
71299,22,13
71302,9,13
71304,11,13
71305,11,13
71306,16,13
71307,4,13
71316,28,13
71321,18,13
71323,10,13
71329,22,13
71332,30,13
71335,5,13
71337,18,13
71340,24,13
71341,22,13
71345,28,13
71346,21,13
71348,17,13
71349,11,13
71351,6,13
71352,9,13
71353,16,13
71355,27,13
71357,6,13
71359,28,13
71360,9,13
71361,5,13
71362,3,13
71364,3,13
71365,27,13
71367,7,13
71369,27,13
71372,9,13
71373,31,13
71374,27,13
71375,28,13
71377,11,13
71378,11,13
71380,11,13
71381,5,13
71382,13,13
71383,0,13
71385,9,13
71390,0,13
71392,14,13
71393,11,13
71394,13,13
71396,30,13
71397,18,13
71398,27,13
71399,18,13
71400,22,13
71401,7,13
71402,30,13
71403,28,13
71406,6,13
71407,10,13
71408,0,13
71409,5,13
71410,16,13
71411,7,13
71412,25,13
71413,25,13
71414,10,13
71415,7,13
71416,6,13
71419,23,13
71420,30,13
71422,30,13
71424,30,13
71426,30,13
71434,28,13
71436,5,13
71440,29,13
71444,25,13
71446,25,13
71449,6,13
71450,7,13
71451,7,13
71452,23,13
71454,22,13
71457,23,13
71460,28,13
71461,7,13
71463,23,13
71464,16,13
71470,24,13
71476,15,13
71477,18,13
71478,17,13
71479,17,13
71480,16,13
71481,4,13
71483,14,13
71488,6,13
71489,28,13
71490,17,13
71491,19,13
71495,24,13
71501,10,13
71502,21,13
71503,24,13
71505,15,13
71506,16,13
71507,17,13
71508,15,13
71511,24,13
71512,17,13
71517,28,13
71518,23,13
71523,4,13
71526,14,13
71527,19,13
71528,21,13
71532,24,13
71534,14,13
71535,21,13
71536,2,13
71538,4,13
71539,14,13
71541,21,13
71542,18,13
71546,19,13
71547,21,13
71549,28,13
71551,14,13
71552,5,13
71553,4,13
71554,28,13
71555,14,13
71560,29,13
71562,28,13
71566,17,13
71568,4,13
71572,2,13
71575,29,13
71578,14,13
71579,14,13
71580,11,13
71581,18,13
71583,27,13
71584,3,13
71585,3,13
71586,23,13
71588,3,13
71589,27,13
71592,0,13
71593,5,13
71595,25,13
71597,16,13
71599,16,13
71601,12,13
71603,31,13
71604,31,13
71605,31,13
71606,31,13
71607,31,13
71608,31,13
71614,11,13
71619,6,13
71623,28,13
71624,6,13
71625,6,13
71628,19,13
71630,31,13
71634,27,13
71636,8,13
71638,8,13
71639,16,13
71640,0,13
71644,29,13
71646,8,13
71648,8,13
71649,8,13
71650,17,13
71653,8,13
71654,24,13
71658,24,13
71659,28,13
71660,24,13
71661,11,13
71662,22,13
71663,16,13
71664,10,13
71665,2,13
71666,2,13
71668,28,13
71669,2,13
71670,4,13
71673,2,13
71674,2,13
71676,22,13
71679,6,13
71680,14,13
71681,14,13
71682,16,13
71684,18,13
71686,14,13
71687,9,13
71689,28,13
71690,28,13
71692,4,13
71693,14,13
71698,0,13
71699,6,13
71701,4,13
71703,14,13
71704,18,13
71710,24,13
71712,4,13
71714,24,13
71716,22,13
71717,25,13
71720,24,13
71722,24,13
71723,24,13
71724,14,13
71729,10,13
71730,19,13
71731,4,13
71732,24,13
71733,14,13
71734,6,13
71735,1,13
71737,24,13
71738,1,13
71740,19,13
71741,15,13
71742,4,13
71747,14,13
71748,4,13
71750,4,13
71751,14,13
71752,24,13
71754,14,13
71755,24,13
71756,11,13
71757,4,13
71758,24,13
71759,14,13
71760,0,13
71761,28,13
71763,17,13
71764,3,13
71766,17,13
71768,18,13
71770,23,13
71772,7,13
71775,29,13
71780,12,13
71781,10,13
71782,23,13
71783,23,13
71785,23,13
71787,23,13
71788,29,13
71789,23,13
71790,7,13
71793,4,13
71797,7,13
71798,24,13
71799,7,13
71801,17,13
71804,7,13
71807,23,13
71808,4,13
71809,14,13
71810,24,13
71812,18,13
71813,4,13
71815,14,13
71818,24,13
71822,24,13
71830,14,13
71837,7,13
71841,14,13
71843,15,13
71844,7,13
71845,23,13
71848,22,13
71850,3,13
71851,1,13
71852,25,13
71856,25,13
71861,5,13
71862,7,13
71863,24,13
71864,25,13
71866,7,13
71868,7,13
71869,23,13
71872,13,13
71874,18,13
71875,10,13
71876,1,13
71877,1,13
71879,1,13
71881,5,13
71883,9,13
71884,24,13
71886,25,13
71888,1,13
71890,28,13
71893,12,13
71898,9,13
71899,10,13
71900,7,13
71901,10,13
71902,6,13
71903,24,13
71904,2,13
71905,1,13
71911,3,13
71912,16,13
71914,12,13
71915,2,13
71917,14,13
71919,3,13
71920,5,13
71921,1,13
71925,17,13
71926,30,13
71929,18,13
71930,23,13
71931,7,13
71933,14,13
71935,1,13
71936,1,13
71937,23,13
71938,2,13
71940,24,13
71941,5,13
71943,2,13
71944,2,13
71945,1,13
71946,23,13
71949,28,13
71951,12,13
71952,2,13
71953,1,13
71954,12,13
71955,5,13
71958,1,13
71959,18,13
71962,2,13
71963,23,13
71964,7,13
71965,9,13
71968,5,13
71969,17,13
71970,5,13
71971,30,13
71972,1,13
71974,5,13
71976,1,13
71977,9,13
71985,16,13
71987,16,13
71989,16,13
71990,16,13
71991,16,13
71992,24,13
71994,15,13
71999,4,13
72001,21,13
72003,17,13
72004,22,13
72006,23,13
72011,4,13
72016,28,13
72017,17,13
72018,3,13
72019,4,13
72020,11,13
72023,27,13
72028,4,13
72029,14,13
72030,21,13
72032,7,13
72037,23,13
72039,28,13
72040,19,13
72041,20,13
72044,4,13
72049,18,13
72050,11,13
72051,27,13
72054,4,13
72056,19,13
72057,4,13
72058,12,13
72060,6,13
72062,6,13
72063,11,13
72064,6,13
72065,6,13
72066,16,13
72067,19,13
72070,4,13
72071,19,13
72072,0,13
72073,0,13
72077,11,13
72078,11,13
72079,11,13
72081,23,13
72085,7,13
72086,23,13
72087,31,13
72091,31,13
72094,7,13
72096,4,13
72097,0,13
72098,28,13
72100,3,13
72111,19,13
72113,28,13
72116,27,13
72118,18,13
72119,27,13
72120,27,13
72121,27,13
72122,3,13
72125,0,13
72128,27,13
72129,9,13
72130,27,13
72132,27,13
72135,27,13
72137,27,13
72139,17,13
72140,27,13
72142,27,13
72145,27,13
72147,1,13
72148,27,13
72149,27,13
72150,27,13
72151,27,13
72152,27,13
72155,27,13
72156,27,13
72157,27,13
72159,27,13
72160,19,13
72163,23,13
72164,27,13
72165,27,13
72166,23,13
72167,26,13
72169,27,13
72172,6,13
72174,13,13
72180,4,13
72183,4,13
72184,6,13
72185,4,13
72186,4,13
72187,4,13
72188,17,13
72191,19,13
72192,7,13
72193,29,13
72194,1,13
72196,27,13
72198,19,13
72199,8,13
72200,0,13
72202,17,13
72205,27,13
72206,19,13
72207,18,13
72208,26,13
72210,13,13
72213,22,13
72214,25,13
72215,17,13
72217,7,13
72218,27,13
72221,27,13
72222,7,13
72223,19,13
72228,3,13
72229,17,13
72234,18,13
72235,19,13
72236,24,13
72238,22,13
72239,27,13
72241,19,13
72243,23,13
72244,28,13
72247,27,13
72248,28,13
72250,19,13
72251,9,13
72252,25,13
72253,4,13
72256,27,13
72259,4,13
72260,24,13
72261,7,13
72262,24,13
72263,4,13
72266,20,13
72268,28,13
72269,5,13
72270,15,13
72275,24,13
72276,4,13
72278,24,13
72279,25,13
72280,4,13
72281,13,13
72282,24,13
72283,5,13
72284,0,13
72285,18,13
72286,7,13
72289,18,13
72290,24,13
72291,21,13
72292,23,13
72294,4,13
72295,11,13
72296,3,13
72297,21,13
72299,4,13
72301,24,13
72304,28,13
72305,21,13
72310,1,13
72313,7,13
72314,4,13
72316,18,13
72318,21,13
72319,7,13
72324,14,13
72325,21,13
72326,4,13
72327,6,13
72329,21,13
72331,5,13
72334,9,13
72335,27,13
72336,8,13
72341,24,13
72343,24,13
72344,30,13
72345,10,13
72347,1,13
72350,2,13
72352,7,13
72357,24,13
72359,12,13
72362,8,13
72363,5,13
72364,25,13
72365,25,13
72366,11,13
72368,25,13
72371,28,13
72375,25,13
72376,25,13
72380,2,13
72381,25,13
72384,1,13
72385,3,13
72389,9,13
72395,14,13
72396,2,13
72397,4,13
72398,24,13
72399,11,13
72401,2,13
72403,22,13
72404,22,13
72405,18,13
72406,13,13
72407,2,13
72408,2,13
72410,7,13
72411,9,13
72412,26,13
72415,7,13
72416,5,13
72418,29,13
72419,28,13
72421,9,13
72422,12,13
72423,2,13
72424,0,13
72426,14,13
72428,4,13
72429,24,13
72431,11,13
72432,24,13
72433,6,13
72434,3,13
72437,9,13
72440,2,13
72441,18,13
72442,12,13
72443,3,13
72444,2,13
72445,9,13
72446,6,13
72447,22,13
72448,12,13
72449,1,13
72450,1,13
72453,13,13
72456,14,13
72458,9,13
72459,5,13
72462,30,13
72463,11,13
72465,11,13
72466,10,13
72470,4,13
72472,7,13
72473,14,13
72475,24,13
72477,13,13
72479,9,13
72481,13,13
72483,13,13
72486,20,13
72487,19,13
72488,22,13
72490,9,13
72491,4,13
72493,10,13
72496,11,13
72500,30,13
72504,9,13
72506,30,13
72510,11,13
72511,4,13
72512,29,13
72515,6,13
72517,28,13
72520,17,13
72521,13,13
72522,30,13
72523,11,13
72526,9,13
72527,3,13
72529,11,13
72532,12,13
72533,17,13
72535,28,13
72536,0,13
72538,9,13
72543,2,13
72546,9,13
72548,18,13
72549,9,13
72552,29,13
72555,1,13
72556,3,13
72558,22,13
72559,22,13
72560,13,13
72562,2,13
72564,9,13
72566,15,13
72568,18,13
72569,18,13
72570,17,13
72579,17,13
72580,22,13
72581,3,13
72583,11,13
72584,28,13
72585,29,13
72591,4,13
72593,14,13
72596,21,13
72598,11,13
72599,11,13
72600,11,13
72602,30,13
72606,30,13
72608,11,13
72609,2,13
72610,6,13
72611,11,13
72612,11,13
72622,3,13
72624,6,13
72626,7,13
72627,1,13
72628,28,13
72630,5,13
72632,3,13
72634,0,13
72636,6,13
72637,10,13
72638,7,13
72641,7,13
72642,17,13
72643,3,13
72646,3,13
72647,3,13
72650,13,13
72653,3,13
72654,9,13
72655,9,13
72659,22,13
72661,25,13
72665,20,13
72667,2,13
72669,28,13
72670,9,13
72671,11,13
72672,11,13
72673,9,13
72674,11,13
72675,11,13
72676,24,13
72677,24,13
72678,24,13
72680,11,13
72685,14,13
72687,30,13
72688,3,13
72690,13,13
72693,28,13
72695,9,13
72696,7,13
72697,15,13
72698,11,13
72699,3,13
72705,2,13
72707,3,13
72709,1,13
72711,28,13
72714,11,13
72716,17,13
72718,10,13
72719,5,13
72720,18,13
72721,2,13
72724,11,13
72726,28,13
72729,14,13
72732,1,13
72734,11,13
72736,11,13
72737,24,13
72738,24,13
72740,6,13
72745,11,13
72747,6,13
72748,6,13
72749,11,13
72751,12,13
72753,30,13
72754,20,13
72755,1,13
72756,25,13
72757,10,13
72758,9,13
72759,7,13
72760,0,13
72761,7,13
72763,1,13
72764,7,13
72768,3,13
72769,17,13
72770,0,13
72771,22,13
72772,22,13
72775,4,13
72777,19,13
72785,30,13
72786,11,13
72787,9,13
72794,30,13
72797,12,13
72798,17,13
72801,1,13
72803,11,13
72804,7,13
72809,22,13
72811,3,13
72814,17,13
72815,5,13
72817,11,13
72818,7,13
72820,9,13
72823,0,13
72824,11,13
72825,28,13
72826,12,13
72829,28,13
72830,13,13
72831,6,13
72834,15,13
72835,3,13
72837,7,13
72838,3,13
72839,10,13
72840,16,13
72841,1,13
72845,13,13
72846,3,13
72851,20,13
72854,7,13
72857,3,13
72858,15,13
72859,3,13
72860,3,13
72862,15,13
72863,11,13
72864,11,13
72865,0,13
72866,10,13
72872,9,13
72873,17,13
72875,20,13
72876,17,13
72877,23,13
72878,20,13
72879,28,13
72882,19,13
72884,11,13
72888,6,13
72889,6,13
72890,11,13
72891,19,13
72893,11,13
72895,6,13
72896,7,13
72897,13,13
72898,24,13
72899,13,13
72900,1,13
72901,29,13
72904,24,13
72905,24,13
72906,7,13
72907,17,13
72910,3,13
72911,2,13
72912,15,13
72913,17,13
72915,17,13
72919,11,13
72921,7,13
72922,27,13
72923,6,13
72924,25,13
72926,9,13
72929,11,13
72931,26,13
72935,22,13
72937,22,13
72938,1,13
72945,21,13
72946,18,13
72948,1,13
72950,3,13
72951,22,13
72952,22,13
72953,28,13
72955,0,13
72957,22,13
72958,18,13
72963,24,13
72965,9,13
72966,29,13
72970,22,13
72971,22,13
72974,20,13
72978,18,13
72979,3,13
72983,3,13
72984,21,13
72985,30,13
72987,7,13
72989,18,13
72990,22,13
72992,12,13
72993,14,13
72995,14,13
73000,22,13
73003,22,13
73005,22,13
73006,22,13
73007,22,13
73008,22,13
73009,22,13
73010,22,13
73012,15,13
73014,13,13
73015,19,13
73017,9,13
73018,22,13
73019,22,13
73020,14,13
73021,4,13
73023,22,13
73024,22,13
73025,14,13
73026,11,13
73028,11,13
73031,19,13
73032,10,13
73033,14,13
73036,19,13
73037,19,13
73041,6,13
73043,29,13
73045,19,13
73046,18,13
73047,19,13
73049,11,13
73050,18,13
73051,19,13
73052,11,13
73053,5,13
73054,18,13
73055,29,13
73056,14,13
73057,9,13
73060,7,13
73061,4,13
73066,3,13
73069,3,13
73073,18,13
73076,17,13
73078,19,13
73080,15,13
73081,27,13
73082,6,13
73083,27,13
73088,11,13
73089,11,13
73090,13,13
73092,29,13
73093,7,13
73095,14,13
73096,27,13
73097,31,13
73099,0,13
73101,14,13
73102,21,13
73103,22,13
73104,7,13
73106,9,13
73110,18,13
73111,18,13
73112,3,13
73113,19,13
73114,13,13
73117,10,13
73120,25,13
73122,9,13
73123,5,13
73125,2,13
73127,28,13
73128,29,13
73129,28,13
73132,18,13
73136,10,13
73137,20,13
73138,5,13
73139,27,13
73141,16,13
73142,28,13
73145,4,13
73146,6,13
73147,11,13
73148,27,13
73149,4,13
73151,19,13
73152,19,13
73154,2,13
73156,3,13
73160,27,13
73161,27,13
73164,27,13
73172,8,13
73176,8,13
73179,7,13
73184,27,13
73186,22,13
73187,5,13
73188,27,13
73189,9,13
73190,0,13
73192,1,13
73194,22,13
73195,16,13
73196,3,13
73197,22,13
73199,24,13
73200,7,13
73203,3,13
73204,17,13
73205,30,13
73208,30,13
73209,17,13
73210,17,13
73211,17,13
73214,2,13
73216,16,13
73217,15,13
73218,25,13
73219,29,13
73221,9,13
73223,2,13
73227,7,13
73234,30,13
73237,9,13
73238,0,13
73239,7,13
73241,25,13
73242,4,13
73243,10,13
73248,30,13
73249,24,13
73250,11,13
73252,9,13
73253,17,13
73254,18,13
73255,3,13
73256,3,13
73258,9,13
73259,3,13
73260,9,13
73261,2,13
73266,9,13
73267,3,13
73268,0,13
73270,3,13
73274,7,13
73276,3,13
73278,3,13
73279,28,13
73280,7,13
73281,9,13
73283,24,13
73286,12,13
73291,6,13
73293,6,13
73295,3,13
73296,28,13
73298,6,13
73299,11,13
73303,6,13
73304,3,13
73305,18,13
73307,11,13
73308,11,13
73311,6,13
73314,0,13
73316,19,13
73317,2,13
73320,2,13
73322,16,13
73323,0,13
73325,9,13
73326,3,13
73328,12,13
73329,9,13
73333,7,13
73334,7,13
73337,2,13
73341,16,13
73342,1,13
73343,11,13
73344,14,13
73349,18,13
73350,29,13
73351,24,13
73353,7,13
73354,18,13
73357,17,13
73358,9,13
73360,20,13
73362,12,13
73363,10,13
73364,10,13
73365,14,13
73367,30,13
73368,15,13
73371,3,13
73378,9,13
73380,12,13
73381,4,13
73383,14,13
73385,7,13
73386,0,13
73387,17,13
73389,29,13
73392,1,13
73393,4,13
73394,19,13
73397,18,13
73400,24,13
73403,17,13
73405,1,13
73409,7,13
73411,5,13
73412,23,13
73413,0,13
73421,6,13
73425,27,13
73426,5,13
73430,5,13
73431,28,13
73434,2,13
73435,10,13
73437,28,13
73439,0,13
73442,3,13
73443,3,13
73444,10,13
73446,11,13
73447,17,13
73448,28,13
73449,2,13
73452,30,13
73456,13,13
73457,3,13
73459,3,13
73460,3,13
73462,15,13
73464,2,13
73466,19,13
73467,28,13
73468,2,13
73472,15,13
73473,18,13
73476,9,13
73478,15,13
73481,9,13
73483,23,13
73484,10,13
73485,10,13
73486,17,13
73487,29,13
73488,3,13
73490,26,13
73492,17,13
73494,14,13
73497,11,13
73498,21,13
73499,30,13
73500,17,13
73504,18,13
73505,11,13
73510,0,13
73515,1,13
73518,13,13
73520,13,13
73521,2,13
73522,1,13
73525,5,13
73533,29,13
73534,5,13
73538,2,13
73544,9,13
73546,3,13
73550,28,13
73552,19,13
73555,2,13
73556,16,13
73557,29,13
73558,28,13
73559,5,13
73560,12,13
73561,0,13
73562,9,13
73564,15,13
73565,9,13
73566,6,13
73570,2,13
73571,22,13
73573,5,13
73574,5,13
73575,9,13
73576,5,13
73578,17,13
73579,17,13
73582,28,13
73585,17,13
73589,7,13
73590,15,13
73593,4,13
73594,3,13
73595,3,13
73600,14,13
73604,17,13
73605,18,13
73607,30,13
73610,2,13
73611,30,13
73612,18,13
73614,21,13
73615,22,13
73618,19,13
73619,13,13
73621,10,13
73627,28,13
73628,9,13
73629,7,13
73630,5,13
73632,2,13
73636,1,13
73639,28,13
73640,17,13
73645,3,13
73646,0,13
73647,19,13
73650,3,13
73655,23,13
73658,3,13
73659,7,13
73660,10,13
73661,27,13
73663,29,13
73670,15,13
73671,3,13
73672,28,13
73676,3,13
73677,2,13
73679,3,13
73681,3,13
73684,23,13
73687,3,13
73691,7,13
73693,9,13
73696,27,13
73697,17,13
73699,19,13
73700,28,13
73701,29,13
73707,14,13
73711,7,13
73713,11,13
73716,9,13
73718,10,13
73720,29,13
73726,3,13
73727,3,13
73729,12,13
73731,3,13
73732,4,13
73734,3,13
73735,0,13
73736,15,13
73737,3,13
73739,3,13
73742,3,13
73743,27,13
73747,3,13
73749,2,13
73751,7,13
73753,3,13
73754,3,13
73759,9,13
73760,1,13
73761,2,13
73763,18,13
73764,9,13
73766,3,13
73767,3,13
73769,23,13
73771,15,13
73772,3,13
73773,17,13
73775,3,13
73776,2,13
73777,2,13
73778,5,13
73782,9,13
73783,3,13
73785,11,13
73787,14,13
73789,15,13
73791,10,13
73792,18,13
73793,13,13
73795,13,13
73796,24,13
73799,28,13
73804,30,13
73810,10,13
73811,5,13
73812,5,13
73814,15,13
73815,2,13
73816,6,13
73817,15,13
73819,28,13
73821,30,13
73824,9,13
73825,16,13
73826,15,13
73827,5,13
73828,12,13
73829,30,13
73831,3,13
73833,5,13
73834,12,13
73835,7,13
73837,7,13
73838,10,13
73841,12,13
73842,24,13
73845,3,13
73848,24,13
73849,18,13
73856,18,13
73857,30,13
73858,3,13
73859,3,13
73860,7,13
73863,28,13
73864,17,13
73865,3,13
73866,15,13
73867,19,13
73868,20,13
73871,28,13
73872,1,13
73873,7,13
73874,18,13
73875,0,13
73877,3,13
73879,15,13
73881,9,13
73887,23,13
73890,1,13
73891,2,13
73892,9,13
73893,0,13
73894,2,13
73895,13,13
73897,31,13
73898,17,13
73899,4,13
73900,20,13
73901,0,13
73904,12,13
73906,19,13
73908,30,13
73910,9,13
73911,18,13
73912,0,13
73913,3,13
73915,29,13
73917,3,13
73918,3,13
73923,15,13
73924,3,13
73931,18,13
73935,12,13
73939,15,13
73940,17,13
73941,15,13
73943,11,13
73944,9,13
73945,18,13
73946,13,13
73952,15,13
73954,17,13
73955,3,13
73956,3,13
73957,9,13
73958,9,13
73959,15,13
73961,6,13
73962,9,13
73964,30,13
73966,15,13
73971,28,13
73974,3,13
73975,17,13
73976,15,13
73978,18,13
73979,3,13
73981,9,13
73982,15,13
73987,3,13
73988,23,13
73989,27,13
73990,19,13
73992,2,13
73995,17,13
73998,3,13
73999,3,13
74001,15,13
74002,27,13
74004,3,13
74006,3,13
74008,18,13
74009,27,13
74012,13,13
74014,13,13
74015,7,13
74016,11,13
74017,3,13
74019,5,13
74021,7,13
74023,7,13
74025,3,13
74029,3,13
74032,3,13
74033,3,13
74035,19,13
74041,9,13
74042,13,13
74044,11,13
74045,27,13
74047,3,13
74048,3,13
74049,27,13
74050,10,13
74052,3,13
74053,17,13
74056,1,13
74057,16,13
74058,6,13
74060,7,13
74061,9,13
74063,16,13
74064,7,13
74066,28,13
74067,3,13
74068,7,13
74074,11,13
74076,7,13
74077,0,13
74078,3,13
74079,15,13
74080,17,13
74082,18,13
74087,26,13
74091,5,13
74093,17,13
74096,27,13
74098,3,13
74100,2,13
74103,5,13
74104,29,13
74105,15,13
74110,11,13
74111,9,13
74112,3,13
74113,15,13
74115,27,13
74117,7,13
74118,27,13
74119,3,13
74120,29,13
74121,13,13
74124,7,13
74126,7,13
74128,18,13
74132,7,13
74136,15,13
74138,13,13
74139,9,13
74141,6,13
74148,17,13
74149,5,13
74150,27,13
74151,10,13
74152,29,13
74153,29,13
74154,16,13
74156,13,13
74161,22,13
74166,9,13
74168,27,13
74169,13,13
74171,8,13
74173,7,13
74175,8,13
74177,0,13
74179,7,13
74183,7,13
74184,8,13
74185,7,13
74186,7,13
74188,3,13
74192,28,13
74194,18,13
74195,17,13
74197,9,13
74199,7,13
74200,29,13
74201,2,13
74202,2,13
74203,27,13
74204,5,13
74206,3,13
74207,28,13
74212,9,13
74213,5,13
74214,19,13
74220,10,13
74222,10,13
74223,19,13
74224,13,13
74226,7,13
74227,3,13
74228,17,13
74238,19,13
74239,27,13
74240,3,13
74242,28,13
74243,27,13
74246,18,13
74247,7,13
74249,15,13
74250,19,13
74252,13,13
74253,16,13
74254,16,13
74256,13,13
74257,5,13
74259,22,13
74260,7,13
74261,2,13
74262,2,13
74263,3,13
74267,9,13
74268,9,13
74269,9,13
74271,16,13
74272,13,13
74273,22,13
74274,28,13
74276,18,13
74277,3,13
74278,27,13
74281,5,13
74282,12,13
74284,6,13
74287,13,13
74291,7,13
74295,7,13
74299,3,13
74303,27,13
74304,27,13
74306,27,13
74307,10,13
74309,5,13
74313,9,13
74315,23,13
74316,5,13
74317,19,13
74320,12,13
74321,27,13
74322,5,13
74324,27,13
74325,13,13
74326,27,13
74330,27,13
74331,28,13
74336,12,13
74337,28,13
74338,9,13
74339,7,13
74340,12,13
74341,30,13
74343,28,13
74345,29,13
74346,26,13
74347,17,13
74350,28,13
74352,3,13
74357,25,13
74358,16,13
74359,30,13
74360,16,13
74361,22,13
74364,22,13
74365,19,13
74366,28,13
74368,28,13
74369,23,13
74371,9,13
74372,7,13
74373,24,13
74375,2,13
74376,17,13
74377,25,13
74380,24,13
74382,16,13
74386,16,13
74388,27,13
74390,3,13
74392,17,13
74393,16,13
74394,14,13
74395,0,13
74396,13,13
74398,6,13
74401,16,13
74402,19,13
74406,24,13
74410,2,13
74411,1,13
74413,3,13
74416,9,13
74419,29,13
74423,25,13
74424,13,13
74425,2,13
74427,28,13
74428,19,13
74429,20,13
74430,16,13
74431,11,13
74433,20,13
74435,24,13
74436,14,13
74438,21,13
74439,24,13
74440,6,13
74446,13,13
74447,6,13
74448,12,13
74449,12,13
74450,25,13
74452,14,13
74455,6,13
74457,24,13
74458,24,13
74459,14,13
74461,24,13
74463,4,13
74464,4,13
74465,12,13
74470,12,13
74472,29,13
74475,14,13
74477,5,13
74479,28,13
74480,19,13
74481,11,13
74482,4,13
74483,24,13
74484,19,13
74487,24,13
74488,2,13
74493,12,13
74496,16,13
74497,12,13
74501,22,13
74503,18,13
74505,14,13
74508,18,13
74509,11,13
74511,0,13
74512,29,13
74514,13,13
74515,14,13
74517,22,13
74521,0,13
74522,17,13
74523,2,13
74524,13,13
74529,0,13
74530,14,13
74535,4,13
74536,11,13
74537,9,13
74539,14,13
74540,21,13
74542,28,13
74544,5,13
74545,3,13
74546,9,13
74547,28,13
74550,10,13
74552,10,13
74555,24,13
74557,24,13
74558,7,13
74559,27,13
74560,28,13
74561,28,13
74562,0,13
74565,14,13
74566,6,13
74571,30,13
74572,14,13
74575,30,13
74577,10,13
74578,9,13
74579,18,13
74582,1,13
74584,1,13
74587,14,13
74588,14,13
74594,24,13
74596,14,13
74598,4,13
74600,25,13
74602,9,13
74604,3,13
74605,7,13
74606,14,13
74607,15,13
74608,9,13
74611,11,13
74612,11,13
74613,6,13
74616,30,13
74617,30,13
74620,9,13
74626,6,13
74629,7,13
74630,17,13
74631,9,13
74639,22,13
74641,3,13
74643,9,13
74646,13,13
74649,21,13
74653,30,13
74655,18,13
74657,3,13
74660,9,13
74662,9,13
74664,10,13
74665,11,13
74669,9,13
74672,9,13
74673,5,13
74674,24,13
74675,18,13
74679,16,13
74682,4,13
74685,21,13
74686,13,13
74688,17,13
74689,12,13
74690,13,13
74692,13,13
74695,16,13
74699,29,13
74701,15,13
74705,14,13
74706,21,13
74708,2,13
74709,15,13
74713,14,13
74715,4,13
74718,15,13
74719,24,13
74721,15,13
74722,1,13
74724,14,13
74726,4,13
74728,28,13
74729,14,13
74730,21,13
74731,13,13
74733,17,13
74735,20,13
74737,2,13
74739,13,13
74741,22,13
74743,9,13
74746,10,13
74748,23,13
74749,19,13
74751,17,13
74753,7,13
74758,24,13
74759,28,13
74760,14,13
74761,28,13
74765,3,13
74766,19,13
74768,15,13
74769,18,13
74772,18,13
74773,1,13
74775,7,13
74776,19,13
74778,0,13
74782,18,13
74784,9,13
74785,0,13
74786,15,13
74787,12,13
74789,14,13
74790,10,13
74792,19,13
74794,4,13
74799,24,13
74800,6,13
74803,28,13
74806,24,13
74808,2,13
74815,21,13
74817,11,13
74818,2,13
74820,25,13
74821,29,13
74830,5,13
74832,6,13
74833,3,13
74834,17,13
74839,11,13
74841,27,13
74844,15,13
74845,28,13
74846,18,13
74847,15,13
74850,28,13
74851,3,13
74853,5,13
74856,27,13
74857,17,13
74858,29,13
74860,11,13
74862,27,13
74864,28,13
74865,3,13
74867,19,13
74870,9,13
74872,7,13
74875,27,13
74879,8,13
74880,2,13
74882,8,13
74885,12,13
74887,9,13
74889,2,13
74890,14,13
74892,5,13
74896,26,13
74898,15,13
74899,26,13
74902,7,13
74906,4,13
74908,19,13
74909,27,13
74911,9,13
74912,0,13
74914,19,13
74923,3,13
74924,29,13
74926,16,13
74928,27,13
74930,3,13
74931,1,13
74932,3,13
74933,7,13
74936,14,13
74937,25,13
74939,25,13
74941,16,13
74948,2,13
74949,16,13
74951,16,13
74955,14,13
74957,24,13
74962,14,13
74966,24,13
74969,9,13
74970,17,13
74972,14,13
74973,24,13
74976,22,13
74978,22,13
74980,22,13
74985,15,13
74986,24,13
74992,14,13
74995,2,13
74997,14,13
75000,14,13
75002,4,13
75003,24,13
75006,24,13
75007,30,13
75015,24,13
75016,16,13
75021,11,13
75022,24,13
75026,8,13
75027,8,13
75029,8,13
75030,8,13
75032,8,13
75034,5,13
75035,28,13
75037,5,13
75040,4,13
75041,23,13
75042,0,13
75043,23,13
75045,4,13
75047,9,13
75049,1,13
75050,4,13
75052,22,13
75053,11,13
75055,14,13
75056,28,13
75058,5,13
75059,1,13
75061,22,13
75062,7,13
75063,7,13
75064,28,13
75065,27,13
75068,29,13
75070,16,13
75072,28,13
75075,23,13
75076,12,13
75077,9,13
75081,23,13
75084,19,13
75085,12,13
75086,10,13
75087,7,13
75090,0,13
75091,9,13
75095,24,13
75098,8,13
75100,8,13
75101,8,13
75102,8,13
75104,0,13
75106,12,13
75107,24,13
75109,28,13
75110,28,13
75111,23,13
75113,30,13
75114,0,13
75115,24,13
75119,16,13
75120,16,13
75123,8,13
75124,23,13
75126,23,13
75127,28,13
75128,1,13
75129,7,13
75130,1,13
75131,10,13
75132,10,13
75140,25,13
75142,25,13
75146,27,13
75149,25,13
75150,25,13
75151,25,13
75152,9,13
75154,5,13
75155,30,13
75157,30,13
75158,25,13
75165,5,13
75169,30,13
75173,9,13
75175,30,13
75176,30,13
75177,23,13
75178,9,13
75180,2,13
75183,18,13
75185,30,13
75187,25,13
75190,5,13
75191,5,13
75193,9,13
75196,18,13
75198,10,13
75203,9,13
75211,20,13
75212,11,13
75213,6,13
75215,25,13
75217,25,13
75219,29,13
75220,28,13
75221,24,13
75227,5,13
75228,30,13
75229,9,13
75230,1,13
75231,18,13
75233,29,13
75234,30,13
75238,18,13
75239,29,13
75240,29,13
75241,25,13
75243,22,13
75245,23,13
75247,23,13
75251,0,13
75252,10,13
75253,9,13
75254,4,13
75255,9,13
75258,2,13
75259,9,13
75260,9,13
75261,20,13
75262,3,13
75264,18,13
75266,2,13
75269,9,13
75270,29,13
75274,29,13
75278,17,13
75279,15,13
75280,9,13
75284,23,13
75285,9,13
75288,23,13
75289,10,13
75290,3,13
75291,23,13
75292,23,13
75293,23,13
75297,25,13
75298,10,13
75299,25,13
75300,28,13
75305,25,13
75306,11,13
75307,22,13
75309,17,13
75311,11,13
75313,22,13
75314,22,13
75315,28,13
75316,2,13
75317,22,13
75321,22,13
75322,24,13
75323,22,13
75325,22,13
75326,28,13
75327,30,13
75328,25,13
75329,20,13
75331,16,13
75334,18,13
75335,11,13
75336,18,13
75337,14,13
75338,9,13
75339,21,13
75340,25,13
75341,30,13
75342,2,13
75343,23,13
75344,1,13
75346,23,13
75347,25,13
75349,30,13
75352,1,13
75358,18,13
75362,24,13
75363,17,13
75366,9,13
75368,2,13
75369,2,13
75370,9,13
75371,9,13
75372,23,13
75373,27,13
75374,2,13
75376,27,13
75377,28,13
75378,2,13
75381,23,13
75384,11,13
75389,30,13
75390,9,13
75391,16,13
75392,1,13
75398,28,13
75401,1,13
75402,23,13
75404,2,13
75405,19,13
75406,3,13
75410,3,13
75411,1,13
75412,23,13
75416,23,13
75417,17,13
75421,9,13
75423,11,13
75424,9,13
75425,23,13
75428,4,13
75429,24,13
75431,20,13
75433,9,13
75434,9,13
75436,29,13
75437,30,13
75438,25,13
75439,25,13
75440,3,13
75441,7,13
75443,9,13
75444,2,13
75445,2,13
75447,24,13
75454,17,13
75456,4,13
75459,25,13
75460,25,13
75462,10,13
75463,25,13
75464,11,13
75466,17,13
75467,30,13
75470,29,13
75471,24,13
75472,29,13
75474,7,13
75477,10,13
75484,17,13
75490,18,13
75491,18,13
75493,18,13
75495,17,13
75496,22,13
75497,5,13
75498,3,13
75500,17,13
75505,5,13
75507,7,13
75509,0,13
75510,19,13
75511,12,13
75512,22,13
75514,5,13
75517,25,13
75518,25,13
75521,25,13
75522,12,13
75523,25,13
75524,3,13
75528,5,13
75529,25,13
75533,7,13
75538,9,13
75539,14,13
75540,21,13
75541,22,13
75543,10,13
75544,24,13
75545,14,13
75546,10,13
75547,22,13
75550,12,13
75553,2,13
75554,10,13
75555,9,13
75556,12,13
75557,16,13
75558,2,13
75559,12,13
75560,14,13
75562,12,13
75563,19,13
75565,22,13
75566,12,13
75568,18,13
75571,12,13
75573,5,13
75580,2,13
75581,25,13
75585,19,13
75586,29,13
75588,4,13
75590,14,13
75592,2,13
75593,9,13
75594,12,13
75595,9,13
75596,25,13
75598,12,13
75599,15,13
75601,25,13
75607,7,13
75611,6,13
75612,9,13
75613,19,13
75615,9,13
75616,9,13
75617,2,13
75619,28,13
75623,17,13
75625,9,13
75626,6,13
75631,24,13
75632,11,13
75634,25,13
75636,22,13
75637,22,13
75638,5,13
75639,9,13
75640,9,13
75641,9,13
75642,5,13
75643,7,13
75644,14,13
75646,5,13
75647,24,13
75648,24,13
75649,29,13
75650,12,13
75653,12,13
75654,17,13
75657,2,13
75658,15,13
75659,10,13
75661,12,13
75662,30,13
75663,30,13
75666,18,13
75668,3,13
75678,17,13
75680,9,13
75682,23,13
75686,0,13
75687,7,13
75689,12,13
75690,25,13
75691,11,13
75694,20,13
75696,15,13
75699,14,13
75702,7,13
75704,22,13
75707,2,13
75708,5,13
75709,2,13
75711,20,13
75712,6,13
75714,30,13
75721,25,13
75722,9,13
75725,4,13
75727,20,13
75732,22,13
75733,25,13
75736,0,13
75737,22,13
75738,5,13
75741,22,13
75742,5,13
75746,28,13
75747,19,13
75748,2,13
75754,10,13
75755,10,13
75757,24,13
75759,5,13
75760,10,13
75762,14,13
75765,1,13
75767,2,13
75770,24,13
75772,18,13
75775,13,13
75776,9,13
75777,18,13
75778,9,13
75782,5,13
75785,28,13
75786,18,13
75789,22,13
75793,18,13
75794,1,13
75795,17,13
75797,30,13
75798,9,13
75799,24,13
75802,12,13
75804,12,13
75806,9,13
75808,20,13
75809,20,13
75810,18,13
75811,25,13
75812,9,13
75814,20,13
75815,20,13
75817,9,13
75818,3,13
75819,9,13
75825,24,13
75827,24,13
75830,12,13
75832,10,13
75835,22,13
75836,10,13
75840,25,13
75841,14,13
75844,7,13
75847,0,13
75848,9,13
75849,18,13
75853,9,13
75854,10,13
75858,24,13
75859,4,13
75860,14,13
75864,9,13
75865,9,13
75866,10,13
75869,28,13
75873,10,13
75882,14,13
75883,22,13
75887,9,13
75888,3,13
75889,19,13
75890,7,13
75891,10,13
75894,18,13
75896,13,13
75898,16,13
75903,13,13
75904,7,13
75905,5,13
75908,20,13
75909,19,13
75912,10,13
75914,12,13
75915,2,13
75919,2,13
75921,2,13
75925,11,13
75928,1,13
75929,9,13
75933,9,13
75935,14,13
75936,9,13
75942,5,13
75943,6,13
75946,5,13
75947,15,13
75950,27,13
75951,6,13
75954,28,13
75957,10,13
75958,27,13
75960,22,13
75961,2,13
75963,7,13
75966,5,13
75967,0,13
75968,10,13
75970,24,13
75977,8,13
75981,13,13
75983,27,13
75984,5,13
75985,4,13
75987,8,13
75989,27,13
75990,5,13
75991,5,13
75994,28,13
75995,8,13
75998,13,13
75999,27,13
76001,28,13
76003,22,13
76006,28,13
76010,16,13
76011,0,13
76012,28,13
76013,2,13
76014,22,13
76016,19,13
76017,1,13
76020,9,13
76026,19,13
76027,27,13
76028,26,13
76029,30,13
76030,7,13
76033,2,13
76035,6,13
76039,9,13
76040,30,13
76042,30,13
76044,30,13
76045,30,13
76046,30,13
76047,30,13
76048,2,13
76051,30,13
76056,18,13
76059,28,13
76062,4,13
76063,6,13
76065,24,13
76066,21,13
76070,30,13
76071,26,13
76072,5,13
76074,1,13
76075,28,13
76079,23,13
76080,9,13
76081,23,13
76085,17,13
76091,28,13
76092,23,13
76093,30,13
76096,1,13
76098,30,13
76101,9,13
76104,10,13
76105,24,13
76108,4,13
76109,23,13
76111,6,13
76114,24,13
76115,27,13
76116,19,13
76117,19,13
76119,30,13
76122,29,13
76124,4,13
76127,0,13
76130,9,13
76132,23,13
76135,9,13
76136,19,13
76138,17,13
76139,6,13
76140,25,13
76141,25,13
76142,29,13
76144,24,13
76145,4,13
76146,4,13
76148,24,13
76149,21,13
76152,16,13
76156,19,13
76161,23,13
76165,23,13
76167,18,13
76168,9,13
76169,7,13
76170,7,13
76174,18,13
76175,24,13
76176,18,13
76177,19,13
76178,4,13
76179,22,13
76182,6,13
76183,14,13
76185,30,13
76186,9,13
76187,28,13
76188,11,13
76189,17,13
76191,24,13
76194,20,13
76195,23,13
76198,20,13
76199,2,13
76200,10,13
76201,15,13
76204,15,13
76205,4,13
76206,18,13
76207,24,13
76209,11,13
76210,14,13
76211,21,13
76212,19,13
76214,18,13
76219,15,13
76220,28,13
76223,20,13
76224,6,13
76225,4,13
76231,30,13
76235,28,13
76236,20,13
76238,30,13
76239,28,13
76241,28,13
76244,30,13
76245,20,13
76248,11,13
76249,23,13
76250,24,13
76251,4,13
76254,20,13
76257,9,13
76261,23,13
76262,23,13
76263,23,13
76265,16,13
76267,23,13
76268,18,13
76269,23,13
76270,23,13
76271,23,13
76273,15,13
76275,17,13
76278,23,13
76279,11,13
76282,23,13
76283,23,13
76285,7,13
76294,21,13
76296,23,13
76297,9,13
76299,26,13
76300,10,13
76301,24,13
76305,9,13
76306,10,13
76307,23,13
76308,18,13
76314,4,13
76315,6,13
76319,2,13
76321,14,13
76322,21,13
76327,23,13
76332,28,13
76334,21,13
76335,23,13
76336,4,13
76337,4,13
76338,4,13
76339,23,13
76341,5,13
76342,7,13
76343,0,13
76345,12,13
76346,13,13
76351,3,13
76353,23,13
76354,23,13
76360,23,13
76364,0,13
76365,23,13
76369,11,13
76370,18,13
76371,18,13
76374,6,13
76375,23,13
76376,23,13
76378,6,13
76383,7,13
76385,6,13
76388,19,13
76389,11,13
76392,1,13
76393,7,13
76397,23,13
76398,0,13
76399,18,13
76400,7,13
76401,0,13
76405,0,13
76406,4,13
76409,19,13
76410,28,13
76413,4,13
76414,11,13
76415,18,13
76416,4,13
76417,14,13
76418,21,13
76419,23,13
76420,23,13
76426,11,13
76431,23,13
76432,11,13
76434,23,13
76437,9,13
76440,23,13
76442,18,13
76443,4,13
76444,18,13
76445,0,13
76447,3,13
76450,23,13
76451,19,13
76453,18,13
76455,18,13
76458,28,13
76462,3,13
76466,23,13
76469,23,13
76470,3,13
76471,19,13
76472,28,13
76473,7,13
76477,5,13
76479,31,13
76480,4,13
76481,24,13
76484,14,13
76485,21,13
76487,30,13
76488,30,13
76490,31,13
76491,23,13
76492,7,13
76495,2,13
76496,19,13
76499,14,13
76500,21,13
76501,4,13
76503,23,13
76504,4,13
76506,11,13
76507,15,13
76511,0,13
76512,19,13
76513,11,13
76516,18,13
76520,9,13
76523,17,13
76525,0,13
76527,25,13
76528,7,13
76529,19,13
76532,25,13
76535,7,13
76536,2,13
76538,25,13
76540,25,13
76541,16,13
76543,25,13
76548,28,13
76549,22,13
76550,25,13
76553,25,13
76554,25,13
76556,25,13
76558,13,13
76561,19,13
76562,2,13
76563,10,13
76564,20,13
76567,15,13
76571,10,13
76572,20,13
76576,28,13
76578,18,13
76580,0,13
76581,11,13
76583,9,13
76584,11,13
76588,6,13
76594,6,13
76596,18,13
76597,12,13
76599,11,13
76601,15,13
76604,11,13
76605,3,13
76609,28,13
76613,29,13
76615,16,13
76616,28,13
76617,0,13
76618,3,13
76622,22,13
76624,28,13
76632,11,13
76633,16,13
76634,13,13
76635,10,13
76636,25,13
76638,0,13
76641,11,13
76643,2,13
76645,9,13
76647,25,13
76648,7,13
76649,30,13
76650,25,13
76656,18,13
76657,6,13
76658,2,13
76661,2,13
76662,2,13
76663,20,13
76664,12,13
76668,9,13
76671,28,13
76677,17,13
76678,15,13
76679,18,13
76682,28,13
76686,5,13
76692,20,13
76696,21,13
76698,30,13
76699,30,13
76701,25,13
76702,30,13
76703,17,13
76704,25,13
76705,25,13
76711,9,13
76712,6,13
76713,0,13
76714,11,13
76715,17,13
76716,3,13
76718,3,13
76720,12,13
76722,10,13
76723,0,13
76724,9,13
76727,1,13
76728,10,13
76731,19,13
76732,5,13
76734,7,13
76735,17,13
76738,20,13
76742,28,13
76744,2,13
76745,15,13
76747,9,13
76748,19,13
76750,19,13
76752,22,13
76755,3,13
76758,10,13
76760,11,13
76761,11,13
76763,14,13
76766,10,13
76767,30,13
76769,6,13
76770,9,13
76771,1,13
76773,18,13
76774,9,13
76775,5,13
76776,28,13
76778,18,13
76779,18,13
76780,19,13
76781,5,13
76782,5,13
76783,4,13
76784,0,13
76787,18,13
76790,9,13
76791,23,13
76792,11,13
76795,30,13
76799,25,13
76801,16,13
76802,25,13
76804,24,13
76808,25,13
76810,4,13
76811,24,13
76812,14,13
76813,14,13
76814,24,13
76817,0,13
76818,4,13
76822,18,13
76823,7,13
76826,18,13
76827,20,13
76829,24,13
76831,16,13
76835,15,13
76839,1,13
76841,3,13
76843,1,13
76844,20,13
76847,22,13
76849,18,13
76851,24,13
76852,14,13
76854,24,13
76855,25,13
76856,3,13
76861,4,13
76862,18,13
76867,30,13
76873,7,13
76874,0,13
76875,3,13
76876,3,13
76877,18,13
76878,24,13
76879,18,13
76880,1,13
76881,1,13
76884,24,13
76886,24,13
76889,17,13
76891,19,13
76892,9,13
76893,28,13
76894,4,13
76895,9,13
76897,14,13
76899,21,13
76901,24,13
76903,16,13
76904,22,13
76912,22,13
76914,16,13
76916,25,13
76924,14,13
76926,25,13
76929,15,13
76930,24,13
76931,24,13
76932,26,13
76934,4,13
76936,23,13
76940,7,13
76941,4,13
76947,7,13
76950,28,13
76951,24,13
76953,19,13
76954,14,13
76956,16,13
76962,4,13
76963,20,13
76964,24,13
76965,21,13
76967,11,13
76969,10,13
76980,1,13
76983,7,13
76984,0,13
76985,2,13
76991,1,13
76993,5,13
76994,12,13
76995,4,13
76998,21,13
76999,22,13
77003,18,13
77005,7,13
77006,3,13
77008,13,13
77010,12,13
77012,24,13
77013,21,13
77018,1,13
77021,1,13
77025,2,13
77026,0,13
77029,13,13
77031,7,13
77035,1,13
77037,29,13
77038,22,13
77039,4,13
77040,6,13
77041,14,13
77042,19,13
77043,0,13
77045,11,13
77047,21,13
77048,5,13
77049,5,13
77051,11,13
77054,6,13
77055,28,13
77056,29,13
77057,4,13
77059,25,13
77062,21,13
77063,4,13
77068,19,13
77069,24,13
77071,4,13
77073,21,13
77074,28,13
77076,5,13
77077,4,13
77080,13,13
77082,4,13
77083,21,13
77086,7,13
77087,4,13
77091,2,13
77093,10,13
77096,1,13
77098,6,13
77101,21,13
77103,31,13
77105,31,13
77106,31,13
77107,31,13
77110,31,13
77111,31,13
77113,15,13
77126,28,13
77128,5,13
77130,28,13
77131,10,13
77134,3,13
77135,7,13
77137,27,13
77141,10,13
77142,28,13
77143,17,13
77144,7,13
77147,7,13
77152,1,13
77153,24,13
77155,15,13
77156,1,13
77157,18,13
77159,30,13
77161,17,13
77163,25,13
77167,17,13
77168,2,13
77170,2,13
77171,25,13
77176,20,13
77177,20,13
77178,12,13
77180,10,13
77183,9,13
77187,2,13
77194,22,13
77196,11,13
77203,1,13
77204,6,13
77205,29,13
77206,14,13
77207,29,13
77208,5,13
77210,9,13
77211,9,13
77212,28,13
77216,28,13
77217,7,13
77218,1,13
77220,1,13
77221,7,13
77230,28,13
77232,5,13
77238,30,13
77245,1,13
77246,25,13
77249,12,13
77250,29,13
77251,29,13
77252,2,13
77253,4,13
77254,12,13
77262,30,13
77263,14,13
77265,3,13
77266,11,13
77267,15,13
77268,6,13
77272,15,13
77274,30,13
77277,28,13
77278,2,13
77282,30,13
77284,2,13
77289,6,13
77290,24,13
77292,29,13
77293,30,13
77295,22,13
77296,6,13
77297,12,13
77298,29,13
77300,6,13
77302,0,13
77304,30,13
77305,30,13
77307,12,13
77308,10,13
77309,28,13
77314,30,13
77315,0,13
77316,0,13
77317,2,13
77320,15,13
77324,13,13
77325,0,13
77328,5,13
77329,29,13
77330,5,13
77341,5,13
77342,28,13
77343,5,13
77344,9,13
77345,18,13
77349,24,13
77350,30,13
77351,16,13
77353,16,13
77359,18,13
77361,13,13
77363,13,13
77364,4,13
77365,6,13
77368,2,13
77369,9,13
77370,29,13
77372,22,13
77374,2,13
77375,17,13
77376,9,13
77377,15,13
77379,7,13
77380,5,13
77381,20,13
77382,29,13
77383,30,13
77385,24,13
77387,22,13
77388,29,13
77390,16,13
77392,6,13
77394,18,13
77396,30,13
77397,16,13
77398,16,13
77399,19,13
77402,16,13
77404,0,13
77408,12,13
77409,5,13
77410,16,13
77411,29,13
77412,3,13
77414,25,13
77415,3,13
77417,2,13
77419,5,13
77422,7,13
77423,7,13
77427,30,13
77429,12,13
77431,17,13
77433,2,13
77435,1,13
77436,9,13
77438,22,13
77439,20,13
77441,17,13
77444,2,13
77446,24,13
77447,11,13
77448,7,13
77453,5,13
77457,12,13
77458,22,13
77460,19,13
77467,29,13
77468,15,13
77472,0,13
77473,5,13
77474,9,13
77477,5,13
77479,10,13
77481,1,13
77483,19,13
77484,28,13
77488,20,13
77489,18,13
77490,9,13
77491,6,13
77496,28,13
77503,30,13
77504,1,13
77508,14,13
77509,0,13
77510,21,13
77515,29,13
77516,5,13
77520,22,13
77522,22,13
77523,18,13
77528,12,13
77529,1,13
77530,3,13
77531,10,13
77532,5,13
77533,7,13
77537,25,13
77540,9,13
77541,10,13
77543,18,13
77547,11,13
77548,17,13
77550,3,13
77552,24,13
77553,14,13
77554,21,13
77557,9,13
77558,10,13
77560,9,13
77561,30,13
77562,9,13
77563,7,13
77566,9,13
77569,1,13
77570,29,13
77571,6,13
77572,22,13
77573,22,13
77577,9,13
77579,1,13
77580,19,13
77584,17,13
77586,3,13
77587,30,13
77588,5,13
77591,5,13
77594,25,13
77595,2,13
77599,17,13
77602,2,13
77604,9,13
77607,30,13
77609,28,13
77611,2,13
77613,3,13
77615,30,13
77618,7,13
77619,7,13
77620,19,13
77621,10,13
77626,5,13
77628,1,13
77629,5,13
77630,9,13
77631,12,13
77635,2,13
77636,28,13
77637,5,13
77638,5,13
77639,13,13
77640,11,13
77641,6,13
77644,30,13
77645,13,13
77647,29,13
77648,9,13
77651,25,13
77652,10,13
77655,10,13
77657,1,13
77660,13,13
77664,13,13
77669,13,13
77671,17,13
77672,28,13
77674,19,13
77676,2,13
77677,13,13
77678,5,13
77679,12,13
77680,28,13
77683,24,13
77684,14,13
77685,21,13
77686,24,13
77687,5,13
77689,14,13
77690,7,13
77692,5,13
77693,25,13
77695,13,13
77698,22,13
77700,5,13
77704,5,13
77705,0,13
77708,3,13
77710,5,13
77715,26,13
77719,5,13
77720,30,13
77723,21,13
77725,7,13
77727,3,13
77729,3,13
77730,18,13
77732,18,13
77737,3,13
77738,0,13
77740,28,13
77741,14,13
77742,21,13
77743,28,13
77744,9,13
77745,19,13
77747,28,13
77752,9,13
77753,1,13
77756,1,13
77759,28,13
77762,28,13
77764,0,13
77765,22,13
77766,2,13
77767,2,13
77772,3,13
77773,9,13
77775,1,13
77782,5,13
77783,1,13
77788,2,13
77790,30,13
77792,2,13
77793,11,13
77797,28,13
77800,5,13
77802,28,13
77804,1,13
77805,30,13
77807,7,13
77809,18,13
77812,14,13
77815,14,13
77816,16,13
77820,2,13
77821,9,13
77822,5,13
77823,0,13
77824,10,13
77826,12,13
77827,10,13
77828,29,13
77833,15,13
77835,30,13
77836,30,13
77839,9,13
77841,28,13
77844,2,13
77845,27,13
77854,28,13
77856,13,13
77859,4,13
77861,18,13
77863,13,13
77868,1,13
77877,2,13
77880,2,13
77881,16,13
77883,9,13
77885,1,13
77886,5,13
77889,7,13
77892,19,13
77893,15,13
77897,14,13
77898,10,13
77900,1,13
77901,7,13
77902,17,13
77904,5,13
77907,29,13
77910,16,13
77912,5,13
77913,3,13
77914,20,13
77920,20,13
77921,15,13
77923,20,13
77925,4,13
77930,7,13
77935,18,13
77939,31,13
77940,5,13
77941,28,13
77942,28,13
77943,5,13
77945,3,13
77946,19,13
77948,28,13
77950,1,13
77951,28,13
77953,3,13
77954,5,13
77955,4,13
77956,15,13
77957,9,13
77958,9,13
77959,15,13
77961,9,13
77962,3,13
77964,6,13
77965,6,13
77969,0,13
77973,2,13
77974,28,13
77977,28,13
77978,12,13
77979,7,13
77980,9,13
77981,3,13
77983,28,13
77987,24,13
77992,4,13
77997,14,13
77998,21,13
77999,2,13
78001,5,13
78003,28,13
78005,19,13
78008,8,13
78014,17,13
78019,13,13
78023,24,13
78024,25,13
78027,24,13
78028,6,13
78030,28,13
78032,9,13
78036,23,13
78039,24,13
78041,24,13
78042,18,13
78043,24,13
78045,3,13
78046,24,13
78048,24,13
78049,24,13
78050,19,13
78051,24,13
78055,4,13
78056,23,13
78058,23,13
78060,13,13
78063,3,13
78066,6,13
78068,24,13
78071,7,13
78072,10,13
78076,14,13
78081,3,13
78083,18,13
78084,7,13
78085,23,13
78088,26,13
78089,26,13
78090,10,13
78091,1,13
78092,24,13
78093,23,13
78094,24,13
78096,1,13
78099,4,13
78100,14,13
78102,4,13
78104,28,13
78105,7,13
78107,6,13
78109,1,13
78110,25,13
78111,6,13
78114,24,13
78115,25,13
78117,30,13
78119,22,13
78121,25,13
78122,25,13
78123,17,13
78124,7,13
78128,7,13
78129,28,13
78130,22,13
78133,25,13
78134,25,13
78135,25,13
78136,25,13
78140,7,13
78141,11,13
78143,30,13
78144,25,13
78145,30,13
78146,4,13
78149,28,13
78150,9,13
78151,7,13
78152,2,13
78153,17,13
78154,0,13
78161,17,13
78163,6,13
78165,11,13
78166,7,13
78171,22,13
78172,28,13
78173,7,13
78174,28,13
78176,25,13
78180,6,13
78185,2,13
78186,0,13
78188,4,13
78190,14,13
78191,30,13
78192,30,13
78193,20,13
78195,9,13
78197,17,13
78198,20,13
78202,7,13
78203,7,13
78205,18,13
78207,18,13
78208,18,13
78211,20,13
78212,11,13
78214,14,13
78215,25,13
78216,4,13
78219,11,13
78220,14,13
78223,25,13
78224,15,13
78225,28,13
78226,17,13
78227,28,13
78228,9,13
78230,15,13
78231,10,13
78237,14,13
78240,0,13
78241,25,13
78242,29,13
78244,2,13
78245,4,13
78246,11,13
78248,14,13
78252,11,13
78253,28,13
78255,9,13
78256,9,13
78259,3,13
78262,9,13
78263,28,13
78265,30,13
78269,7,13
78271,29,13
78272,0,13
78273,3,13
78275,22,13
78276,11,13
78284,3,13
78286,29,13
78288,11,13
78290,29,13
78293,2,13
78294,11,13
78295,29,13
78297,6,13
78298,29,13
78302,20,13
78304,2,13
78306,11,13
78307,4,13
78308,14,13
78309,21,13
78312,30,13
78314,9,13
78316,9,13
78317,18,13
78318,7,13
78319,3,13
78320,3,13
78321,28,13
78323,3,13
78326,3,13
78327,11,13
78328,28,13
78330,7,13
78332,13,13
78333,15,13
78335,11,13
78338,27,13
78340,11,13
78342,0,13
78350,6,13
78351,6,13
78355,6,13
78357,30,13
78358,24,13
78359,24,13
78360,11,13
78361,14,13
78362,21,13
78364,11,13
78368,20,13
78373,9,13
78374,30,13
78375,3,13
78379,30,13
78381,30,13
78383,30,13
78385,20,13
78386,22,13
78390,20,13
78391,28,13
78392,18,13
78393,11,13
78394,18,13
78396,9,13
78398,0,13
78400,14,13
78401,11,13
78402,24,13
78404,7,13
78410,20,13
78415,30,13
78416,11,13
78418,11,13
78419,7,13
78420,17,13
78423,3,13
78426,7,13
78429,11,13
78430,14,13
78432,11,13
78435,20,13
78438,30,13
78440,11,13
78444,7,13
78445,9,13
78447,15,13
78449,11,13
78450,17,13
78452,3,13
78453,22,13
78457,25,13
78464,14,13
78465,21,13
78466,19,13
78468,11,13
78470,17,13
78472,29,13
78473,22,13
78474,6,13
78479,7,13
78480,0,13
78482,3,13
78483,17,13
78486,29,13
78489,7,13
78490,0,13
78492,0,13
78494,11,13
78496,3,13
78499,30,13
78504,24,13
78507,5,13
78508,1,13
78509,18,13
78510,28,13
78512,9,13
78514,25,13
78517,6,13
78520,7,13
78522,25,13
78523,25,13
78524,22,13
78525,7,13
78526,7,13
78529,22,13
78530,23,13
78531,25,13
78535,21,13
78536,22,13
78539,22,13
78540,22,13
78541,2,13
78546,14,13
78547,21,13
78548,2,13
78550,12,13
78551,22,13
78552,22,13
78554,12,13
78555,28,13
78556,14,13
78557,4,13
78558,21,13
78559,11,13
78562,19,13
78564,9,13
78566,16,13
78567,3,13
78568,14,13
78569,4,13
78570,7,13
78574,1,13
78575,16,13
78577,29,13
78580,4,13
78582,4,13
78584,14,13
78599,22,13
78600,22,13
78601,22,13
78602,22,13
78605,22,13
78606,22,13
78607,22,13
78611,3,13
78613,3,13
78614,3,13
78615,0,13
78618,5,13
78620,4,13
78621,4,13
78622,11,13
78624,4,13
78626,4,13
78628,3,13
78630,19,13
78631,7,13
78632,1,13
78633,27,13
78635,3,13
78637,13,13
78638,18,13
78639,17,13
78641,7,13
78642,15,13
78646,7,13
78650,28,13
78658,19,13
78659,15,13
78660,9,13
78661,14,13
78664,11,13
78665,28,13
78667,21,13
78668,28,13
78674,2,13
78676,2,13
78677,3,13
78680,15,13
78681,15,13
78688,28,13
78689,22,13
78691,18,13
78693,3,13
78695,28,13
78696,14,13
78698,11,13
78701,27,13
78702,18,13
78703,17,13
78704,28,13
78705,17,13
78706,28,13
78708,18,13
78710,3,13
78717,4,13
78718,1,13
78721,7,13
78722,16,13
78724,0,13
78727,11,13
78730,27,13
78732,3,13
78735,3,13
78736,17,13
78737,28,13
78739,3,13
78741,16,13
78742,19,13
78744,25,13
78745,5,13
78746,17,13
78749,3,13
78751,19,13
78755,18,13
78758,27,13
78759,19,13
78761,27,13
78764,0,13
78770,27,13
78773,18,13
78774,29,13
78776,27,13
78778,22,13
78779,7,13
78780,8,13
78782,9,13
78783,8,13
78788,22,13
78791,24,13
78792,7,13
78793,0,13
78795,17,13
78801,8,13
78803,8,13
78805,9,13
78806,9,13
78807,5,13
78808,3,13
78809,8,13
78813,8,13
78817,20,13
78819,7,13
78820,28,13
78821,12,13
78822,25,13
78823,7,13
78825,28,13
78826,3,13
78829,12,13
78833,18,13
78834,1,13
78835,4,13
78837,18,13
78838,13,13
78839,4,13
78841,0,13
78842,0,13
78843,9,13
78844,12,13
78848,0,13
78851,6,13
78852,5,13
78855,5,13
78856,2,13
78861,25,13
78862,25,13
78865,27,13
78866,7,13
78870,1,13
78871,18,13
78873,25,13
78875,20,13
78876,25,13
78877,20,13
78879,20,13
78880,28,13
78882,20,13
78884,7,13
78887,1,13
78888,7,13
78890,18,13
78892,17,13
78895,17,13
78898,3,13
78900,0,13
78901,18,13
78902,18,13
78908,1,13
78910,11,13
78911,7,13
78912,22,13
78913,7,13
78914,27,13
78918,20,13
78920,29,13
78921,7,13
78922,7,13
78923,25,13
78924,1,13
78925,9,13
78927,14,13
78932,20,13
78937,10,13
78938,29,13
78940,29,13
78951,9,13
78954,18,13
78955,5,13
78956,4,13
78957,22,13
78959,22,13
78961,17,13
78963,18,13
78964,20,13
78965,29,13
78966,20,13
78968,9,13
78969,9,13
78974,22,13
78977,22,13
78980,1,13
78983,22,13
78984,14,13
78985,22,13
78987,21,13
78988,20,13
78989,17,13
78991,3,13
78994,13,13
78995,20,13
78996,28,13
78997,24,13
78998,12,13
78999,13,13
79000,0,13
79001,20,13
79005,20,13
79007,21,13
79009,5,13
79010,20,13
79013,13,13
79017,28,13
79019,2,13
79020,27,13
79021,2,13
79022,16,13
79024,13,13
79028,21,13
79029,29,13
79032,12,13
79033,2,13
79035,12,13
79037,12,13
79038,4,13
79039,14,13
79040,22,13
79041,21,13
79043,17,13
79047,22,13
79048,2,13
79050,25,13
79051,9,13
79053,1,13
79055,14,13
79058,10,13
79066,2,13
79067,0,13
79068,17,13
79069,3,13
79070,3,13
79072,22,13
79073,2,13
79074,9,13
79075,2,13
79076,7,13
79077,24,13
79078,7,13
79080,17,13
79081,28,13
79084,7,13
79085,24,13
79086,30,13
79087,4,13
79088,14,13
79090,14,13
79095,28,13
79097,13,13
79100,22,13
79103,21,13
79106,5,13
79109,7,13
79110,2,13
79112,22,13
79114,9,13
79121,7,13
79122,14,13
79124,21,13
79125,7,13
79127,1,13
79128,9,13
79130,17,13
79131,28,13
79132,28,13
79135,0,13
79137,7,13
79138,4,13
79142,10,13
79143,30,13
79144,16,13
79146,24,13
79149,4,13
79152,21,13
79156,28,13
79157,16,13
79162,3,13
79163,14,13
79165,28,13
79167,19,13
79168,2,13
79170,19,13
79171,10,13
79173,2,13
79176,12,13
79178,29,13
79181,2,13
79184,15,13
79186,24,13
79188,24,13
79189,2,13
79191,24,13
79192,0,13
79193,24,13
79194,24,13
79195,7,13
79196,7,13
79197,16,13
79200,24,13
79201,7,13
79202,16,13
79203,16,13
79204,24,13
79209,1,13
79210,5,13
79212,1,13
79215,3,13
79216,5,13
79218,1,13
79219,7,13
79220,0,13
79221,0,13
79224,2,13
79226,25,13
79227,24,13
79228,25,13
79231,2,13
79236,12,13
79237,3,13
79241,25,13
79243,10,13
79245,5,13
79246,15,13
79248,29,13
79249,0,13
79250,18,13
79253,12,13
79256,19,13
79259,10,13
79262,17,13
79264,22,13
79266,5,13
79268,4,13
79270,14,13
79271,15,13
79272,25,13
79274,9,13
79275,22,13
79276,5,13
79277,10,13
79278,22,13
79279,5,13
79280,5,13
79284,7,13
79289,22,13
79291,7,13
79294,18,13
79295,24,13
79296,10,13
79302,4,13
79306,24,13
79307,16,13
79308,22,13
79310,5,13
79312,1,13
79313,5,13
79316,19,13
79317,10,13
79321,22,13
79325,3,13
79326,24,13
79327,5,13
79329,9,13
79330,5,13
79333,9,13
79334,24,13
79336,7,13
79337,28,13
79340,4,13
79342,10,13
79344,14,13
79346,17,13
79347,13,13
79348,4,13
79349,24,13
79351,5,13
79352,22,13
79353,22,13
79354,16,13
79355,5,13
79357,14,13
79358,29,13
79359,5,13
79362,28,13
79363,9,13
79365,15,13
79367,7,13
79368,25,13
79370,25,13
79371,25,13
79372,20,13
79373,5,13
79374,2,13
79375,28,13
79377,24,13
79378,14,13
79379,12,13
79381,2,13
79384,14,13
79387,22,13
79388,9,13
79389,15,13
79391,24,13
79392,5,13
79393,4,13
79394,14,13
79399,5,13
79402,2,13
79405,14,13
79410,29,13
79411,29,13
79416,10,13
79420,28,13
79421,24,13
79423,28,13
79425,4,13
79427,22,13
79428,22,13
79429,14,13
79432,12,13
79433,9,13
79437,14,13
79438,5,13
79442,24,13
79448,3,13
79449,5,13
79451,5,13
79452,18,13
79454,28,13
79456,19,13
79457,5,13
79461,7,13
79462,19,13
79463,19,13
79466,12,13
79467,24,13
79469,28,13
79470,7,13
79471,24,13
79474,1,13
79475,5,13
79476,22,13
79479,28,13
79480,5,13
79482,24,13
79485,19,13
79486,22,13
79487,4,13
79489,10,13
79492,18,13
79494,4,13
79495,31,13
79496,14,13
79500,24,13
79501,9,13
79502,31,13
79503,7,13
79504,6,13
79506,0,13
79508,9,13
79511,9,13
79512,12,13
79513,12,13
79514,4,13
79516,27,13
79519,27,13
79520,8,13
79523,16,13
79527,8,13
79528,8,13
79529,8,13
79533,27,13
79536,25,13
79542,7,13
79543,25,13
79545,25,13
79546,25,13
79547,25,13
79555,25,13
79559,25,13
79560,25,13
79562,2,13
79565,25,13
79567,25,13
79572,19,13
79576,10,13
79580,22,13
79581,5,13
79583,25,13
79584,5,13
79585,5,13
79589,25,13
79590,25,13
79591,25,13
79593,12,13
79594,17,13
79595,5,13
79596,22,13
79597,19,13
79601,9,13
79602,2,13
79603,22,13
79604,19,13
79607,15,13
79608,18,13
79609,2,13
79610,30,13
79611,12,13
79612,22,13
79613,25,13
79619,5,13
79620,16,13
79621,25,13
79625,22,13
79626,25,13
79627,19,13
79628,2,13
79630,2,13
79640,16,13
79642,9,13
79643,17,13
79644,28,13
79645,19,13
79647,0,13
79648,22,13
79649,17,13
79652,25,13
79653,5,13
79657,2,13
79658,5,13
79659,1,13
79660,2,13
79661,9,13
79662,2,13
79663,7,13
79666,2,13
79667,5,13
79668,17,13
79670,16,13
79673,12,13
79677,12,13
79679,13,13
79681,19,13
79682,12,13
79683,2,13
79685,19,13
79686,5,13
79690,30,13
79691,25,13
79692,25,13
79694,18,13
79696,5,13
79701,25,13
79704,19,13
79705,25,13
79706,25,13
79707,5,13
79708,17,13
79709,2,13
79713,5,13
79715,7,13
79717,9,13
79722,25,13
79723,2,13
79724,25,13
79725,25,13
79726,3,13
79727,25,13
79728,25,13
79729,25,13
79730,5,13
79736,25,13
79738,25,13
79740,1,13
79742,19,13
79744,25,13
79745,2,13
79746,25,13
79749,9,13
79750,25,13
79752,9,13
79754,2,13
79755,24,13
79756,29,13
79759,5,13
79760,5,13
79761,2,13
79764,16,13
79765,2,13
79772,29,13
79774,19,13
79775,9,13
79776,22,13
79779,22,13
79784,9,13
79785,22,13
79786,17,13
79787,12,13
79791,10,13
79792,17,13
79793,18,13
79796,2,13
79798,2,13
79800,22,13
79802,2,13
79804,2,13
79805,2,13
79806,2,13
79807,2,13
79808,10,13
79811,13,13
79812,22,13
79813,2,13
79817,10,13
79820,22,13
79821,17,13
79824,17,13
79825,2,13
79826,2,13
79827,19,13
79828,19,13
79835,9,13
79838,10,13
79840,28,13
79842,22,13
79843,10,13
79846,5,13
79848,12,13
79849,19,13
79850,13,13
79851,16,13
79857,9,13
79859,9,13
79861,22,13
79863,28,13
79864,10,13
79869,12,13
79870,28,13
79874,16,13
79875,28,13
79877,13,13
79879,22,13
79883,9,13
79884,5,13
79885,5,13
79886,7,13
79887,2,13
79889,5,13
79890,5,13
79891,3,13
79892,10,13
79895,28,13
79896,5,13
79898,9,13
79899,22,13
79901,9,13
79902,5,13
79903,28,13
79904,10,13
79906,28,13
79908,16,13
79912,5,13
79916,2,13
79918,2,13
79924,9,13
79925,28,13
79926,28,13
79927,22,13
79931,9,13
79932,28,13
79934,22,13
79936,22,13
79939,2,13
79940,17,13
79946,9,13
79948,20,13
79951,10,13
79953,17,13
79954,22,13
79956,17,13
79957,5,13
79958,15,13
79960,2,13
79961,10,13
79962,2,13
79963,17,13
79964,2,13
79965,22,13
79966,11,13
79969,18,13
79970,24,13
79972,16,13
79976,2,13
79977,15,13
79979,10,13
79981,17,13
79982,2,13
79985,11,13
79986,30,13
79989,2,13
79994,9,13
79996,15,13
79998,12,13
79999,29,13
80001,20,13
80002,28,13
80003,9,13
80006,16,13
80008,19,13
80013,11,13
80014,6,13
80016,25,13
80017,6,13
80020,24,13
80022,14,13
80023,5,13
80024,29,13
80025,14,13
80026,14,13
80028,25,13
80029,27,13
80031,14,13
80033,14,13
80034,6,13
80035,16,13
80037,28,13
80040,16,13
80041,24,13
80042,14,13
80043,16,13
80045,24,13
80053,9,13
80056,10,13
80058,24,13
80061,14,13
80062,14,13
80063,22,13
80066,16,13
80068,7,13
80069,14,13
80074,14,13
80075,29,13
80078,28,13
80086,7,13
80087,28,13
80088,4,13
80089,24,13
80090,14,13
80091,14,13
80092,28,13
80096,4,13
80099,28,13
80101,9,13
80104,29,13
80108,14,13
80109,14,13
80110,17,13
80112,5,13
80113,12,13
80114,13,13
80115,7,13
80116,18,13
80118,20,13
80119,20,13
80120,24,13
80123,18,13
80124,12,13
80125,25,13
80126,30,13
80127,9,13
80128,30,13
80129,25,13
80130,25,13
80134,22,13
80136,3,13
80137,16,13
80138,7,13
80142,29,13
80144,6,13
80147,22,13
80148,2,13
80150,2,13
80151,2,13
80153,17,13
80154,17,13
80156,3,13
80157,10,13
80160,2,13
80161,6,13
80164,18,13
80166,30,13
80167,9,13
80168,7,13
80169,25,13
80172,9,13
80173,5,13
80174,2,13
80175,9,13
80177,29,13
80178,10,13
80179,2,13
80180,5,13
80181,9,13
80183,2,13
80184,16,13
80185,29,13
80187,25,13
80189,16,13
80190,29,13
80192,16,13
80193,25,13
80195,6,13
80200,14,13
80202,24,13
80203,25,13
80204,5,13
80208,11,13
80211,9,13
80213,22,13
80215,25,13
80217,7,13
80218,20,13
80220,20,13
80222,18,13
80223,22,13
80226,24,13
80228,22,13
80229,9,13
80230,24,13
80232,17,13
80235,9,13
80236,9,13
80237,10,13
80239,6,13
80240,28,13
80241,9,13
80242,12,13
80243,30,13
80247,20,13
80251,9,13
80252,5,13
80254,15,13
80256,2,13
80260,25,13
80269,14,13
80270,21,13
80272,18,13
80275,16,13
80276,24,13
80277,30,13
80281,2,13
80282,7,13
80284,9,13
80285,18,13
80286,24,13
80287,2,13
80288,29,13
80290,2,13
80292,11,13
80295,1,13
80296,17,13
80299,22,13
80300,10,13
80301,0,13
80302,20,13
80304,2,13
80305,9,13
80306,2,13
80307,7,13
80309,2,13
80311,29,13
80312,29,13
80313,29,13
80315,22,13
80316,9,13
80319,29,13
80320,16,13
80323,14,13
80324,14,13
80325,21,13
80332,15,13
80333,9,13
80338,7,13
80340,22,13
80341,29,13
80342,29,13
80344,17,13
80346,2,13
80347,12,13
80349,22,13
80350,2,13
80352,29,13
80353,28,13
80355,7,13
80361,24,13
80362,29,13
80363,4,13
80365,14,13
80366,14,13
80367,21,13
80369,3,13
80371,9,13
80372,11,13
80375,20,13
80377,16,13
80380,22,13
80384,12,13
80385,22,13
80387,7,13
80389,7,13
80390,7,13
80392,10,13
80393,22,13
80396,25,13
80403,4,13
80406,24,13
80407,11,13
80408,3,13
80410,14,13
80411,14,13
80412,21,13
80413,30,13
80415,9,13
80416,28,13
80417,11,13
80418,19,13
80419,11,13
80420,12,13
80421,15,13
80422,30,13
80423,30,13
80424,4,13
80425,11,13
80427,9,13
80429,17,13
80430,18,13
80431,7,13
80434,24,13
80438,28,13
80439,7,13
80441,5,13
80445,9,13
80446,16,13
80448,3,13
80449,22,13
80452,16,13
80455,2,13
80456,7,13
80457,3,13
80460,9,13
80461,22,13
80462,27,13
80463,9,13
80464,11,13
80467,12,13
80469,28,13
80471,24,13
80472,11,13
80473,2,13
80475,11,13
80476,20,13
80478,14,13
80479,22,13
80481,9,13
80482,16,13
80483,22,13
80484,11,13
80485,2,13
80486,11,13
80487,0,13
80489,22,13
80490,2,13
80491,5,13
80493,12,13
80494,5,13
80495,5,13
80496,22,13
80497,30,13
80498,6,13
80499,6,13
80501,22,13
80503,28,13
80504,7,13
80505,18,13
80507,22,13
80509,18,13
80510,19,13
80512,6,13
80513,11,13
80514,10,13
80515,6,13
80517,11,13
80525,22,13
80527,16,13
80529,11,13
80530,22,13
80531,22,13
80533,28,13
80534,28,13
80536,2,13
80537,2,13
80539,19,13
80540,22,13
80542,1,13
80544,2,13
80545,22,13
80546,2,13
80547,0,13
80549,2,13
80550,16,13
80553,25,13
80555,11,13
80556,11,13
80557,19,13
80558,25,13
80561,6,13
80566,24,13
80567,22,13
80568,14,13
80569,21,13
80572,1,13
80573,22,13
80574,2,13
80579,18,13
80580,1,13
80581,2,13
80582,9,13
80584,7,13
80590,18,13
80592,2,13
80593,7,13
80594,1,13
80595,19,13
80597,29,13
80599,11,13
80600,11,13
80603,0,13
80606,22,13
80608,7,13
80609,18,13
80611,2,13
80612,29,13
80613,2,13
80615,11,13
80616,2,13
80617,2,13
80621,7,13
80622,0,13
80624,1,13
80625,11,13
80627,11,13
80628,25,13
80629,11,13
80631,11,13
80635,24,13
80638,22,13
80640,25,13
80643,25,13
80644,25,13
80646,30,13
80647,30,13
80648,25,13
80649,25,13
80653,2,13
80654,16,13
80656,5,13
80660,7,13
80666,10,13
80667,25,13
80668,29,13
80675,11,13
80676,9,13
80677,16,13
80680,18,13
80681,22,13
80683,22,13
80684,16,13
80686,16,13
80689,2,13
80690,16,13
80694,13,13
80696,16,13
80698,22,13
80699,12,13
80700,4,13
80701,14,13
80708,22,13
80710,9,13
80711,16,13
80712,19,13
80713,16,13
80714,22,13
80715,5,13
80718,16,13
80721,16,13
80724,16,13
80726,4,13
80727,14,13
80728,14,13
80743,16,13
80744,5,13
80747,22,13
80749,18,13
80750,28,13
80752,15,13
80753,16,13
80756,2,13
80757,22,13
80759,22,13
80760,2,13
80761,2,13
80762,16,13
80767,3,13
80768,16,13
80772,9,13
80776,16,13
80778,14,13
80779,30,13
80782,22,13
80783,4,13
80785,21,13
80787,2,13
80794,5,13
80796,22,13
80800,17,13
80802,11,13
80805,21,13
80808,6,13
80814,7,13
80816,12,13
80817,2,13
80822,20,13
80824,22,13
80827,2,13
80828,29,13
80829,29,13
80832,15,13
80834,22,13
80836,9,13
80837,11,13
80838,11,13
80841,11,13
80845,21,13
80847,24,13
80848,19,13
80849,26,13
80851,6,13
80853,15,13
80855,26,13
80860,5,13
80862,5,13
80864,22,13
80870,11,13
80871,26,13
80874,15,13
80877,15,13
80878,11,13
80881,15,13
80883,18,13
80886,21,13
80889,20,13
80890,19,13
80891,22,13
80892,11,13
80894,7,13
80895,19,13
80897,4,13
80899,11,13
80906,9,13
80912,18,13
80914,26,13
80915,15,13
80916,7,13
80917,2,13
80918,22,13
80919,11,13
80920,22,13
80921,19,13
80923,5,13
80924,22,13
80925,3,13
80926,18,13
80927,10,13
80928,17,13
80929,24,13
80933,4,13
80935,11,13
80936,14,13
80939,19,13
80940,21,13
80943,2,13
80944,6,13
80948,11,13
80949,3,13
80951,19,13
80953,18,13
80954,13,13
80958,27,13
80959,9,13
80961,2,13
80962,27,13
80963,19,13
80964,11,13
80965,18,13
80966,11,13
80968,11,13
80970,11,13
80971,4,13
80975,11,13
80977,2,13
80980,15,13
80987,11,13
80991,18,13
80993,18,13
80994,18,13
80995,9,13
80996,19,13
80998,9,13
80999,7,13
81000,3,13
81001,19,13
81002,27,13
81011,0,13
81013,4,13
81014,7,13
81016,10,13
81017,18,13
81020,4,13
81021,6,13
81024,16,13
81025,4,13
81026,9,13
81027,4,13
81028,11,13
81030,11,13
81031,18,13
81033,20,13
81034,27,13
81035,28,13
81036,13,13
81037,10,13
81038,5,13
81039,11,13
81041,18,13
81044,18,13
81045,0,13
81052,11,13
81053,18,13
81054,27,13
81056,0,13
81057,22,13
81058,4,13
81059,2,13
81062,4,13
81063,19,13
81064,11,13
81065,4,13
81066,4,13
81068,27,13
81069,12,13
81073,2,13
81074,27,13
81077,9,13
81079,2,13
81083,20,13
81085,4,13
81087,22,13
81089,11,13
81092,4,13
81094,22,13
81095,26,13
81096,27,13
81100,19,13
81102,27,13
81104,20,13
81108,10,13
81109,10,13
81115,10,13
81116,28,13
81119,18,13
81120,13,13
81124,13,13
81127,9,13
81128,20,13
81129,9,13
81130,27,13
81133,4,13
81134,19,13
81135,24,13
81137,10,13
81140,0,13
81141,27,13
81143,9,13
81145,13,13
81148,18,13
81150,22,13
81151,0,13
81154,27,13
81157,13,13
81158,18,13
81160,7,13
81162,13,13
81164,12,13
81167,2,13
81168,27,13
81169,18,13
81172,13,13
81174,19,13
81176,13,13
81177,19,13
81179,13,13
81183,7,13
81186,7,13
81189,10,13
81192,22,13
81194,10,13
81198,9,13
81200,19,13
81202,7,13
81203,19,13
81204,19,13
81205,19,13
81206,24,13
81207,7,13
81209,20,13
81210,18,13
81213,10,13
81216,19,13
81220,27,13
81221,27,13
81222,18,13
81223,19,13
81226,13,13
81228,18,13
81229,24,13
81230,3,13
81231,25,13
81233,0,13
81239,0,13
81241,25,13
81242,19,13
81247,24,13
81248,19,13
81250,10,13
81254,20,13
81255,9,13
81261,27,13
81262,10,13
81263,20,13
81265,24,13
81266,9,13
81267,3,13
81270,13,13
81272,19,13
81273,10,13
81274,19,13
81275,10,13
81276,17,13
81277,12,13
81281,20,13
81282,18,13
81283,3,13
81286,10,13
81290,24,13
81292,12,13
81294,10,13
81295,4,13
81298,7,13
81303,19,13
81305,18,13
81306,25,13
81308,9,13
81309,27,13
81312,22,13
81313,18,13
81315,18,13
81316,3,13
81318,3,13
81319,12,13
81321,19,13
81323,27,13
81325,5,13
81327,29,13
81328,7,13
81330,18,13
81336,27,13
81337,28,13
81338,8,13
81339,16,13
81340,19,13
81341,9,13
81342,13,13
81346,6,13
81347,9,13
81350,7,13
81354,18,13
81355,23,13
81357,1,13
81358,23,13
81359,28,13
81360,17,13
81361,1,13
81362,25,13
81364,23,13
81365,18,13
81366,27,13
81369,15,13
81372,19,13
81373,5,13
81374,17,13
81375,13,13
81376,23,13
81378,1,13
81379,22,13
81381,1,13
81382,1,13
81385,1,13
81386,1,13
81388,1,13
81389,1,13
81390,23,13
81392,7,13
81393,19,13
81394,24,13
81401,0,13
81408,5,13
81409,28,13
81410,12,13
81411,19,13
81413,24,13
81415,1,13
81416,15,13
81419,1,13
81421,24,13
81425,13,13
81427,24,13
81429,2,13
81430,23,13
81431,23,13
81432,18,13
81435,24,13
81436,19,13
81444,19,13
81446,0,13
81448,23,13
81451,23,13
81453,24,13
81454,23,13
81456,24,13
81457,24,13
81460,24,13
81461,18,13
81464,10,13
81465,13,13
81467,12,13
81472,23,13
81473,2,13
81475,0,13
81476,23,13
81477,9,13
81479,0,13
81480,12,13
81484,13,13
81485,18,13
81487,1,13
81491,10,13
81493,2,13
81495,13,13
81497,17,13
81498,9,13
81499,9,13
81501,12,13
81503,28,13
81507,0,13
81509,28,13
81511,0,13
81513,28,13
81514,5,13
81516,28,13
81517,10,13
81518,12,13
81519,11,13
81520,30,13
81521,23,13
81523,23,13
81524,1,13
81528,23,13
81530,28,13
81535,23,13
81538,18,13
81539,28,13
81544,10,13
81546,1,13
81547,17,13
81549,9,13
81555,4,13
81560,23,13
81561,1,13
81562,24,13
81563,24,13
81564,23,13
81567,11,13
81568,14,13
81572,3,13
81575,23,13
81576,3,13
81577,1,13
81579,23,13
81581,2,13
81582,9,13
81585,13,13
81586,0,13
81587,28,13
81589,12,13
81590,6,13
81591,23,13
81592,28,13
81593,4,13
81594,14,13
81595,23,13
81599,17,13
81601,2,13
81603,30,13
81605,13,13
81607,10,13
81608,9,13
81610,28,13
81612,24,13
81613,6,13
81616,28,13
81624,29,13
81627,9,13
81628,14,13
81629,14,13
81630,16,13
81631,7,13
81632,4,13
81634,6,13
81635,14,13
81637,22,13
81640,14,13
81642,15,13
81643,25,13
81645,18,13
81646,2,13
81647,30,13
81648,2,13
81649,16,13
81651,17,13
81652,15,13
81654,12,13
81656,16,13
81657,11,13
81659,2,13
81661,25,13
81663,25,13
81666,4,13
81667,14,13
81670,17,13
81671,17,13
81674,9,13
81676,0,13
81677,16,13
81682,11,13
81683,11,13
81687,7,13
81690,3,13
81691,4,13
81692,30,13
81695,6,13
81698,28,13
81699,16,13
81700,7,13
81705,21,13
81708,2,13
81710,3,13
81711,28,13
81716,9,13
81717,18,13
81721,14,13
81723,30,13
81724,3,13
81725,27,13
81728,4,13
81733,7,13
81735,28,13
81737,4,13
81739,21,13
81740,15,13
81742,28,13
81743,9,13
81744,12,13
81745,0,13
81746,15,13
81747,5,13
81750,19,13
81753,21,13
81755,28,13
81756,28,13
81757,4,13
81760,21,13
81761,1,13
81762,28,13
81763,9,13
81764,17,13
81766,9,13
81770,3,13
81771,16,13
81772,4,13
81774,14,13
81776,24,13
81777,2,13
81779,16,13
81784,21,13
81785,17,13
81786,17,13
81790,28,13
81792,21,13
81794,19,13
81796,17,13
81800,5,13
81801,4,13
81805,9,13
81807,0,13
81808,9,13
81809,7,13
81810,13,13
81811,5,13
81814,24,13
81815,29,13
81817,30,13
81819,28,13
81821,4,13
81822,28,13
81823,14,13
81824,21,13
81825,22,13
81827,31,13
81831,31,13
81833,17,13
81834,28,13
81838,12,13
81839,12,13
81841,17,13
81846,1,13
81847,31,13
81848,28,13
81849,31,13
81850,28,13
81854,5,13
81855,31,13
81857,28,13
81858,31,13
81860,28,13
81862,8,13
81863,8,13
81865,8,13
81869,27,13
81870,7,13
81873,9,13
81874,7,13
81879,17,13
81880,14,13
81881,2,13
81883,16,13
81884,11,13
81887,11,13
81890,18,13
81891,7,13
81892,16,13
81893,27,13
81894,8,13
81895,8,13
81896,27,13
81900,18,13
81901,8,13
81903,27,13
81910,20,13
81911,9,13
81913,3,13
81915,24,13
81917,24,13
81920,27,13
81927,28,13
81928,18,13
81934,7,13
81935,15,13
81936,4,13
81939,24,13
81940,17,13
81944,14,13
81946,6,13
81947,24,13
81949,4,13
81953,17,13
81954,17,13
81955,16,13
81960,4,13
81962,14,13
81965,13,13
81966,17,13
81967,17,13
81971,17,13
81975,10,13
81977,24,13
81983,14,13
81986,22,13
81988,4,13
81992,14,13
81995,0,13
81997,14,13
82000,4,13
82003,4,13
82004,14,13
82007,2,13
82008,23,13
82014,18,13
82017,1,13
82019,10,13
82022,3,13
82023,27,13
82024,10,13
82030,30,13
82033,29,13
82034,28,13
82036,1,13
82038,1,13
82039,2,13
82040,7,13
82042,7,13
82045,5,13
82048,21,13
82049,12,13
82051,28,13
82052,2,13
82053,18,13
82056,4,13
82057,21,13
82059,2,13
82061,7,13
82064,7,13
82065,7,13
82066,6,13
82071,21,13
82073,30,13
82075,15,13
82079,10,13
82081,28,13
82082,9,13
82083,3,13
82084,4,13
82087,14,13
82088,21,13
82089,18,13
82091,17,13
82092,12,13
82097,15,13
82098,7,13
82099,29,13
82101,27,13
82102,4,13
82105,12,13
82106,14,13
82108,20,13
82112,20,13
82114,28,13
82116,9,13
82117,12,13
82119,13,13
82120,23,13
82121,13,13
82124,10,13
82125,15,13
82127,3,13
82128,9,13
82133,0,13
82138,9,13
82139,29,13
82141,18,13
82148,17,13
82149,15,13
82150,2,13
82151,3,13
82154,5,13
82157,9,13
82160,4,13
82162,14,13
82163,28,13
82167,3,13
82171,23,13
82175,19,13
82177,23,13
82178,9,13
82179,15,13
82181,2,13
82182,3,13
82183,9,13
82185,9,13
82186,4,13
82187,9,13
82188,19,13
82192,11,13
82193,5,13
82194,18,13
82195,9,13
82199,4,13
82200,4,13
82202,19,13
82204,31,13
82206,4,13
82207,19,13
82209,6,13
82210,11,13
82211,11,13
82213,10,13
82217,4,13
82218,18,13
82219,9,13
82220,9,13
82221,0,13
82222,18,13
82223,15,13
82224,9,13
82225,18,13
82226,4,13
82228,4,13
82229,9,13
82231,19,13
82235,13,13
82236,3,13
82237,18,13
82239,27,13
82241,0,13
82242,7,13
82244,28,13
82245,19,13
82247,27,13
82248,28,13
82250,4,13
82251,27,13
82252,27,13
82253,27,13
82254,15,13
82255,27,13
82258,27,13
82261,19,13
82262,4,13
82265,27,13
82268,15,13
82271,7,13
82272,7,13
82273,24,13
82274,22,13
82278,7,13
82280,28,13
82281,27,13
82282,24,13
82288,26,13
82293,28,13
82296,27,13
82298,8,13
82299,27,13
82300,27,13
82306,8,13
82307,8,13
82308,8,13
82312,9,13
82313,25,13
82314,11,13
82316,9,13
82319,14,13
82321,9,13
82322,7,13
82326,6,13
82327,14,13
82329,30,13
82330,5,13
82331,24,13
82333,6,13
82334,14,13
82337,25,13
82339,14,13
82340,14,13
82341,6,13
82343,14,13
82344,6,13
82346,25,13
82348,5,13
82351,24,13
82352,6,13
82353,4,13
82354,14,13
82360,2,13
82363,24,13
82365,24,13
82370,14,13
82372,18,13
82373,4,13
82374,14,13
82377,10,13
82387,24,13
82389,6,13
82391,24,13
82392,18,13
82394,4,13
82396,14,13
82400,11,13
82401,18,13
82402,11,13
82403,0,13
82405,29,13
82406,15,13
82407,29,13
82414,4,13
82415,14,13
82416,14,13
82417,9,13
82419,31,13
82420,31,13
82422,0,13
82423,19,13
82424,11,13
82425,4,13
82430,4,13
82433,8,13
82435,9,13
82436,8,13
82438,18,13
82439,0,13
82441,24,13
82442,24,13
82443,9,13
82444,24,13
82445,22,13
82446,7,13
82449,24,13
82451,7,13
82454,7,13
82455,7,13
82457,7,13
82459,7,13
82461,22,13
82462,3,13
82463,3,13
82466,29,13
82469,25,13
82470,25,13
82473,25,13
82474,25,13
82477,25,13
82479,25,13
82480,25,13
82481,9,13
82482,25,13
82483,7,13
82484,25,13
82490,25,13
82491,25,13
82492,25,13
82493,25,13
82496,28,13
82499,25,13
82506,7,13
82510,25,13
82512,25,13
82513,25,13
82514,25,13
82515,25,13
82518,2,13
82519,7,13
82521,10,13
82526,18,13
82527,7,13
82529,18,13
82530,9,13
82535,0,13
82536,0,13
82537,5,13
82539,19,13
82541,5,13
82546,11,13
82549,11,13
82550,4,13
82551,11,13
82552,0,13
82553,11,13
82555,2,13
82556,25,13
82557,25,13
82559,25,13
82560,7,13
82561,25,13
82563,0,13
82564,25,13
82567,25,13
82570,25,13
82571,25,13
82572,25,13
82574,25,13
82577,9,13
82578,25,13
82580,25,13
82584,30,13
82585,25,13
82587,25,13
82592,25,13
82593,7,13
82596,25,13
82599,9,13
82601,7,13
82604,14,13
82605,5,13
82607,10,13
82608,14,13
82613,29,13
82616,2,13
82622,19,13
82623,5,13
82624,25,13
82628,25,13
82634,25,13
82635,13,13
82639,22,13
82642,5,13
82645,18,13
82648,19,13
82651,6,13
82652,7,13
82653,3,13
82654,30,13
82655,2,13
82656,12,13
82657,25,13
82660,2,13
82662,25,13
82663,20,13
82664,25,13
82668,11,13
82669,30,13
82670,25,13
82671,1,13
82672,5,13
82676,16,13
82677,3,13
82679,10,13
82682,28,13
82683,5,13
82684,24,13
82686,28,13
82688,22,13
82690,25,13
82691,22,13
82693,10,13
82696,17,13
82697,24,13
82698,12,13
82699,2,13
82700,3,13
82701,7,13
82703,22,13
82704,15,13
82705,22,13
82707,20,13
82708,16,13
82712,2,13
82713,30,13
82714,2,13
82715,30,13
82716,5,13
82717,10,13
82718,9,13
82719,3,13
82725,25,13
82727,7,13
82728,0,13
82729,5,13
82730,22,13
82731,25,13
82732,2,13
82734,9,13
82738,9,13
82739,22,13
82741,25,13
82743,25,13
82751,4,13
82754,14,13
82755,2,13
82756,9,13
82757,9,13
82763,10,13
82765,22,13
82766,25,13
82767,5,13
82769,17,13
82771,16,13
82772,25,13
82773,25,13
82776,10,13
82782,3,13
82783,22,13
82786,10,13
82788,25,13
82792,29,13
82795,0,13
82801,28,13
82802,17,13
82803,22,13
82804,16,13
82807,24,13
82808,14,13
82813,15,13
82815,28,13
82816,9,13
82819,25,13
82822,22,13
82826,30,13
82827,25,13
82828,25,13
82829,4,13
82830,0,13
82835,24,13
82836,21,13
82840,30,13
82841,2,13
82842,29,13
82849,25,13
82850,28,13
82851,3,13
82852,7,13
82853,25,13
82854,22,13
82859,12,13
82860,25,13
82863,25,13
82864,22,13
82865,25,13
82869,7,13
82871,16,13
82874,10,13
82875,2,13
82881,28,13
82883,29,13
82884,30,13
82885,12,13
82888,4,13
82889,4,13
82890,14,13
82893,30,13
82894,29,13
82897,4,13
82898,11,13
82899,9,13
82900,30,13
82903,30,13
82905,20,13
82907,11,13
82908,10,13
82914,10,13
82919,30,13
82920,30,13
82921,2,13
82922,22,13
82923,22,13
82925,30,13
82929,30,13
82930,30,13
82931,9,13
82933,2,13
82934,0,13
82939,28,13
82940,28,13
82941,22,13
82943,5,13
82944,2,13
82945,9,13
82946,2,13
82947,28,13
82950,20,13
82951,29,13
82952,10,13
82957,5,13
82958,2,13
82959,9,13
82960,3,13
82962,10,13
82964,16,13
82965,28,13
82968,28,13
82972,17,13
82973,18,13
82976,10,13
82977,25,13
82982,28,13
82988,22,13
82991,20,13
82992,20,13
82997,24,13
83001,11,13
83003,21,13
83005,5,13
83006,25,13
83009,22,13
83010,18,13
83011,17,13
83012,11,13
83013,1,13
83015,20,13
83016,7,13
83017,13,13
83020,30,13
83025,17,13
83027,14,13
83031,20,13
83034,24,13
83035,28,13
83036,11,13
83039,25,13
83040,16,13
83041,20,13
83044,3,13
83048,22,13
83050,18,13
83051,28,13
83054,22,13
83056,27,13
83058,24,13
83060,11,13
83061,11,13
83062,14,13
83066,2,13
83067,3,13
83068,22,13
83069,18,13
83070,0,13
83072,30,13
83073,2,13
83074,16,13
83076,7,13
83078,9,13
83080,16,13
83081,9,13
83084,9,13
83090,5,13
83091,20,13
83092,3,13
83093,17,13
83095,5,13
83097,9,13
83099,25,13
83107,22,13
83109,17,13
83110,7,13
83116,22,13
83120,2,13
83121,11,13
83124,3,13
83125,7,13
83126,5,13
83128,5,13
83131,22,13
83132,9,13
83133,3,13
83134,9,13
83139,20,13
83140,2,13
83141,11,13
83142,24,13
83143,11,13
83146,14,13
83149,7,13
83152,13,13
83153,11,13
83154,30,13
83155,25,13
83156,25,13
83158,3,13
83159,20,13
83162,16,13
83164,28,13
83166,30,13
83170,13,13
83171,20,13
83173,2,13
83175,20,13
83176,14,13
83179,7,13
83181,20,13
83182,17,13
83185,12,13
83187,3,13
83188,14,13
83190,28,13
83191,28,13
83193,1,13
83195,24,13
83196,2,13
83197,24,13
83198,16,13
83199,24,13
83200,6,13
83202,6,13
83204,6,13
83207,16,13
83210,9,13
83215,16,13
83217,25,13
83219,11,13
83220,22,13
83223,2,13
83225,9,13
83226,0,13
83227,17,13
83228,30,13
83229,28,13
83233,30,13
83234,29,13
83236,2,13
83238,22,13
83243,28,13
83244,2,13
83246,9,13
83247,19,13
83248,2,13
83249,29,13
83253,20,13
83256,4,13
83257,18,13
83258,5,13
83261,9,13
83263,16,13
83264,22,13
83269,22,13
83271,28,13
83277,22,13
83278,9,13
83281,9,13
83282,9,13
83283,25,13
83284,9,13
83287,25,13
83289,25,13
83292,25,13
83294,20,13
83295,11,13
83296,11,13
83298,25,13
83302,20,13
83303,25,13
83304,22,13
83305,2,13
83306,5,13
83307,28,13
83311,20,13
83313,20,13
83314,18,13
83315,25,13
83316,20,13
83325,7,13
83326,15,13
83327,7,13
83331,2,13
83334,25,13
83335,25,13
83336,23,13
83338,25,13
83339,25,13
83341,25,13
83342,25,13
83343,9,13
83345,7,13
83347,18,13
83348,3,13
83349,7,13
83350,2,13
83351,22,13
83352,2,13
83353,28,13
83355,14,13
83356,13,13
83357,12,13
83358,15,13
83359,15,13
83364,11,13
83365,14,13
83366,21,13
83367,28,13
83368,22,13
83370,25,13
83371,25,13
83373,7,13
83380,10,13
83381,5,13
83386,17,13
83388,5,13
83389,5,13
83392,2,13
83395,2,13
83398,22,13
83399,7,13
83403,25,13
83404,9,13
83406,22,13
83407,9,13
83409,9,13
83410,22,13
83413,7,13
83414,3,13
83417,22,13
83421,18,13
83422,7,13
83426,5,13
83429,3,13
83431,3,13
83432,22,13
83435,24,13
83436,7,13
83438,21,13
83439,2,13
83440,9,13
83442,15,13
83443,22,13
83444,10,13
83445,17,13
83450,17,13
83452,9,13
83453,30,13
83454,2,13
83455,22,13
83458,0,13
83459,24,13
83461,3,13
83462,21,13
83463,16,13
83464,2,13
83467,9,13
83469,26,13
83470,9,13
83471,2,13
83473,7,13
83474,19,13
83475,2,13
83476,2,13
83477,12,13
83479,22,13
83484,14,13
83485,15,13
83486,26,13
83489,26,13
83491,2,13
83493,9,13
83495,2,13
83497,15,13
83498,7,13
83501,2,13
83502,22,13
83503,5,13
83507,2,13
83508,15,13
83511,9,13
83513,25,13
83514,25,13
83515,7,13
83516,25,13
83517,25,13
83520,25,13
83522,1,13
83523,6,13
83525,6,13
83527,5,13
83528,1,13
83531,13,13
83537,7,13
83538,25,13
83539,25,13
83540,25,13
83541,25,13
83542,25,13
83543,25,13
83544,25,13
83545,25,13
83548,25,13
83552,19,13
83553,18,13
83554,25,13
83557,20,13
83558,9,13
83562,16,13
83563,12,13
83567,18,13
83570,7,13
83574,20,13
83575,13,13
83578,2,13
83579,15,13
83580,12,13
83584,17,13
83585,22,13
83586,9,13
83590,22,13
83592,7,13
83593,2,13
83594,3,13
83595,7,13
83599,7,13
83603,28,13
83605,0,13
83606,0,13
83607,9,13
83610,5,13
83611,7,13
83615,13,13
83616,5,13
83617,10,13
83618,7,13
83620,22,13
83621,0,13
83622,7,13
83623,12,13
83625,10,13
83627,19,13
83628,24,13
83630,13,13
83631,3,13
83632,18,13
83635,22,13
83638,22,13
83640,16,13
83644,15,13
83645,25,13
83646,9,13
83647,10,13
83648,28,13
83649,4,13
83650,19,13
83652,12,13
83657,14,13
83659,21,13
83660,29,13
83662,11,13
83664,7,13
83665,6,13
83668,1,13
83671,22,13
83672,9,13
83674,0,13
83676,9,13
83677,1,13
83678,1,13
83681,5,13
83684,16,13
83685,30,13
83686,1,13
83687,5,13
83690,5,13
83693,1,13
83695,5,13
83696,9,13
83699,7,13
83701,13,13
83702,28,13
83705,14,13
83708,13,13
83712,22,13
83713,19,13
83714,18,13
83716,13,13
83718,13,13
83719,5,13
83724,25,13
83725,6,13
83726,9,13
83727,22,13
83734,15,13
83735,26,13
83736,7,13
83739,9,13
83740,16,13
83742,24,13
83743,24,13
83744,11,13
83748,30,13
83750,28,13
83751,30,13
83752,11,13
83755,11,13
83764,11,13
83765,11,13
83769,9,13
83771,3,13
83773,24,13
83775,7,13
83776,13,13
83777,17,13
83780,28,13
83781,29,13
83783,24,13
83787,9,13
83796,24,13
83800,2,13
83802,6,13
83803,25,13
83809,14,13
83810,10,13
83811,14,13
83814,9,13
83815,9,13
83818,9,13
83819,9,13
83821,3,13
83825,2,13
83832,2,13
83834,22,13
83835,29,13
83836,29,13
83837,30,13
83839,29,13
83841,18,13
83842,9,13
83843,9,13
83844,2,13
83846,24,13
83850,9,13
83852,28,13
83853,4,13
83856,13,13
83857,13,13
83858,0,13
83859,7,13
83863,21,13
83864,20,13
83865,3,13
83866,20,13
83872,3,13
83873,5,13
83874,24,13
83875,13,13
83876,15,13
83877,3,13
83880,28,13
83883,1,13
83884,2,13
83887,18,13
83888,22,13
83889,30,13
83890,7,13
83891,15,13
83892,7,13
83895,17,13
83896,13,13
83897,9,13
83898,9,13
83901,18,13
83902,7,13
83909,2,13
83910,15,13
83911,22,13
83913,2,13
83914,18,13
83915,0,13
83918,13,13
83919,9,13
83921,28,13
83922,3,13
83923,7,13
83926,3,13
83927,15,13
83929,22,13
83932,16,13
83933,28,13
83934,16,13
83937,4,13
83941,14,13
83942,12,13
83943,24,13
83946,28,13
83950,7,13
83951,0,13
83953,28,13
83954,7,13
83955,1,13
83956,1,13
83959,16,13
83960,2,13
83962,17,13
83966,3,13
83970,2,13
83972,30,13
83974,6,13
83975,17,13
83982,10,13
83983,30,13
83989,17,13
83992,10,13
83998,21,13
84000,15,13
84001,18,13
84002,11,13
84004,10,13
84006,29,13
84007,2,13
84013,3,13
84014,3,13
84015,28,13
84016,22,13
84018,2,13
84019,5,13
84020,14,13
84022,22,13
84023,11,13
84024,25,13
84026,11,13
84028,6,13
84029,14,13
84030,0,13
84031,12,13
84032,21,13
84034,9,13
84035,20,13
84037,9,13
84041,16,13
84043,2,13
84044,15,13
84047,1,13
84049,10,13
84052,16,13
84057,25,13
84058,28,13
84060,3,13
84061,18,13
84062,22,13
84064,9,13
84067,0,13
84068,0,13
84069,2,13
84070,11,13
84072,9,13
84074,15,13
84075,0,13
84077,14,13
84081,4,13
84086,13,13
84087,28,13
84088,21,13
84090,18,13
84093,2,13
84094,15,13
84095,19,13
84096,17,13
84098,2,13
84100,0,13
84108,19,13
84110,7,13
84111,2,13
84112,5,13
84113,22,13
84114,18,13
84116,1,13
84123,10,13
84125,0,13
84127,5,13
84128,0,13
84132,0,13
84134,2,13
84136,7,13
84137,9,13
84141,20,13
84148,27,13
84150,19,13
84152,0,13
84154,9,13
84155,29,13
84158,4,13
84159,12,13
84160,0,13
84163,9,13
84166,28,13
84168,2,13
84170,9,13
84172,25,13
84175,9,13
84177,17,13
84180,2,13
84184,5,13
84185,6,13
84186,3,13
84188,14,13
84190,24,13
84191,12,13
84192,12,13
84194,13,13
84198,25,13
84200,24,13
84201,18,13
84202,28,13
84203,23,13
84207,13,13
84209,1,13
84210,10,13
84212,13,13
84213,16,13
84215,1,13
84217,18,13
84218,2,13
84219,9,13
84220,2,13
84225,28,13
84229,2,13
84231,4,13
84235,28,13
84236,21,13
84237,28,13
84239,28,13
84240,1,13
84241,28,13
84244,20,13
84245,9,13
84247,11,13
84248,10,13
84250,28,13
84251,9,13
84253,24,13
84254,13,13
84256,22,13
84259,24,13
84261,10,13
84264,0,13
84265,3,13
84266,22,13
84267,1,13
84271,22,13
84272,16,13
84276,16,13
84277,5,13
84278,7,13
84279,0,13
84280,12,13
84281,3,13
84286,6,13
84287,27,13
84288,2,13
84293,21,13
84295,5,13
84299,12,13
84300,9,13
84302,4,13
84305,1,13
84306,3,13
84308,2,13
84309,13,13
84316,9,13
84319,14,13
84320,18,13
84322,1,13
84323,2,13
84324,5,13
84325,28,13
84327,18,13
84330,20,13
84333,30,13
84334,24,13
84336,6,13
84337,11,13
84340,15,13
84343,11,13
84345,26,13
84348,2,13
84349,12,13
84350,12,13
84351,26,13
84354,1,13
84355,7,13
84357,15,13
84359,13,13
84362,15,13
84365,18,13
84368,6,13
84369,10,13
84372,30,13
84373,6,13
84374,4,13
84376,11,13
84377,13,13
84378,28,13
84380,4,13
84382,28,13
84384,19,13
84387,16,13
84389,13,13
84391,15,13
84392,15,13
84395,12,13
84396,11,13
84400,0,13
84406,28,13
84408,0,13
84409,6,13
84410,18,13
84412,22,13
84413,7,13
84424,0,13
84426,28,13
84427,6,13
84429,0,13
84436,27,13
84439,9,13
84440,5,13
84441,27,13
84445,6,13
84447,20,13
84449,12,13
84450,22,13
84453,5,13
84454,9,13
84456,19,13
84459,11,13
84460,10,13
84461,14,13
84462,21,13
84463,12,13
84464,9,13
84465,27,13
84466,28,13
84467,6,13
84470,9,13
84473,11,13
84474,4,13
84479,4,13
84480,17,13
84483,27,13
84484,4,13
84490,11,13
84491,11,13
84493,28,13
84494,11,13
84495,11,13
84497,19,13
84498,1,13
84501,27,13
84502,6,13
84505,0,13
84506,18,13
84508,27,13
84509,9,13
84512,24,13
84513,0,13
84515,4,13
84520,0,13
84521,9,13
84522,5,13
84527,2,13
84528,19,13
84529,0,13
84533,0,13
84535,15,13
84536,0,13
84537,0,13
84539,29,13
84540,3,13
84542,19,13
84545,29,13
84546,18,13
84548,9,13
84550,9,13
84552,18,13
84556,19,13
84559,18,13
84560,15,13
84562,5,13
84563,2,13
84564,18,13
84570,19,13
84572,0,13
84574,10,13
84575,9,13
84576,17,13
84580,17,13
84582,19,13
84588,10,13
84591,27,13
84592,19,13
84593,4,13
84594,9,13
84595,22,13
84597,22,13
84598,19,13
84601,18,13
84605,7,13
84610,0,13
84611,27,13
84616,18,13
84617,0,13
84620,25,13
84622,24,13
84623,4,13
84625,4,13
84626,18,13
84630,19,13
84634,10,13
84635,0,13
84638,10,13
84641,10,13
84642,24,13
84643,0,13
84644,27,13
84645,18,13
84646,20,13
84647,20,13
84649,12,13
84652,3,13
84653,10,13
84655,0,13
84656,27,13
84657,24,13
84660,13,13
84661,19,13
84666,22,13
84668,7,13
84672,16,13
84675,12,13
84677,12,13
84678,10,13
84682,27,13
84686,12,13
84687,20,13
84693,19,13
84696,24,13
84697,27,13
84699,27,13
84701,18,13
84702,7,13
84704,13,13
84705,10,13
84706,27,13
84709,5,13
84713,9,13
84714,6,13
84715,2,13
84716,2,13
84718,16,13
84721,17,13
84722,10,13
84724,17,13
84729,12,13
84732,18,13
84733,24,13
84735,11,13
84737,19,13
84738,10,13
84744,0,13
84746,24,13
84747,24,13
84749,2,13
84751,13,13
84752,0,13
84753,10,13
84756,17,13
84757,17,13
84758,24,13
84759,16,13
84760,16,13
84763,18,13
84764,7,13
84772,19,13
84775,5,13
84778,1,13
84779,7,13
84780,0,13
84781,19,13
84786,24,13
84792,0,13
84797,13,13
84798,5,13
84799,1,13
84800,27,13
84801,19,13
84802,13,13
84803,10,13
84804,5,13
84805,19,13
84807,27,13
84809,16,13
84810,19,13
84812,19,13
84814,27,13
84815,20,13
84818,7,13
84819,13,13
84820,19,13
84822,0,13
84823,19,13
84824,5,13
84825,5,13
84827,13,13
84828,27,13
84830,9,13
84833,9,13
84835,9,13
84837,20,13
84838,10,13
84839,7,13
84840,12,13
84841,0,13
84842,3,13
84843,0,13
84845,27,13
84847,5,13
84849,6,13
84852,10,13
84854,9,13
84855,15,13
84856,10,13
84858,20,13
84859,24,13
84863,22,13
84864,22,13
84865,10,13
84867,10,13
84868,24,13
84869,24,13
84870,7,13
84871,13,13
84872,5,13
84873,5,13
84875,28,13
84877,2,13
84879,0,13
84882,24,13
84883,18,13
84884,22,13
84885,22,13
84886,28,13
84888,28,13
84890,10,13
84893,7,13
84895,2,13
84898,16,13
84900,19,13
84901,13,13
84903,18,13
84905,7,13
84907,18,13
84908,22,13
84909,7,13
84913,18,13
84914,19,13
84915,7,13
84917,13,13
84919,22,13
84920,22,13
84921,22,13
84922,28,13
84923,16,13
84924,11,13
84926,22,13
84928,19,13
84929,4,13
84931,28,13
84935,10,13
84936,27,13
84939,22,13
84940,28,13
84947,7,13
84948,28,13
84950,7,13
84951,3,13
84953,2,13
84955,7,13
84957,28,13
84958,27,13
84959,2,13
84960,2,13
84961,24,13
84963,16,13
84965,16,13
84967,28,13
84969,28,13
84972,24,13
84974,28,13
84975,28,13
84979,28,13
84980,28,13
84982,30,13
84984,22,13
84986,27,13
84987,22,13
84988,0,13
84989,9,13
84992,0,13
84993,10,13
84994,1,13
84996,24,13
84997,16,13
84998,24,13
85002,18,13
85004,6,13
85005,9,13
85007,26,13
85008,5,13
85009,26,13
85011,16,13
85012,20,13
85014,28,13
85019,7,13
85020,2,13
85021,7,13
85022,24,13
85023,30,13
85025,9,13
85027,28,13
85028,17,13
85030,28,13
85031,13,13
85032,30,13
85034,30,13
85036,30,13
85039,30,13
85040,2,13
85043,30,13
85045,17,13
85046,17,13
85048,30,13
85054,30,13
85057,17,13
85059,22,13
85060,7,13
85061,7,13
85062,5,13
85064,22,13
85066,22,13
85068,22,13
85069,5,13
85070,5,13
85072,22,13
85073,16,13
85074,2,13
85077,30,13
85079,29,13
85082,12,13
85083,30,13
85084,22,13
85086,22,13
85088,9,13
85093,22,13
85094,14,13
85095,2,13
85097,30,13
85099,22,13
85100,22,13
85102,22,13
85104,2,13
85108,11,13
85109,17,13
85110,1,13
85113,22,13
85115,24,13
85118,30,13
85127,30,13
85129,22,13
85130,2,13
85131,30,13
85136,14,13
85138,5,13
85139,2,13
85142,2,13
85154,30,13
85157,30,13
85159,13,13
85164,30,13
85167,22,13
85168,28,13
85170,12,13
85173,9,13
85174,24,13
85176,15,13
85180,21,13
85181,24,13
85183,1,13
85185,14,13
85186,22,13
85187,15,13
85188,9,13
85189,20,13
85190,14,13
85191,21,13
85194,22,13
85196,3,13
85198,5,13
85199,20,13
85200,2,13
85203,6,13
85207,19,13
85208,20,13
85210,4,13
85213,21,13
85215,19,13
85217,16,13
85218,12,13
85220,10,13
85221,6,13
85222,31,13
85225,18,13
85227,19,13
85229,31,13
85231,12,13
85232,18,13
85233,11,13
85234,19,13
85235,0,13
85236,3,13
85241,3,13
85243,31,13
85246,8,13
85247,8,13
85248,8,13
85249,8,13
85250,8,13
85252,8,13
85253,8,13
85254,8,13
85255,9,13
85257,10,13
85262,8,13
85263,8,13
85264,27,13
85265,13,13
85267,8,13
85270,12,13
85274,23,13
85275,16,13
85277,15,13
85278,13,13
85281,16,13
85282,30,13
85286,15,13
85288,9,13
85289,14,13
85290,23,13
85292,3,13
85293,4,13
85295,16,13
85296,15,13
85297,9,13
85299,23,13
85300,15,13
85301,28,13
85302,17,13
85303,4,13
85306,24,13
85307,19,13
85308,24,13
85309,24,13
85310,5,13
85313,17,13
85316,17,13
85317,4,13
85320,24,13
85321,19,13
85322,24,13
85324,4,13
85327,28,13
85330,14,13
85333,24,13
85334,19,13
85337,24,13
85338,19,13
85340,19,13
85341,24,13
85343,17,13
85344,24,13
85346,14,13
85348,24,13
85349,24,13
85352,24,13
85353,10,13
85355,10,13
85356,24,13
85358,24,13
85360,4,13
85361,24,13
85367,16,13
85372,28,13
85373,28,13
85375,16,13
85378,24,13
85383,18,13
85384,12,13
85385,28,13
85386,10,13
85387,4,13
85397,6,13
85399,18,13
85400,2,13
85404,2,13
85405,2,13
85406,20,13
85409,2,13
85411,9,13
85412,4,13
85413,11,13
85416,29,13
85417,9,13
85419,15,13
85421,9,13
85424,0,13
85428,28,13
85429,9,13
85434,15,13
85437,20,13
85439,18,13
85441,18,13
85448,21,13
85450,2,13
85452,10,13
85453,11,13
85455,20,13
85456,18,13
85461,20,13
85466,12,13
85467,4,13
85470,21,13
85471,4,13
85477,20,13
85479,18,13
85480,9,13
85482,4,13
85483,14,13
85484,2,13
85485,7,13
85492,9,13
85494,29,13
85495,9,13
85496,10,13
85498,28,13
85500,28,13
85506,17,13
85507,18,13
85508,20,13
85509,16,13
85515,3,13
85516,3,13
85517,28,13
85520,15,13
85522,20,13
85523,22,13
85531,20,13
85533,24,13
85534,10,13
85535,6,13
85536,2,13
85541,17,13
85542,22,13
85544,22,13
85545,22,13
85546,4,13
85547,24,13
85551,20,13
85552,29,13
85555,1,13
85556,7,13
85558,3,13
85559,22,13
85562,4,13
85564,20,13
85566,22,13
85568,7,13
85570,24,13
85572,11,13
85574,22,13
85576,10,13
85580,22,13
85582,9,13
85583,0,13
85585,13,13
85591,20,13
85593,12,13
85594,2,13
85596,25,13
85600,24,13
85602,4,13
85605,7,13
85608,15,13
85609,3,13
85613,4,13
85614,24,13
85618,2,13
85619,15,13
85622,20,13
85624,18,13
85625,19,13
85626,6,13
85627,3,13
85629,24,13
85630,20,13
85631,24,13
85633,7,13
85635,7,13
85636,27,13
85642,2,13
85646,24,13
85648,5,13
85650,10,13
85652,3,13
85653,18,13
85658,4,13
85662,2,13
85666,1,13
85670,29,13
85671,2,13
85672,3,13
85673,3,13
85683,11,13
85685,1,13
85688,2,13
85689,1,13
85692,28,13
85695,26,13
85696,15,13
85697,26,13
85698,25,13
85700,26,13
85702,1,13
85704,30,13
85710,7,13
85714,24,13
85715,26,13
85721,26,13
85724,3,13
85727,5,13
85730,3,13
85732,12,13
85733,3,13
85736,3,13
85737,24,13
85738,20,13
85739,10,13
85741,18,13
85742,7,13
85746,4,13
85747,28,13
85749,24,13
85750,3,13
85752,13,13
85753,28,13
85754,5,13
85755,3,13
85758,1,13
85760,28,13
85762,28,13
85764,28,13
85766,1,13
85768,28,13
85769,28,13
85770,7,13
85773,9,13
85775,12,13
85776,5,13
85777,2,13
85780,2,13
85783,18,13
85790,9,13
85791,3,13
85792,16,13
85796,17,13
85800,28,13
85802,3,13
85803,3,13
85806,3,13
85807,13,13
85808,0,13
85809,13,13
85815,13,13
85816,12,13
85817,3,13
85819,7,13
85821,7,13
85823,5,13
85826,7,13
85827,17,13
85829,3,13
85832,1,13
85833,3,13
85835,13,13
85837,3,13
85839,3,13
85840,2,13
85845,9,13
85846,13,13
85847,2,13
85851,19,13
85852,12,13
85855,9,13
85856,2,13
85857,7,13
85860,3,13
85861,3,13
85864,18,13
85866,1,13
85868,3,13
85869,27,13
85870,3,13
85871,3,13
85872,27,13
85873,27,13
85877,30,13
85878,27,13
85880,29,13
85882,19,13
85884,7,13
85885,12,13
85888,31,13
85890,30,13
85893,3,13
85895,19,13
85897,1,13
85899,3,13
85900,3,13
85904,3,13
85905,2,13
85906,24,13
85907,5,13
85908,3,13
85911,1,13
85912,6,13
85917,1,13
85918,18,13
85919,13,13
85921,11,13
85923,10,13
85924,3,13
85926,3,13
85934,18,13
85935,7,13
85939,5,13
85942,13,13
85943,7,13
85944,7,13
85946,7,13
85949,10,13
85950,10,13
85952,6,13
85955,5,13
85960,3,13
85963,9,13
85964,3,13
85965,7,13
85969,6,13
85970,7,13
85974,5,13
85976,19,13
85978,9,13
85979,3,13
85980,3,13
85986,3,13
85989,4,13
85995,30,13
85997,3,13
86000,13,13
86001,11,13
86002,26,13
86003,3,13
86004,1,13
86007,23,13
86010,4,13
86011,7,13
86014,27,13
86015,28,13
86016,18,13
86017,10,13
86018,2,13
86021,10,13
86023,6,13
86030,4,13
86031,18,13
86032,18,13
86034,9,13
86035,27,13
86039,30,13
86040,28,13
86042,12,13
86043,2,13
86044,3,13
86045,12,13
86046,28,13
86048,27,13
86049,5,13
86050,28,13
86052,4,13
86057,13,13
86058,5,13
86059,27,13
86060,28,13
86065,19,13
86067,27,13
86073,7,13
86075,24,13
86076,4,13
86078,4,13
86080,19,13
86082,10,13
86083,12,13
86085,18,13
86088,27,13
86094,7,13
86096,28,13
86097,19,13
86100,27,13
86104,19,13
86106,3,13
86109,30,13
86110,10,13
86113,27,13
86114,27,13
86116,18,13
86117,19,13
86119,19,13
86127,27,13
86132,30,13
86136,0,13
86138,2,13
86140,27,13
86141,27,13
86142,24,13
86144,27,13
86146,5,13
86147,3,13
86149,3,13
86150,7,13
86152,27,13
86154,7,13
86157,27,13
86159,19,13
86160,19,13
86161,25,13
86162,31,13
86165,19,13
86167,27,13
86171,28,13
86172,7,13
86174,27,13
86175,27,13
86177,10,13
86178,27,13
86179,24,13
86180,27,13
86181,27,13
86185,27,13
86187,12,13
86189,9,13
86190,27,13
86192,19,13
86193,4,13
86195,28,13
86196,18,13
86197,18,13
86198,1,13
86200,27,13
86203,8,13
86208,27,13
86209,9,13
86211,7,13
86212,19,13
86214,19,13
86215,15,13
86219,27,13
86220,27,13
86221,19,13
86222,9,13
86223,27,13
86225,3,13
86233,3,13
86234,3,13
86236,7,13
86237,27,13
86239,26,13
86241,3,13
86245,5,13
86248,18,13
86251,27,13
86252,6,13
86253,19,13
86256,27,13
86257,13,13
86259,19,13
86262,19,13
86265,15,13
86266,9,13
86267,9,13
86273,3,13
86276,5,13
86277,11,13
86279,19,13
86280,6,13
86281,27,13
86283,24,13
86284,7,13
86286,27,13
86287,7,13
86288,19,13
86289,18,13
86290,26,13
86291,18,13
86293,16,13
86294,30,13
86298,19,13
86299,27,13
86300,18,13
86301,27,13
86303,15,13
86305,19,13
86306,19,13
86307,3,13
86309,27,13
86311,28,13
86312,3,13
86313,27,13
86316,27,13
86317,19,13
86320,29,13
86323,27,13
86326,2,13
86329,29,13
86330,22,13
86331,5,13
86333,2,13
86337,5,13
86340,28,13
86341,5,13
86342,22,13
86343,25,13
86344,29,13
86345,22,13
86349,19,13
86351,22,13
86352,22,13
86353,9,13
86355,10,13
86357,2,13
86358,17,13
86360,22,13
86362,22,13
86366,5,13
86369,16,13
86371,10,13
86372,19,13
86374,14,13
86375,5,13
86384,14,13
86385,13,13
86388,16,13
86390,22,13
86391,2,13
86392,12,13
86393,24,13
86396,1,13
86397,5,13
86399,6,13
86400,14,13
86405,1,13
86407,3,13
86408,9,13
86409,13,13
86410,1,13
86411,1,13
86412,2,13
86418,9,13
86420,27,13
86423,19,13
86424,24,13
86425,4,13
86426,0,13
86428,23,13
86429,28,13
86431,17,13
86432,27,13
86434,27,13
86440,9,13
86441,13,13
86443,6,13
86446,0,13
86448,29,13
86449,17,13
86451,17,13
86452,17,13
86453,17,13
86454,17,13
86456,17,13
86458,23,13
86460,17,13
86463,17,13
86464,17,13
86468,9,13
86471,17,13
86472,17,13
86473,17,13
86476,17,13
86479,17,13
86480,17,13
86481,17,13
86482,17,13
86485,17,13
86490,15,13
86491,5,13
86492,17,13
86493,17,13
86499,17,13
86500,15,13
86502,17,13
86505,17,13
86506,17,13
86507,17,13
86508,17,13
86510,17,13
86512,17,13
86513,17,13
86514,15,13
86515,28,13
86517,11,13
86521,17,13
86523,17,13
86524,17,13
86525,17,13
86527,17,13
86528,17,13
86531,17,13
86532,17,13
86533,2,13
86535,17,13
86536,15,13
86537,17,13
86539,17,13
86540,17,13
86541,5,13
86542,17,13
86546,17,13
86547,16,13
86550,15,13
86552,27,13
86554,25,13
86556,1,13
86558,12,13
86560,22,13
86562,7,13
86571,4,13
86572,11,13
86575,21,13
86579,3,13
86581,19,13
86582,19,13
86583,12,13
86584,28,13
86586,17,13
86587,9,13
86591,22,13
86592,1,13
86594,19,13
86595,18,13
86596,2,13
86599,16,13
86600,15,13
86604,20,13
86605,19,13
86606,28,13
86608,19,13
86609,5,13
86614,17,13
86615,14,13
86619,21,13
86621,5,13
86622,18,13
86624,6,13
86625,5,13
86627,22,13
86629,20,13
86630,28,13
86631,3,13
86632,20,13
86633,20,13
86634,1,13
86635,5,13
86637,20,13
86638,15,13
86640,18,13
86641,7,13
86642,3,13
86643,22,13
86644,28,13
86645,28,13
86648,4,13
86651,21,13
86653,29,13
86656,6,13
86657,5,13
86658,5,13
86659,29,13
86660,5,13
86665,13,13
86666,22,13
86667,22,13
86670,1,13
86675,19,13
86677,21,13
86678,24,13
86680,22,13
86681,28,13
86683,3,13
86685,13,13
86686,13,13
86687,18,13
86688,3,13
86690,6,13
86693,28,13
86696,16,13
86697,17,13
86699,30,13
86702,7,13
86705,2,13
86706,2,13
86708,30,13
86709,28,13
86712,13,13
86721,13,13
86722,28,13
86723,1,13
86725,22,13
86726,22,13
86728,2,13
86732,14,13
86735,5,13
86737,10,13
86739,18,13
86742,1,13
86746,11,13
86747,4,13
86750,21,13
86751,7,13
86752,27,13
86755,19,13
86759,7,13
86761,16,13
86762,2,13
86765,10,13
86766,10,13
86767,22,13
86770,14,13
86771,21,13
86772,25,13
86773,9,13
86780,9,13
86785,9,13
86786,22,13
86788,9,13
86797,5,13
86798,5,13
86800,25,13
86801,5,13
86802,7,13
86806,25,13
86809,2,13
86810,29,13
86811,18,13
86812,9,13
86813,5,13
86815,13,13
86816,25,13
86817,20,13
86819,25,13
86820,13,13
86822,12,13
86824,3,13
86826,22,13
86827,22,13
86828,2,13
86830,0,13
86832,29,13
86833,25,13
86841,21,13
86842,19,13
86846,3,13
86849,12,13
86850,17,13
86855,28,13
86857,9,13
86858,5,13
86860,4,13
86861,6,13
86865,6,13
86866,9,13
86867,18,13
86870,0,13
86871,9,13
86872,9,13
86873,17,13
86874,17,13
86877,22,13
86878,12,13
86879,6,13
86880,22,13
86881,17,13
86884,12,13
86886,4,13
86888,2,13
86892,3,13
86893,2,13
86894,12,13
86895,11,13
86896,25,13
86897,0,13
86898,22,13
86899,18,13
86902,7,13
86903,10,13
86905,12,13
86910,4,13
86911,18,13
86913,14,13
86915,7,13
86917,22,13
86920,17,13
86922,22,13
86924,3,13
86926,20,13
86929,3,13
86931,28,13
86932,24,13
86933,24,13
86935,28,13
86937,28,13
86939,14,13
86943,24,13
86945,10,13
86946,4,13
86948,7,13
86949,1,13
86951,12,13
86953,13,13
86954,10,13
86955,10,13
86956,0,13
86957,29,13
86959,17,13
86960,17,13
86962,7,13
86963,13,13
86964,17,13
86965,22,13
86966,9,13
86967,2,13
86969,20,13
86970,13,13
86972,22,13
86975,20,13
86977,11,13
86979,6,13
86980,7,13
86981,3,13
86983,3,13
86985,3,13
86986,3,13
86989,20,13
86990,3,13
86991,3,13
86994,20,13
86997,30,13
86999,19,13
87002,11,13
87004,14,13
87008,12,13
87009,19,13
87013,11,13
87016,20,13
87017,17,13
87019,20,13
87021,11,13
87022,7,13
87026,12,13
87027,28,13
87028,29,13
87032,28,13
87034,18,13
87035,22,13
87036,12,13
87037,15,13
87038,9,13
87039,28,13
87040,2,13
87042,5,13
87045,13,13
87047,11,13
87048,11,13
87049,11,13
87057,18,13
87060,11,13
87064,21,13
87069,27,13
87070,20,13
87071,9,13
87074,18,13
87076,11,13
87077,20,13
87078,28,13
87080,5,13
87082,18,13
87083,18,13
87084,19,13
87085,20,13
87090,30,13
87093,11,13
87094,9,13
87100,18,13
87101,11,13
87102,20,13
87105,19,13
87107,5,13
87113,17,13
87115,15,13
87116,18,13
87117,11,13
87118,16,13
87120,0,13
87125,0,13
87126,15,13
87129,16,13
87131,18,13
87135,28,13
87138,12,13
87139,2,13
87140,29,13
87144,2,13
87145,13,13
87146,12,13
87147,3,13
87150,28,13
87152,16,13
87153,0,13
87155,13,13
87158,12,13
87159,29,13
87160,29,13
87164,11,13
87165,1,13
87166,18,13
87167,0,13
87168,11,13
87169,0,13
87170,3,13
87172,20,13
87174,11,13
87179,13,13
87181,0,13
87185,4,13
87186,18,13
87190,19,13
87191,12,13
87194,28,13
87195,11,13
87196,13,13
87197,12,13
87204,0,13
87205,4,13
87206,18,13
87207,19,13
87210,25,13
87211,24,13
87213,19,13
87214,18,13
87216,18,13
87218,18,13
87220,18,13
87222,12,13
87223,16,13
87226,11,13
87230,11,13
87232,0,13
87239,27,13
87240,20,13
87241,27,13
87242,27,13
87247,12,13
87249,19,13
87250,27,13
87252,12,13
87253,5,13
87254,12,13
87255,18,13
87256,5,13
87257,18,13
87258,18,13
87260,4,13
87261,12,13
87264,11,13
87268,16,13
87270,18,13
87271,18,13
87274,1,13
87281,6,13
87282,2,13
87283,5,13
87286,11,13
87288,5,13
87290,27,13
87294,16,13
87295,28,13
87300,11,13
87301,12,13
87302,1,13
87304,10,13
87307,18,13
87308,20,13
87309,20,13
87314,27,13
87316,9,13
87319,1,13
87322,20,13
87324,7,13
87326,18,13
87327,3,13
87334,16,13
87336,13,13
87337,19,13
87338,27,13
87339,27,13
87340,18,13
87341,5,13
87349,0,13
87350,18,13
87352,0,13
87353,0,13
87354,27,13
87357,12,13
87358,0,13
87361,5,13
87365,22,13
87370,7,13
87371,9,13
87372,9,13
87373,15,13
87374,18,13
87376,12,13
87378,9,13
87379,27,13
87381,5,13
87384,19,13
87385,7,13
87387,7,13
87389,11,13
87390,8,13
87391,30,13
87394,28,13
87395,2,13
87398,10,13
87401,28,13
87402,26,13
87403,27,13
87405,12,13
87406,8,13
87409,10,13
87411,8,13
87417,8,13
87418,22,13
87420,8,13
87422,1,13
87423,5,13
87424,0,13
87425,24,13
87429,18,13
87430,5,13
87431,22,13
87432,22,13
87433,22,13
87434,29,13
87435,5,13
87436,28,13
87439,11,13
87444,9,13
87447,23,13
87448,9,13
87449,22,13
87452,2,13
87456,19,13
87457,12,13
87461,16,13
87462,16,13
87466,8,13
87467,11,13
87469,28,13
87470,0,13
87471,2,13
87473,2,13
87476,9,13
87477,22,13
87478,19,13
87479,28,13
87482,28,13
87484,7,13
87488,22,13
87490,22,13
87491,7,13
87499,10,13
87501,28,13
87504,24,13
87507,5,13
87509,0,13
87511,18,13
87522,3,13
87523,11,13
87525,30,13
87526,11,13
87528,27,13
87529,28,13
87530,17,13
87531,2,13
87532,22,13
87536,12,13
87537,12,13
87539,5,13
87540,16,13
87541,28,13
87543,7,13
87547,5,13
87548,23,13
87549,5,13
87550,2,13
87552,2,13
87554,2,13
87555,23,13
87556,12,13
87557,10,13
87559,9,13
87561,30,13
87563,20,13
87564,28,13
87568,10,13
87569,23,13
87574,23,13
87575,4,13
87576,21,13
87577,28,13
87578,23,13
87579,28,13
87581,10,13
87583,14,13
87584,21,13
87585,12,13
87587,11,13
87588,24,13
87590,28,13
87591,28,13
87594,23,13
87600,28,13
87602,0,13
87603,12,13
87607,29,13
87610,11,13
87618,19,13
87619,21,13
87622,28,13
87624,19,13
87628,11,13
87629,4,13
87631,4,13
87633,15,13
87634,29,13
87635,11,13
87637,16,13
87641,5,13
87643,27,13
87645,23,13
87648,18,13
87649,0,13
87650,5,13
87652,10,13
87655,10,13
87657,18,13
87659,24,13
87661,23,13
87662,23,13
87664,29,13
87665,18,13
87667,20,13
87669,20,13
87671,9,13
87672,28,13
87673,5,13
87674,27,13
87676,3,13
87677,18,13
87680,15,13
87682,14,13
87683,3,13
87684,14,13
87689,7,13
87690,7,13
87691,7,13
87692,3,13
87696,15,13
87698,15,13
87699,15,13
87701,19,13
87702,4,13
87705,17,13
87707,0,13
87708,15,13
87712,10,13
87715,24,13
87716,4,13
87718,21,13
87721,22,13
87722,28,13
87723,4,13
87724,4,13
87725,11,13
87727,14,13
87732,19,13
87733,18,13
87734,18,13
87738,23,13
87739,18,13
87741,28,13
87742,23,13
87747,18,13
87748,19,13
87751,0,13
87752,13,13
87754,11,13
87756,28,13
87757,6,13
87758,28,13
87760,27,13
87761,28,13
87762,17,13
87763,19,13
87766,28,13
87768,27,13
87769,7,13
87771,28,13
87773,4,13
87774,11,13
87777,18,13
87778,7,13
87779,27,13
87780,28,13
87781,27,13
87782,28,13
87785,27,13
87787,8,13
87788,8,13
87790,8,13
87791,8,13
87792,8,13
87795,8,13
87797,8,13
87798,8,13
87799,4,13
87801,28,13
87803,19,13
87805,17,13
87808,10,13
87809,19,13
87810,7,13
87811,24,13
87812,28,13
87813,7,13
87814,19,13
87815,10,13
87816,27,13
87817,24,13
87819,7,13
87824,27,13
87826,8,13
87827,27,13
87828,8,13
87829,8,13
87830,8,13
87832,27,13
87842,24,13
87843,14,13
87845,24,13
87846,14,13
87847,15,13
87848,22,13
87849,24,13
87851,9,13
87853,22,13
87855,24,13
87856,24,13
87857,14,13
87859,14,13
87860,24,13
87862,22,13
87865,14,13
87866,24,13
87867,10,13
87868,19,13
87869,22,13
87870,25,13
87871,14,13
87875,14,13
87879,22,13
87884,15,13
87885,9,13
87887,1,13
87888,17,13
87894,22,13
87899,7,13
87900,24,13
87903,24,13
87905,7,13
87906,7,13
87907,24,13
87909,22,13
87912,28,13
87913,22,13
87914,28,13
87915,14,13
87916,24,13
87918,2,13
87919,14,13
87921,22,13
87928,16,13
87929,24,13
87930,24,13
87933,14,13
87934,16,13
87938,24,13
87940,7,13
87941,14,13
87947,10,13
87950,1,13
87951,24,13
87952,24,13
87953,2,13
87956,3,13
87957,27,13
87961,8,13
87962,8,13
87963,8,13
87966,8,13
87971,16,13
87973,16,13
87974,25,13
87978,17,13
87979,28,13
87982,1,13
87987,2,13
87989,12,13
87992,2,13
87993,2,13
87997,12,13
87998,30,13
88002,2,13
88003,2,13
88004,2,13
88005,13,13
88010,3,13
88011,7,13
88012,15,13
88013,16,13
88015,25,13
88016,25,13
88017,25,13
88018,25,13
88019,25,13
88025,30,13
88026,9,13
88028,10,13
88035,11,13
88036,25,13
88037,25,13
88038,25,13
88041,22,13
88042,15,13
88043,10,13
88044,6,13
88049,4,13
88050,13,13
88053,10,13
88054,25,13
88057,11,13
88058,25,13
88060,25,13
88061,30,13
88062,11,13
88063,30,13
88064,25,13
88065,10,13
88066,15,13
88069,18,13
88071,18,13
88073,25,13
88075,25,13
88078,7,13
88079,3,13
88081,13,13
88083,15,13
88087,25,13
88093,29,13
88097,30,13
88099,1,13
88101,24,13
88102,5,13
88103,19,13
88104,23,13
88106,0,13
88107,5,13
88108,19,13
88109,12,13
88111,16,13
88112,11,13
88113,4,13
88115,0,13
88117,11,13
88118,13,13
88120,14,13
88122,16,13
88123,5,13
88124,18,13
88125,25,13
88126,22,13
88128,3,13
88131,9,13
88132,9,13
88133,18,13
88134,2,13
88135,2,13
88137,28,13
88139,7,13
88140,25,13
88141,25,13
88142,25,13
88143,5,13
88145,25,13
88146,29,13
88149,4,13
88154,17,13
88156,19,13
88159,4,13
88160,0,13
88162,25,13
88164,14,13
88165,20,13
88166,2,13
88168,10,13
88169,5,13
88173,0,13
88174,5,13
88178,3,13
88181,5,13
88183,18,13
88185,1,13
88187,3,13
88190,2,13
88191,5,13
88192,28,13
88193,2,13
88195,5,13
88196,6,13
88197,9,13
88198,25,13
88202,25,13
88203,13,13
88205,5,13
88208,1,13
88210,9,13
88211,13,13
88212,5,13
88214,24,13
88215,22,13
88216,11,13
88221,9,13
88224,6,13
88225,14,13
88227,28,13
88230,25,13
88231,29,13
88232,30,13
88233,30,13
88234,25,13
88235,10,13
88237,0,13
88238,10,13
88241,28,13
88242,10,13
88243,25,13
88244,9,13
88245,28,13
88246,9,13
88248,2,13
88250,10,13
88251,6,13
88255,3,13
88256,9,13
88257,2,13
88264,28,13
88266,2,13
88269,18,13
88270,0,13
88271,0,13
88272,7,13
88273,7,13
88274,10,13
88276,9,13
88277,28,13
88279,28,13
88280,18,13
88281,10,13
88282,10,13
88283,0,13
88285,0,13
88286,9,13
88289,18,13
88291,0,13
88292,7,13
88293,7,13
88294,17,13
88295,7,13
88297,3,13
88299,22,13
88300,15,13
88301,28,13
88303,16,13
88308,11,13
88316,0,13
88319,18,13
88322,9,13
88324,0,13
88325,14,13
88326,2,13
88331,9,13
88332,5,13
88334,30,13
88336,12,13
88337,9,13
88341,19,13
88342,18,13
88345,5,13
88346,7,13
88347,10,13
88349,2,13
88351,18,13
88352,5,13
88354,28,13
88358,17,13
88360,10,13
88361,17,13
88362,20,13
88364,15,13
88365,6,13
88367,9,13
88368,24,13
88369,10,13
88371,20,13
88372,11,13
88373,7,13
88374,15,13
88376,28,13
88377,28,13
88378,9,13
88381,15,13
88382,18,13
88383,10,13
88384,2,13
88385,11,13
88386,5,13
88387,11,13
88389,18,13
88391,30,13
88393,4,13
88398,5,13
88400,30,13
88401,20,13
88402,18,13
88405,11,13
88406,14,13
88407,21,13
88408,24,13
88412,3,13
88414,17,13
88415,11,13
88417,0,13
88419,0,13
88421,9,13
88423,10,13
88425,27,13
88426,17,13
88430,22,13
88433,15,13
88434,7,13
88437,0,13
88448,1,13
88449,7,13
88451,24,13
88452,6,13
88453,6,13
88456,4,13
88462,24,13
88463,2,13
88466,0,13
88467,9,13
88468,18,13
88470,1,13
88474,3,13
88475,9,13
88476,29,13
88477,17,13
88479,12,13
88483,3,13
88484,9,13
88485,15,13
88486,5,13
88487,9,13
88488,22,13
88490,20,13
88491,2,13
88492,22,13
88495,18,13
88498,2,13
88504,24,13
88505,9,13
88506,4,13
88507,24,13
88508,24,13
88510,14,13
88511,21,13
88513,28,13
88514,30,13
88516,11,13
88518,10,13
88519,13,13
88521,26,13
88522,25,13
88524,22,13
88525,3,13
88532,22,13
88533,18,13
88536,24,13
88538,15,13
88539,7,13
88541,0,13
88542,16,13
88543,12,13
88546,5,13
88547,7,13
88549,24,13
88550,6,13
88552,0,13
88554,24,13
88557,19,13
88558,0,13
88563,4,13
88565,19,13
88566,11,13
88567,14,13
88569,0,13
88570,11,13
88573,10,13
88574,5,13
88581,15,13
88582,16,13
88589,29,13
88590,3,13
88591,29,13
88592,15,13
88596,2,13
88597,7,13
88599,28,13
88600,12,13
88602,10,13
88604,30,13
88605,10,13
88606,10,13
88608,15,13
88611,9,13
88613,5,13
88618,7,13
88619,0,13
88620,9,13
88622,22,13
88624,28,13
88625,24,13
88626,18,13
88627,25,13
88628,28,13
88629,7,13
88631,28,13
88632,0,13
88633,29,13
88634,5,13
88636,28,13
88637,2,13
88638,10,13
88639,0,13
88640,18,13
88642,0,13
88643,10,13
88647,15,13
88650,2,13
88651,0,13
88653,17,13
88654,28,13
88656,28,13
88659,0,13
88663,3,13
88665,1,13
88667,28,13
88669,17,13
88673,7,13
88674,20,13
88676,0,13
88677,12,13
88680,9,13
88683,10,13
88684,9,13
88685,7,13
88686,11,13
88689,12,13
88692,19,13
88693,29,13
88694,12,13
88695,11,13
88698,6,13
88701,7,13
88702,18,13
88703,15,13
88704,29,13
88706,2,13
88709,10,13
88710,20,13
88715,25,13
88716,9,13
88717,22,13
88718,0,13
88729,10,13
88734,0,13
88735,5,13
88737,30,13
88740,12,13
88742,20,13
88744,9,13
88745,24,13
88748,12,13
88749,12,13
88750,12,13
88751,18,13
88753,18,13
88754,4,13
88756,0,13
88757,18,13
88758,21,13
88759,20,13
88764,12,13
88765,1,13
88768,30,13
88769,15,13
88770,10,13
88771,13,13
88773,0,13
88778,0,13
88783,5,13
88784,20,13
88785,28,13
88786,7,13
88787,2,13
88788,24,13
88790,28,13
88792,5,13
88797,1,13
88800,3,13
88804,22,13
88805,9,13
88806,0,13
88807,18,13
88809,13,13
88810,9,13
88814,24,13
88816,0,13
88818,27,13
88819,19,13
88820,9,13
88824,29,13
88825,1,13
88826,9,13
88827,15,13
88829,30,13
88831,4,13
88832,24,13
88836,2,13
88837,17,13
88838,15,13
88840,3,13
88841,28,13
88842,9,13
88846,18,13
88847,20,13
88852,18,13
88853,0,13
88854,12,13
88855,28,13
88859,17,13
88862,3,13
88868,23,13
88870,9,13
88871,28,13
88872,3,13
88873,24,13
88876,24,13
88878,28,13
88880,28,13
88882,18,13
88886,13,13
88888,17,13
88889,1,13
88890,13,13
88892,1,13
88894,22,13
88895,28,13
88897,17,13
88899,21,13
88900,2,13
88901,22,13
88902,13,13
88903,9,13
88904,1,13
88906,1,13
88907,3,13
88909,28,13
88911,1,13
88915,17,13
88923,22,13
88924,25,13
88925,25,13
88926,15,13
88927,28,13
88928,30,13
88930,13,13
88931,13,13
88932,0,13
88933,13,13
88934,7,13
88936,28,13
88937,22,13
88941,13,13
88942,19,13
88943,12,13
88945,16,13
88946,28,13
88949,20,13
88952,12,13
88953,12,13
88954,13,13
88955,19,13
88956,13,13
88957,12,13
88958,10,13
88961,18,13
88962,28,13
88965,22,13
88968,3,13
88972,13,13
88976,12,13
88978,28,13
88981,3,13
88984,7,13
88986,9,13
88988,3,13
88989,18,13
88990,24,13
88991,0,13
88993,10,13
88994,0,13
88997,0,13
88998,20,13
88999,30,13
89001,9,13
89004,24,13
89008,28,13
89009,6,13
89012,3,13
89017,10,13
89018,31,13
89019,7,13
89021,31,13
89023,9,13
89024,3,13
89025,27,13
89028,13,13
89029,3,13
89030,9,13
89033,18,13
89035,18,13
89040,31,13
89042,24,13
89048,28,13
89053,1,13
89054,0,13
89055,28,13
89056,30,13
89057,1,13
89059,12,13
89063,3,13
89064,5,13
89068,17,13
89069,0,13
89070,20,13
89071,22,13
89072,3,13
89073,12,13
89078,0,13
89079,10,13
89082,18,13
89083,27,13
89086,0,13
89088,0,13
89091,0,13
89092,10,13
89095,10,13
89096,3,13
89098,0,13
89100,28,13
89102,10,13
89103,22,13
89104,10,13
89108,30,13
89109,30,13
89114,3,13
89117,7,13
89119,6,13
89120,7,13
89122,6,13
89124,24,13
89129,28,13
89130,10,13
89133,6,13
89136,1,13
89137,29,13
89139,23,13
89141,13,13
89142,10,13
89143,28,13
89144,24,13
89145,7,13
89146,22,13
89148,30,13
89150,30,13
89151,30,13
89154,30,13
89157,25,13
89158,25,13
89159,16,13
89161,10,13
89162,9,13
89165,10,13
89167,12,13
89168,5,13
89170,17,13
89173,12,13
89176,19,13
89179,14,13
89180,21,13
89182,30,13
89184,1,13
89185,6,13
89188,30,13
89189,25,13
89190,14,13
89191,30,13
89192,10,13
89196,30,13
89197,16,13
89200,10,13
89202,11,13
89207,29,13
89213,2,13
89215,0,13
89216,4,13
89218,6,13
89219,19,13
89220,12,13
89223,14,13
89225,21,13
89227,10,13
89230,12,13
89231,24,13
89235,6,13
89239,28,13
89244,2,13
89245,5,13
89246,30,13
89247,17,13
89248,5,13
89251,12,13
89252,18,13
89255,9,13
89256,28,13
89257,5,13
89259,3,13
89260,6,13
89263,22,13
89265,12,13
89266,5,13
89268,3,13
89270,2,13
89271,9,13
89273,16,13
89274,17,13
89275,12,13
89280,0,13
89282,16,13
89284,5,13
89286,5,13
89291,4,13
89294,5,13
89295,6,13
89296,12,13
89300,22,13
89301,14,13
89302,5,13
89303,21,13
89306,10,13
89307,30,13
89309,30,13
89310,30,13
89311,19,13
89314,6,13
89315,11,13
89320,6,13
89322,30,13
89323,2,13
89324,10,13
89325,30,13
89327,30,13
89329,30,13
89331,30,13
89332,10,13
89334,27,13
89337,1,13
89338,28,13
89340,29,13
89341,24,13
89342,28,13
89343,9,13
89345,18,13
89346,0,13
89347,5,13
89348,9,13
89350,17,13
89351,6,13
89352,6,13
89354,6,13
89355,9,13
89358,28,13
89359,30,13
89362,9,13
89363,13,13
89364,13,13
89365,28,13
89368,9,13
89369,6,13
89371,0,13
89372,12,13
89374,18,13
89375,28,13
89377,20,13
89378,2,13
89380,29,13
89381,11,13
89382,9,13
89383,9,13
89386,19,13
89391,19,13
89392,14,13
89394,22,13
89395,28,13
89398,29,13
89401,20,13
89403,3,13
89404,28,13
89408,11,13
89414,11,13
89419,5,13
89420,5,13
89421,9,13
89422,16,13
89423,22,13
89425,16,13
89427,11,13
89428,28,13
89429,19,13
89433,18,13
89434,14,13
89436,24,13
89437,30,13
89440,20,13
89441,9,13
89442,11,13
89443,29,13
89445,30,13
89446,0,13
89447,18,13
89448,30,13
89454,14,13
89455,30,13
89458,18,13
89459,9,13
89461,30,13
89466,15,13
89470,18,13
89471,9,13
89472,29,13
89473,10,13
89478,3,13
89479,13,13
89482,18,13
89483,9,13
89484,1,13
89485,0,13
89486,28,13
89488,22,13
89490,7,13
89491,6,13
89492,12,13
89493,11,13
89498,16,13
89500,22,13
89501,18,13
89504,28,13
89508,20,13
89509,15,13
89510,18,13
89512,9,13
89514,28,13
89516,6,13
89519,18,13
89520,28,13
89522,28,13
89525,0,13
89526,2,13
89527,9,13
89529,5,13
89532,18,13
89537,0,13
89538,11,13
89539,18,13
89542,15,13
89546,18,13
89548,20,13
89550,18,13
89551,16,13
89552,5,13
89553,20,13
89555,24,13
89560,11,13
89564,12,13
89567,6,13
89568,20,13
89573,12,13
89574,5,13
89575,15,13
89576,25,13
89577,13,13
89579,23,13
89580,13,13
89581,17,13
89582,9,13
89584,9,13
89585,5,13
89589,13,13
89590,12,13
89592,0,13
89593,13,13
89594,19,13
89597,24,13
89598,24,13
89602,4,13
89605,18,13
89610,9,13
89612,20,13
89615,6,13
89619,15,13
89624,5,13
89625,5,13
89627,18,13
89629,0,13
89631,24,13
89632,20,13
89634,5,13
89635,30,13
89636,22,13
89637,16,13
89639,4,13
89640,5,13
89642,0,13
89644,21,13
89645,24,13
89649,3,13
89651,3,13
89658,16,13
89659,9,13
89660,29,13
89661,30,13
89663,28,13
89665,9,13
89667,30,13
89669,2,13
89670,2,13
89672,0,13
89675,18,13
89679,19,13
89680,30,13
89681,25,13
89682,10,13
89683,5,13
89685,10,13
89687,9,13
89688,6,13
89689,19,13
89690,29,13
89691,5,13
89692,3,13
89696,0,13
89697,11,13
89701,29,13
89702,24,13
89704,0,13
89708,9,13
89710,9,13
89711,14,13
89712,18,13
89714,2,13
89715,2,13
89718,2,13
89720,12,13
89723,0,13
89724,1,13
89726,18,13
89727,2,13
89733,9,13
89736,0,13
89738,20,13
89739,0,13
89740,9,13
89746,15,13
89748,9,13
89750,0,13
89753,0,13
89754,15,13
89755,16,13
89756,30,13
89761,11,13
89762,10,13
89763,0,13
89764,14,13
89768,9,13
89769,30,13
89770,11,13
89774,20,13
89776,5,13
89777,20,13
89779,20,13
89782,28,13
89784,18,13
89785,10,13
89793,2,13
89794,18,13
89797,28,13
89798,28,13
89799,29,13
89801,0,13
89803,10,13
89809,10,13
89816,26,13
89820,25,13
89821,25,13
89823,3,13
89827,17,13
89828,13,13
89829,15,13
89830,0,13
89831,12,13
89834,26,13
89835,12,13
89836,15,13
89838,26,13
89839,15,13
89840,26,13
89843,9,13
89845,26,13
89848,15,13
89851,26,13
89854,26,13
89855,15,13
89856,26,13
89858,15,13
89861,15,13
89866,5,13
89867,2,13
89869,9,13
89873,19,13
89875,26,13
89877,4,13
89879,19,13
89880,14,13
89884,26,13
89885,30,13
89886,24,13
89887,9,13
89888,12,13
89889,15,13
89896,5,13
89897,18,13
89902,10,13
89905,29,13
89909,22,13
89911,1,13
89913,26,13
89915,26,13
89916,13,13
89917,15,13
89918,2,13
89920,15,13
89923,20,13
89924,26,13
89925,5,13
89926,26,13
89927,26,13
89931,3,13
89932,15,13
89935,15,13
89936,19,13
89937,16,13
89938,5,13
89939,15,13
89942,12,13
89944,26,13
89945,26,13
89948,13,13
89949,9,13
89952,5,13
89955,26,13
89956,30,13
89961,9,13
89965,6,13
89967,13,13
89968,14,13
89969,14,13
89972,19,13
89974,12,13
89976,15,13
89977,26,13
89978,22,13
89979,26,13
89980,15,13
89981,22,13
89983,12,13
89985,12,13
89986,29,13
89987,0,13
89990,15,13
89992,28,13
89994,6,13
89998,4,13
90000,18,13
90001,19,13
90006,21,13
90007,2,13
90015,5,13
90016,5,13
90018,15,13
90019,2,13
90026,9,13
90027,26,13
90028,15,13
90029,15,13
90032,28,13
90033,9,13
90034,12,13
90035,5,13
90036,26,13
90039,15,13
90040,15,13
90041,2,13
90042,5,13
90043,22,13
90044,2,13
90046,0,13
90048,5,13
90049,5,13
90050,13,13
90055,30,13
90056,17,13
90059,2,13
90064,25,13
90065,15,13
90067,2,13
90068,12,13
90069,7,13
90072,22,13
90073,7,13
90075,5,13
90076,24,13
90077,6,13
90079,0,13
90080,14,13
90081,14,13
90082,21,13
90085,5,13
90086,28,13
90089,26,13
90090,5,13
90091,9,13
90094,15,13
90095,13,13
90097,26,13
90098,15,13
90099,12,13
90100,2,13
90103,13,13
90105,18,13
90107,22,13
90109,22,13
90113,9,13
90114,25,13
90115,25,13
90117,25,13
90118,7,13
90119,17,13
90120,25,13
90121,30,13
90122,16,13
90124,2,13
90126,9,13
90129,7,13
90130,5,13
90131,7,13
90132,9,13
90134,7,13
90137,22,13
90138,22,13
90139,12,13
90141,9,13
90142,3,13
90143,25,13
90144,25,13
90148,5,13
90150,22,13
90154,22,13
90155,5,13
90159,5,13
90160,2,13
90164,22,13
90166,22,13
90167,2,13
90170,7,13
90171,22,13
90176,10,13
90178,16,13
90181,5,13
90185,9,13
90190,30,13
90193,9,13
90196,5,13
90199,5,13
90203,0,13
90204,3,13
90205,5,13
90206,12,13
90210,5,13
90212,22,13
90213,22,13
90214,2,13
90215,2,13
90216,28,13
90219,2,13
90223,0,13
90224,1,13
90227,5,13
90228,17,13
90229,23,13
90230,10,13
90231,5,13
90232,2,13
90234,5,13
90235,5,13
90237,9,13
90241,1,13
90242,18,13
90243,18,13
90244,16,13
90245,1,13
90248,20,13
90249,1,13
90250,30,13
90254,2,13
90255,12,13
90256,2,13
90257,5,13
90259,2,13
90261,10,13
90262,16,13
90263,13,13
90266,9,13
90267,16,13
90268,10,13
90271,26,13
90274,5,13
90275,5,13
90276,2,13
90278,22,13
90280,9,13
90284,25,13
90286,5,13
90287,0,13
90288,24,13
90290,5,13
90291,10,13
90293,12,13
90295,1,13
90298,0,13
90299,20,13
90305,5,13
90307,5,13
90308,22,13
90309,28,13
90310,5,13
90312,2,13
90313,25,13
90314,5,13
90315,16,13
90316,10,13
90317,22,13
90318,22,13
90320,18,13
90322,12,13
90323,10,13
90324,5,13
90325,5,13
90326,13,13
90328,10,13
90329,0,13
90330,0,13
90333,5,13
90334,5,13
90335,5,13
90336,10,13
90337,5,13
90339,5,13
90340,12,13
90342,2,13
90343,6,13
90346,30,13
90348,2,13
90351,1,13
90354,5,13
90357,13,13
90358,13,13
90361,25,13
90362,10,13
90364,28,13
90366,12,13
90368,12,13
90371,13,13
90372,5,13
90374,5,13
90376,5,13
90377,2,13
90378,5,13
90380,28,13
90382,18,13
90383,5,13
90388,5,13
90390,16,13
90394,2,13
90395,10,13
90399,1,13
90400,22,13
90406,5,13
90409,5,13
90410,5,13
90411,2,13
90412,17,13
90414,5,13
90415,5,13
90416,10,13
90420,22,13
90424,5,13
90426,16,13
90427,16,13
90428,10,13
90429,5,13
90432,5,13
90433,2,13
90434,2,13
90437,28,13
90438,5,13
90439,5,13
90440,5,13
90441,5,13
90442,30,13
90443,2,13
90446,2,13
90447,9,13
90450,2,13
90451,5,13
90454,0,13
90457,5,13
90458,2,13
90461,5,13
90462,1,13
90463,2,13
90465,10,13
90466,9,13
90468,2,13
90472,5,13
90476,9,13
90482,5,13
90483,24,13
90487,5,13
90489,5,13
90491,17,13
90495,12,13
90499,9,13
90503,18,13
90504,1,13
90508,5,13
90511,2,13
90512,5,13
90514,20,13
90515,5,13
90516,10,13
90519,2,13
90520,5,13
90522,2,13
90523,1,13
90525,10,13
90526,5,13
90528,1,13
90529,0,13
90530,5,13
90531,24,13
90532,10,13
90534,12,13
90535,5,13
90537,9,13
90541,2,13
90542,5,13
90544,5,13
90547,9,13
90548,9,13
90549,12,13
90550,1,13
90552,12,13
90553,1,13
90554,2,13
90555,5,13
90556,5,13
90558,5,13
90561,10,13
90565,2,13
90566,12,13
90569,5,13
90570,1,13
90571,2,13
90575,10,13
90576,12,13
90577,5,13
90578,7,13
90579,5,13
90581,17,13
90583,9,13
90585,13,13
90589,1,13
90591,22,13
90593,5,13
90594,5,13
90595,10,13
90596,16,13
90597,5,13
90599,0,13
90601,5,13
90603,0,13
90604,24,13
90606,22,13
90607,13,13
90609,5,13
90611,22,13
90612,30,13
90613,2,13
90617,0,13
90618,9,13
90620,10,13
90622,9,13
90623,13,13
90624,12,13
90626,9,13
90627,12,13
90628,9,13
90632,3,13
90635,9,13
90640,12,13
90644,30,13
90645,13,13
90646,0,13
90648,5,13
90649,28,13
90650,1,13
90651,16,13
90655,2,13
90656,12,13
90657,13,13
90658,5,13
90659,12,13
90661,5,13
90662,5,13
90664,10,13
90665,9,13
90666,5,13
90667,12,13
90668,27,13
90669,18,13
90671,5,13
90673,12,13
90675,12,13
90676,5,13
90677,10,13
90679,5,13
90682,13,13
90683,5,13
90685,2,13
90686,12,13
90687,5,13
90688,5,13
90689,5,13
90691,30,13
90694,1,13
90698,2,13
90699,12,13
90700,5,13
90701,9,13
90702,22,13
90703,9,13
90704,9,13
90705,28,13
90707,13,13
90708,12,13
90709,5,13
90714,12,13
90715,10,13
90716,5,13
90717,9,13
90718,30,13
90719,5,13
90721,20,13
90722,12,13
90723,10,13
90727,2,13
90728,5,13
90729,12,13
90730,12,13
90731,9,13
90732,12,13
90739,2,13
90741,12,13
90742,10,13
90743,5,13
90747,12,13
90749,18,13
90750,2,13
90752,2,13
90754,22,13
90755,12,13
90756,9,13
90758,2,13
90760,12,13
90761,0,13
90762,12,13
90765,22,13
90767,5,13
90769,10,13
90772,5,13
90773,16,13
90776,0,13
90779,5,13
90781,12,13
90783,3,13
90785,22,13
90787,2,13
90790,12,13
90795,30,13
90798,2,13
90806,28,13
90808,16,13
90809,28,13
90812,9,13
90814,22,13
90815,23,13
90817,9,13
90818,6,13
90819,11,13
90823,18,13
90824,5,13
90831,9,13
90836,9,13
90837,22,13
90838,5,13
90839,22,13
90841,22,13
90842,9,13
90843,22,13
90845,14,13
90846,13,13
90848,22,13
90849,12,13
90850,22,13
90853,22,13
90854,4,13
90855,11,13
90856,24,13
90860,22,13
90862,22,13
90863,10,13
90864,14,13
90865,13,13
90866,22,13
90867,7,13
90869,7,13
90871,22,13
90872,6,13
90873,6,13
90875,2,13
90877,22,13
90885,24,13
90888,18,13
90889,5,13
90890,22,13
90891,10,13
90892,10,13
90893,16,13
90894,14,13
90897,22,13
90898,9,13
90899,22,13
90901,22,13
90903,30,13
90905,14,13
90907,2,13
90908,22,13
90911,30,13
90912,22,13
90913,18,13
90914,22,13
90918,22,13
90919,12,13
90920,22,13
90922,22,13
90923,22,13
90924,10,13
90926,0,13
90931,18,13
90933,10,13
90934,7,13
90935,6,13
90943,22,13
90944,4,13
90945,13,13
90947,10,13
90948,14,13
90949,7,13
90951,16,13
90952,22,13
90953,14,13
90956,18,13
90957,11,13
90958,4,13
90960,0,13
90963,10,13
90964,10,13
90970,22,13
90973,14,13
90977,18,13
90978,7,13
90980,22,13
90981,10,13
90983,30,13
90984,22,13
90985,14,13
90986,30,13
90987,22,13
90988,22,13
90989,30,13
90991,2,13
90993,22,13
90995,22,13
90998,2,13
90999,30,13
91000,22,13
91003,2,13
91011,22,13
91013,11,13
91015,17,13
91017,30,13
91018,14,13
91019,10,13
91023,30,13
91025,2,13
91030,11,13
91032,22,13
91033,16,13
91034,2,13
91035,22,13
91040,14,13
91042,9,13
91043,15,13
91044,22,13
91046,22,13
91047,30,13
91053,30,13
91058,22,13
91059,14,13
91060,19,13
91061,13,13
91065,7,13
91067,22,13
91070,22,13
91071,22,13
91073,30,13
91075,22,13
91077,11,13
91078,22,13
91080,22,13
91081,30,13
91084,30,13
91087,20,13
91089,5,13
91091,22,13
91092,2,13
91093,2,13
91094,22,13
91095,30,13
91096,22,13
91097,7,13
91098,30,13
91099,22,13
91100,12,13
91101,30,13
91103,22,13
91108,11,13
91109,2,13
91110,30,13
91111,22,13
91112,14,13
91113,30,13
91114,22,13
91116,22,13
91117,17,13
91121,17,13
91123,22,13
91124,11,13
91125,1,13
91126,13,13
91127,22,13
91130,22,13
91131,18,13
91132,30,13
91133,4,13
91134,17,13
91135,5,13
91136,30,13
91138,30,13
91143,2,13
91146,18,13
91149,14,13
91151,5,13
91153,2,13
91154,11,13
91156,30,13
91157,12,13
91159,4,13
91161,22,13
91162,14,13
91166,30,13
91167,30,13
91171,5,13
91175,20,13
91181,1,13
91182,20,13
91183,2,13
91184,12,13
91185,17,13
91189,4,13
91190,1,13
91193,7,13
91195,5,13
91201,22,13
91204,22,13
91205,2,13
91206,28,13
91207,9,13
91209,2,13
91211,4,13
91212,3,13
91214,28,13
91215,0,13
91217,3,13
91220,9,13
91225,0,13
91231,31,13
91232,22,13
91236,31,13
91237,9,13
91238,19,13
91241,11,13
91243,29,13
91244,14,13
91246,22,13
91254,31,13
91257,19,13
91259,5,13
91261,27,13
91264,22,13
91265,5,13
91270,8,13
91272,7,13
91273,28,13
91276,8,13
91278,10,13
91281,27,13
91283,18,13
91285,2,13
91286,2,13
91291,24,13
91293,8,13
91300,22,13
91303,9,13
91304,25,13
91305,12,13
91306,29,13
91307,6,13
91308,14,13
91309,21,13
91312,25,13
91315,25,13
91316,25,13
91317,6,13
91323,1,13
91326,23,13
91327,1,13
91330,23,13
91332,19,13
91333,24,13
91334,1,13
91336,23,13
91337,14,13
91338,24,13
91340,19,13
91342,24,13
91343,24,13
91345,5,13
91346,30,13
91347,30,13
91348,29,13
91350,5,13
91352,9,13
91354,5,13
91358,23,13
91360,19,13
91361,24,13
91365,29,13
91367,23,13
91370,9,13
91371,3,13
91372,28,13
91374,24,13
91376,28,13
91377,24,13
91378,28,13
91380,7,13
91382,30,13
91384,28,13
91385,23,13
91386,23,13
91389,23,13
91398,19,13
91401,1,13
91402,14,13
91403,9,13
91405,7,13
91407,30,13
91410,24,13
91411,19,13
91413,23,13
91414,28,13
91416,19,13
91417,19,13
91418,24,13
91421,16,13
91422,24,13
91423,14,13
91425,4,13
91426,9,13
91430,27,13
91431,27,13
91432,23,13
91433,10,13
91434,19,13
91435,29,13
91436,29,13
91437,5,13
91438,28,13
91439,9,13
91440,2,13
91441,10,13
91442,9,13
91443,28,13
91445,23,13
91446,14,13
91447,4,13
91448,2,13
91449,9,13
91450,23,13
91453,5,13
91454,10,13
91455,10,13
91457,22,13
91458,24,13
91459,10,13
91460,7,13
91466,10,13
91468,5,13
91471,0,13
91474,15,13
91476,17,13
91477,18,13
91478,14,13
91479,14,13
91480,23,13
91481,28,13
91482,9,13
91483,9,13
91484,18,13
91485,10,13
91486,10,13
91487,10,13
91491,14,13
91494,10,13
91499,18,13
91500,10,13
91501,19,13
91503,24,13
91504,28,13
91506,9,13
91508,10,13
91511,20,13
91512,31,13
91513,12,13
91515,7,13
91516,0,13
91519,18,13
91520,28,13
91521,23,13
91523,9,13
91524,3,13
91525,23,13
91526,5,13
91527,29,13
91528,18,13
91529,23,13
91531,24,13
91533,30,13
91539,12,13
91540,26,13
91545,28,13
91546,9,13
91547,12,13
91548,12,13
91549,17,13
91550,0,13
91552,25,13
91557,28,13
91560,25,13
91564,7,13
91565,25,13
91568,7,13
91570,25,13
91571,11,13
91572,20,13
91573,10,13
91583,9,13
91585,30,13
91586,13,13
91587,11,13
91588,25,13
91589,20,13
91591,30,13
91594,20,13
91595,30,13
91597,25,13
91604,25,13
91606,7,13
91607,0,13
91608,28,13
91610,28,13
91611,11,13
91613,10,13
91615,12,13
91616,23,13
91618,18,13
91622,23,13
91624,9,13
91625,15,13
91630,12,13
91631,16,13
91637,0,13
91640,15,13
91644,17,13
91645,13,13
91646,10,13
91648,25,13
91650,11,13
91656,25,13
91657,25,13
91661,25,13
91665,7,13
91666,0,13
91669,22,13
91670,25,13
91671,11,13
91673,25,13
91675,28,13
91676,25,13
91681,28,13
91687,30,13
91688,25,13
91690,25,13
91694,25,13
91698,17,13
91699,9,13
91700,3,13
91704,9,13
91705,15,13
91706,30,13
91710,16,13
91711,10,13
91713,18,13
91714,7,13
91715,18,13
91716,27,13
91718,10,13
91720,2,13
91721,7,13
91722,2,13
91723,9,13
91724,12,13
91725,22,13
91726,16,13
91728,30,13
91730,25,13
91731,10,13
91733,1,13
91734,22,13
91740,25,13
91742,25,13
91743,25,13
91746,25,13
91750,25,13
91752,22,13
91753,25,13
91755,11,13
91757,29,13
91758,25,13
91761,22,13
91762,11,13
91763,15,13
91764,11,13
91765,1,13
91766,11,13
91767,11,13
91768,11,13
91769,11,13
91776,6,13
91777,24,13
91778,11,13
91779,14,13
91781,14,13
91783,21,13
91786,30,13
91787,29,13
91789,3,13
91791,30,13
91793,29,13
91796,16,13
91797,9,13
91799,9,13
91801,18,13
91802,15,13
91804,9,13
91805,0,13
91806,23,13
91809,3,13
91810,16,13
91811,9,13
91812,12,13
91813,16,13
91819,9,13
91822,13,13
91824,16,13
91825,2,13
91826,25,13
91830,18,13
91832,25,13
91833,7,13
91834,25,13
91837,25,13
91838,3,13
91839,2,13
91840,2,13
91843,24,13
91845,20,13
91846,2,13
91847,25,13
91850,25,13
91851,23,13
91852,18,13
91853,20,13
91854,9,13
91855,6,13
91863,4,13
91869,25,13
91870,6,13
91871,12,13
91872,18,13
91877,2,13
91880,9,13
91882,14,13
91883,6,13
91885,11,13
91889,1,13
91891,11,13
91894,0,13
91896,9,13
91897,20,13
91899,30,13
91901,20,13
91902,9,13
91907,1,13
91908,20,13
91909,30,13
91912,2,13
91913,3,13
91915,20,13
91916,2,13
91917,28,13
91918,16,13
91921,22,13
91923,25,13
91924,9,13
91926,2,13
91930,7,13
91931,1,13
91932,3,13
91933,9,13
91935,12,13
91936,22,13
91937,7,13
91938,16,13
91939,18,13
91942,12,13
91943,18,13
91944,2,13
91945,25,13
91947,28,13
91948,9,13
91950,22,13
91952,28,13
91957,6,13
91964,6,13
91969,4,13
91970,14,13
91972,14,13
91973,21,13
91976,16,13
91977,12,13
91978,29,13
91979,30,13
91982,0,13
91984,9,13
91987,28,13
91988,7,13
91989,9,13
91992,22,13
91993,12,13
91995,11,13
91997,25,13
91998,1,13
92000,25,13
92003,10,13
92009,3,13
92012,18,13
92013,28,13
92014,3,13
92015,23,13
92016,18,13
92019,15,13
92020,17,13
92022,5,13
92025,16,13
92027,1,13
92028,12,13
92032,29,13
92033,28,13
92035,11,13
92038,28,13
92039,28,13
92040,12,13
92041,28,13
92043,9,13
92044,2,13
92045,9,13
92046,18,13
92047,18,13
92048,4,13
92052,6,13
92053,15,13
92054,28,13
92055,9,13
92057,2,13
92058,20,13
92060,25,13
92061,9,13
92063,29,13
92065,18,13
92069,16,13
92070,28,13
92073,2,13
92075,0,13
92078,11,13
92081,10,13
92083,0,13
92084,14,13
92085,4,13
92087,29,13
92088,28,13
92089,30,13
92091,17,13
92095,16,13
92096,10,13
92097,9,13
92098,23,13
92101,28,13
92102,12,13
92105,10,13
92109,17,13
92111,28,13
92113,10,13
92115,29,13
92117,30,13
92119,5,13
92120,15,13
92123,28,13
92127,28,13
92129,9,13
92130,12,13
92135,0,13
92139,22,13
92141,22,13
92142,5,13
92143,2,13
92144,28,13
92145,9,13
92147,18,13
92148,22,13
92150,28,13
92151,18,13
92153,22,13
92157,11,13
92159,28,13
92162,11,13
92163,4,13
92164,11,13
92166,11,13
92168,14,13
92171,30,13
92173,11,13
92176,7,13
92177,1,13
92178,17,13
92180,18,13
92181,2,13
92182,28,13
92188,9,13
92191,10,13
92194,15,13
92195,12,13
92198,3,13
92199,28,13
92200,12,13
92202,22,13
92203,22,13
92206,22,13
92208,0,13
92209,18,13
92212,22,13
92214,25,13
92215,28,13
92219,18,13
92220,18,13
92222,12,13
92223,0,13
92224,9,13
92225,7,13
92227,18,13
92229,0,13
92230,3,13
92239,28,13
92240,13,13
92246,9,13
92248,4,13
92251,6,13
92252,20,13
92253,2,13
92254,15,13
92255,18,13
92256,11,13
92257,4,13
92264,21,13
92265,7,13
92269,0,13
92270,12,13
92271,28,13
92272,5,13
92273,12,13
92275,0,13
92276,22,13
92280,15,13
92283,3,13
92285,28,13
92286,9,13
92287,13,13
92290,28,13
92294,20,13
92297,9,13
92299,14,13
92300,22,13
92302,22,13
92303,22,13
92304,10,13
92306,22,13
92307,7,13
92313,25,13
92316,23,13
92321,28,13
92327,25,13
92329,9,13
92331,2,13
92332,29,13
92335,28,13
92336,24,13
92339,11,13
92341,11,13
92342,6,13
92346,11,13
92348,17,13
92349,18,13
92350,4,13
92352,11,13
92353,11,13
92354,14,13
92356,30,13
92357,24,13
92362,10,13
92364,1,13
92366,22,13
92369,2,13
92370,9,13
92371,13,13
92372,9,13
92373,28,13
92375,28,13
92379,18,13
92381,7,13
92382,22,13
92383,30,13
92387,6,13
92388,11,13
92390,6,13
92391,24,13
92393,22,13
92394,16,13
92395,17,13
92400,16,13
92402,27,13
92405,22,13
92406,15,13
92407,22,13
92409,18,13
92411,11,13
92412,6,13
92413,14,13
92414,21,13
92416,10,13
92417,24,13
92421,25,13
92422,9,13
92423,28,13
92426,1,13
92428,18,13
92429,2,13
92430,16,13
92431,18,13
92432,29,13
92433,9,13
92434,18,13
92440,22,13
92444,9,13
92445,15,13
92449,22,13
92451,14,13
92452,9,13
92453,4,13
92458,13,13
92459,11,13
92461,15,13
92462,11,13
92466,11,13
92467,4,13
92468,11,13
92470,9,13
92473,15,13
92475,0,13
92477,13,13
92478,15,13
92479,15,13
92481,25,13
92484,28,13
92485,12,13
92486,29,13
92487,28,13
92489,2,13
92490,3,13
92494,12,13
92499,13,13
92500,15,13
92501,18,13
92503,13,13
92504,28,13
92506,2,13
92510,20,13
92513,25,13
92514,18,13
92516,1,13
92518,13,13
92519,6,13
92520,11,13
92521,11,13
92523,13,13
92524,28,13
92527,1,13
92529,11,13
92531,25,13
92533,0,13
92534,25,13
92537,22,13
92538,25,13
92540,18,13
92546,28,13
92548,29,13
92549,13,13
92550,20,13
92551,5,13
92552,9,13
92553,28,13
92554,25,13
92555,5,13
92556,20,13
92558,10,13
92559,12,13
92560,18,13
92562,5,13
92566,27,13
92567,25,13
92569,30,13
92570,9,13
92574,9,13
92577,5,13
92580,5,13
92581,25,13
92582,5,13
92584,9,13
92585,13,13
92589,9,13
92590,25,13
92591,9,13
92592,9,13
92593,5,13
92596,12,13
92597,16,13
92598,10,13
92599,3,13
92600,3,13
92603,2,13
92605,2,13
92606,14,13
92607,13,13
92609,25,13
92611,25,13
92614,1,13
92616,1,13
92618,1,13
92623,10,13
92624,5,13
92626,7,13
92629,1,13
92630,1,13
92631,25,13
92632,29,13
92635,9,13
92637,4,13
92644,0,13
92647,28,13
92648,2,13
92650,12,13
92651,10,13
92652,7,13
92654,5,13
92655,1,13
92657,23,13
92660,1,13
92662,2,13
92663,16,13
92664,18,13
92665,3,13
92667,30,13
92670,16,13
92671,22,13
92672,18,13
92673,1,13
92676,9,13
92678,30,13
92680,9,13
92682,29,13
92683,23,13
92684,28,13
92685,5,13
92686,28,13
92689,20,13
92690,1,13
92692,5,13
92695,22,13
92698,5,13
92700,2,13
92701,12,13
92702,26,13
92704,28,13
92707,22,13
92710,22,13
92711,11,13
92712,14,13
92715,5,13
92716,5,13
92718,30,13
92721,5,13
92723,5,13
92724,1,13
92727,12,13
92729,22,13
92731,2,13
92734,18,13
92736,5,13
92737,2,13
92740,1,13
92743,22,13
92744,10,13
92745,13,13
92746,22,13
92747,12,13
92749,23,13
92751,12,13
92753,5,13
92754,1,13
92757,2,13
92758,7,13
92765,23,13
92766,23,13
92767,12,13
92771,19,13
92773,13,13
92776,11,13
92778,1,13
92779,7,13
92780,23,13
92781,0,13
92782,1,13
92784,9,13
92786,10,13
92790,13,13
92792,28,13
92794,1,13
92795,9,13
92796,1,13
92797,7,13
92800,9,13
92802,5,13
92803,1,13
92804,3,13
92805,12,13
92807,1,13
92809,14,13
92810,14,13
92811,5,13
92812,22,13
92813,18,13
92814,9,13
92817,7,13
92818,22,13
92819,1,13
92820,18,13
92821,5,13
92823,12,13
92824,13,13
92825,5,13
92827,22,13
92829,1,13
92832,12,13
92833,27,13
92837,12,13
92838,16,13
92839,15,13
92843,1,13
92844,17,13
92845,9,13
92846,16,13
92848,2,13
92849,5,13
92852,9,13
92854,16,13
92855,12,13
92856,28,13
92858,28,13
92859,26,13
92862,22,13
92863,22,13
92864,18,13
92867,7,13
92871,10,13
92872,29,13
92875,23,13
92877,1,13
92878,22,13
92881,18,13
92882,24,13
92883,2,13
92884,28,13
92886,28,13
92887,24,13
92888,14,13
92891,7,13
92893,24,13
92894,26,13
92895,18,13
92896,15,13
92897,11,13
92899,26,13
92900,17,13
92901,12,13
92903,0,13
92904,10,13
92905,28,13
92906,3,13
92908,12,13
92909,10,13
92912,0,13
92913,10,13
92914,28,13
92917,5,13
92918,12,13
92919,22,13
92921,3,13
92924,0,13
92927,22,13
92930,28,13
92932,5,13
92933,5,13
92934,7,13
92935,12,13
92936,12,13
92937,6,13
92943,12,13
92945,12,13
92946,12,13
92947,12,13
92948,12,13
92950,12,13
92951,12,13
92952,23,13
92953,3,13
92955,23,13
92957,20,13
92964,11,13
92965,18,13
92966,4,13
92967,3,13
92971,17,13
92974,30,13
92975,1,13
92976,5,13
92978,5,13
92979,22,13
92980,30,13
92982,24,13
92986,7,13
92987,2,13
92988,11,13
92989,9,13
92991,22,13
92993,0,13
92995,20,13
92996,5,13
92997,28,13
93001,12,13
93003,4,13
93005,2,13
93007,4,13
93012,17,13
93013,11,13
93017,6,13
93018,0,13
93020,21,13
93023,11,13
93025,4,13
93028,2,13
93029,7,13
93031,10,13
93032,19,13
93033,7,13
93037,0,13
93039,10,13
93040,7,13
93042,28,13
93044,30,13
93046,7,13
93047,22,13
93048,3,13
93050,13,13
93051,19,13
93052,30,13
93053,29,13
93054,23,13
93058,27,13
93060,15,13
93064,11,13
93066,29,13
93072,29,13
93075,3,13
93077,5,13
93080,9,13
93081,5,13
93082,19,13
93083,15,13
93085,28,13
93088,12,13
93090,7,13
93092,1,13
93096,29,13
93097,28,13
93101,30,13
93103,12,13
93104,3,13
93107,18,13
93108,28,13
93109,28,13
93111,12,13
93113,12,13
93116,12,13
93119,27,13
93120,16,13
93125,28,13
93127,30,13
93128,0,13
93129,1,13
93131,0,13
93132,0,13
93135,0,13
93136,18,13
93141,7,13
93144,7,13
93146,27,13
93155,1,13
93157,19,13
93158,1,13
93160,3,13
93161,7,13
93162,7,13
93163,3,13
93165,5,13
93166,17,13
93167,3,13
93168,27,13
93170,20,13
93173,10,13
93174,1,13
93176,7,13
93177,23,13
93178,0,13
93180,19,13
93181,17,13
93182,9,13
93183,18,13
93184,18,13
93186,0,13
93188,6,13
93190,2,13
93191,9,13
93192,5,13
93193,9,13
93194,19,13
93195,29,13
93203,0,13
93204,10,13
93206,20,13
93209,20,13
93211,11,13
93213,11,13
93214,5,13
93216,13,13
93218,11,13
93219,11,13
93220,11,13
93221,11,13
93223,14,13
93227,17,13
93232,28,13
93234,18,13
93235,25,13
93237,18,13
93238,22,13
93240,5,13
93241,15,13
93242,5,13
93243,3,13
93244,24,13
93248,3,13
93250,19,13
93252,29,13
93253,2,13
93254,27,13
93257,28,13
93261,15,13
93263,10,13
93265,22,13
93268,3,13
93270,29,13
93271,5,13
93272,18,13
93273,2,13
93274,0,13
93275,10,13
93277,6,13
93278,5,13
93281,2,13
93282,15,13
93284,27,13
93286,7,13
93288,28,13
93289,9,13
93290,6,13
93291,11,13
93292,17,13
93296,0,13
93298,7,13
93299,16,13
93302,12,13
93303,1,13
93304,9,13
93311,11,13
93312,27,13
93314,22,13
93317,9,13
93318,6,13
93322,11,13
93323,20,13
93328,11,13
93331,2,13
93334,18,13
93336,18,13
93337,9,13
93338,4,13
93342,22,13
93348,0,13
93350,19,13
93351,28,13
93352,18,13
93353,13,13
93354,0,13
93356,20,13
93360,30,13
93361,27,13
93364,4,13
93365,20,13
93369,1,13
93371,1,13
93372,22,13
93375,7,13
93377,22,13
93379,13,13
93380,1,13
93381,2,13
93385,9,13
93387,5,13
93389,24,13
93390,3,13
93392,24,13
93394,24,13
93397,13,13
93398,2,13
93399,2,13
93402,3,13
93403,10,13
93404,28,13
93406,7,13
93408,16,13
93411,10,13
93412,11,13
93420,0,13
93421,0,13
93424,0,13
93425,9,13
93430,27,13
93436,11,13
93437,12,13
93439,7,13
93446,31,13
93447,8,13
93448,0,13
93451,0,13
93453,17,13
93454,12,13
93456,10,13
93458,7,13
93460,29,13
93463,22,13
93465,22,13
93466,3,13
93467,5,13
93473,1,13
93476,1,13
93477,1,13
93478,1,13
93479,18,13
93480,1,13
93481,9,13
93482,18,13
93483,24,13
93485,24,13
93486,24,13
93487,24,13
93488,24,13
93490,7,13
93491,24,13
93493,22,13
93494,1,13
93495,22,13
93499,1,13
93504,1,13
93505,22,13
93506,24,13
93508,10,13
93510,22,13
93514,1,13
93515,19,13
93516,3,13
93517,1,13
93518,1,13
93519,1,13
93520,1,13
93522,1,13
93525,1,13
93527,24,13
93528,24,13
93529,5,13
93530,24,13
93532,10,13
93536,19,13
93540,3,13
93541,24,13
93543,24,13
93544,24,13
93545,24,13
93549,1,13
93550,7,13
93551,24,13
93553,24,13
93554,4,13
93558,10,13
93560,7,13
93561,7,13
93564,24,13
93566,25,13
93567,10,13
93568,25,13
93572,24,13
93575,12,13
93580,25,13
93581,5,13
93582,19,13
93584,28,13
93586,4,13
93587,24,13
93588,14,13
93589,21,13
93591,3,13
93594,2,13
93596,18,13
93597,18,13
93601,4,13
93602,24,13
93603,10,13
93604,14,13
93605,21,13
93606,13,13
93614,24,13
93615,4,13
93619,20,13
93620,2,13
93621,9,13
93628,14,13
93630,0,13
93632,0,13
93637,9,13
93642,4,13
93643,14,13
93646,22,13
93647,21,13
93649,29,13
93651,5,13
93652,31,13
93654,7,13
93655,3,13
93657,17,13
93660,0,13
93662,2,13
93663,2,13
93666,18,13
93668,27,13
93669,8,13
93670,18,13
93671,27,13
93672,31,13
93681,0,13
93684,17,13
93685,29,13
93687,8,13
93690,8,13
93697,8,13
93701,9,13
93702,22,13
93703,24,13
93704,9,13
93706,22,13
93707,24,13
93708,5,13
93711,5,13
93712,10,13
93713,24,13
93716,24,13
93717,17,13
93720,23,13
93721,9,13
93723,29,13
93726,28,13
93727,10,13
93730,18,13
93732,10,13
93733,10,13
93734,9,13
93736,0,13
93737,18,13
93744,10,13
93746,16,13
93751,28,13
93752,10,13
93753,9,13
93754,29,13
93755,1,13
93756,24,13
93758,24,13
93759,1,13
93769,24,13
93773,24,13
93774,24,13
93776,19,13
93780,24,13
93781,5,13
93784,18,13
93788,17,13
93790,17,13
93792,17,13
93796,7,13
93798,7,13
93800,17,13
93801,28,13
93802,9,13
93804,28,13
93805,22,13
93807,4,13
93811,22,13
93813,14,13
93817,4,13
93818,20,13
93819,14,13
93824,2,13
93825,13,13
93826,11,13
93827,17,13
93828,10,13
93829,17,13
93830,10,13
93831,21,13
93832,16,13
93833,17,13
93834,17,13
93835,11,13
93840,0,13
93841,10,13
93842,10,13
93844,19,13
93845,10,13
93847,0,13
93849,16,13
93851,10,13
93852,24,13
93853,5,13
93855,18,13
93857,28,13
93858,5,13
93859,10,13
93860,9,13
93865,3,13
93867,15,13
93868,17,13
93870,15,13
93871,17,13
93872,17,13
93873,17,13
93874,7,13
93875,1,13
93876,17,13
93877,20,13
93878,25,13
93879,7,13
93880,3,13
93881,25,13
93882,7,13
93883,25,13
93886,17,13
93887,25,13
93888,5,13
93892,2,13
93896,5,13
93897,15,13
93899,25,13
93901,16,13
93903,2,13
93904,0,13
93907,17,13
93921,22,13
93925,25,13
93928,25,13
93931,14,13
93933,16,13
93941,16,13
93945,16,13
93948,2,13
93950,22,13
93951,14,13
93952,25,13
93953,14,13
93954,14,13
93956,22,13
93957,14,13
93958,16,13
93959,14,13
93960,16,13
93963,5,13
93964,16,13
93965,16,13
93967,17,13
93969,22,13
93970,14,13
93971,24,13
93972,2,13
93975,2,13
93976,14,13
93979,24,13
93981,14,13
93983,24,13
93985,14,13
93989,28,13
93990,25,13
93991,14,13
93992,25,13
93993,25,13
93999,22,13
94001,10,13
94008,12,13
94013,5,13
94014,22,13
94017,30,13
94020,22,13
94021,10,13
94024,25,13
94025,10,13
94027,3,13
94028,22,13
94030,16,13
94034,25,13
94035,25,13
94036,25,13
94037,25,13
94038,25,13
94039,25,13
94040,25,13
94041,25,13
94042,25,13
94043,25,13
94044,25,13
94045,14,13
94048,22,13
94050,20,13
94051,2,13
94052,14,13
94053,9,13
94055,12,13
94056,20,13
94057,22,13
94058,14,13
94059,22,13
94061,14,13
94063,2,13
94064,10,13
94065,12,13
94069,17,13
94072,16,13
94073,10,13
94078,17,13
94081,22,13
94082,22,13
94085,24,13
94091,7,13
94093,24,13
94094,24,13
94096,24,13
94097,24,13
94098,12,13
94099,7,13
94100,24,13
94106,6,13
94109,24,13
94110,24,13
94111,24,13
94112,24,13
94114,24,13
94115,24,13
94116,9,13
94124,24,13
94128,24,13
94129,0,13
94130,24,13
94131,24,13
94133,24,13
94134,22,13
94144,4,13
94145,24,13
94150,22,13
94152,4,13
94156,24,13
94158,24,13
94162,22,13
94163,13,13
94164,20,13
94167,22,13
94169,4,13
94172,10,13
94175,2,13
94176,10,13
94177,10,13
94178,4,13
94181,5,13
94184,22,13
94185,4,13
94186,14,13
94188,9,13
94189,10,13
94190,25,13
94193,28,13
94194,12,13
94195,18,13
94197,24,13
94198,3,13
94201,25,13
94203,17,13
94204,25,13
94205,2,13
94206,9,13
94207,25,13
94208,5,13
94211,5,13
94212,25,13
94215,15,13
94216,9,13
94217,5,13
94222,9,13
94224,15,13
94225,9,13
94226,3,13
94228,9,13
94233,17,13
94235,22,13
94238,5,13
94243,28,13
94245,16,13
94247,28,13
94249,18,13
94250,17,13
94251,5,13
94252,7,13
94254,20,13
94256,3,13
94259,7,13
94260,3,13
94262,2,13
94263,7,13
94264,10,13
94265,2,13
94268,6,13
94269,7,13
94271,30,13
94273,2,13
94274,28,13
94275,7,13
94276,18,13
94277,17,13
94280,3,13
94282,30,13
94283,7,13
94285,3,13
94292,28,13
94293,7,13
94295,5,13
94296,28,13
94300,28,13
94301,7,13
94303,7,13
94305,16,13
94306,16,13
94307,3,13
94308,3,13
94309,1,13
94310,7,13
94311,28,13
94312,16,13
94313,2,13
94314,2,13
94315,2,13
94316,5,13
94317,0,13
94320,7,13
94321,13,13
94324,28,13
94328,0,13
94330,20,13
94331,3,13
94332,20,13
94335,6,13
94337,10,13
94342,16,13
94343,0,13
94345,11,13
94346,9,13
94347,4,13
94348,0,13
94349,18,13
94352,24,13
94354,2,13
94355,11,13
94358,30,13
94360,28,13
94361,19,13
94363,6,13
94364,28,13
94366,4,13
94368,19,13
94369,4,13
94372,19,13
94376,5,13
94378,19,13
94379,9,13
94382,16,13
94383,18,13
94384,1,13
94385,3,13
94387,7,13
94388,6,13
94390,4,13
94392,11,13
94396,14,13
94398,19,13
94399,3,13
94401,24,13
94403,13,13
94404,13,13
94406,26,13
94408,12,13
94409,1,13
94414,30,13
94417,10,13
94419,0,13
94420,5,13
94421,14,13
94422,2,13
94423,0,13
94425,30,13
94430,13,13
94434,1,13
94437,12,13
94440,28,13
94441,30,13
94446,31,13
94448,31,13
94449,7,13
94450,7,13
94451,9,13
94453,31,13
94458,28,13
94460,18,13
94461,19,13
94462,2,13
94465,19,13
94466,7,13
94468,28,13
94469,3,13
94470,7,13
94471,1,13
94472,28,13
94474,19,13
94478,5,13
94480,7,13
94481,10,13
94484,16,13
94486,2,13
94487,4,13
94488,27,13
94490,1,13
94494,7,13
94495,9,13
94496,27,13
94497,3,13
94498,28,13
94499,28,13
94500,5,13
94501,28,13
94502,28,13
94503,28,13
94504,1,13
94505,16,13
94507,10,13
94508,16,13
94509,30,13
94511,1,13
94512,3,13
94513,3,13
94514,28,13
94516,18,13
94519,9,13
94520,28,13
94522,3,13
94526,5,13
94527,9,13
94528,28,13
94529,1,13
94530,20,13
94535,5,13
94537,18,13
94539,11,13
94541,11,13
94542,3,13
94544,2,13
94545,22,13
94546,1,13
94547,12,13
94555,19,13
94556,30,13
94557,17,13
94558,20,13
94561,29,13
94562,1,13
94564,10,13
94565,3,13
94567,27,13
94569,27,13
94570,5,13
94577,2,13
94581,28,13
94583,0,13
94584,8,13
94585,13,13
94587,5,13
94589,5,13
94590,5,13
94591,4,13
94592,16,13
94593,0,13
94595,13,13
94596,13,13
94597,0,13
94598,18,13
94601,19,13
94603,9,13
94605,3,13
94607,13,13
94608,3,13
94614,4,13
94615,16,13
94616,7,13
94618,3,13
94621,13,13
94622,16,13
94623,16,13
94626,7,13
94627,7,13
94632,1,13
94633,30,13
94634,1,13
94637,18,13
94638,16,13
94639,13,13
94640,5,13
94641,6,13
94642,0,13
94643,18,13
94645,30,13
94647,20,13
94653,18,13
94654,18,13
94655,11,13
94656,0,13
94657,17,13
94662,7,13
94664,7,13
94665,0,13
94668,2,13
94671,13,13
94675,18,13
94676,15,13
94682,28,13
94683,28,13
94684,3,13
94685,28,13
94686,30,13
94688,17,13
94689,16,13
94690,24,13
94691,24,13
94692,27,13
94694,20,13
94696,17,13
94697,7,13
94698,9,13
94699,2,13
94700,2,13
94701,12,13
94705,5,13
94707,5,13
94709,7,13
94711,16,13
94713,7,13
94717,18,13
94719,9,13
94720,0,13
94722,10,13
94723,0,13
94724,10,13
94728,2,13
94731,30,13
94735,2,13
94739,5,13
94740,13,13
94742,19,13
94743,2,13
94745,2,13
94746,28,13
94747,18,13
94753,22,13
94757,10,13
94759,2,13
94760,2,13
94761,5,13
94762,2,13
94764,15,13
94765,5,13
94766,0,13
94768,17,13
94770,0,13
94772,24,13
94774,24,13
94775,2,13
94777,27,13
94780,1,13
94782,0,13
94783,0,13
94785,27,13
94786,0,13
94791,28,13
94792,18,13
94793,2,13
94796,3,13
94802,13,13
94804,1,13
94807,7,13
94810,28,13
94811,3,13
94814,5,13
94815,13,13
94816,5,13
94817,0,13
94820,2,13
94825,9,13
94827,2,13
94830,2,13
94831,3,13
94834,18,13
94837,28,13
94839,28,13
94842,9,13
94843,16,13
94845,28,13
94850,13,13
94852,9,13
94853,7,13
94855,30,13
94857,5,13
94858,3,13
94859,28,13
94860,19,13
94862,0,13
94863,3,13
94865,7,13
94866,13,13
94868,13,13
94869,7,13
94871,1,13
94872,9,13
94877,16,13
94878,3,13
94879,3,13
94882,1,13
94884,2,13
94885,2,13
94886,0,13
94887,19,13
94888,8,13
94891,28,13
94892,1,13
94893,1,13
94899,2,13
94902,0,13
94905,13,13
94906,9,13
94907,13,13
94909,28,13
94912,16,13
94920,2,13
94921,2,13
94924,7,13
94925,22,13
94926,9,13
94927,5,13
94928,29,13
94931,1,13
94935,13,13
94942,2,13
94945,5,13
94946,1,13
94949,19,13
94952,3,13
94953,2,13
94956,28,13
94958,7,13
94959,16,13
94961,22,13
94963,18,13
94965,2,13
94966,5,13
94967,28,13
94968,28,13
94969,7,13
94970,3,13
94977,1,13
94979,5,13
94980,16,13
94981,9,13
94982,22,13
94983,27,13
94987,5,13
94988,17,13
94989,9,13
94992,5,13
94994,16,13
94995,28,13
94997,27,13
95000,9,13
95001,9,13
95006,16,13
95008,5,13
95009,9,13
95011,16,13
95013,30,13
95014,28,13
95016,13,13
95020,9,13
95022,9,13
95023,9,13
95024,28,13
95026,28,13
95027,4,13
95029,27,13
95033,28,13
95034,7,13
95041,6,13
95045,26,13
95046,5,13
95048,7,13
95049,2,13
95050,17,13
95052,26,13
95053,7,13
95054,5,13
95057,5,13
95058,25,13
95061,25,13
95062,7,13
95063,25,13
95064,25,13
95065,25,13
95067,17,13
95069,22,13
95072,25,13
95075,22,13
95076,22,13
95080,25,13
95082,25,13
95085,2,13
95093,25,13
95098,22,13
95099,20,13
95100,10,13
95101,5,13
95103,17,13
95107,9,13
95108,16,13
95109,25,13
95110,25,13
95111,3,13
95115,13,13
95116,6,13
95119,7,13
95120,30,13
95122,1,13
95123,25,13
95124,20,13
95125,20,13
95128,9,13
95130,24,13
95131,28,13
95132,20,13
95133,7,13
95134,17,13
95138,3,13
95140,7,13
95141,20,13
95142,20,13
95144,7,13
95147,19,13
95149,25,13
95151,6,13
95153,9,13
95156,15,13
95157,25,13
95159,7,13
95160,0,13
95163,16,13
95164,9,13
95165,17,13
95169,25,13
95170,17,13
95175,30,13
95176,24,13
95177,12,13
95179,25,13
95181,7,13
95183,20,13
95184,2,13
95186,22,13
95188,17,13
95191,9,13
95194,25,13
95196,25,13
95201,25,13
95203,24,13
95204,20,13
95206,4,13
95207,25,13
95208,24,13
95209,6,13
95210,11,13
95211,11,13
95212,24,13
95214,21,13
95215,24,13
95216,27,13
95219,22,13
95220,15,13
95221,24,13
95223,1,13
95226,22,13
95227,22,13
95231,16,13
95233,19,13
95234,25,13
95236,16,13
95239,6,13
95240,11,13
95245,30,13
95246,30,13
95247,25,13
95248,16,13
95249,9,13
95252,7,13
95255,9,13
95256,22,13
95258,2,13
95260,6,13
95262,25,13
95265,11,13
95267,14,13
95268,21,13
95269,24,13
95271,30,13
95274,29,13
95275,13,13
95278,10,13
95282,22,13
95283,10,13
95284,20,13
95287,6,13
95288,10,13
95289,0,13
95291,23,13
95295,27,13
95296,16,13
95299,11,13
95300,22,13
95301,17,13
95303,4,13
95305,11,13
95308,14,13
95309,24,13
95312,16,13
95313,30,13
95316,11,13
95320,20,13
95323,2,13
95324,15,13
95327,2,13
95330,22,13
95331,2,13
95332,18,13
95333,22,13
95334,10,13
95335,25,13
95336,4,13
95337,20,13
95338,4,13
95339,11,13
95340,24,13
95341,3,13
95342,14,13
95347,30,13
95348,7,13
95352,16,13
95354,15,13
95356,7,13
95358,14,13
95359,4,13
95362,11,13
95363,11,13
95366,11,13
95367,11,13
95375,0,13
95376,3,13
95377,2,13
95378,22,13
95379,5,13
95380,28,13
95382,7,13
95383,27,13
95384,24,13
95386,24,13
95388,14,13
95389,21,13
95395,7,13
95397,30,13
95400,15,13
95401,24,13
95404,9,13
95406,16,13
95408,16,13
95409,1,13
95412,17,13
95413,4,13
95414,24,13
95415,11,13
95418,24,13
95419,30,13
95420,24,13
95421,29,13
95426,14,13
95427,24,13
95428,20,13
95429,24,13
95430,20,13
95434,16,13
95437,18,13
95440,15,13
95441,18,13
95442,17,13
95443,22,13
95444,15,13
95445,10,13
95446,2,13
95447,20,13
95448,28,13
95449,25,13
95451,20,13
95452,18,13
95453,11,13
95454,24,13
95455,30,13
95456,24,13
95458,30,13
95460,15,13
95461,0,13
95468,20,13
95471,0,13
95472,24,13
95473,22,13
95476,22,13
95480,11,13
95481,5,13
95482,14,13
95485,9,13
95487,3,13
95489,14,13
95490,15,13
95491,13,13
95496,22,13
95497,19,13
95498,15,13
95499,22,13
95500,9,13
95501,24,13
95502,24,13
95503,14,13
95507,22,13
95513,19,13
95515,14,13
95516,9,13
95517,13,13
95520,22,13
95521,22,13
95524,22,13
95525,16,13
95527,18,13
95529,28,13
95532,28,13
95534,29,13
95535,7,13
95536,7,13
95537,22,13
95539,22,13
95542,24,13
95544,14,13
95545,21,13
95546,16,13
95549,25,13
95550,28,13
95551,22,13
95552,22,13
95553,22,13
95555,5,13
95556,22,13
95557,1,13
95559,22,13
95563,16,13
95565,4,13
95568,21,13
95572,3,13
95573,22,13
95577,4,13
95578,11,13
95580,14,13
95585,11,13
95586,19,13
95587,18,13
95589,29,13
95590,19,13
95591,7,13
95593,2,13
95595,29,13
95597,27,13
95599,22,13
95600,28,13
95601,28,13
95602,6,13
95603,24,13
95604,22,13
95606,0,13
95607,28,13
95609,4,13
95610,11,13
95612,14,13
95614,9,13
95615,11,13
95618,24,13
95621,18,13
95623,19,13
95624,4,13
95628,17,13
95629,9,13
95631,2,13
95632,7,13
95633,18,13
95635,5,13
95636,18,13
95641,4,13
95644,4,13
95645,9,13
95646,27,13
95649,7,13
95650,27,13
95651,27,13
95652,3,13
95653,18,13
95654,24,13
95656,4,13
95657,11,13
95659,19,13
95663,3,13
95664,9,13
95666,28,13
95670,24,13
95675,27,13
95677,0,13
95678,18,13
95681,27,13
95683,27,13
95687,4,13
95692,9,13
95695,19,13
95697,0,13
95698,28,13
95700,28,13
95701,19,13
95704,2,13
95705,4,13
95706,27,13
95707,18,13
95710,27,13
95711,3,13
95713,27,13
95714,27,13
95715,22,13
95716,4,13
95717,22,13
95718,28,13
95720,3,13
95721,27,13
95724,27,13
95725,22,13
95728,18,13
95733,16,13
95734,9,13
95735,5,13
95736,14,13
95738,27,13
95739,27,13
95743,0,13
95744,12,13
95745,22,13
95749,10,13
95750,0,13
95751,27,13
95752,27,13
95753,12,13
95754,28,13
95759,0,13
95762,10,13
95764,7,13
95766,5,13
95767,18,13
95768,2,13
95769,2,13
95770,19,13
95772,28,13
95774,28,13
95775,7,13
95779,27,13
95780,28,13
95781,27,13
95783,5,13
95784,29,13
95786,2,13
95787,16,13
95789,0,13
95790,5,13
95791,27,13
95793,28,13
95799,27,13
95800,7,13
95801,29,13
95802,7,13
95803,10,13
95806,27,13
95808,28,13
95809,24,13
95810,16,13
95811,28,13
95812,19,13
95813,16,13
95814,13,13
95815,19,13
95817,16,13
95819,19,13
95820,16,13
95823,8,13
95825,7,13
95826,3,13
95828,7,13
95830,24,13
95835,27,13
95836,9,13
95837,9,13
95841,22,13
95845,27,13
95846,22,13
95849,19,13
95851,27,13
95852,29,13
95853,28,13
95856,22,13
95857,5,13
95858,12,13
95859,27,13
95861,22,13
95862,9,13
95864,27,13
95865,5,13
95867,5,13
95869,29,13
95870,4,13
95875,16,13
95880,27,13
95881,27,13
95884,16,13
95885,22,13
95886,29,13
95888,18,13
95891,3,13
95892,28,13
95896,7,13
95897,25,13
95899,25,13
95900,25,13
95901,25,13
95903,25,13
95906,25,13
95907,25,13
95908,17,13
95910,20,13
95911,5,13
95915,5,13
95916,5,13
95918,9,13
95921,9,13
95922,2,13
95926,25,13
95929,25,13
95930,9,13
95931,5,13
95935,22,13
95938,25,13
95943,5,13
95944,16,13
95945,9,13
95947,2,13
95949,25,13
95950,25,13
95951,6,13
95953,30,13
95955,6,13
95956,2,13
95959,16,13
95962,28,13
95963,17,13
95964,20,13
95965,29,13
95967,29,13
95968,6,13
95970,25,13
95972,22,13
95973,22,13
95976,6,13
95978,25,13
95979,24,13
95983,5,13
95985,6,13
95986,28,13
95987,5,13
95989,28,13
95992,16,13
95993,25,13
95995,13,13
95997,5,13
95999,5,13
96002,24,13
96007,6,13
96009,21,13
96010,24,13
96012,16,13
96014,30,13
96015,15,13
96017,25,13
96021,17,13
96022,22,13
96023,16,13
96024,16,13
96026,14,13
96027,25,13
96030,12,13
96031,29,13
96032,30,13
96035,2,13
96036,2,13
96037,22,13
96039,22,13
96043,6,13
96046,9,13
96048,17,13
96051,2,13
96054,24,13
96057,16,13
96058,30,13
96061,1,13
96062,28,13
96064,17,13
96065,1,13
96066,25,13
96067,9,13
96068,1,13
96070,11,13
96071,6,13
96072,17,13
96075,1,13
96078,25,13
96079,22,13
96080,5,13
96081,1,13
96083,9,13
96086,5,13
96088,25,13
96089,9,13
96091,22,13
96092,22,13
96093,25,13
96094,10,13
96095,5,13
96096,9,13
96097,9,13
96098,1,13
96100,1,13
96103,1,13
96105,9,13
96106,17,13
96108,1,13
96109,1,13
96112,7,13
96114,3,13
96115,22,13
96117,28,13
96118,6,13
96120,2,13
96124,1,13
96125,7,13
96128,9,13
96129,2,13
96132,9,13
96133,1,13
96137,22,13
96138,7,13
96139,9,13
96142,25,13
96144,25,13
96147,25,13
96148,25,13
96149,29,13
96150,2,13
96151,22,13
96152,25,13
96153,25,13
96154,12,13
96155,5,13
96156,25,13
96158,24,13
96161,9,13
96162,25,13
96163,29,13
96168,2,13
96169,15,13
96173,7,13
96177,17,13
96180,19,13
96181,29,13
96182,5,13
96184,2,13
96186,15,13
96187,28,13
96188,5,13
96189,29,13
96192,29,13
96193,15,13
96196,16,13
96199,12,13
96200,9,13
96201,29,13
96202,29,13
96204,22,13
96206,30,13
96207,24,13
96210,24,13
96213,0,13
96217,2,13
96219,6,13
96221,12,13
96222,13,13
96224,16,13
96226,2,13
96232,19,13
96234,5,13
96239,29,13
96243,2,13
96245,11,13
96246,15,13
96249,6,13
96251,22,13
96253,2,13
96254,9,13
96259,30,13
96260,9,13
96265,22,13
96267,3,13
96269,22,13
96270,22,13
96274,2,13
96275,16,13
96277,15,13
96279,6,13
96281,2,13
96284,9,13
96285,20,13
96286,10,13
96287,25,13
96288,11,13
96289,24,13
96291,11,13
96293,4,13
96295,21,13
96302,14,13
96307,28,13
96308,24,13
96310,20,13
96312,5,13
96313,17,13
96314,5,13
96316,30,13
96317,2,13
96318,18,13
96322,6,13
96323,18,13
96329,11,13
96330,9,13
96331,24,13
96332,4,13
96337,11,13
96338,19,13
96340,28,13
96344,28,13
96346,14,13
96351,25,13
96352,22,13
96357,5,13
96360,3,13
96361,20,13
96364,18,13
96367,22,13
96369,24,13
96370,22,13
96371,22,13
96372,4,13
96374,11,13
96377,9,13
96378,4,13
96381,3,13
96382,14,13
96383,14,13
96385,16,13
96387,5,13
96390,16,13
96391,16,13
96395,20,13
96397,11,13
96401,30,13
96403,18,13
96405,20,13
96407,15,13
96417,11,13
96418,11,13
96419,9,13
96420,11,13
96421,28,13
96422,0,13
96429,18,13
96436,24,13
96438,21,13
96439,24,13
96442,9,13
96444,22,13
96446,14,13
96449,29,13
96450,11,13
96451,9,13
96452,14,13
96453,17,13
96454,9,13
96455,16,13
96457,24,13
96460,21,13
96461,14,13
96462,16,13
96464,9,13
96466,12,13
96470,20,13
96471,20,13
96472,24,13
96474,14,13
96476,2,13
96477,14,13
96480,22,13
96482,0,13
96483,30,13
96484,0,13
96485,4,13
96486,15,13
96488,2,13
96489,12,13
96490,2,13
96491,14,13
96492,0,13
96493,24,13
96494,3,13
96498,22,13
96499,4,13
96503,21,13
96505,9,13
96508,12,13
96511,5,13
96513,12,13
96515,4,13
96516,0,13
96517,28,13
96518,30,13
96521,11,13
96522,9,13
96524,5,13
96525,17,13
96527,19,13
96529,7,13
96530,7,13
96533,7,13
96536,3,13
96537,17,13
96539,3,13
96540,16,13
96541,16,13
96542,17,13
96547,13,13
96548,26,13
96550,18,13
96554,17,13
96555,19,13
96557,24,13
96559,15,13
96560,27,13
96562,2,13
96563,20,13
96564,15,13
96565,17,13
96566,15,13
96567,7,13
96568,23,13
96571,19,13
96572,11,13
96575,4,13
96578,19,13
96579,4,13
96582,11,13
96583,15,13
96587,11,13
96588,18,13
96590,21,13
96591,19,13
96594,3,13
96600,18,13
96605,12,13
96608,3,13
96610,2,13
96611,5,13
96615,19,13
96617,3,13
96621,18,13
96624,18,13
96626,20,13
96627,3,13
96629,6,13
96630,19,13
96631,2,13
96634,0,13
96639,19,13
96640,12,13
96642,7,13
96643,2,13
96648,18,13
96649,19,13
96657,6,13
96660,6,13
96661,19,13
96662,11,13
96665,6,13
96667,30,13
96668,11,13
96670,28,13
96673,2,13
96675,11,13
96677,11,13
96678,4,13
96680,28,13
96683,21,13
96684,4,13
96685,11,13
96687,6,13
96688,11,13
96690,18,13
96692,4,13
96695,19,13
96697,4,13
96700,2,13
96702,27,13
96706,27,13
96711,3,13
96713,27,13
96716,3,13
96720,3,13
96723,7,13
96724,3,13
96727,27,13
96728,17,13
96729,3,13
96730,18,13
96733,3,13
96735,19,13
96738,13,13
96740,7,13
96741,18,13
96742,27,13
96746,6,13
96748,15,13
96750,18,13
96754,6,13
96757,11,13
96758,18,13
96761,6,13
96762,11,13
96768,15,13
96769,18,13
96775,4,13
96777,19,13
96778,11,13
96780,17,13
96781,4,13
96785,12,13
96789,28,13
96791,5,13
96792,14,13
96793,21,13
96794,14,13
96795,2,13
96797,16,13
96799,3,13
96803,27,13
96806,2,13
96810,7,13
96813,15,13
96814,3,13
96820,3,13
96829,18,13
96833,3,13
96838,11,13
96839,11,13
96840,4,13
96841,4,13
96844,18,13
96846,19,13
96847,11,13
96849,19,13
96850,11,13
96852,18,13
96853,13,13
96854,19,13
96860,19,13
96862,2,13
96864,18,13
96865,9,13
96868,3,13
96870,2,13
96871,17,13
96872,27,13
96873,3,13
96874,27,13
96875,18,13
96878,18,13
96881,18,13
96883,11,13
96884,7,13
96887,6,13
96888,4,13
96889,13,13
96890,4,13
96891,6,13
96896,0,13
96897,3,13
96900,11,13
96901,27,13
96902,18,13
96903,3,13
96904,5,13
96905,3,13
96908,0,13
96909,19,13
96912,3,13
96913,15,13
96915,26,13
96916,19,13
96919,9,13
96920,19,13
96922,9,13
96923,13,13
96926,11,13
96927,14,13
96928,27,13
96929,3,13
96932,9,13
96933,11,13
96935,26,13
96936,4,13
96939,3,13
96940,5,13
96943,11,13
96944,19,13
96945,0,13
96947,7,13
96948,27,13
96949,27,13
96952,19,13
96953,7,13
96954,5,13
96959,27,13
96961,27,13
96962,3,13
96963,27,13
96964,0,13
96970,27,13
96971,4,13
96975,11,13
96978,28,13
96981,28,13
96983,19,13
96984,27,13
96985,27,13
96986,27,13
96990,27,13
96991,7,13
96993,3,13
96994,27,13
96997,27,13
97003,19,13
97004,11,13
97006,11,13
97009,11,13
97011,18,13
97015,0,13
97020,0,13
97023,19,13
97024,10,13
97025,9,13
97026,18,13
97031,7,13
97032,7,13
97034,27,13
97035,22,13
97038,22,13
97040,5,13
97041,7,13
97042,5,13
97043,7,13
97044,7,13
97045,7,13
97046,5,13
97047,24,13
97052,5,13
97054,10,13
97055,28,13
97056,22,13
97057,28,13
97058,5,13
97061,7,13
97062,18,13
97071,10,13
97074,7,13
97075,7,13
97076,7,13
97078,2,13
97080,7,13
97081,7,13
97082,18,13
97085,27,13
97086,27,13
97087,10,13
97088,27,13
97089,5,13
97091,25,13
97096,11,13
97099,15,13
97104,1,13
97105,11,13
97106,6,13
97109,1,13
97110,22,13
97113,1,13
97115,25,13
97118,1,13
97119,1,13
97120,1,13
97123,1,13
97124,25,13
97126,9,13
97127,11,13
97128,6,13
97133,14,13
97137,9,13
97139,9,13
97140,0,13
97143,12,13
97144,22,13
97145,2,13
97146,29,13
97147,4,13
97148,10,13
97150,11,13
97152,6,13
97153,30,13
97157,6,13
97159,6,13
97169,4,13
97173,24,13
97174,10,13
97176,22,13
97179,24,13
97181,14,13
97184,22,13
97185,4,13
97191,28,13
97194,3,13
97195,22,13
97199,27,13
97200,24,13
97202,17,13
97204,14,13
97206,9,13
97207,15,13
97216,4,13
97218,7,13
97221,28,13
97222,6,13
97226,2,13
97228,4,13
97229,28,13
97230,14,13
97231,18,13
97235,0,13
97237,19,13
97238,4,13
97240,11,13
97242,27,13
97245,13,13
97246,13,13
97247,17,13
97248,17,13
97249,8,13
97251,8,13
97252,9,13
97253,17,13
97255,15,13
97257,17,13
97259,17,13
97261,17,13
97265,19,13
97266,6,13
97268,29,13
97270,19,13
97271,30,13
97274,11,13
97275,6,13
97278,10,13
97280,18,13
97281,17,13
97284,7,13
97285,17,13
97286,22,13
97287,15,13
97289,24,13
97292,22,13
97295,18,13
97296,18,13
97297,24,13
97298,18,13
97302,5,13
97303,4,13
97304,11,13
97305,9,13
97306,24,13
97308,4,13
97310,24,13
97311,22,13
97312,29,13
97313,17,13
97314,4,13
97316,6,13
97317,7,13
97318,22,13
97319,4,13
97325,14,13
97329,4,13
97331,22,13
97333,22,13
97336,14,13
97337,25,13
97342,14,13
97345,24,13
97346,17,13
97348,28,13
97350,14,13
97354,4,13
97357,24,13
97360,12,13
97362,5,13
97367,16,13
97369,22,13
97371,2,13
97372,17,13
97373,17,13
97377,5,13
97378,7,13
97380,9,13
97381,16,13
97383,16,13
97387,16,13
97392,16,13
97396,7,13
97397,16,13
97398,16,13
97403,25,13
97405,24,13
97407,16,13
97408,29,13
97409,16,13
97410,30,13
97411,7,13
97412,29,13
97413,29,13
97414,24,13
97415,13,13
97417,7,13
97420,7,13
97421,2,13
97424,7,13
97426,24,13
97427,30,13
97431,24,13
97433,9,13
97436,3,13
97437,17,13
97438,7,13
97440,18,13
97446,12,13
97447,29,13
97448,9,13
97449,7,13
97451,9,13
97457,9,13
97459,5,13
97463,18,13
97464,16,13
97465,9,13
97466,24,13
97467,4,13
97469,14,13
97471,21,13
97472,28,13
97475,10,13
97476,9,13
97477,18,13
97478,20,13
97479,7,13
97480,16,13
97481,6,13
97485,9,13
97486,3,13
97487,29,13
97488,7,13
97489,29,13
97491,3,13
97493,28,13
97494,10,13
97497,10,13
97498,7,13
97499,30,13
97500,18,13
97505,14,13
97506,28,13
97508,21,13
97509,18,13
97511,18,13
97512,30,13
97513,12,13
97514,29,13
97515,9,13
97519,20,13
97521,10,13
97525,18,13
97526,18,13
97527,9,13
97529,29,13
97533,24,13
97534,7,13
97535,6,13
97537,9,13
97539,29,13
97540,30,13
97541,7,13
97545,2,13
97546,4,13
97548,9,13
97549,24,13
97554,20,13
97555,30,13
97559,2,13
97561,16,13
97562,24,13
97564,10,13
97565,1,13
97566,24,13
97569,5,13
97570,4,13
97571,29,13
97572,24,13
97576,26,13
97578,10,13
97580,29,13
97587,14,13
97590,29,13
97593,9,13
97597,15,13
97598,16,13
97599,24,13
97600,24,13
97602,21,13
97603,14,13
97605,13,13
97607,14,13
97608,24,13
97609,24,13
97610,17,13
97611,24,13
97613,24,13
97614,14,13
97618,29,13
97619,24,13
97620,16,13
97622,29,13
97625,22,13
97626,24,13
97629,3,13
97630,24,13
97631,24,13
97632,4,13
97633,24,13
97634,14,13
97637,29,13
97638,14,13
97641,29,13
97642,29,13
97644,6,13
97645,29,13
97649,9,13
97652,2,13
97653,9,13
97656,7,13
97661,29,13
97665,20,13
97666,20,13
97667,20,13
97669,16,13
97671,25,13
97672,20,13
97676,11,13
97677,7,13
97678,9,13
97679,10,13
97681,9,13
97682,9,13
97683,9,13
97688,24,13
97689,5,13
97690,22,13
97693,0,13
97694,4,13
97697,21,13
97698,25,13
97699,2,13
97700,14,13
97704,2,13
97705,4,13
97706,24,13
97709,14,13
97710,2,13
97711,10,13
97712,24,13
97713,17,13
97715,12,13
97716,24,13
97718,1,13
97721,2,13
97722,11,13
97723,12,13
97725,26,13
97726,24,13
97729,18,13
97730,4,13
97732,24,13
97733,28,13
97734,14,13
97736,13,13
97739,10,13
97740,5,13
97743,29,13
97745,24,13
97748,29,13
97749,29,13
97752,27,13
97753,3,13
97754,29,13
97755,18,13
97756,4,13
97757,14,13
97760,22,13
97763,14,13
97766,6,13
97767,31,13
97769,31,13
97770,31,13
97773,13,13
97777,31,13
97779,9,13
97781,3,13
97783,3,13
97784,7,13
97790,27,13
97791,0,13
97792,1,13
97795,27,13
97797,27,13
97798,18,13
97799,0,13
97801,27,13
97808,27,13
97809,27,13
97810,3,13
97811,2,13
97817,0,13
97818,18,13
97824,0,13
97826,0,13
97830,7,13
97832,8,13
97837,27,13
97838,27,13
97840,27,13
97841,27,13
97845,29,13
97847,3,13
97848,5,13
97849,14,13
97850,22,13
97852,24,13
97863,22,13
97865,1,13
97866,1,13
97869,1,13
97870,17,13
97871,1,13
97873,1,13
97874,1,13
97875,17,13
97877,1,13
97878,1,13
97879,1,13
97880,15,13
97881,17,13
97884,9,13
97890,22,13
97894,16,13
97897,25,13
97901,25,13
97902,25,13
97903,10,13
97904,5,13
97905,25,13
97906,25,13
97907,25,13
97908,25,13
97909,25,13
97910,22,13
97913,25,13
97914,25,13
97916,15,13
97917,10,13
97926,22,13
97927,25,13
97929,5,13
97930,25,13
97932,25,13
97933,25,13
97940,3,13
97942,5,13
97946,25,13
97948,7,13
97952,10,13
97960,19,13
97961,12,13
97963,22,13
97964,9,13
97965,5,13
97967,2,13
97968,13,13
97969,9,13
97971,2,13
97972,20,13
97974,3,13
97976,25,13
97977,25,13
97979,6,13
97980,25,13
97982,0,13
97987,22,13
97989,22,13
97993,5,13
97994,30,13
97997,22,13
97998,30,13
97999,22,13
98002,13,13
98003,25,13
98005,25,13
98007,7,13
98011,0,13
98012,9,13
98014,9,13
98017,9,13
98020,30,13
98021,30,13
98022,3,13
98023,5,13
98027,30,13
98029,7,13
98030,5,13
98033,22,13
98035,7,13
98038,7,13
98040,7,13
98041,17,13
98042,9,13
98043,9,13
98045,9,13
98046,9,13
98047,30,13
98051,1,13
98055,3,13
98056,3,13
98059,7,13
98060,6,13
98063,12,13
98066,9,13
98067,2,13
98069,7,13
98070,18,13
98072,17,13
98076,18,13
98077,16,13
98080,29,13
98083,12,13
98084,18,13
98087,25,13
98088,3,13
98090,9,13
98091,17,13
98092,22,13
98093,13,13
98097,2,13
98100,7,13
98101,5,13
98105,25,13
98106,20,13
98109,29,13
98110,9,13
98111,24,13
98112,3,13
98113,5,13
98114,3,13
98117,5,13
98125,3,13
98126,13,13
98128,2,13
98133,6,13
98135,13,13
98137,7,13
98138,24,13
98139,30,13
98140,1,13
98143,11,13
98148,9,13
98149,5,13
98150,11,13
98157,3,13
98159,17,13
98160,3,13
98161,12,13
98163,9,13
98164,2,13
98166,20,13
98167,29,13
98170,28,13
98172,6,13
98174,6,13
98175,11,13
98176,9,13
98177,2,13
98179,5,13
98181,7,13
98182,6,13
98183,10,13
98185,11,13
98186,2,13
98188,1,13
98189,17,13
98190,7,13
98192,10,13
98193,9,13
98195,7,13
98196,9,13
98198,26,13
98200,2,13
98202,16,13
98203,0,13
98204,7,13
98205,7,13
98208,6,13
98212,5,13
98213,5,13
98219,14,13
98223,28,13
98224,10,13
98225,10,13
98227,28,13
98228,2,13
98229,3,13
98231,7,13
98233,17,13
98234,0,13
98235,7,13
98236,18,13
98237,9,13
98241,7,13
98244,30,13
98245,2,13
98248,5,13
98249,30,13
98252,2,13
98254,5,13
98255,15,13
98256,15,13
98257,18,13
98259,28,13
98260,25,13
98261,15,13
98263,9,13
98264,28,13
98266,5,13
98267,1,13
98271,28,13
98272,2,13
98275,3,13
98277,3,13
98279,30,13
98280,15,13
98281,3,13
98282,10,13
98284,28,13
98285,16,13
98286,12,13
98287,9,13
98290,16,13
98292,2,13
98295,0,13
98298,9,13
98301,17,13
98302,18,13
98305,9,13
98306,16,13
98307,3,13
98308,10,13
98309,0,13
98310,0,13
98312,30,13
98321,12,13
98325,0,13
98326,0,13
98329,13,13
98334,17,13
98335,10,13
98337,30,13
98340,3,13
98342,5,13
98346,6,13
98350,29,13
98351,13,13
98352,5,13
98353,7,13
98356,9,13
98357,6,13
98360,11,13
98361,15,13
98363,3,13
98364,12,13
98365,9,13
98367,9,13
98368,12,13
98369,9,13
98370,4,13
98371,24,13
98372,5,13
98376,14,13
98377,3,13
98379,10,13
98380,0,13
98381,24,13
98383,9,13
98385,22,13
98386,30,13
98388,30,13
98389,22,13
98391,16,13
98393,0,13
98394,3,13
98395,1,13
98397,7,13
98399,1,13
98403,1,13
98405,5,13
98406,12,13
98408,13,13
98410,12,13
98411,12,13
98415,10,13
98418,3,13
98422,6,13
98423,7,13
98424,12,13
98427,13,13
98429,14,13
98432,22,13
98433,22,13
98434,22,13
98436,11,13
98441,3,13
98442,11,13
98443,18,13
98444,10,13
98445,0,13
98447,12,13
98449,5,13
98451,6,13
98452,7,13
98453,7,13
98454,11,13
98457,9,13
98462,12,13
98463,6,13
98465,14,13
98466,21,13
98467,11,13
98468,12,13
98469,11,13
98471,2,13
98474,30,13
98475,3,13
98478,10,13
98480,30,13
98481,3,13
98482,25,13
98486,15,13
98489,22,13
98494,5,13
98497,3,13
98499,14,13
98500,5,13
98503,12,13
98504,20,13
98505,28,13
98507,18,13
98511,7,13
98513,18,13
98517,3,13
98518,13,13
98519,15,13
98520,13,13
98522,0,13
98527,6,13
98529,3,13
98530,7,13
98531,20,13
98534,0,13
98535,9,13
98538,5,13
98540,25,13
98541,3,13
98542,12,13
98544,14,13
98545,5,13
98546,6,13
98547,28,13
98548,10,13
98550,18,13
98551,24,13
98554,6,13
98555,19,13
98557,21,13
98558,24,13
98559,20,13
98562,30,13
98563,2,13
98564,9,13
98565,30,13
98566,28,13
98567,0,13
98568,30,13
98569,30,13
98572,0,13
98573,28,13
98574,10,13
98577,5,13
98580,3,13
98583,13,13
98584,10,13
98585,25,13
98587,10,13
98588,3,13
98590,2,13
98593,28,13
98597,9,13
98598,13,13
98600,10,13
98602,0,13
98604,2,13
98605,0,13
98606,0,13
98607,10,13
98608,10,13
98611,29,13
98613,3,13
98614,2,13
98616,5,13
98617,13,13
98623,18,13
98626,2,13
98628,29,13
98629,1,13
98631,15,13
98632,0,13
98634,1,13
98637,17,13
98638,2,13
98639,7,13
98640,3,13
98646,2,13
98647,18,13
98648,12,13
98650,17,13
98653,12,13
98654,0,13
98655,28,13
98658,28,13
98659,2,13
98665,1,13
98667,2,13
98670,5,13
98674,3,13
98675,12,13
98680,24,13
98682,24,13
98684,11,13
98687,21,13
98688,2,13
98690,2,13
98691,25,13
98692,18,13
98694,9,13
98695,30,13
98696,30,13
98700,0,13
98703,10,13
98707,22,13
98708,18,13
98710,22,13
98712,19,13
98715,25,13
98716,28,13
98718,1,13
98722,11,13
98727,16,13
98733,9,13
98734,5,13
98735,25,13
98739,24,13
98741,12,13
98742,15,13
98743,14,13
98745,14,13
98746,25,13
98747,10,13
98748,21,13
98750,24,13
98751,7,13
98754,19,13
98755,5,13
98762,2,13
98763,15,13
98765,9,13
98769,22,13
98772,0,13
98776,20,13
98780,10,13
98783,10,13
98784,24,13
98787,18,13
98788,20,13
98789,17,13
98792,0,13
98795,24,13
98798,15,13
98802,17,13
98803,12,13
98804,30,13
98807,12,13
98809,12,13
98812,18,13
98813,28,13
98814,22,13
98817,6,13
98819,6,13
98822,30,13
98824,25,13
98827,12,13
98828,10,13
98831,12,13
98835,3,13
98838,25,13
98840,2,13
98842,25,13
98845,25,13
98846,18,13
98847,6,13
98849,11,13
98851,25,13
98855,3,13
98858,6,13
98860,9,13
98861,5,13
98866,7,13
98868,7,13
98869,10,13
98870,1,13
98871,1,13
98873,1,13
98876,1,13
98880,1,13
98881,19,13
98882,15,13
98883,25,13
98885,26,13
98886,15,13
98888,15,13
98893,5,13
98898,13,13
98899,20,13
98902,16,13
98904,22,13
98907,10,13
98909,24,13
98913,18,13
98914,19,13
98915,30,13
98923,6,13
98926,11,13
98931,6,13
98932,11,13
98934,18,13
98939,21,13
98940,25,13
98942,16,13
98943,10,13
98944,22,13
98946,24,13
98947,22,13
98948,10,13
98949,24,13
98952,25,13
98953,25,13
98955,25,13
98958,25,13
98959,25,13
98960,25,13
98962,25,13
98963,30,13
98968,2,13
98970,25,13
98972,9,13
98973,0,13
98974,6,13
98975,11,13
98976,25,13
98978,25,13
98980,9,13
98981,9,13
98985,29,13
98987,25,13
98989,25,13
98991,25,13
98995,18,13
98999,9,13
99000,4,13
99002,6,13
99004,14,13
99008,25,13
99009,30,13
99010,6,13
99011,20,13
99012,16,13
99013,22,13
99014,16,13
99018,12,13
99021,16,13
99022,28,13
99023,4,13
99024,9,13
99025,11,13
99026,14,13
99028,24,13
99031,20,13
99033,16,13
99035,10,13
99038,17,13
99040,6,13
99041,2,13
99042,25,13
99043,12,13
99045,9,13
99047,25,13
99049,2,13
99051,19,13
99053,14,13
99054,21,13
99057,29,13
99058,30,13
99059,9,13
99061,9,13
99062,9,13
99063,23,13
99064,29,13
99066,15,13
99067,2,13
99068,3,13
99069,9,13
99070,2,13
99071,18,13
99072,20,13
99073,20,13
99075,17,13
99076,29,13
99077,29,13
99078,16,13
99080,18,13
99083,17,13
99084,12,13
99088,7,13
99089,16,13
99090,2,13
99091,2,13
99096,22,13
99098,11,13
99103,21,13
99106,9,13
99109,10,13
99110,5,13
99111,1,13
99113,0,13
99114,18,13
99116,6,13
99118,18,13
99120,14,13
99121,9,13
99125,20,13
99126,9,13
99127,14,13
99129,24,13
99131,9,13
99134,15,13
99135,17,13
99136,22,13
99137,17,13
99138,30,13
99139,7,13
99146,30,13
99148,10,13
99150,3,13
99151,12,13
99154,2,13
99155,14,13
99156,24,13
99160,2,13
99161,22,13
99163,11,13
99164,30,13
99167,14,13
99169,9,13
99170,29,13
99172,9,13
99173,0,13
99175,18,13
99176,12,13
99177,10,13
99178,0,13
99180,25,13
99181,25,13
99182,11,13
99184,30,13
99185,18,13
99187,22,13
99190,28,13
99191,9,13
99192,0,13
99193,0,13
99194,22,13
99195,5,13
99197,20,13
99200,28,13
99201,0,13
99202,20,13
99209,0,13
99210,12,13
99211,3,13
99215,0,13
99217,14,13
99218,4,13
99221,21,13
99222,22,13
99223,15,13
99224,1,13
99226,3,13
99228,29,13
99229,0,13
99230,9,13
99232,7,13
99234,5,13
99236,18,13
99238,14,13
99242,22,13
99243,19,13
99244,29,13
99249,1,13
99251,7,13
99254,14,13
99255,21,13
99263,21,13
99268,4,13
99270,14,13
99271,24,13
99272,4,13
99273,11,13
99274,24,13
99275,20,13
99276,22,13
99277,21,13
99279,9,13
99281,24,13
99284,28,13
99285,28,13
99286,15,13
99288,14,13
99289,16,13
99291,4,13
99297,9,13
99298,23,13
99302,9,13
99304,25,13
99305,14,13
99307,24,13
99308,11,13
99309,11,13
99310,14,13
99311,21,13
99315,29,13
99316,2,13
99317,29,13
99319,29,13
99321,2,13
99322,0,13
99323,29,13
99324,9,13
99327,14,13
99329,4,13
99335,4,13
99336,23,13
99342,12,13
99346,18,13
99348,0,13
99349,27,13
99351,5,13
99352,18,13
99353,4,13
99355,18,13
99356,11,13
99358,8,13
99359,27,13
99365,7,13
99366,0,13
99369,18,13
99371,0,13
99373,28,13
99384,19,13
99387,18,13
99390,26,13
99391,22,13
99392,7,13
99393,0,13
99394,0,13
99397,27,13
99400,24,13
99401,5,13
99403,9,13
99405,15,13
99412,29,13
99413,7,13
99415,18,13
99417,12,13
99420,10,13
99422,29,13
99428,28,13
99429,3,13
99430,4,13
99431,4,13
99432,19,13
99433,5,13
99434,10,13
99435,10,13
99438,0,13
99440,27,13
99446,3,13
99447,10,13
99449,0,13
99450,0,13
99451,4,13
99454,8,13
99455,8,13
99456,24,13
99459,18,13
99461,28,13
99462,7,13
99464,24,13
99465,24,13
99467,8,13
99469,8,13
99470,0,13
99471,8,13
99474,5,13
99475,16,13
99476,16,13
99477,28,13
99478,5,13
99480,1,13
99481,7,13
99488,5,13
99489,9,13
99496,27,13
99505,19,13
99513,9,13
99514,3,13
99516,18,13
99517,3,13
99518,27,13
99521,31,13
99524,6,13
99525,11,13
99526,9,13
99527,27,13
99528,7,13
99530,18,13
99531,18,13
99532,4,13
99536,0,13
99537,11,13
99538,19,13
99540,9,13
99543,19,13
99549,9,13
99550,27,13
99554,18,13
99563,3,13
99565,27,13
99566,18,13
99569,27,13
99574,27,13
99576,8,13
99577,22,13
99580,29,13
99582,8,13
99585,5,13
99586,10,13
99587,8,13
99590,8,13
99591,8,13
99593,24,13
99595,28,13
99596,24,13
99599,17,13
99601,29,13
99603,17,13
99605,16,13
99616,19,13
99620,5,13
99621,5,13
99623,10,13
99624,7,13
99625,7,13
99627,2,13
99630,13,13
99632,25,13
99635,25,13
99637,25,13
99638,25,13
99644,9,13
99646,7,13
99647,20,13
99650,25,13
99651,20,13
99652,15,13
99656,5,13
99658,15,13
99662,7,13
99664,3,13
99666,29,13
99667,28,13
99669,25,13
99673,25,13
99676,25,13
99677,13,13
99679,2,13
99681,25,13
99682,7,13
99688,7,13
99689,7,13
99690,7,13
99691,10,13
99693,2,13
99695,29,13
99696,29,13
99697,7,13
99698,7,13
99704,0,13
99706,25,13
99707,28,13
99708,15,13
99714,7,13
99715,5,13
99716,28,13
99718,22,13
99719,17,13
99720,2,13
99722,20,13
99724,14,13
99725,13,13
99727,24,13
99728,3,13
99729,22,13
99730,25,13
99734,16,13
99736,7,13
99737,25,13
99738,23,13
99739,7,13
99742,2,13
99743,2,13
99744,9,13
99745,7,13
99749,24,13
99750,7,13
99752,7,13
99753,17,13
99756,18,13
99758,7,13
99759,22,13
99760,7,13
99763,22,13
99764,11,13
99766,27,13
99767,25,13
99769,19,13
99770,9,13
99773,7,13
99776,2,13
99777,29,13
99778,16,13
99779,4,13
99782,14,13
99787,3,13
99791,3,13
99793,1,13
99794,25,13
99796,3,13
99797,22,13
99798,3,13
99801,10,13
99803,7,13
99805,22,13
99807,7,13
99809,16,13
99813,1,13
99814,10,13
99815,1,13
99816,25,13
99818,4,13
99820,14,13
99824,7,13
99825,0,13
99831,7,13
99835,16,13
99836,2,13
99837,3,13
99842,7,13
99843,1,13
99845,17,13
99846,22,13
99848,22,13
99852,10,13
99853,10,13
99854,23,13
99857,28,13
99858,16,13
99861,17,13
99863,7,13
99864,25,13
99866,7,13
99871,28,13
99872,9,13
99873,7,13
99874,7,13
99879,24,13
99881,19,13
99882,14,13
99883,3,13
99884,7,13
99885,16,13
99886,17,13
99892,30,13
99895,7,13
99897,18,13
99898,2,13
99899,7,13
99900,9,13
99903,28,13
99904,7,13
99906,7,13
99907,7,13
99911,17,13
99912,1,13
99913,7,13
99915,25,13
99916,5,13
99919,29,13
99920,30,13
99923,3,13
99924,28,13
99925,3,13
99927,2,13
99929,7,13
99930,0,13
99931,28,13
99932,18,13
99933,7,13
99935,20,13
99936,3,13
99937,5,13
99938,18,13
99940,22,13
99941,29,13
99943,3,13
99945,22,13
99947,7,13
99948,3,13
99950,9,13
99953,29,13
99954,24,13
99955,14,13
99956,18,13
99958,14,13
99960,21,13
99963,28,13
99965,29,13
99966,12,13
99967,30,13
99968,11,13
99970,10,13
99971,3,13
99974,3,13
99975,19,13
99978,16,13
99983,7,13
99984,10,13
99987,10,13
99991,18,13
99992,10,13
99993,22,13
99996,7,13
99999,22,13
